number,type,path,preview_url,local_html_exists,live_status,redirect_location,meta_robots,canonical,in_live_preview_sitemap,registry_indexable_in_this_build,sitemap_disposition,error
1,Homepage,/,https://temp123-nine.vercel.app/,true,200,,"noindex,follow",,false,false,exclude-preview-noindex,
2,Service detail,/services/,https://temp123-nine.vercel.app/services/,true,200,,"noindex,follow",,false,false,exclude-preview-noindex,
3,Core or preserved legacy,/industries/,https://temp123-nine.vercel.app/industries/,true,200,,"noindex,follow",,false,false,exclude-preview-noindex,
4,Core or preserved legacy,/service-areas/,https://temp123-nine.vercel.app/service-areas/,true,200,,"noindex,follow",,false,false,exclude-preview-noindex,
5,Core or preserved legacy,/rental-calculator/,https://temp123-nine.vercel.app/rental-calculator/,true,200,,"noindex,follow",,false,false,exclude-preview-noindex,
6,Core or preserved legacy,/planning/,https://temp123-nine.vercel.app/planning/,true,200,,"noindex,follow",,false,false,exclude-preview-noindex,
7,Core or preserved legacy,/about-us/,https://temp123-nine.vercel.app/about-us/,true,200,,"noindex,follow",,false,false,exclude-preview-noindex,
8,Core or preserved legacy,/blog/,https://temp123-nine.vercel.app/blog/,true,200,,"noindex,follow",,false,false,exclude-preview-noindex,
9,Core or preserved legacy,/contact-us/,https://temp123-nine.vercel.app/contact-us/,true,200,,"noindex,follow",,false,false,exclude-preview-noindex,
10,Core or preserved legacy,/privacy/,https://temp123-nine.vercel.app/privacy/,true,200,,"noindex,follow",,false,false,exclude-preview-noindex,
11,Equipment,/equipment-rental/,https://temp123-nine.vercel.app/equipment-rental/,true,200,,"noindex,follow",,false,false,exclude-preview-noindex,
12,Core or preserved legacy,/20ft-refrigeration-trailers/,https://temp123-nine.vercel.app/20ft-refrigeration-trailers/,true,200,,"noindex,follow",,false,false,exclude-preview-noindex,
13,Core or preserved legacy,/26ft-military-bulk-kitchen/,https://temp123-nine.vercel.app/26ft-military-bulk-kitchen/,true,200,,"noindex,follow",,false,false,exclude-preview-noindex,
14,Core or preserved legacy,/2800-correctional-facilities-series/,https://temp123-nine.vercel.app/2800-correctional-facilities-series/,true,200,,"noindex,follow",,false,false,exclude-preview-noindex,
15,Core or preserved legacy,/2800-military-series/,https://temp123-nine.vercel.app/2800-military-series/,true,200,,"noindex,follow",,false,false,exclude-preview-noindex,
16,Core or preserved legacy,/4000-correctional-facilities-series/,https://temp123-nine.vercel.app/4000-correctional-facilities-series/,true,200,,"noindex,follow",,false,false,exclude-preview-noindex,
17,Core or preserved legacy,/4000-military-series/,https://temp123-nine.vercel.app/4000-military-series/,true,200,,"noindex,follow",,false,false,exclude-preview-noindex,
18,Core or preserved legacy,/40ft-military-bulk-kitchen/,https://temp123-nine.vercel.app/40ft-military-bulk-kitchen/,true,200,,"noindex,follow",,false,false,exclude-preview-noindex,
19,Core or preserved legacy,/4500-correctional-facilities-series/,https://temp123-nine.vercel.app/4500-correctional-facilities-series/,true,200,,"noindex,follow",,false,false,exclude-preview-noindex,
20,Core or preserved legacy,/4500-military-series/,https://temp123-nine.vercel.app/4500-military-series/,true,200,,"noindex,follow",,false,false,exclude-preview-noindex,
21,Core or preserved legacy,/base-camps-for-rent/,https://temp123-nine.vercel.app/base-camps-for-rent/,true,200,,"noindex,follow",,false,false,exclude-preview-noindex,
22,Core or preserved legacy,/camp-management-and-design/,https://temp123-nine.vercel.app/camp-management-and-design/,true,200,,"noindex,follow",,false,false,exclude-preview-noindex,
23,Core or preserved legacy,/construction-man-camp-rentals/,https://temp123-nine.vercel.app/construction-man-camp-rentals/,true,200,,"noindex,follow",,false,false,exclude-preview-noindex,
24,Core or preserved legacy,/disaster-relief-man-camp-workforce-rentals/,https://temp123-nine.vercel.app/disaster-relief-man-camp-workforce-rentals/,true,200,,"noindex,follow",,false,false,exclude-preview-noindex,
25,Core or preserved legacy,/equipment-rental-refrigeration-12ft-refrigerated-trailer/,https://temp123-nine.vercel.app/equipment-rental-refrigeration-12ft-refrigerated-trailer/,true,200,,"noindex,follow",,false,false,exclude-preview-noindex,
26,Equipment,/equipment-rental/breakroom-trailer/,https://temp123-nine.vercel.app/equipment-rental/breakroom-trailer/,true,200,,"noindex,follow",,false,false,exclude-preview-noindex,
27,Equipment,/equipment-rental/classroom-trailers/,https://temp123-nine.vercel.app/equipment-rental/classroom-trailers/,true,200,,"noindex,follow",,false,false,exclude-preview-noindex,
28,Equipment,/equipment-rental/fencing-barricades-trash-receptacles/,https://temp123-nine.vercel.app/equipment-rental/fencing-barricades-trash-receptacles/,true,200,,"noindex,follow",,false,false,exclude-preview-noindex,
29,Equipment,/equipment-rental/generator-trailers/,https://temp123-nine.vercel.app/equipment-rental/generator-trailers/,true,200,,"noindex,follow",,false,false,exclude-preview-noindex,
30,Equipment,/equipment-rental/laundry-trailers/,https://temp123-nine.vercel.app/equipment-rental/laundry-trailers/,true,200,,"noindex,follow",,false,false,exclude-preview-noindex,
31,Equipment,/equipment-rental/mobile-kitchen-trailers/,https://temp123-nine.vercel.app/equipment-rental/mobile-kitchen-trailers/,true,200,,"noindex,follow",,false,false,exclude-preview-noindex,
32,Equipment,/equipment-rental/mobile-office-trailers/,https://temp123-nine.vercel.app/equipment-rental/mobile-office-trailers/,true,200,,"noindex,follow",,false,false,exclude-preview-noindex,
33,Equipment,/equipment-rental/modular-buildings/,https://temp123-nine.vercel.app/equipment-rental/modular-buildings/,true,200,,"noindex,follow",,false,false,exclude-preview-noindex,
34,Equipment,/equipment-rental/modular-command-center-trailers/,https://temp123-nine.vercel.app/equipment-rental/modular-command-center-trailers/,true,200,,"noindex,follow",,false,false,exclude-preview-noindex,
35,Equipment,/equipment-rental/ramp-rentals/,https://temp123-nine.vercel.app/equipment-rental/ramp-rentals/,true,200,,"noindex,follow",,false,false,exclude-preview-noindex,
36,Equipment,/equipment-rental/refrigeration/,https://temp123-nine.vercel.app/equipment-rental/refrigeration/,true,200,,"noindex,follow",,false,false,exclude-preview-noindex,
37,Equipment,/equipment-rental/restroom-trailers/,https://temp123-nine.vercel.app/equipment-rental/restroom-trailers/,true,200,,"noindex,follow",,false,false,exclude-preview-noindex,
38,Equipment,/equipment-rental/security-camera-trailers/,https://temp123-nine.vercel.app/equipment-rental/security-camera-trailers/,true,200,,"noindex,follow",,false,false,exclude-preview-noindex,
39,Equipment,/equipment-rental/shower-trailer/,https://temp123-nine.vercel.app/equipment-rental/shower-trailer/,true,200,,"noindex,follow",,false,false,exclude-preview-noindex,
40,Equipment,/equipment-rental/stair-rentals/,https://temp123-nine.vercel.app/equipment-rental/stair-rentals/,true,200,,"noindex,follow",,false,false,exclude-preview-noindex,
41,Equipment,/equipment-rental/tent-structures/,https://temp123-nine.vercel.app/equipment-rental/tent-structures/,true,200,,"noindex,follow",,false,false,exclude-preview-noindex,
42,Equipment,/equipment-rental/wastewater-and-freshwater-container/,https://temp123-nine.vercel.app/equipment-rental/wastewater-and-freshwater-container/,true,200,,"noindex,follow",,false,false,exclude-preview-noindex,
43,Core or preserved legacy,/facility-management-and-base-operations-support/,https://temp123-nine.vercel.app/facility-management-and-base-operations-support/,true,200,,"noindex,follow",,false,false,exclude-preview-noindex,
44,Core or preserved legacy,/food-services-2/,https://temp123-nine.vercel.app/food-services-2/,true,200,,"noindex,follow",,false,false,exclude-preview-noindex,
45,Core or preserved legacy,/government-and-non-government/,https://temp123-nine.vercel.app/government-and-non-government/,true,200,,"noindex,follow",,false,false,exclude-preview-noindex,
46,Core or preserved legacy,/government/,https://temp123-nine.vercel.app/government/,true,200,,"noindex,follow",,false,false,exclude-preview-noindex,
47,Core or preserved legacy,/government/correctional-facilities/,https://temp123-nine.vercel.app/government/correctional-facilities/,true,200,,"noindex,follow",,false,false,exclude-preview-noindex,
48,Core or preserved legacy,/government/hospitals/,https://temp123-nine.vercel.app/government/hospitals/,true,200,,"noindex,follow",,false,false,exclude-preview-noindex,
49,Core or preserved legacy,/government/military-kitchen/,https://temp123-nine.vercel.app/government/military-kitchen/,true,200,,"noindex,follow",,false,false,exclude-preview-noindex,
50,Core or preserved legacy,/gsa-schedule/,https://temp123-nine.vercel.app/gsa-schedule/,true,200,,"noindex,follow",,false,false,exclude-preview-noindex,
51,Core or preserved legacy,/hospitality/,https://temp123-nine.vercel.app/hospitality/,true,200,,"noindex,follow",,false,false,exclude-preview-noindex,
52,Core or preserved legacy,/man-camp-rental/,https://temp123-nine.vercel.app/man-camp-rental/,true,200,,"noindex,follow",,false,false,exclude-preview-noindex,
53,Core or preserved legacy,/man-camps-for-rent/,https://temp123-nine.vercel.app/man-camps-for-rent/,true,200,,"noindex,follow",,false,false,exclude-preview-noindex,
54,Core or preserved legacy,/mining-man-camp-rentals/,https://temp123-nine.vercel.app/mining-man-camp-rentals/,true,200,,"noindex,follow",,false,false,exclude-preview-noindex,
55,Core or preserved legacy,/mobile-kitchen-trailer-rental/,https://temp123-nine.vercel.app/mobile-kitchen-trailer-rental/,true,200,,"noindex,follow",,false,false,exclude-preview-noindex,
56,Core or preserved legacy,/mobile-man-camp-for-lease/,https://temp123-nine.vercel.app/mobile-man-camp-for-lease/,true,200,,"noindex,follow",,false,false,exclude-preview-noindex,
57,Core or preserved legacy,/mobile-staffing/,https://temp123-nine.vercel.app/mobile-staffing/,true,200,,"noindex,follow",,false,false,exclude-preview-noindex,
58,Core or preserved legacy,/mobile-units-for-disaster-relief-special-events/,https://temp123-nine.vercel.app/mobile-units-for-disaster-relief-special-events/,true,200,,"noindex,follow",,false,false,exclude-preview-noindex,
59,Core or preserved legacy,/modular-kitchen-facilities/,https://temp123-nine.vercel.app/modular-kitchen-facilities/,true,200,,"noindex,follow",,false,false,exclude-preview-noindex,
60,Core or preserved legacy,/oilfield-man-camp-rentals/,https://temp123-nine.vercel.app/oilfield-man-camp-rentals/,true,200,,"noindex,follow",,false,false,exclude-preview-noindex,
61,Core or preserved legacy,/portable-dishwashing-trailer-rental/,https://temp123-nine.vercel.app/portable-dishwashing-trailer-rental/,true,200,,"noindex,follow",,false,false,exclude-preview-noindex,
62,Core or preserved legacy,/portable-man-camps-for-rent/,https://temp123-nine.vercel.app/portable-man-camps-for-rent/,true,200,,"noindex,follow",,false,false,exclude-preview-noindex,
63,Core or preserved legacy,/remote-basecamp-temporary-housing-rent-mobile-trailers-modular-buildings-restroom-shower-laundry-dining-temporary-building-rentals/,https://temp123-nine.vercel.app/remote-basecamp-temporary-housing-rent-mobile-trailers-modular-buildings-restroom-shower-laundry-dining-temporary-building-rentals/,true,200,,"noindex,follow",,false,false,exclude-preview-noindex,
64,Core or preserved legacy,/remote-containerized-military-berthing-solution-for-rent/,https://temp123-nine.vercel.app/remote-containerized-military-berthing-solution-for-rent/,true,200,,"noindex,follow",,false,false,exclude-preview-noindex,
65,Core or preserved legacy,/remote-man-camp-for-rent/,https://temp123-nine.vercel.app/remote-man-camp-for-rent/,true,200,,"noindex,follow",,false,false,exclude-preview-noindex,
66,Core or preserved legacy,/remote-man-camp-rental/,https://temp123-nine.vercel.app/remote-man-camp-rental/,true,200,,"noindex,follow",,false,false,exclude-preview-noindex,
67,Core or preserved legacy,/restroom-trailer-rental/,https://temp123-nine.vercel.app/restroom-trailer-rental/,true,200,,"noindex,follow",,false,false,exclude-preview-noindex,
68,Core or preserved legacy,/shower-trailer-rental/,https://temp123-nine.vercel.app/shower-trailer-rental/,true,200,,"noindex,follow",,false,false,exclude-preview-noindex,
69,Core or preserved legacy,/sleeper-trailer-rental/,https://temp123-nine.vercel.app/sleeper-trailer-rental/,true,200,,"noindex,follow",,false,false,exclude-preview-noindex,
70,Core or preserved legacy,/temporary-man-camp-solutions/,https://temp123-nine.vercel.app/temporary-man-camp-solutions/,true,200,,"noindex,follow",,false,false,exclude-preview-noindex,
71,Core or preserved legacy,/turnkey-man-camp-solutions/,https://temp123-nine.vercel.app/turnkey-man-camp-solutions/,true,200,,"noindex,follow",,false,false,exclude-preview-noindex,
72,Core or preserved legacy,/video/,https://temp123-nine.vercel.app/video/,true,200,,"noindex,follow",,false,false,exclude-preview-noindex,
73,Equipment,/equipment-rental/handwashing-stations/,https://temp123-nine.vercel.app/equipment-rental/handwashing-stations/,true,200,,"noindex,follow",,false,false,exclude-preview-noindex,
74,Equipment,/equipment-rental/mobile-sleep-trailers/,https://temp123-nine.vercel.app/equipment-rental/mobile-sleep-trailers/,true,200,,"noindex,follow",,false,false,exclude-preview-noindex,
75,Equipment,/equipment-rental/mobile-crew-camps/,https://temp123-nine.vercel.app/equipment-rental/mobile-crew-camps/,true,200,,"noindex,follow",,false,false,exclude-preview-noindex,
76,Equipment,/equipment-rental/refrigerated-containers/,https://temp123-nine.vercel.app/equipment-rental/refrigerated-containers/,true,200,,"noindex,follow",,false,false,exclude-preview-noindex,
77,Equipment,/equipment-rental/bunkhouse-trailers/,https://temp123-nine.vercel.app/equipment-rental/bunkhouse-trailers/,true,200,,"noindex,follow",,false,false,exclude-preview-noindex,
78,Equipment,/equipment-rental/dining-structure-rental/,https://temp123-nine.vercel.app/equipment-rental/dining-structure-rental/,true,200,,"noindex,follow",,false,false,exclude-preview-noindex,
79,Service detail,/services/shower-restroom-combination-trailers/,https://temp123-nine.vercel.app/services/shower-restroom-combination-trailers/,true,200,,"noindex,follow",,false,false,exclude-preview-noindex,
80,Service detail,/services/mobile-kitchen-trailers/24ft/,https://temp123-nine.vercel.app/services/mobile-kitchen-trailers/24ft/,true,200,,"noindex,follow",,false,false,exclude-preview-noindex,
81,Service detail,/services/mobile-kitchen-trailers/26ft-bulk/,https://temp123-nine.vercel.app/services/mobile-kitchen-trailers/26ft-bulk/,true,200,,"noindex,follow",,false,false,exclude-preview-noindex,
82,Service detail,/services/mobile-kitchen-trailers/28ft/,https://temp123-nine.vercel.app/services/mobile-kitchen-trailers/28ft/,true,200,,"noindex,follow",,false,false,exclude-preview-noindex,
83,Service detail,/services/mobile-kitchen-trailers/38ft/,https://temp123-nine.vercel.app/services/mobile-kitchen-trailers/38ft/,true,200,,"noindex,follow",,false,false,exclude-preview-noindex,
84,Service detail,/services/mobile-kitchen-trailers/40ft/,https://temp123-nine.vercel.app/services/mobile-kitchen-trailers/40ft/,true,200,,"noindex,follow",,false,false,exclude-preview-noindex,
85,Service detail,/services/mobile-kitchen-trailers/40ft-combination/,https://temp123-nine.vercel.app/services/mobile-kitchen-trailers/40ft-combination/,true,200,,"noindex,follow",,false,false,exclude-preview-noindex,
86,Service detail,/services/mobile-kitchen-trailers/40ft-bulk-combination/,https://temp123-nine.vercel.app/services/mobile-kitchen-trailers/40ft-bulk-combination/,true,200,,"noindex,follow",,false,false,exclude-preview-noindex,
87,Service detail,/services/dishwashing-trailers/22ft/,https://temp123-nine.vercel.app/services/dishwashing-trailers/22ft/,true,200,,"noindex,follow",,false,false,exclude-preview-noindex,
88,Service detail,/services/dishwashing-trailers/24ft/,https://temp123-nine.vercel.app/services/dishwashing-trailers/24ft/,true,200,,"noindex,follow",,false,false,exclude-preview-noindex,
89,Service detail,/services/dishwashing-trailers/26ft/,https://temp123-nine.vercel.app/services/dishwashing-trailers/26ft/,true,200,,"noindex,follow",,false,false,exclude-preview-noindex,
90,Service detail,/services/dishwashing-trailers/38ft-conveyor/,https://temp123-nine.vercel.app/services/dishwashing-trailers/38ft-conveyor/,true,200,,"noindex,follow",,false,false,exclude-preview-noindex,
91,Service detail,/services/shower-trailers/22ft-10-stall/,https://temp123-nine.vercel.app/services/shower-trailers/22ft-10-stall/,true,200,,"noindex,follow",,false,false,exclude-preview-noindex,
92,Service detail,/services/shower-containers/20ft-5-stall/,https://temp123-nine.vercel.app/services/shower-containers/20ft-5-stall/,true,200,,"noindex,follow",,false,false,exclude-preview-noindex,
93,Service detail,/services/shower-restroom-combination-trailers/13ft-3-stall/,https://temp123-nine.vercel.app/services/shower-restroom-combination-trailers/13ft-3-stall/,true,200,,"noindex,follow",,false,false,exclude-preview-noindex,
94,Service detail,/services/shower-restroom-combination-trailers/22ft-6-stall/,https://temp123-nine.vercel.app/services/shower-restroom-combination-trailers/22ft-6-stall/,true,200,,"noindex,follow",,false,false,exclude-preview-noindex,
95,Service detail,/services/shower-restroom-combination-trailers/30ft-8-stall/,https://temp123-nine.vercel.app/services/shower-restroom-combination-trailers/30ft-8-stall/,true,200,,"noindex,follow",,false,false,exclude-preview-noindex,
96,Service detail,/services/shower-restroom-combination-trailers/3-stall-1-ada/,https://temp123-nine.vercel.app/services/shower-restroom-combination-trailers/3-stall-1-ada/,true,200,,"noindex,follow",,false,false,exclude-preview-noindex,
97,Service detail,/services/shower-restroom-combination-trailers/8-stall-1-ada/,https://temp123-nine.vercel.app/services/shower-restroom-combination-trailers/8-stall-1-ada/,true,200,,"noindex,follow",,false,false,exclude-preview-noindex,
98,Service detail,/services/mobile-sleeper-trailers/20ft-shared/,https://temp123-nine.vercel.app/services/mobile-sleeper-trailers/20ft-shared/,true,200,,"noindex,follow",,false,false,exclude-preview-noindex,
99,Service detail,/services/mobile-sleeper-trailers/20ft-contractor/,https://temp123-nine.vercel.app/services/mobile-sleeper-trailers/20ft-contractor/,true,200,,"noindex,follow",,false,false,exclude-preview-noindex,
100,Service detail,/services/mobile-sleeper-trailers/20ft-vip/,https://temp123-nine.vercel.app/services/mobile-sleeper-trailers/20ft-vip/,true,200,,"noindex,follow",,false,false,exclude-preview-noindex,
101,Service detail,/services/laundry-trailers/24ft/,https://temp123-nine.vercel.app/services/laundry-trailers/24ft/,true,200,,"noindex,follow",,false,false,exclude-preview-noindex,
102,Service detail,/services/laundry-trailers/30ft/,https://temp123-nine.vercel.app/services/laundry-trailers/30ft/,true,200,,"noindex,follow",,false,false,exclude-preview-noindex,
103,Service detail,/services/handwashing-trailers/hands-free/,https://temp123-nine.vercel.app/services/handwashing-trailers/hands-free/,true,200,,"noindex,follow",,false,false,exclude-preview-noindex,
104,Region,/service-areas/alabama/north-alabama/,https://temp123-nine.vercel.app/service-areas/alabama/north-alabama/,true,200,,"noindex,follow",,false,false,exclude-preview-noindex,
105,Region,/service-areas/alabama/central-alabama/,https://temp123-nine.vercel.app/service-areas/alabama/central-alabama/,true,200,,"noindex,follow",,false,false,exclude-preview-noindex,
106,Region,/service-areas/alabama/wiregrass/,https://temp123-nine.vercel.app/service-areas/alabama/wiregrass/,true,200,,"noindex,follow",,false,false,exclude-preview-noindex,
107,Region,/service-areas/alabama/gulf-coast/,https://temp123-nine.vercel.app/service-areas/alabama/gulf-coast/,true,200,,"noindex,follow",,false,false,exclude-preview-noindex,
108,Region,/service-areas/alaska/southcentral/,https://temp123-nine.vercel.app/service-areas/alaska/southcentral/,true,200,,"noindex,follow",,false,false,exclude-preview-noindex,
109,Region,/service-areas/alaska/interior/,https://temp123-nine.vercel.app/service-areas/alaska/interior/,true,200,,"noindex,follow",,false,false,exclude-preview-noindex,
110,Region,/service-areas/alaska/southeast/,https://temp123-nine.vercel.app/service-areas/alaska/southeast/,true,200,,"noindex,follow",,false,false,exclude-preview-noindex,
111,Region,/service-areas/alaska/southwest/,https://temp123-nine.vercel.app/service-areas/alaska/southwest/,true,200,,"noindex,follow",,false,false,exclude-preview-noindex,
112,Region,/service-areas/alaska/arctic/,https://temp123-nine.vercel.app/service-areas/alaska/arctic/,true,200,,"noindex,follow",,false,false,exclude-preview-noindex,
113,Region,/service-areas/arizona/northern-arizona/,https://temp123-nine.vercel.app/service-areas/arizona/northern-arizona/,true,200,,"noindex,follow",,false,false,exclude-preview-noindex,
114,Region,/service-areas/arizona/phoenix-area/,https://temp123-nine.vercel.app/service-areas/arizona/phoenix-area/,true,200,,"noindex,follow",,false,false,exclude-preview-noindex,
115,Region,/service-areas/arizona/southern-arizona/,https://temp123-nine.vercel.app/service-areas/arizona/southern-arizona/,true,200,,"noindex,follow",,false,false,exclude-preview-noindex,
116,Region,/service-areas/arkansas/ozarks/,https://temp123-nine.vercel.app/service-areas/arkansas/ozarks/,true,200,,"noindex,follow",,false,false,exclude-preview-noindex,
117,Region,/service-areas/arkansas/arkansas-river-valley/,https://temp123-nine.vercel.app/service-areas/arkansas/arkansas-river-valley/,true,200,,"noindex,follow",,false,false,exclude-preview-noindex,
118,Region,/service-areas/arkansas/delta/,https://temp123-nine.vercel.app/service-areas/arkansas/delta/,true,200,,"noindex,follow",,false,false,exclude-preview-noindex,
119,Region,/service-areas/arkansas/southwest-arkansas/,https://temp123-nine.vercel.app/service-areas/arkansas/southwest-arkansas/,true,200,,"noindex,follow",,false,false,exclude-preview-noindex,
120,Region,/service-areas/california/north-coast/,https://temp123-nine.vercel.app/service-areas/california/north-coast/,true,200,,"noindex,follow",,false,false,exclude-preview-noindex,
121,Region,/service-areas/california/bay-area/,https://temp123-nine.vercel.app/service-areas/california/bay-area/,true,200,,"noindex,follow",,false,false,exclude-preview-noindex,
122,Region,/service-areas/california/central-valley/,https://temp123-nine.vercel.app/service-areas/california/central-valley/,true,200,,"noindex,follow",,false,false,exclude-preview-noindex,
123,Region,/service-areas/california/los-angeles-basin/,https://temp123-nine.vercel.app/service-areas/california/los-angeles-basin/,true,200,,"noindex,follow",,false,false,exclude-preview-noindex,
124,Region,/service-areas/california/inland-empire/,https://temp123-nine.vercel.app/service-areas/california/inland-empire/,true,200,,"noindex,follow",,false,false,exclude-preview-noindex,
125,Region,/service-areas/california/san-diego/,https://temp123-nine.vercel.app/service-areas/california/san-diego/,true,200,,"noindex,follow",,false,false,exclude-preview-noindex,
126,Region,/service-areas/colorado/front-range/,https://temp123-nine.vercel.app/service-areas/colorado/front-range/,true,200,,"noindex,follow",,false,false,exclude-preview-noindex,
127,Region,/service-areas/colorado/western-slope/,https://temp123-nine.vercel.app/service-areas/colorado/western-slope/,true,200,,"noindex,follow",,false,false,exclude-preview-noindex,
128,Region,/service-areas/colorado/eastern-plains/,https://temp123-nine.vercel.app/service-areas/colorado/eastern-plains/,true,200,,"noindex,follow",,false,false,exclude-preview-noindex,
129,Region,/service-areas/colorado/san-luis-valley/,https://temp123-nine.vercel.app/service-areas/colorado/san-luis-valley/,true,200,,"noindex,follow",,false,false,exclude-preview-noindex,
130,Region,/service-areas/connecticut/litchfield-hills/,https://temp123-nine.vercel.app/service-areas/connecticut/litchfield-hills/,true,200,,"noindex,follow",,false,false,exclude-preview-noindex,
131,Region,/service-areas/connecticut/greater-hartford/,https://temp123-nine.vercel.app/service-areas/connecticut/greater-hartford/,true,200,,"noindex,follow",,false,false,exclude-preview-noindex,
132,Region,/service-areas/connecticut/connecticut-river-valley/,https://temp123-nine.vercel.app/service-areas/connecticut/connecticut-river-valley/,true,200,,"noindex,follow",,false,false,exclude-preview-noindex,
133,Region,/service-areas/connecticut/connecticut-shoreline/,https://temp123-nine.vercel.app/service-areas/connecticut/connecticut-shoreline/,true,200,,"noindex,follow",,false,false,exclude-preview-noindex,
134,Region,/service-areas/delaware/northern-delaware/,https://temp123-nine.vercel.app/service-areas/delaware/northern-delaware/,true,200,,"noindex,follow",,false,false,exclude-preview-noindex,
135,Region,/service-areas/delaware/central-delaware/,https://temp123-nine.vercel.app/service-areas/delaware/central-delaware/,true,200,,"noindex,follow",,false,false,exclude-preview-noindex,
136,Region,/service-areas/delaware/delaware-beaches/,https://temp123-nine.vercel.app/service-areas/delaware/delaware-beaches/,true,200,,"noindex,follow",,false,false,exclude-preview-noindex,
137,Region,/service-areas/florida/panhandle/,https://temp123-nine.vercel.app/service-areas/florida/panhandle/,true,200,,"noindex,follow",,false,false,exclude-preview-noindex,
138,Region,/service-areas/florida/north-florida/,https://temp123-nine.vercel.app/service-areas/florida/north-florida/,true,200,,"noindex,follow",,false,false,exclude-preview-noindex,
139,Region,/service-areas/florida/central-florida/,https://temp123-nine.vercel.app/service-areas/florida/central-florida/,true,200,,"noindex,follow",,false,false,exclude-preview-noindex,
140,Region,/service-areas/florida/south-florida/,https://temp123-nine.vercel.app/service-areas/florida/south-florida/,true,200,,"noindex,follow",,false,false,exclude-preview-noindex,
141,Region,/service-areas/florida/florida-keys/,https://temp123-nine.vercel.app/service-areas/florida/florida-keys/,true,200,,"noindex,follow",,false,false,exclude-preview-noindex,
142,Region,/service-areas/georgia/north-georgia/,https://temp123-nine.vercel.app/service-areas/georgia/north-georgia/,true,200,,"noindex,follow",,false,false,exclude-preview-noindex,
143,Region,/service-areas/georgia/metro-atlanta/,https://temp123-nine.vercel.app/service-areas/georgia/metro-atlanta/,true,200,,"noindex,follow",,false,false,exclude-preview-noindex,
144,Region,/service-areas/georgia/central-georgia/,https://temp123-nine.vercel.app/service-areas/georgia/central-georgia/,true,200,,"noindex,follow",,false,false,exclude-preview-noindex,
145,Region,/service-areas/georgia/coastal-georgia/,https://temp123-nine.vercel.app/service-areas/georgia/coastal-georgia/,true,200,,"noindex,follow",,false,false,exclude-preview-noindex,
146,Region,/service-areas/georgia/south-georgia/,https://temp123-nine.vercel.app/service-areas/georgia/south-georgia/,true,200,,"noindex,follow",,false,false,exclude-preview-noindex,
147,Region,/service-areas/hawaii/oahu/,https://temp123-nine.vercel.app/service-areas/hawaii/oahu/,true,200,,"noindex,follow",,false,false,exclude-preview-noindex,
148,Region,/service-areas/hawaii/maui-county/,https://temp123-nine.vercel.app/service-areas/hawaii/maui-county/,true,200,,"noindex,follow",,false,false,exclude-preview-noindex,
149,Region,/service-areas/hawaii/hawaii-island/,https://temp123-nine.vercel.app/service-areas/hawaii/hawaii-island/,true,200,,"noindex,follow",,false,false,exclude-preview-noindex,
150,Region,/service-areas/hawaii/kauai/,https://temp123-nine.vercel.app/service-areas/hawaii/kauai/,true,200,,"noindex,follow",,false,false,exclude-preview-noindex,
151,Region,/service-areas/idaho/north-idaho/,https://temp123-nine.vercel.app/service-areas/idaho/north-idaho/,true,200,,"noindex,follow",,false,false,exclude-preview-noindex,
152,Region,/service-areas/idaho/southwest-idaho/,https://temp123-nine.vercel.app/service-areas/idaho/southwest-idaho/,true,200,,"noindex,follow",,false,false,exclude-preview-noindex,
153,Region,/service-areas/idaho/central-mountains/,https://temp123-nine.vercel.app/service-areas/idaho/central-mountains/,true,200,,"noindex,follow",,false,false,exclude-preview-noindex,
154,Region,/service-areas/idaho/eastern-idaho/,https://temp123-nine.vercel.app/service-areas/idaho/eastern-idaho/,true,200,,"noindex,follow",,false,false,exclude-preview-noindex,
155,Region,/service-areas/illinois/chicago-area/,https://temp123-nine.vercel.app/service-areas/illinois/chicago-area/,true,200,,"noindex,follow",,false,false,exclude-preview-noindex,
156,Region,/service-areas/illinois/northern-illinois/,https://temp123-nine.vercel.app/service-areas/illinois/northern-illinois/,true,200,,"noindex,follow",,false,false,exclude-preview-noindex,
157,Region,/service-areas/illinois/central-illinois/,https://temp123-nine.vercel.app/service-areas/illinois/central-illinois/,true,200,,"noindex,follow",,false,false,exclude-preview-noindex,
158,Region,/service-areas/illinois/southern-illinois/,https://temp123-nine.vercel.app/service-areas/illinois/southern-illinois/,true,200,,"noindex,follow",,false,false,exclude-preview-noindex,
159,Region,/service-areas/indiana/northern-indiana/,https://temp123-nine.vercel.app/service-areas/indiana/northern-indiana/,true,200,,"noindex,follow",,false,false,exclude-preview-noindex,
160,Region,/service-areas/indiana/central-indiana/,https://temp123-nine.vercel.app/service-areas/indiana/central-indiana/,true,200,,"noindex,follow",,false,false,exclude-preview-noindex,
161,Region,/service-areas/indiana/southern-indiana/,https://temp123-nine.vercel.app/service-areas/indiana/southern-indiana/,true,200,,"noindex,follow",,false,false,exclude-preview-noindex,
162,Region,/service-areas/iowa/northwest-iowa/,https://temp123-nine.vercel.app/service-areas/iowa/northwest-iowa/,true,200,,"noindex,follow",,false,false,exclude-preview-noindex,
163,Region,/service-areas/iowa/central-iowa/,https://temp123-nine.vercel.app/service-areas/iowa/central-iowa/,true,200,,"noindex,follow",,false,false,exclude-preview-noindex,
164,Region,/service-areas/iowa/northeast-iowa/,https://temp123-nine.vercel.app/service-areas/iowa/northeast-iowa/,true,200,,"noindex,follow",,false,false,exclude-preview-noindex,
165,Region,/service-areas/iowa/southern-iowa/,https://temp123-nine.vercel.app/service-areas/iowa/southern-iowa/,true,200,,"noindex,follow",,false,false,exclude-preview-noindex,
166,Region,/service-areas/kansas/western-kansas/,https://temp123-nine.vercel.app/service-areas/kansas/western-kansas/,true,200,,"noindex,follow",,false,false,exclude-preview-noindex,
167,Region,/service-areas/kansas/north-central-kansas/,https://temp123-nine.vercel.app/service-areas/kansas/north-central-kansas/,true,200,,"noindex,follow",,false,false,exclude-preview-noindex,
168,Region,/service-areas/kansas/kansas-city-area/,https://temp123-nine.vercel.app/service-areas/kansas/kansas-city-area/,true,200,,"noindex,follow",,false,false,exclude-preview-noindex,
169,Region,/service-areas/kansas/south-central-kansas/,https://temp123-nine.vercel.app/service-areas/kansas/south-central-kansas/,true,200,,"noindex,follow",,false,false,exclude-preview-noindex,
170,Region,/service-areas/kansas/southeast-kansas/,https://temp123-nine.vercel.app/service-areas/kansas/southeast-kansas/,true,200,,"noindex,follow",,false,false,exclude-preview-noindex,
171,Region,/service-areas/kentucky/western-coalfields/,https://temp123-nine.vercel.app/service-areas/kentucky/western-coalfields/,true,200,,"noindex,follow",,false,false,exclude-preview-noindex,
172,Region,/service-areas/kentucky/bluegrass-region/,https://temp123-nine.vercel.app/service-areas/kentucky/bluegrass-region/,true,200,,"noindex,follow",,false,false,exclude-preview-noindex,
173,Region,/service-areas/kentucky/eastern-kentucky/,https://temp123-nine.vercel.app/service-areas/kentucky/eastern-kentucky/,true,200,,"noindex,follow",,false,false,exclude-preview-noindex,
174,Region,/service-areas/kentucky/south-central-kentucky/,https://temp123-nine.vercel.app/service-areas/kentucky/south-central-kentucky/,true,200,,"noindex,follow",,false,false,exclude-preview-noindex,
175,Region,/service-areas/louisiana/north-louisiana/,https://temp123-nine.vercel.app/service-areas/louisiana/north-louisiana/,true,200,,"noindex,follow",,false,false,exclude-preview-noindex,
176,Region,/service-areas/louisiana/acadiana/,https://temp123-nine.vercel.app/service-areas/louisiana/acadiana/,true,200,,"noindex,follow",,false,false,exclude-preview-noindex,
177,Region,/service-areas/louisiana/capital-region/,https://temp123-nine.vercel.app/service-areas/louisiana/capital-region/,true,200,,"noindex,follow",,false,false,exclude-preview-noindex,
178,Region,/service-areas/louisiana/greater-new-orleans/,https://temp123-nine.vercel.app/service-areas/louisiana/greater-new-orleans/,true,200,,"noindex,follow",,false,false,exclude-preview-noindex,
179,Region,/service-areas/louisiana/river-parishes/,https://temp123-nine.vercel.app/service-areas/louisiana/river-parishes/,true,200,,"noindex,follow",,false,false,exclude-preview-noindex,
180,Region,/service-areas/maine/aroostook-county/,https://temp123-nine.vercel.app/service-areas/maine/aroostook-county/,true,200,,"noindex,follow",,false,false,exclude-preview-noindex,
181,Region,/service-areas/maine/highlands/,https://temp123-nine.vercel.app/service-areas/maine/highlands/,true,200,,"noindex,follow",,false,false,exclude-preview-noindex,
182,Region,/service-areas/maine/western-lakes-and-mountains/,https://temp123-nine.vercel.app/service-areas/maine/western-lakes-and-mountains/,true,200,,"noindex,follow",,false,false,exclude-preview-noindex,
183,Region,/service-areas/maine/midcoast/,https://temp123-nine.vercel.app/service-areas/maine/midcoast/,true,200,,"noindex,follow",,false,false,exclude-preview-noindex,
184,Region,/service-areas/maine/downeast-and-acadia/,https://temp123-nine.vercel.app/service-areas/maine/downeast-and-acadia/,true,200,,"noindex,follow",,false,false,exclude-preview-noindex,
185,Region,/service-areas/maine/southern-coast/,https://temp123-nine.vercel.app/service-areas/maine/southern-coast/,true,200,,"noindex,follow",,false,false,exclude-preview-noindex,
186,Region,/service-areas/maryland/western-maryland/,https://temp123-nine.vercel.app/service-areas/maryland/western-maryland/,true,200,,"noindex,follow",,false,false,exclude-preview-noindex,
187,Region,/service-areas/maryland/capital-region/,https://temp123-nine.vercel.app/service-areas/maryland/capital-region/,true,200,,"noindex,follow",,false,false,exclude-preview-noindex,
188,Region,/service-areas/maryland/central-maryland/,https://temp123-nine.vercel.app/service-areas/maryland/central-maryland/,true,200,,"noindex,follow",,false,false,exclude-preview-noindex,
189,Region,/service-areas/maryland/eastern-shore/,https://temp123-nine.vercel.app/service-areas/maryland/eastern-shore/,true,200,,"noindex,follow",,false,false,exclude-preview-noindex,
190,Region,/service-areas/maryland/southern-maryland/,https://temp123-nine.vercel.app/service-areas/maryland/southern-maryland/,true,200,,"noindex,follow",,false,false,exclude-preview-noindex,
191,Region,/service-areas/massachusetts/berkshires/,https://temp123-nine.vercel.app/service-areas/massachusetts/berkshires/,true,200,,"noindex,follow",,false,false,exclude-preview-noindex,
192,Region,/service-areas/massachusetts/central-massachusetts/,https://temp123-nine.vercel.app/service-areas/massachusetts/central-massachusetts/,true,200,,"noindex,follow",,false,false,exclude-preview-noindex,
193,Region,/service-areas/massachusetts/greater-boston/,https://temp123-nine.vercel.app/service-areas/massachusetts/greater-boston/,true,200,,"noindex,follow",,false,false,exclude-preview-noindex,
194,Region,/service-areas/massachusetts/north-shore/,https://temp123-nine.vercel.app/service-areas/massachusetts/north-shore/,true,200,,"noindex,follow",,false,false,exclude-preview-noindex,
195,Region,/service-areas/massachusetts/south-shore-and-cape-cod/,https://temp123-nine.vercel.app/service-areas/massachusetts/south-shore-and-cape-cod/,true,200,,"noindex,follow",,false,false,exclude-preview-noindex,
196,Region,/service-areas/michigan/upper-peninsula/,https://temp123-nine.vercel.app/service-areas/michigan/upper-peninsula/,true,200,,"noindex,follow",,false,false,exclude-preview-noindex,
197,Region,/service-areas/michigan/northern-lower-peninsula/,https://temp123-nine.vercel.app/service-areas/michigan/northern-lower-peninsula/,true,200,,"noindex,follow",,false,false,exclude-preview-noindex,
198,Region,/service-areas/michigan/west-michigan/,https://temp123-nine.vercel.app/service-areas/michigan/west-michigan/,true,200,,"noindex,follow",,false,false,exclude-preview-noindex,
199,Region,/service-areas/michigan/mid-michigan/,https://temp123-nine.vercel.app/service-areas/michigan/mid-michigan/,true,200,,"noindex,follow",,false,false,exclude-preview-noindex,
200,Region,/service-areas/michigan/southeast-michigan/,https://temp123-nine.vercel.app/service-areas/michigan/southeast-michigan/,true,200,,"noindex,follow",,false,false,exclude-preview-noindex,
201,Region,/service-areas/minnesota/northwest-minnesota/,https://temp123-nine.vercel.app/service-areas/minnesota/northwest-minnesota/,true,200,,"noindex,follow",,false,false,exclude-preview-noindex,
202,Region,/service-areas/minnesota/northeast-minnesota/,https://temp123-nine.vercel.app/service-areas/minnesota/northeast-minnesota/,true,200,,"noindex,follow",,false,false,exclude-preview-noindex,
203,Region,/service-areas/minnesota/central-minnesota/,https://temp123-nine.vercel.app/service-areas/minnesota/central-minnesota/,true,200,,"noindex,follow",,false,false,exclude-preview-noindex,
204,Region,/service-areas/minnesota/twin-cities/,https://temp123-nine.vercel.app/service-areas/minnesota/twin-cities/,true,200,,"noindex,follow",,false,false,exclude-preview-noindex,
205,Region,/service-areas/minnesota/southern-minnesota/,https://temp123-nine.vercel.app/service-areas/minnesota/southern-minnesota/,true,200,,"noindex,follow",,false,false,exclude-preview-noindex,
206,Region,/service-areas/mississippi/delta/,https://temp123-nine.vercel.app/service-areas/mississippi/delta/,true,200,,"noindex,follow",,false,false,exclude-preview-noindex,
207,Region,/service-areas/mississippi/hills/,https://temp123-nine.vercel.app/service-areas/mississippi/hills/,true,200,,"noindex,follow",,false,false,exclude-preview-noindex,
208,Region,/service-areas/mississippi/central-mississippi/,https://temp123-nine.vercel.app/service-areas/mississippi/central-mississippi/,true,200,,"noindex,follow",,false,false,exclude-preview-noindex,
209,Region,/service-areas/mississippi/pine-belt/,https://temp123-nine.vercel.app/service-areas/mississippi/pine-belt/,true,200,,"noindex,follow",,false,false,exclude-preview-noindex,
210,Region,/service-areas/mississippi/gulf-coast/,https://temp123-nine.vercel.app/service-areas/mississippi/gulf-coast/,true,200,,"noindex,follow",,false,false,exclude-preview-noindex,
211,Region,/service-areas/missouri/northwest-missouri/,https://temp123-nine.vercel.app/service-areas/missouri/northwest-missouri/,true,200,,"noindex,follow",,false,false,exclude-preview-noindex,
212,Region,/service-areas/missouri/kansas-city-area/,https://temp123-nine.vercel.app/service-areas/missouri/kansas-city-area/,true,200,,"noindex,follow",,false,false,exclude-preview-noindex,
213,Region,/service-areas/missouri/central-missouri/,https://temp123-nine.vercel.app/service-areas/missouri/central-missouri/,true,200,,"noindex,follow",,false,false,exclude-preview-noindex,
214,Region,/service-areas/missouri/ozarks/,https://temp123-nine.vercel.app/service-areas/missouri/ozarks/,true,200,,"noindex,follow",,false,false,exclude-preview-noindex,
215,Region,/service-areas/missouri/st-louis-area/,https://temp123-nine.vercel.app/service-areas/missouri/st-louis-area/,true,200,,"noindex,follow",,false,false,exclude-preview-noindex,
216,Region,/service-areas/missouri/southeast-missouri/,https://temp123-nine.vercel.app/service-areas/missouri/southeast-missouri/,true,200,,"noindex,follow",,false,false,exclude-preview-noindex,
217,Region,/service-areas/montana/glacier-country/,https://temp123-nine.vercel.app/service-areas/montana/glacier-country/,true,200,,"noindex,follow",,false,false,exclude-preview-noindex,
218,Region,/service-areas/montana/central-montana/,https://temp123-nine.vercel.app/service-areas/montana/central-montana/,true,200,,"noindex,follow",,false,false,exclude-preview-noindex,
219,Region,/service-areas/montana/yellowstone-country/,https://temp123-nine.vercel.app/service-areas/montana/yellowstone-country/,true,200,,"noindex,follow",,false,false,exclude-preview-noindex,
220,Region,/service-areas/montana/missouri-river-country/,https://temp123-nine.vercel.app/service-areas/montana/missouri-river-country/,true,200,,"noindex,follow",,false,false,exclude-preview-noindex,
221,Region,/service-areas/montana/southeast-montana/,https://temp123-nine.vercel.app/service-areas/montana/southeast-montana/,true,200,,"noindex,follow",,false,false,exclude-preview-noindex,
222,Region,/service-areas/nebraska/panhandle/,https://temp123-nine.vercel.app/service-areas/nebraska/panhandle/,true,200,,"noindex,follow",,false,false,exclude-preview-noindex,
223,Region,/service-areas/nebraska/sandhills/,https://temp123-nine.vercel.app/service-areas/nebraska/sandhills/,true,200,,"noindex,follow",,false,false,exclude-preview-noindex,
224,Region,/service-areas/nebraska/central-nebraska/,https://temp123-nine.vercel.app/service-areas/nebraska/central-nebraska/,true,200,,"noindex,follow",,false,false,exclude-preview-noindex,
225,Region,/service-areas/nebraska/northeast-nebraska/,https://temp123-nine.vercel.app/service-areas/nebraska/northeast-nebraska/,true,200,,"noindex,follow",,false,false,exclude-preview-noindex,
226,Region,/service-areas/nebraska/lincoln-and-omaha-corridor/,https://temp123-nine.vercel.app/service-areas/nebraska/lincoln-and-omaha-corridor/,true,200,,"noindex,follow",,false,false,exclude-preview-noindex,
227,Region,/service-areas/nevada/northern-nevada/,https://temp123-nine.vercel.app/service-areas/nevada/northern-nevada/,true,200,,"noindex,follow",,false,false,exclude-preview-noindex,
228,Region,/service-areas/nevada/reno-tahoe/,https://temp123-nine.vercel.app/service-areas/nevada/reno-tahoe/,true,200,,"noindex,follow",,false,false,exclude-preview-noindex,
229,Region,/service-areas/nevada/central-nevada/,https://temp123-nine.vercel.app/service-areas/nevada/central-nevada/,true,200,,"noindex,follow",,false,false,exclude-preview-noindex,
230,Region,/service-areas/nevada/las-vegas-valley/,https://temp123-nine.vercel.app/service-areas/nevada/las-vegas-valley/,true,200,,"noindex,follow",,false,false,exclude-preview-noindex,
231,Region,/service-areas/nevada/southern-nevada/,https://temp123-nine.vercel.app/service-areas/nevada/southern-nevada/,true,200,,"noindex,follow",,false,false,exclude-preview-noindex,
232,Region,/service-areas/new-hampshire/great-north-woods/,https://temp123-nine.vercel.app/service-areas/new-hampshire/great-north-woods/,true,200,,"noindex,follow",,false,false,exclude-preview-noindex,
233,Region,/service-areas/new-hampshire/white-mountains/,https://temp123-nine.vercel.app/service-areas/new-hampshire/white-mountains/,true,200,,"noindex,follow",,false,false,exclude-preview-noindex,
234,Region,/service-areas/new-hampshire/lakes-region/,https://temp123-nine.vercel.app/service-areas/new-hampshire/lakes-region/,true,200,,"noindex,follow",,false,false,exclude-preview-noindex,
235,Region,/service-areas/new-hampshire/dartmouth-lake-sunapee/,https://temp123-nine.vercel.app/service-areas/new-hampshire/dartmouth-lake-sunapee/,true,200,,"noindex,follow",,false,false,exclude-preview-noindex,
236,Region,/service-areas/new-hampshire/merrimack-valley/,https://temp123-nine.vercel.app/service-areas/new-hampshire/merrimack-valley/,true,200,,"noindex,follow",,false,false,exclude-preview-noindex,
237,Region,/service-areas/new-hampshire/seacoast/,https://temp123-nine.vercel.app/service-areas/new-hampshire/seacoast/,true,200,,"noindex,follow",,false,false,exclude-preview-noindex,
238,Region,/service-areas/new-jersey/skylands/,https://temp123-nine.vercel.app/service-areas/new-jersey/skylands/,true,200,,"noindex,follow",,false,false,exclude-preview-noindex,
239,Region,/service-areas/new-jersey/gateway-region/,https://temp123-nine.vercel.app/service-areas/new-jersey/gateway-region/,true,200,,"noindex,follow",,false,false,exclude-preview-noindex,
240,Region,/service-areas/new-jersey/central-jersey/,https://temp123-nine.vercel.app/service-areas/new-jersey/central-jersey/,true,200,,"noindex,follow",,false,false,exclude-preview-noindex,
241,Region,/service-areas/new-jersey/shore-region/,https://temp123-nine.vercel.app/service-areas/new-jersey/shore-region/,true,200,,"noindex,follow",,false,false,exclude-preview-noindex,
242,Region,/service-areas/new-jersey/delaware-river-region/,https://temp123-nine.vercel.app/service-areas/new-jersey/delaware-river-region/,true,200,,"noindex,follow",,false,false,exclude-preview-noindex,
243,Region,/service-areas/new-jersey/southern-shore/,https://temp123-nine.vercel.app/service-areas/new-jersey/southern-shore/,true,200,,"noindex,follow",,false,false,exclude-preview-noindex,
244,Region,/service-areas/new-mexico/north-central-new-mexico/,https://temp123-nine.vercel.app/service-areas/new-mexico/north-central-new-mexico/,true,200,,"noindex,follow",,false,false,exclude-preview-noindex,
245,Region,/service-areas/new-mexico/northeast-new-mexico/,https://temp123-nine.vercel.app/service-areas/new-mexico/northeast-new-mexico/,true,200,,"noindex,follow",,false,false,exclude-preview-noindex,
246,Region,/service-areas/new-mexico/albuquerque-area/,https://temp123-nine.vercel.app/service-areas/new-mexico/albuquerque-area/,true,200,,"noindex,follow",,false,false,exclude-preview-noindex,
247,Region,/service-areas/new-mexico/southeast-new-mexico/,https://temp123-nine.vercel.app/service-areas/new-mexico/southeast-new-mexico/,true,200,,"noindex,follow",,false,false,exclude-preview-noindex,
248,Region,/service-areas/new-mexico/southwest-new-mexico/,https://temp123-nine.vercel.app/service-areas/new-mexico/southwest-new-mexico/,true,200,,"noindex,follow",,false,false,exclude-preview-noindex,
249,Region,/service-areas/new-york/north-country/,https://temp123-nine.vercel.app/service-areas/new-york/north-country/,true,200,,"noindex,follow",,false,false,exclude-preview-noindex,
250,Region,/service-areas/new-york/capital-region/,https://temp123-nine.vercel.app/service-areas/new-york/capital-region/,true,200,,"noindex,follow",,false,false,exclude-preview-noindex,
251,Region,/service-areas/new-york/central-new-york/,https://temp123-nine.vercel.app/service-areas/new-york/central-new-york/,true,200,,"noindex,follow",,false,false,exclude-preview-noindex,
252,Region,/service-areas/new-york/finger-lakes/,https://temp123-nine.vercel.app/service-areas/new-york/finger-lakes/,true,200,,"noindex,follow",,false,false,exclude-preview-noindex,
253,Region,/service-areas/new-york/western-new-york/,https://temp123-nine.vercel.app/service-areas/new-york/western-new-york/,true,200,,"noindex,follow",,false,false,exclude-preview-noindex,
254,Region,/service-areas/new-york/hudson-valley/,https://temp123-nine.vercel.app/service-areas/new-york/hudson-valley/,true,200,,"noindex,follow",,false,false,exclude-preview-noindex,
255,Region,/service-areas/new-york/new-york-city-and-long-island/,https://temp123-nine.vercel.app/service-areas/new-york/new-york-city-and-long-island/,true,200,,"noindex,follow",,false,false,exclude-preview-noindex,
256,Region,/service-areas/north-carolina/mountains/,https://temp123-nine.vercel.app/service-areas/north-carolina/mountains/,true,200,,"noindex,follow",,false,false,exclude-preview-noindex,
257,Region,/service-areas/north-carolina/piedmont-triad/,https://temp123-nine.vercel.app/service-areas/north-carolina/piedmont-triad/,true,200,,"noindex,follow",,false,false,exclude-preview-noindex,
258,Region,/service-areas/north-carolina/charlotte-region/,https://temp123-nine.vercel.app/service-areas/north-carolina/charlotte-region/,true,200,,"noindex,follow",,false,false,exclude-preview-noindex,
259,Region,/service-areas/north-carolina/research-triangle/,https://temp123-nine.vercel.app/service-areas/north-carolina/research-triangle/,true,200,,"noindex,follow",,false,false,exclude-preview-noindex,
260,Region,/service-areas/north-carolina/coastal-plain/,https://temp123-nine.vercel.app/service-areas/north-carolina/coastal-plain/,true,200,,"noindex,follow",,false,false,exclude-preview-noindex,
261,Region,/service-areas/north-carolina/outer-banks/,https://temp123-nine.vercel.app/service-areas/north-carolina/outer-banks/,true,200,,"noindex,follow",,false,false,exclude-preview-noindex,
262,Region,/service-areas/north-dakota/western-north-dakota/,https://temp123-nine.vercel.app/service-areas/north-dakota/western-north-dakota/,true,200,,"noindex,follow",,false,false,exclude-preview-noindex,
263,Region,/service-areas/north-dakota/north-central-north-dakota/,https://temp123-nine.vercel.app/service-areas/north-dakota/north-central-north-dakota/,true,200,,"noindex,follow",,false,false,exclude-preview-noindex,
264,Region,/service-areas/north-dakota/red-river-valley/,https://temp123-nine.vercel.app/service-areas/north-dakota/red-river-valley/,true,200,,"noindex,follow",,false,false,exclude-preview-noindex,
265,Region,/service-areas/north-dakota/south-central-north-dakota/,https://temp123-nine.vercel.app/service-areas/north-dakota/south-central-north-dakota/,true,200,,"noindex,follow",,false,false,exclude-preview-noindex,
266,Region,/service-areas/ohio/northeast-ohio/,https://temp123-nine.vercel.app/service-areas/ohio/northeast-ohio/,true,200,,"noindex,follow",,false,false,exclude-preview-noindex,
267,Region,/service-areas/ohio/northwest-ohio/,https://temp123-nine.vercel.app/service-areas/ohio/northwest-ohio/,true,200,,"noindex,follow",,false,false,exclude-preview-noindex,
268,Region,/service-areas/ohio/central-ohio/,https://temp123-nine.vercel.app/service-areas/ohio/central-ohio/,true,200,,"noindex,follow",,false,false,exclude-preview-noindex,
269,Region,/service-areas/ohio/southwest-ohio/,https://temp123-nine.vercel.app/service-areas/ohio/southwest-ohio/,true,200,,"noindex,follow",,false,false,exclude-preview-noindex,
270,Region,/service-areas/ohio/southeast-ohio/,https://temp123-nine.vercel.app/service-areas/ohio/southeast-ohio/,true,200,,"noindex,follow",,false,false,exclude-preview-noindex,
271,Region,/service-areas/oklahoma/panhandle/,https://temp123-nine.vercel.app/service-areas/oklahoma/panhandle/,true,200,,"noindex,follow",,false,false,exclude-preview-noindex,
272,Region,/service-areas/oklahoma/northwest-oklahoma/,https://temp123-nine.vercel.app/service-areas/oklahoma/northwest-oklahoma/,true,200,,"noindex,follow",,false,false,exclude-preview-noindex,
273,Region,/service-areas/oklahoma/green-country/,https://temp123-nine.vercel.app/service-areas/oklahoma/green-country/,true,200,,"noindex,follow",,false,false,exclude-preview-noindex,
274,Region,/service-areas/oklahoma/central-oklahoma/,https://temp123-nine.vercel.app/service-areas/oklahoma/central-oklahoma/,true,200,,"noindex,follow",,false,false,exclude-preview-noindex,
275,Region,/service-areas/oklahoma/kiamichi-country/,https://temp123-nine.vercel.app/service-areas/oklahoma/kiamichi-country/,true,200,,"noindex,follow",,false,false,exclude-preview-noindex,
276,Region,/service-areas/oklahoma/southwest-oklahoma/,https://temp123-nine.vercel.app/service-areas/oklahoma/southwest-oklahoma/,true,200,,"noindex,follow",,false,false,exclude-preview-noindex,
277,Region,/service-areas/oregon/oregon-coast/,https://temp123-nine.vercel.app/service-areas/oregon/oregon-coast/,true,200,,"noindex,follow",,false,false,exclude-preview-noindex,
278,Region,/service-areas/oregon/willamette-valley/,https://temp123-nine.vercel.app/service-areas/oregon/willamette-valley/,true,200,,"noindex,follow",,false,false,exclude-preview-noindex,
279,Region,/service-areas/oregon/southern-oregon/,https://temp123-nine.vercel.app/service-areas/oregon/southern-oregon/,true,200,,"noindex,follow",,false,false,exclude-preview-noindex,
280,Region,/service-areas/oregon/central-oregon/,https://temp123-nine.vercel.app/service-areas/oregon/central-oregon/,true,200,,"noindex,follow",,false,false,exclude-preview-noindex,
281,Region,/service-areas/oregon/eastern-oregon/,https://temp123-nine.vercel.app/service-areas/oregon/eastern-oregon/,true,200,,"noindex,follow",,false,false,exclude-preview-noindex,
282,Region,/service-areas/pennsylvania/erie-region/,https://temp123-nine.vercel.app/service-areas/pennsylvania/erie-region/,true,200,,"noindex,follow",,false,false,exclude-preview-noindex,
283,Region,/service-areas/pennsylvania/pittsburgh-and-southwest/,https://temp123-nine.vercel.app/service-areas/pennsylvania/pittsburgh-and-southwest/,true,200,,"noindex,follow",,false,false,exclude-preview-noindex,
284,Region,/service-areas/pennsylvania/pennsylvania-wilds/,https://temp123-nine.vercel.app/service-areas/pennsylvania/pennsylvania-wilds/,true,200,,"noindex,follow",,false,false,exclude-preview-noindex,
285,Region,/service-areas/pennsylvania/central-pennsylvania/,https://temp123-nine.vercel.app/service-areas/pennsylvania/central-pennsylvania/,true,200,,"noindex,follow",,false,false,exclude-preview-noindex,
286,Region,/service-areas/pennsylvania/northeast-pennsylvania/,https://temp123-nine.vercel.app/service-areas/pennsylvania/northeast-pennsylvania/,true,200,,"noindex,follow",,false,false,exclude-preview-noindex,
287,Region,/service-areas/pennsylvania/philadelphia-and-southeast/,https://temp123-nine.vercel.app/service-areas/pennsylvania/philadelphia-and-southeast/,true,200,,"noindex,follow",,false,false,exclude-preview-noindex,
288,Region,/service-areas/rhode-island/providence-area/,https://temp123-nine.vercel.app/service-areas/rhode-island/providence-area/,true,200,,"noindex,follow",,false,false,exclude-preview-noindex,
289,Region,/service-areas/rhode-island/blackstone-valley/,https://temp123-nine.vercel.app/service-areas/rhode-island/blackstone-valley/,true,200,,"noindex,follow",,false,false,exclude-preview-noindex,
290,Region,/service-areas/rhode-island/newport-county/,https://temp123-nine.vercel.app/service-areas/rhode-island/newport-county/,true,200,,"noindex,follow",,false,false,exclude-preview-noindex,
291,Region,/service-areas/rhode-island/south-county/,https://temp123-nine.vercel.app/service-areas/rhode-island/south-county/,true,200,,"noindex,follow",,false,false,exclude-preview-noindex,
292,Region,/service-areas/south-carolina/upstate/,https://temp123-nine.vercel.app/service-areas/south-carolina/upstate/,true,200,,"noindex,follow",,false,false,exclude-preview-noindex,
293,Region,/service-areas/south-carolina/midlands/,https://temp123-nine.vercel.app/service-areas/south-carolina/midlands/,true,200,,"noindex,follow",,false,false,exclude-preview-noindex,
294,Region,/service-areas/south-carolina/pee-dee/,https://temp123-nine.vercel.app/service-areas/south-carolina/pee-dee/,true,200,,"noindex,follow",,false,false,exclude-preview-noindex,
295,Region,/service-areas/south-carolina/lowcountry/,https://temp123-nine.vercel.app/service-areas/south-carolina/lowcountry/,true,200,,"noindex,follow",,false,false,exclude-preview-noindex,
296,Region,/service-areas/south-dakota/black-hills-and-badlands/,https://temp123-nine.vercel.app/service-areas/south-dakota/black-hills-and-badlands/,true,200,,"noindex,follow",,false,false,exclude-preview-noindex,
297,Region,/service-areas/south-dakota/central-south-dakota/,https://temp123-nine.vercel.app/service-areas/south-dakota/central-south-dakota/,true,200,,"noindex,follow",,false,false,exclude-preview-noindex,
298,Region,/service-areas/south-dakota/glacial-lakes-and-prairies/,https://temp123-nine.vercel.app/service-areas/south-dakota/glacial-lakes-and-prairies/,true,200,,"noindex,follow",,false,false,exclude-preview-noindex,
299,Region,/service-areas/south-dakota/southeast-south-dakota/,https://temp123-nine.vercel.app/service-areas/south-dakota/southeast-south-dakota/,true,200,,"noindex,follow",,false,false,exclude-preview-noindex,
300,Region,/service-areas/tennessee/west-tennessee/,https://temp123-nine.vercel.app/service-areas/tennessee/west-tennessee/,true,200,,"noindex,follow",,false,false,exclude-preview-noindex,
301,Region,/service-areas/tennessee/middle-tennessee/,https://temp123-nine.vercel.app/service-areas/tennessee/middle-tennessee/,true,200,,"noindex,follow",,false,false,exclude-preview-noindex,
302,Region,/service-areas/tennessee/cumberland-plateau/,https://temp123-nine.vercel.app/service-areas/tennessee/cumberland-plateau/,true,200,,"noindex,follow",,false,false,exclude-preview-noindex,
303,Region,/service-areas/tennessee/east-tennessee/,https://temp123-nine.vercel.app/service-areas/tennessee/east-tennessee/,true,200,,"noindex,follow",,false,false,exclude-preview-noindex,
304,Region,/service-areas/texas/panhandle/,https://temp123-nine.vercel.app/service-areas/texas/panhandle/,true,200,,"noindex,follow",,false,false,exclude-preview-noindex,
305,Region,/service-areas/texas/north-texas/,https://temp123-nine.vercel.app/service-areas/texas/north-texas/,true,200,,"noindex,follow",,false,false,exclude-preview-noindex,
306,Region,/service-areas/texas/east-texas/,https://temp123-nine.vercel.app/service-areas/texas/east-texas/,true,200,,"noindex,follow",,false,false,exclude-preview-noindex,
307,Region,/service-areas/texas/central-texas/,https://temp123-nine.vercel.app/service-areas/texas/central-texas/,true,200,,"noindex,follow",,false,false,exclude-preview-noindex,
308,Region,/service-areas/texas/west-texas/,https://temp123-nine.vercel.app/service-areas/texas/west-texas/,true,200,,"noindex,follow",,false,false,exclude-preview-noindex,
309,Region,/service-areas/texas/gulf-coast/,https://temp123-nine.vercel.app/service-areas/texas/gulf-coast/,true,200,,"noindex,follow",,false,false,exclude-preview-noindex,
310,Region,/service-areas/texas/south-texas/,https://temp123-nine.vercel.app/service-areas/texas/south-texas/,true,200,,"noindex,follow",,false,false,exclude-preview-noindex,
311,Region,/service-areas/utah/northern-utah/,https://temp123-nine.vercel.app/service-areas/utah/northern-utah/,true,200,,"noindex,follow",,false,false,exclude-preview-noindex,
312,Region,/service-areas/utah/wasatch-front/,https://temp123-nine.vercel.app/service-areas/utah/wasatch-front/,true,200,,"noindex,follow",,false,false,exclude-preview-noindex,
313,Region,/service-areas/utah/central-utah/,https://temp123-nine.vercel.app/service-areas/utah/central-utah/,true,200,,"noindex,follow",,false,false,exclude-preview-noindex,
314,Region,/service-areas/utah/southeastern-utah/,https://temp123-nine.vercel.app/service-areas/utah/southeastern-utah/,true,200,,"noindex,follow",,false,false,exclude-preview-noindex,
315,Region,/service-areas/utah/southwestern-utah/,https://temp123-nine.vercel.app/service-areas/utah/southwestern-utah/,true,200,,"noindex,follow",,false,false,exclude-preview-noindex,
316,Region,/service-areas/vermont/northeast-kingdom/,https://temp123-nine.vercel.app/service-areas/vermont/northeast-kingdom/,true,200,,"noindex,follow",,false,false,exclude-preview-noindex,
317,Region,/service-areas/vermont/champlain-valley/,https://temp123-nine.vercel.app/service-areas/vermont/champlain-valley/,true,200,,"noindex,follow",,false,false,exclude-preview-noindex,
318,Region,/service-areas/vermont/central-vermont/,https://temp123-nine.vercel.app/service-areas/vermont/central-vermont/,true,200,,"noindex,follow",,false,false,exclude-preview-noindex,
319,Region,/service-areas/vermont/southern-vermont/,https://temp123-nine.vercel.app/service-areas/vermont/southern-vermont/,true,200,,"noindex,follow",,false,false,exclude-preview-noindex,
320,Region,/service-areas/virginia/northern-virginia/,https://temp123-nine.vercel.app/service-areas/virginia/northern-virginia/,true,200,,"noindex,follow",,false,false,exclude-preview-noindex,
321,Region,/service-areas/virginia/shenandoah-valley/,https://temp123-nine.vercel.app/service-areas/virginia/shenandoah-valley/,true,200,,"noindex,follow",,false,false,exclude-preview-noindex,
322,Region,/service-areas/virginia/central-virginia/,https://temp123-nine.vercel.app/service-areas/virginia/central-virginia/,true,200,,"noindex,follow",,false,false,exclude-preview-noindex,
323,Region,/service-areas/virginia/hampton-roads/,https://temp123-nine.vercel.app/service-areas/virginia/hampton-roads/,true,200,,"noindex,follow",,false,false,exclude-preview-noindex,
324,Region,/service-areas/virginia/eastern-shore/,https://temp123-nine.vercel.app/service-areas/virginia/eastern-shore/,true,200,,"noindex,follow",,false,false,exclude-preview-noindex,
325,Region,/service-areas/virginia/southwest-virginia/,https://temp123-nine.vercel.app/service-areas/virginia/southwest-virginia/,true,200,,"noindex,follow",,false,false,exclude-preview-noindex,
326,Region,/service-areas/washington/olympic-peninsula/,https://temp123-nine.vercel.app/service-areas/washington/olympic-peninsula/,true,200,,"noindex,follow",,false,false,exclude-preview-noindex,
327,Region,/service-areas/washington/puget-sound/,https://temp123-nine.vercel.app/service-areas/washington/puget-sound/,true,200,,"noindex,follow",,false,false,exclude-preview-noindex,
328,Region,/service-areas/washington/north-cascades/,https://temp123-nine.vercel.app/service-areas/washington/north-cascades/,true,200,,"noindex,follow",,false,false,exclude-preview-noindex,
329,Region,/service-areas/washington/central-washington/,https://temp123-nine.vercel.app/service-areas/washington/central-washington/,true,200,,"noindex,follow",,false,false,exclude-preview-noindex,
330,Region,/service-areas/washington/eastern-washington/,https://temp123-nine.vercel.app/service-areas/washington/eastern-washington/,true,200,,"noindex,follow",,false,false,exclude-preview-noindex,
331,Region,/service-areas/washington/southwest-washington/,https://temp123-nine.vercel.app/service-areas/washington/southwest-washington/,true,200,,"noindex,follow",,false,false,exclude-preview-noindex,
332,Region,/service-areas/west-virginia/northern-panhandle/,https://temp123-nine.vercel.app/service-areas/west-virginia/northern-panhandle/,true,200,,"noindex,follow",,false,false,exclude-preview-noindex,
333,Region,/service-areas/west-virginia/mountaineer-country/,https://temp123-nine.vercel.app/service-areas/west-virginia/mountaineer-country/,true,200,,"noindex,follow",,false,false,exclude-preview-noindex,
334,Region,/service-areas/west-virginia/eastern-panhandle/,https://temp123-nine.vercel.app/service-areas/west-virginia/eastern-panhandle/,true,200,,"noindex,follow",,false,false,exclude-preview-noindex,
335,Region,/service-areas/west-virginia/metro-valley/,https://temp123-nine.vercel.app/service-areas/west-virginia/metro-valley/,true,200,,"noindex,follow",,false,false,exclude-preview-noindex,
336,Region,/service-areas/west-virginia/new-river-greenbrier-valley/,https://temp123-nine.vercel.app/service-areas/west-virginia/new-river-greenbrier-valley/,true,200,,"noindex,follow",,false,false,exclude-preview-noindex,
337,Region,/service-areas/west-virginia/southern-coalfields/,https://temp123-nine.vercel.app/service-areas/west-virginia/southern-coalfields/,true,200,,"noindex,follow",,false,false,exclude-preview-noindex,
338,Region,/service-areas/wisconsin/northwoods/,https://temp123-nine.vercel.app/service-areas/wisconsin/northwoods/,true,200,,"noindex,follow",,false,false,exclude-preview-noindex,
339,Region,/service-areas/wisconsin/lake-superior-region/,https://temp123-nine.vercel.app/service-areas/wisconsin/lake-superior-region/,true,200,,"noindex,follow",,false,false,exclude-preview-noindex,
340,Region,/service-areas/wisconsin/central-wisconsin/,https://temp123-nine.vercel.app/service-areas/wisconsin/central-wisconsin/,true,200,,"noindex,follow",,false,false,exclude-preview-noindex,
341,Region,/service-areas/wisconsin/fox-valley/,https://temp123-nine.vercel.app/service-areas/wisconsin/fox-valley/,true,200,,"noindex,follow",,false,false,exclude-preview-noindex,
342,Region,/service-areas/wisconsin/madison-area/,https://temp123-nine.vercel.app/service-areas/wisconsin/madison-area/,true,200,,"noindex,follow",,false,false,exclude-preview-noindex,
343,Region,/service-areas/wisconsin/milwaukee-and-southeast/,https://temp123-nine.vercel.app/service-areas/wisconsin/milwaukee-and-southeast/,true,200,,"noindex,follow",,false,false,exclude-preview-noindex,
344,Region,/service-areas/wisconsin/driftless-area/,https://temp123-nine.vercel.app/service-areas/wisconsin/driftless-area/,true,200,,"noindex,follow",,false,false,exclude-preview-noindex,
345,Region,/service-areas/wyoming/northwest-wyoming/,https://temp123-nine.vercel.app/service-areas/wyoming/northwest-wyoming/,true,200,,"noindex,follow",,false,false,exclude-preview-noindex,
346,Region,/service-areas/wyoming/northeast-wyoming/,https://temp123-nine.vercel.app/service-areas/wyoming/northeast-wyoming/,true,200,,"noindex,follow",,false,false,exclude-preview-noindex,
347,Region,/service-areas/wyoming/central-wyoming/,https://temp123-nine.vercel.app/service-areas/wyoming/central-wyoming/,true,200,,"noindex,follow",,false,false,exclude-preview-noindex,
348,Region,/service-areas/wyoming/southwest-wyoming/,https://temp123-nine.vercel.app/service-areas/wyoming/southwest-wyoming/,true,200,,"noindex,follow",,false,false,exclude-preview-noindex,
349,Region,/service-areas/wyoming/southeast-wyoming/,https://temp123-nine.vercel.app/service-areas/wyoming/southeast-wyoming/,true,200,,"noindex,follow",,false,false,exclude-preview-noindex,
350,Region city directory,/service-areas/alabama/north-alabama/cities/,https://temp123-nine.vercel.app/service-areas/alabama/north-alabama/cities/,true,200,,"noindex,follow",,false,false,exclude-preview-noindex,
351,Region city directory,/service-areas/alabama/central-alabama/cities/,https://temp123-nine.vercel.app/service-areas/alabama/central-alabama/cities/,true,200,,"noindex,follow",,false,false,exclude-preview-noindex,
352,Region city directory,/service-areas/alabama/wiregrass/cities/,https://temp123-nine.vercel.app/service-areas/alabama/wiregrass/cities/,true,200,,"noindex,follow",,false,false,exclude-preview-noindex,
353,Region city directory,/service-areas/alabama/gulf-coast/cities/,https://temp123-nine.vercel.app/service-areas/alabama/gulf-coast/cities/,true,200,,"noindex,follow",,false,false,exclude-preview-noindex,
354,Region city directory,/service-areas/alaska/southcentral/cities/,https://temp123-nine.vercel.app/service-areas/alaska/southcentral/cities/,true,200,,"noindex,follow",,false,false,exclude-preview-noindex,
355,Region city directory,/service-areas/alaska/interior/cities/,https://temp123-nine.vercel.app/service-areas/alaska/interior/cities/,true,200,,"noindex,follow",,false,false,exclude-preview-noindex,
356,Region city directory,/service-areas/alaska/southeast/cities/,https://temp123-nine.vercel.app/service-areas/alaska/southeast/cities/,true,200,,"noindex,follow",,false,false,exclude-preview-noindex,
357,Region city directory,/service-areas/alaska/southwest/cities/,https://temp123-nine.vercel.app/service-areas/alaska/southwest/cities/,true,200,,"noindex,follow",,false,false,exclude-preview-noindex,
358,Region city directory,/service-areas/alaska/arctic/cities/,https://temp123-nine.vercel.app/service-areas/alaska/arctic/cities/,true,200,,"noindex,follow",,false,false,exclude-preview-noindex,
359,Region city directory,/service-areas/arizona/northern-arizona/cities/,https://temp123-nine.vercel.app/service-areas/arizona/northern-arizona/cities/,true,200,,"noindex,follow",,false,false,exclude-preview-noindex,
360,Region city directory,/service-areas/arizona/phoenix-area/cities/,https://temp123-nine.vercel.app/service-areas/arizona/phoenix-area/cities/,true,200,,"noindex,follow",,false,false,exclude-preview-noindex,
361,Region city directory,/service-areas/arizona/southern-arizona/cities/,https://temp123-nine.vercel.app/service-areas/arizona/southern-arizona/cities/,true,200,,"noindex,follow",,false,false,exclude-preview-noindex,
362,Region city directory,/service-areas/arkansas/ozarks/cities/,https://temp123-nine.vercel.app/service-areas/arkansas/ozarks/cities/,true,200,,"noindex,follow",,false,false,exclude-preview-noindex,
363,Region city directory,/service-areas/arkansas/arkansas-river-valley/cities/,https://temp123-nine.vercel.app/service-areas/arkansas/arkansas-river-valley/cities/,true,200,,"noindex,follow",,false,false,exclude-preview-noindex,
364,Region city directory,/service-areas/arkansas/delta/cities/,https://temp123-nine.vercel.app/service-areas/arkansas/delta/cities/,true,200,,"noindex,follow",,false,false,exclude-preview-noindex,
365,Region city directory,/service-areas/arkansas/southwest-arkansas/cities/,https://temp123-nine.vercel.app/service-areas/arkansas/southwest-arkansas/cities/,true,200,,"noindex,follow",,false,false,exclude-preview-noindex,
366,Region city directory,/service-areas/california/north-coast/cities/,https://temp123-nine.vercel.app/service-areas/california/north-coast/cities/,true,200,,"noindex,follow",,false,false,exclude-preview-noindex,
367,Region city directory,/service-areas/california/bay-area/cities/,https://temp123-nine.vercel.app/service-areas/california/bay-area/cities/,true,200,,"noindex,follow",,false,false,exclude-preview-noindex,
368,Region city directory,/service-areas/california/central-valley/cities/,https://temp123-nine.vercel.app/service-areas/california/central-valley/cities/,true,200,,"noindex,follow",,false,false,exclude-preview-noindex,
369,Region city directory,/service-areas/california/los-angeles-basin/cities/,https://temp123-nine.vercel.app/service-areas/california/los-angeles-basin/cities/,true,200,,"noindex,follow",,false,false,exclude-preview-noindex,
370,Region city directory,/service-areas/california/inland-empire/cities/,https://temp123-nine.vercel.app/service-areas/california/inland-empire/cities/,true,200,,"noindex,follow",,false,false,exclude-preview-noindex,
371,Region city directory,/service-areas/california/san-diego/cities/,https://temp123-nine.vercel.app/service-areas/california/san-diego/cities/,true,200,,"noindex,follow",,false,false,exclude-preview-noindex,
372,Region city directory,/service-areas/colorado/front-range/cities/,https://temp123-nine.vercel.app/service-areas/colorado/front-range/cities/,true,200,,"noindex,follow",,false,false,exclude-preview-noindex,
373,Region city directory,/service-areas/colorado/western-slope/cities/,https://temp123-nine.vercel.app/service-areas/colorado/western-slope/cities/,true,200,,"noindex,follow",,false,false,exclude-preview-noindex,
374,Region city directory,/service-areas/colorado/eastern-plains/cities/,https://temp123-nine.vercel.app/service-areas/colorado/eastern-plains/cities/,true,200,,"noindex,follow",,false,false,exclude-preview-noindex,
375,Region city directory,/service-areas/colorado/san-luis-valley/cities/,https://temp123-nine.vercel.app/service-areas/colorado/san-luis-valley/cities/,true,200,,"noindex,follow",,false,false,exclude-preview-noindex,
376,Region city directory,/service-areas/connecticut/litchfield-hills/cities/,https://temp123-nine.vercel.app/service-areas/connecticut/litchfield-hills/cities/,true,200,,"noindex,follow",,false,false,exclude-preview-noindex,
377,Region city directory,/service-areas/connecticut/greater-hartford/cities/,https://temp123-nine.vercel.app/service-areas/connecticut/greater-hartford/cities/,true,200,,"noindex,follow",,false,false,exclude-preview-noindex,
378,Region city directory,/service-areas/connecticut/connecticut-river-valley/cities/,https://temp123-nine.vercel.app/service-areas/connecticut/connecticut-river-valley/cities/,true,200,,"noindex,follow",,false,false,exclude-preview-noindex,
379,Region city directory,/service-areas/connecticut/connecticut-shoreline/cities/,https://temp123-nine.vercel.app/service-areas/connecticut/connecticut-shoreline/cities/,true,200,,"noindex,follow",,false,false,exclude-preview-noindex,
380,Region city directory,/service-areas/delaware/northern-delaware/cities/,https://temp123-nine.vercel.app/service-areas/delaware/northern-delaware/cities/,true,200,,"noindex,follow",,false,false,exclude-preview-noindex,
381,Region city directory,/service-areas/delaware/central-delaware/cities/,https://temp123-nine.vercel.app/service-areas/delaware/central-delaware/cities/,true,200,,"noindex,follow",,false,false,exclude-preview-noindex,
382,Region city directory,/service-areas/delaware/delaware-beaches/cities/,https://temp123-nine.vercel.app/service-areas/delaware/delaware-beaches/cities/,true,200,,"noindex,follow",,false,false,exclude-preview-noindex,
383,Region city directory,/service-areas/florida/panhandle/cities/,https://temp123-nine.vercel.app/service-areas/florida/panhandle/cities/,true,200,,"noindex,follow",,false,false,exclude-preview-noindex,
384,Region city directory,/service-areas/florida/north-florida/cities/,https://temp123-nine.vercel.app/service-areas/florida/north-florida/cities/,true,200,,"noindex,follow",,false,false,exclude-preview-noindex,
385,Region city directory,/service-areas/florida/central-florida/cities/,https://temp123-nine.vercel.app/service-areas/florida/central-florida/cities/,true,200,,"noindex,follow",,false,false,exclude-preview-noindex,
386,Region city directory,/service-areas/florida/south-florida/cities/,https://temp123-nine.vercel.app/service-areas/florida/south-florida/cities/,true,200,,"noindex,follow",,false,false,exclude-preview-noindex,
387,Region city directory,/service-areas/florida/florida-keys/cities/,https://temp123-nine.vercel.app/service-areas/florida/florida-keys/cities/,true,200,,"noindex,follow",,false,false,exclude-preview-noindex,
388,Region city directory,/service-areas/georgia/north-georgia/cities/,https://temp123-nine.vercel.app/service-areas/georgia/north-georgia/cities/,true,200,,"noindex,follow",,false,false,exclude-preview-noindex,
389,Region city directory,/service-areas/georgia/metro-atlanta/cities/,https://temp123-nine.vercel.app/service-areas/georgia/metro-atlanta/cities/,true,200,,"noindex,follow",,false,false,exclude-preview-noindex,
390,Region city directory,/service-areas/georgia/central-georgia/cities/,https://temp123-nine.vercel.app/service-areas/georgia/central-georgia/cities/,true,200,,"noindex,follow",,false,false,exclude-preview-noindex,
391,Region city directory,/service-areas/georgia/coastal-georgia/cities/,https://temp123-nine.vercel.app/service-areas/georgia/coastal-georgia/cities/,true,200,,"noindex,follow",,false,false,exclude-preview-noindex,
392,Region city directory,/service-areas/georgia/south-georgia/cities/,https://temp123-nine.vercel.app/service-areas/georgia/south-georgia/cities/,true,200,,"noindex,follow",,false,false,exclude-preview-noindex,
393,Region city directory,/service-areas/hawaii/oahu/cities/,https://temp123-nine.vercel.app/service-areas/hawaii/oahu/cities/,true,200,,"noindex,follow",,false,false,exclude-preview-noindex,
394,Region city directory,/service-areas/hawaii/maui-county/cities/,https://temp123-nine.vercel.app/service-areas/hawaii/maui-county/cities/,true,200,,"noindex,follow",,false,false,exclude-preview-noindex,
395,Region city directory,/service-areas/hawaii/hawaii-island/cities/,https://temp123-nine.vercel.app/service-areas/hawaii/hawaii-island/cities/,true,200,,"noindex,follow",,false,false,exclude-preview-noindex,
396,Region city directory,/service-areas/hawaii/kauai/cities/,https://temp123-nine.vercel.app/service-areas/hawaii/kauai/cities/,true,200,,"noindex,follow",,false,false,exclude-preview-noindex,
397,Region city directory,/service-areas/idaho/north-idaho/cities/,https://temp123-nine.vercel.app/service-areas/idaho/north-idaho/cities/,true,200,,"noindex,follow",,false,false,exclude-preview-noindex,
398,Region city directory,/service-areas/idaho/southwest-idaho/cities/,https://temp123-nine.vercel.app/service-areas/idaho/southwest-idaho/cities/,true,200,,"noindex,follow",,false,false,exclude-preview-noindex,
399,Region city directory,/service-areas/idaho/central-mountains/cities/,https://temp123-nine.vercel.app/service-areas/idaho/central-mountains/cities/,true,200,,"noindex,follow",,false,false,exclude-preview-noindex,
400,Region city directory,/service-areas/idaho/eastern-idaho/cities/,https://temp123-nine.vercel.app/service-areas/idaho/eastern-idaho/cities/,true,200,,"noindex,follow",,false,false,exclude-preview-noindex,
401,Region city directory,/service-areas/illinois/chicago-area/cities/,https://temp123-nine.vercel.app/service-areas/illinois/chicago-area/cities/,true,200,,"noindex,follow",,false,false,exclude-preview-noindex,
402,Region city directory,/service-areas/illinois/northern-illinois/cities/,https://temp123-nine.vercel.app/service-areas/illinois/northern-illinois/cities/,true,200,,"noindex,follow",,false,false,exclude-preview-noindex,
403,Region city directory,/service-areas/illinois/central-illinois/cities/,https://temp123-nine.vercel.app/service-areas/illinois/central-illinois/cities/,true,200,,"noindex,follow",,false,false,exclude-preview-noindex,
404,Region city directory,/service-areas/illinois/southern-illinois/cities/,https://temp123-nine.vercel.app/service-areas/illinois/southern-illinois/cities/,true,200,,"noindex,follow",,false,false,exclude-preview-noindex,
405,Region city directory,/service-areas/indiana/northern-indiana/cities/,https://temp123-nine.vercel.app/service-areas/indiana/northern-indiana/cities/,true,200,,"noindex,follow",,false,false,exclude-preview-noindex,
406,Region city directory,/service-areas/indiana/central-indiana/cities/,https://temp123-nine.vercel.app/service-areas/indiana/central-indiana/cities/,true,200,,"noindex,follow",,false,false,exclude-preview-noindex,
407,Region city directory,/service-areas/indiana/southern-indiana/cities/,https://temp123-nine.vercel.app/service-areas/indiana/southern-indiana/cities/,true,200,,"noindex,follow",,false,false,exclude-preview-noindex,
408,Region city directory,/service-areas/iowa/northwest-iowa/cities/,https://temp123-nine.vercel.app/service-areas/iowa/northwest-iowa/cities/,true,200,,"noindex,follow",,false,false,exclude-preview-noindex,
409,Region city directory,/service-areas/iowa/central-iowa/cities/,https://temp123-nine.vercel.app/service-areas/iowa/central-iowa/cities/,true,200,,"noindex,follow",,false,false,exclude-preview-noindex,
410,Region city directory,/service-areas/iowa/northeast-iowa/cities/,https://temp123-nine.vercel.app/service-areas/iowa/northeast-iowa/cities/,true,200,,"noindex,follow",,false,false,exclude-preview-noindex,
411,Region city directory,/service-areas/iowa/southern-iowa/cities/,https://temp123-nine.vercel.app/service-areas/iowa/southern-iowa/cities/,true,200,,"noindex,follow",,false,false,exclude-preview-noindex,
412,Region city directory,/service-areas/kansas/western-kansas/cities/,https://temp123-nine.vercel.app/service-areas/kansas/western-kansas/cities/,true,200,,"noindex,follow",,false,false,exclude-preview-noindex,
413,Region city directory,/service-areas/kansas/north-central-kansas/cities/,https://temp123-nine.vercel.app/service-areas/kansas/north-central-kansas/cities/,true,200,,"noindex,follow",,false,false,exclude-preview-noindex,
414,Region city directory,/service-areas/kansas/kansas-city-area/cities/,https://temp123-nine.vercel.app/service-areas/kansas/kansas-city-area/cities/,true,200,,"noindex,follow",,false,false,exclude-preview-noindex,
415,Region city directory,/service-areas/kansas/south-central-kansas/cities/,https://temp123-nine.vercel.app/service-areas/kansas/south-central-kansas/cities/,true,200,,"noindex,follow",,false,false,exclude-preview-noindex,
416,Region city directory,/service-areas/kansas/southeast-kansas/cities/,https://temp123-nine.vercel.app/service-areas/kansas/southeast-kansas/cities/,true,200,,"noindex,follow",,false,false,exclude-preview-noindex,
417,Region city directory,/service-areas/kentucky/western-coalfields/cities/,https://temp123-nine.vercel.app/service-areas/kentucky/western-coalfields/cities/,true,200,,"noindex,follow",,false,false,exclude-preview-noindex,
418,Region city directory,/service-areas/kentucky/bluegrass-region/cities/,https://temp123-nine.vercel.app/service-areas/kentucky/bluegrass-region/cities/,true,200,,"noindex,follow",,false,false,exclude-preview-noindex,
419,Region city directory,/service-areas/kentucky/eastern-kentucky/cities/,https://temp123-nine.vercel.app/service-areas/kentucky/eastern-kentucky/cities/,true,200,,"noindex,follow",,false,false,exclude-preview-noindex,
420,Region city directory,/service-areas/kentucky/south-central-kentucky/cities/,https://temp123-nine.vercel.app/service-areas/kentucky/south-central-kentucky/cities/,true,200,,"noindex,follow",,false,false,exclude-preview-noindex,
421,Region city directory,/service-areas/louisiana/north-louisiana/cities/,https://temp123-nine.vercel.app/service-areas/louisiana/north-louisiana/cities/,true,200,,"noindex,follow",,false,false,exclude-preview-noindex,
422,Region city directory,/service-areas/louisiana/acadiana/cities/,https://temp123-nine.vercel.app/service-areas/louisiana/acadiana/cities/,true,200,,"noindex,follow",,false,false,exclude-preview-noindex,
423,Region city directory,/service-areas/louisiana/capital-region/cities/,https://temp123-nine.vercel.app/service-areas/louisiana/capital-region/cities/,true,200,,"noindex,follow",,false,false,exclude-preview-noindex,
424,Region city directory,/service-areas/louisiana/greater-new-orleans/cities/,https://temp123-nine.vercel.app/service-areas/louisiana/greater-new-orleans/cities/,true,200,,"noindex,follow",,false,false,exclude-preview-noindex,
425,Region city directory,/service-areas/louisiana/river-parishes/cities/,https://temp123-nine.vercel.app/service-areas/louisiana/river-parishes/cities/,true,200,,"noindex,follow",,false,false,exclude-preview-noindex,
426,Region city directory,/service-areas/maine/aroostook-county/cities/,https://temp123-nine.vercel.app/service-areas/maine/aroostook-county/cities/,true,200,,"noindex,follow",,false,false,exclude-preview-noindex,
427,Region city directory,/service-areas/maine/highlands/cities/,https://temp123-nine.vercel.app/service-areas/maine/highlands/cities/,true,200,,"noindex,follow",,false,false,exclude-preview-noindex,
428,Region city directory,/service-areas/maine/western-lakes-and-mountains/cities/,https://temp123-nine.vercel.app/service-areas/maine/western-lakes-and-mountains/cities/,true,200,,"noindex,follow",,false,false,exclude-preview-noindex,
429,Region city directory,/service-areas/maine/midcoast/cities/,https://temp123-nine.vercel.app/service-areas/maine/midcoast/cities/,true,200,,"noindex,follow",,false,false,exclude-preview-noindex,
430,Region city directory,/service-areas/maine/downeast-and-acadia/cities/,https://temp123-nine.vercel.app/service-areas/maine/downeast-and-acadia/cities/,true,200,,"noindex,follow",,false,false,exclude-preview-noindex,
431,Region city directory,/service-areas/maine/southern-coast/cities/,https://temp123-nine.vercel.app/service-areas/maine/southern-coast/cities/,true,200,,"noindex,follow",,false,false,exclude-preview-noindex,
432,Region city directory,/service-areas/maryland/western-maryland/cities/,https://temp123-nine.vercel.app/service-areas/maryland/western-maryland/cities/,true,200,,"noindex,follow",,false,false,exclude-preview-noindex,
433,Region city directory,/service-areas/maryland/capital-region/cities/,https://temp123-nine.vercel.app/service-areas/maryland/capital-region/cities/,true,200,,"noindex,follow",,false,false,exclude-preview-noindex,
434,Region city directory,/service-areas/maryland/central-maryland/cities/,https://temp123-nine.vercel.app/service-areas/maryland/central-maryland/cities/,true,200,,"noindex,follow",,false,false,exclude-preview-noindex,
435,Region city directory,/service-areas/maryland/eastern-shore/cities/,https://temp123-nine.vercel.app/service-areas/maryland/eastern-shore/cities/,true,200,,"noindex,follow",,false,false,exclude-preview-noindex,
436,Region city directory,/service-areas/maryland/southern-maryland/cities/,https://temp123-nine.vercel.app/service-areas/maryland/southern-maryland/cities/,true,200,,"noindex,follow",,false,false,exclude-preview-noindex,
437,Region city directory,/service-areas/massachusetts/berkshires/cities/,https://temp123-nine.vercel.app/service-areas/massachusetts/berkshires/cities/,true,200,,"noindex,follow",,false,false,exclude-preview-noindex,
438,Region city directory,/service-areas/massachusetts/central-massachusetts/cities/,https://temp123-nine.vercel.app/service-areas/massachusetts/central-massachusetts/cities/,true,200,,"noindex,follow",,false,false,exclude-preview-noindex,
439,Region city directory,/service-areas/massachusetts/greater-boston/cities/,https://temp123-nine.vercel.app/service-areas/massachusetts/greater-boston/cities/,true,200,,"noindex,follow",,false,false,exclude-preview-noindex,
440,Region city directory,/service-areas/massachusetts/north-shore/cities/,https://temp123-nine.vercel.app/service-areas/massachusetts/north-shore/cities/,true,200,,"noindex,follow",,false,false,exclude-preview-noindex,
441,Region city directory,/service-areas/massachusetts/south-shore-and-cape-cod/cities/,https://temp123-nine.vercel.app/service-areas/massachusetts/south-shore-and-cape-cod/cities/,true,200,,"noindex,follow",,false,false,exclude-preview-noindex,
442,Region city directory,/service-areas/michigan/upper-peninsula/cities/,https://temp123-nine.vercel.app/service-areas/michigan/upper-peninsula/cities/,true,200,,"noindex,follow",,false,false,exclude-preview-noindex,
443,Region city directory,/service-areas/michigan/northern-lower-peninsula/cities/,https://temp123-nine.vercel.app/service-areas/michigan/northern-lower-peninsula/cities/,true,200,,"noindex,follow",,false,false,exclude-preview-noindex,
444,Region city directory,/service-areas/michigan/west-michigan/cities/,https://temp123-nine.vercel.app/service-areas/michigan/west-michigan/cities/,true,200,,"noindex,follow",,false,false,exclude-preview-noindex,
445,Region city directory,/service-areas/michigan/mid-michigan/cities/,https://temp123-nine.vercel.app/service-areas/michigan/mid-michigan/cities/,true,200,,"noindex,follow",,false,false,exclude-preview-noindex,
446,Region city directory,/service-areas/michigan/southeast-michigan/cities/,https://temp123-nine.vercel.app/service-areas/michigan/southeast-michigan/cities/,true,200,,"noindex,follow",,false,false,exclude-preview-noindex,
447,Region city directory,/service-areas/minnesota/northwest-minnesota/cities/,https://temp123-nine.vercel.app/service-areas/minnesota/northwest-minnesota/cities/,true,200,,"noindex,follow",,false,false,exclude-preview-noindex,
448,Region city directory,/service-areas/minnesota/northeast-minnesota/cities/,https://temp123-nine.vercel.app/service-areas/minnesota/northeast-minnesota/cities/,true,200,,"noindex,follow",,false,false,exclude-preview-noindex,
449,Region city directory,/service-areas/minnesota/central-minnesota/cities/,https://temp123-nine.vercel.app/service-areas/minnesota/central-minnesota/cities/,true,200,,"noindex,follow",,false,false,exclude-preview-noindex,
450,Region city directory,/service-areas/minnesota/twin-cities/cities/,https://temp123-nine.vercel.app/service-areas/minnesota/twin-cities/cities/,true,200,,"noindex,follow",,false,false,exclude-preview-noindex,
451,Region city directory,/service-areas/minnesota/southern-minnesota/cities/,https://temp123-nine.vercel.app/service-areas/minnesota/southern-minnesota/cities/,true,200,,"noindex,follow",,false,false,exclude-preview-noindex,
452,Region city directory,/service-areas/mississippi/delta/cities/,https://temp123-nine.vercel.app/service-areas/mississippi/delta/cities/,true,200,,"noindex,follow",,false,false,exclude-preview-noindex,
453,Region city directory,/service-areas/mississippi/hills/cities/,https://temp123-nine.vercel.app/service-areas/mississippi/hills/cities/,true,200,,"noindex,follow",,false,false,exclude-preview-noindex,
454,Region city directory,/service-areas/mississippi/central-mississippi/cities/,https://temp123-nine.vercel.app/service-areas/mississippi/central-mississippi/cities/,true,200,,"noindex,follow",,false,false,exclude-preview-noindex,
455,Region city directory,/service-areas/mississippi/pine-belt/cities/,https://temp123-nine.vercel.app/service-areas/mississippi/pine-belt/cities/,true,200,,"noindex,follow",,false,false,exclude-preview-noindex,
456,Region city directory,/service-areas/mississippi/gulf-coast/cities/,https://temp123-nine.vercel.app/service-areas/mississippi/gulf-coast/cities/,true,200,,"noindex,follow",,false,false,exclude-preview-noindex,
457,Region city directory,/service-areas/missouri/northwest-missouri/cities/,https://temp123-nine.vercel.app/service-areas/missouri/northwest-missouri/cities/,true,200,,"noindex,follow",,false,false,exclude-preview-noindex,
458,Region city directory,/service-areas/missouri/kansas-city-area/cities/,https://temp123-nine.vercel.app/service-areas/missouri/kansas-city-area/cities/,true,200,,"noindex,follow",,false,false,exclude-preview-noindex,
459,Region city directory,/service-areas/missouri/central-missouri/cities/,https://temp123-nine.vercel.app/service-areas/missouri/central-missouri/cities/,true,200,,"noindex,follow",,false,false,exclude-preview-noindex,
460,Region city directory,/service-areas/missouri/ozarks/cities/,https://temp123-nine.vercel.app/service-areas/missouri/ozarks/cities/,true,200,,"noindex,follow",,false,false,exclude-preview-noindex,
461,Region city directory,/service-areas/missouri/st-louis-area/cities/,https://temp123-nine.vercel.app/service-areas/missouri/st-louis-area/cities/,true,200,,"noindex,follow",,false,false,exclude-preview-noindex,
462,Region city directory,/service-areas/missouri/southeast-missouri/cities/,https://temp123-nine.vercel.app/service-areas/missouri/southeast-missouri/cities/,true,200,,"noindex,follow",,false,false,exclude-preview-noindex,
463,Region city directory,/service-areas/montana/glacier-country/cities/,https://temp123-nine.vercel.app/service-areas/montana/glacier-country/cities/,true,200,,"noindex,follow",,false,false,exclude-preview-noindex,
464,Region city directory,/service-areas/montana/central-montana/cities/,https://temp123-nine.vercel.app/service-areas/montana/central-montana/cities/,true,200,,"noindex,follow",,false,false,exclude-preview-noindex,
465,Region city directory,/service-areas/montana/yellowstone-country/cities/,https://temp123-nine.vercel.app/service-areas/montana/yellowstone-country/cities/,true,200,,"noindex,follow",,false,false,exclude-preview-noindex,
466,Region city directory,/service-areas/montana/missouri-river-country/cities/,https://temp123-nine.vercel.app/service-areas/montana/missouri-river-country/cities/,true,200,,"noindex,follow",,false,false,exclude-preview-noindex,
467,Region city directory,/service-areas/montana/southeast-montana/cities/,https://temp123-nine.vercel.app/service-areas/montana/southeast-montana/cities/,true,200,,"noindex,follow",,false,false,exclude-preview-noindex,
468,Region city directory,/service-areas/nebraska/panhandle/cities/,https://temp123-nine.vercel.app/service-areas/nebraska/panhandle/cities/,true,200,,"noindex,follow",,false,false,exclude-preview-noindex,
469,Region city directory,/service-areas/nebraska/sandhills/cities/,https://temp123-nine.vercel.app/service-areas/nebraska/sandhills/cities/,true,200,,"noindex,follow",,false,false,exclude-preview-noindex,
470,Region city directory,/service-areas/nebraska/central-nebraska/cities/,https://temp123-nine.vercel.app/service-areas/nebraska/central-nebraska/cities/,true,200,,"noindex,follow",,false,false,exclude-preview-noindex,
471,Region city directory,/service-areas/nebraska/northeast-nebraska/cities/,https://temp123-nine.vercel.app/service-areas/nebraska/northeast-nebraska/cities/,true,200,,"noindex,follow",,false,false,exclude-preview-noindex,
472,Region city directory,/service-areas/nebraska/lincoln-and-omaha-corridor/cities/,https://temp123-nine.vercel.app/service-areas/nebraska/lincoln-and-omaha-corridor/cities/,true,200,,"noindex,follow",,false,false,exclude-preview-noindex,
473,Region city directory,/service-areas/nevada/northern-nevada/cities/,https://temp123-nine.vercel.app/service-areas/nevada/northern-nevada/cities/,true,200,,"noindex,follow",,false,false,exclude-preview-noindex,
474,Region city directory,/service-areas/nevada/reno-tahoe/cities/,https://temp123-nine.vercel.app/service-areas/nevada/reno-tahoe/cities/,true,200,,"noindex,follow",,false,false,exclude-preview-noindex,
475,Region city directory,/service-areas/nevada/central-nevada/cities/,https://temp123-nine.vercel.app/service-areas/nevada/central-nevada/cities/,true,200,,"noindex,follow",,false,false,exclude-preview-noindex,
476,Region city directory,/service-areas/nevada/las-vegas-valley/cities/,https://temp123-nine.vercel.app/service-areas/nevada/las-vegas-valley/cities/,true,200,,"noindex,follow",,false,false,exclude-preview-noindex,
477,Region city directory,/service-areas/nevada/southern-nevada/cities/,https://temp123-nine.vercel.app/service-areas/nevada/southern-nevada/cities/,true,200,,"noindex,follow",,false,false,exclude-preview-noindex,
478,Region city directory,/service-areas/new-hampshire/great-north-woods/cities/,https://temp123-nine.vercel.app/service-areas/new-hampshire/great-north-woods/cities/,true,200,,"noindex,follow",,false,false,exclude-preview-noindex,
479,Region city directory,/service-areas/new-hampshire/white-mountains/cities/,https://temp123-nine.vercel.app/service-areas/new-hampshire/white-mountains/cities/,true,200,,"noindex,follow",,false,false,exclude-preview-noindex,
480,Region city directory,/service-areas/new-hampshire/lakes-region/cities/,https://temp123-nine.vercel.app/service-areas/new-hampshire/lakes-region/cities/,true,200,,"noindex,follow",,false,false,exclude-preview-noindex,
481,Region city directory,/service-areas/new-hampshire/dartmouth-lake-sunapee/cities/,https://temp123-nine.vercel.app/service-areas/new-hampshire/dartmouth-lake-sunapee/cities/,true,200,,"noindex,follow",,false,false,exclude-preview-noindex,
482,Region city directory,/service-areas/new-hampshire/merrimack-valley/cities/,https://temp123-nine.vercel.app/service-areas/new-hampshire/merrimack-valley/cities/,true,200,,"noindex,follow",,false,false,exclude-preview-noindex,
483,Region city directory,/service-areas/new-hampshire/seacoast/cities/,https://temp123-nine.vercel.app/service-areas/new-hampshire/seacoast/cities/,true,200,,"noindex,follow",,false,false,exclude-preview-noindex,
484,Region city directory,/service-areas/new-jersey/skylands/cities/,https://temp123-nine.vercel.app/service-areas/new-jersey/skylands/cities/,true,200,,"noindex,follow",,false,false,exclude-preview-noindex,
485,Region city directory,/service-areas/new-jersey/gateway-region/cities/,https://temp123-nine.vercel.app/service-areas/new-jersey/gateway-region/cities/,true,200,,"noindex,follow",,false,false,exclude-preview-noindex,
486,Region city directory,/service-areas/new-jersey/central-jersey/cities/,https://temp123-nine.vercel.app/service-areas/new-jersey/central-jersey/cities/,true,200,,"noindex,follow",,false,false,exclude-preview-noindex,
487,Region city directory,/service-areas/new-jersey/shore-region/cities/,https://temp123-nine.vercel.app/service-areas/new-jersey/shore-region/cities/,true,200,,"noindex,follow",,false,false,exclude-preview-noindex,
488,Region city directory,/service-areas/new-jersey/delaware-river-region/cities/,https://temp123-nine.vercel.app/service-areas/new-jersey/delaware-river-region/cities/,true,200,,"noindex,follow",,false,false,exclude-preview-noindex,
489,Region city directory,/service-areas/new-jersey/southern-shore/cities/,https://temp123-nine.vercel.app/service-areas/new-jersey/southern-shore/cities/,true,200,,"noindex,follow",,false,false,exclude-preview-noindex,
490,Region city directory,/service-areas/new-mexico/north-central-new-mexico/cities/,https://temp123-nine.vercel.app/service-areas/new-mexico/north-central-new-mexico/cities/,true,200,,"noindex,follow",,false,false,exclude-preview-noindex,
491,Region city directory,/service-areas/new-mexico/northeast-new-mexico/cities/,https://temp123-nine.vercel.app/service-areas/new-mexico/northeast-new-mexico/cities/,true,200,,"noindex,follow",,false,false,exclude-preview-noindex,
492,Region city directory,/service-areas/new-mexico/albuquerque-area/cities/,https://temp123-nine.vercel.app/service-areas/new-mexico/albuquerque-area/cities/,true,200,,"noindex,follow",,false,false,exclude-preview-noindex,
493,Region city directory,/service-areas/new-mexico/southeast-new-mexico/cities/,https://temp123-nine.vercel.app/service-areas/new-mexico/southeast-new-mexico/cities/,true,200,,"noindex,follow",,false,false,exclude-preview-noindex,
494,Region city directory,/service-areas/new-mexico/southwest-new-mexico/cities/,https://temp123-nine.vercel.app/service-areas/new-mexico/southwest-new-mexico/cities/,true,200,,"noindex,follow",,false,false,exclude-preview-noindex,
495,Region city directory,/service-areas/new-york/north-country/cities/,https://temp123-nine.vercel.app/service-areas/new-york/north-country/cities/,true,200,,"noindex,follow",,false,false,exclude-preview-noindex,
496,Region city directory,/service-areas/new-york/capital-region/cities/,https://temp123-nine.vercel.app/service-areas/new-york/capital-region/cities/,true,200,,"noindex,follow",,false,false,exclude-preview-noindex,
497,Region city directory,/service-areas/new-york/central-new-york/cities/,https://temp123-nine.vercel.app/service-areas/new-york/central-new-york/cities/,true,200,,"noindex,follow",,false,false,exclude-preview-noindex,
498,Region city directory,/service-areas/new-york/finger-lakes/cities/,https://temp123-nine.vercel.app/service-areas/new-york/finger-lakes/cities/,true,200,,"noindex,follow",,false,false,exclude-preview-noindex,
499,Region city directory,/service-areas/new-york/western-new-york/cities/,https://temp123-nine.vercel.app/service-areas/new-york/western-new-york/cities/,true,200,,"noindex,follow",,false,false,exclude-preview-noindex,
500,Region city directory,/service-areas/new-york/hudson-valley/cities/,https://temp123-nine.vercel.app/service-areas/new-york/hudson-valley/cities/,true,200,,"noindex,follow",,false,false,exclude-preview-noindex,
501,Region city directory,/service-areas/new-york/new-york-city-and-long-island/cities/,https://temp123-nine.vercel.app/service-areas/new-york/new-york-city-and-long-island/cities/,true,200,,"noindex,follow",,false,false,exclude-preview-noindex,
502,Region city directory,/service-areas/north-carolina/mountains/cities/,https://temp123-nine.vercel.app/service-areas/north-carolina/mountains/cities/,true,200,,"noindex,follow",,false,false,exclude-preview-noindex,
503,Region city directory,/service-areas/north-carolina/piedmont-triad/cities/,https://temp123-nine.vercel.app/service-areas/north-carolina/piedmont-triad/cities/,true,200,,"noindex,follow",,false,false,exclude-preview-noindex,
504,Region city directory,/service-areas/north-carolina/charlotte-region/cities/,https://temp123-nine.vercel.app/service-areas/north-carolina/charlotte-region/cities/,true,200,,"noindex,follow",,false,false,exclude-preview-noindex,
505,Region city directory,/service-areas/north-carolina/research-triangle/cities/,https://temp123-nine.vercel.app/service-areas/north-carolina/research-triangle/cities/,true,200,,"noindex,follow",,false,false,exclude-preview-noindex,
506,Region city directory,/service-areas/north-carolina/coastal-plain/cities/,https://temp123-nine.vercel.app/service-areas/north-carolina/coastal-plain/cities/,true,200,,"noindex,follow",,false,false,exclude-preview-noindex,
507,Region city directory,/service-areas/north-carolina/outer-banks/cities/,https://temp123-nine.vercel.app/service-areas/north-carolina/outer-banks/cities/,true,200,,"noindex,follow",,false,false,exclude-preview-noindex,
508,Region city directory,/service-areas/north-dakota/western-north-dakota/cities/,https://temp123-nine.vercel.app/service-areas/north-dakota/western-north-dakota/cities/,true,200,,"noindex,follow",,false,false,exclude-preview-noindex,
509,Region city directory,/service-areas/north-dakota/north-central-north-dakota/cities/,https://temp123-nine.vercel.app/service-areas/north-dakota/north-central-north-dakota/cities/,true,200,,"noindex,follow",,false,false,exclude-preview-noindex,
510,Region city directory,/service-areas/north-dakota/red-river-valley/cities/,https://temp123-nine.vercel.app/service-areas/north-dakota/red-river-valley/cities/,true,200,,"noindex,follow",,false,false,exclude-preview-noindex,
511,Region city directory,/service-areas/north-dakota/south-central-north-dakota/cities/,https://temp123-nine.vercel.app/service-areas/north-dakota/south-central-north-dakota/cities/,true,200,,"noindex,follow",,false,false,exclude-preview-noindex,
512,Region city directory,/service-areas/ohio/northeast-ohio/cities/,https://temp123-nine.vercel.app/service-areas/ohio/northeast-ohio/cities/,true,200,,"noindex,follow",,false,false,exclude-preview-noindex,
513,Region city directory,/service-areas/ohio/northwest-ohio/cities/,https://temp123-nine.vercel.app/service-areas/ohio/northwest-ohio/cities/,true,200,,"noindex,follow",,false,false,exclude-preview-noindex,
514,Region city directory,/service-areas/ohio/central-ohio/cities/,https://temp123-nine.vercel.app/service-areas/ohio/central-ohio/cities/,true,200,,"noindex,follow",,false,false,exclude-preview-noindex,
515,Region city directory,/service-areas/ohio/southwest-ohio/cities/,https://temp123-nine.vercel.app/service-areas/ohio/southwest-ohio/cities/,true,200,,"noindex,follow",,false,false,exclude-preview-noindex,
516,Region city directory,/service-areas/ohio/southeast-ohio/cities/,https://temp123-nine.vercel.app/service-areas/ohio/southeast-ohio/cities/,true,200,,"noindex,follow",,false,false,exclude-preview-noindex,
517,Region city directory,/service-areas/oklahoma/panhandle/cities/,https://temp123-nine.vercel.app/service-areas/oklahoma/panhandle/cities/,true,200,,"noindex,follow",,false,false,exclude-preview-noindex,
518,Region city directory,/service-areas/oklahoma/northwest-oklahoma/cities/,https://temp123-nine.vercel.app/service-areas/oklahoma/northwest-oklahoma/cities/,true,200,,"noindex,follow",,false,false,exclude-preview-noindex,
519,Region city directory,/service-areas/oklahoma/green-country/cities/,https://temp123-nine.vercel.app/service-areas/oklahoma/green-country/cities/,true,200,,"noindex,follow",,false,false,exclude-preview-noindex,
520,Region city directory,/service-areas/oklahoma/central-oklahoma/cities/,https://temp123-nine.vercel.app/service-areas/oklahoma/central-oklahoma/cities/,true,200,,"noindex,follow",,false,false,exclude-preview-noindex,
521,Region city directory,/service-areas/oklahoma/kiamichi-country/cities/,https://temp123-nine.vercel.app/service-areas/oklahoma/kiamichi-country/cities/,true,200,,"noindex,follow",,false,false,exclude-preview-noindex,
522,Region city directory,/service-areas/oklahoma/southwest-oklahoma/cities/,https://temp123-nine.vercel.app/service-areas/oklahoma/southwest-oklahoma/cities/,true,200,,"noindex,follow",,false,false,exclude-preview-noindex,
523,Region city directory,/service-areas/oregon/oregon-coast/cities/,https://temp123-nine.vercel.app/service-areas/oregon/oregon-coast/cities/,true,200,,"noindex,follow",,false,false,exclude-preview-noindex,
524,Region city directory,/service-areas/oregon/willamette-valley/cities/,https://temp123-nine.vercel.app/service-areas/oregon/willamette-valley/cities/,true,200,,"noindex,follow",,false,false,exclude-preview-noindex,
525,Region city directory,/service-areas/oregon/southern-oregon/cities/,https://temp123-nine.vercel.app/service-areas/oregon/southern-oregon/cities/,true,200,,"noindex,follow",,false,false,exclude-preview-noindex,
526,Region city directory,/service-areas/oregon/central-oregon/cities/,https://temp123-nine.vercel.app/service-areas/oregon/central-oregon/cities/,true,200,,"noindex,follow",,false,false,exclude-preview-noindex,
527,Region city directory,/service-areas/oregon/eastern-oregon/cities/,https://temp123-nine.vercel.app/service-areas/oregon/eastern-oregon/cities/,true,200,,"noindex,follow",,false,false,exclude-preview-noindex,
528,Region city directory,/service-areas/pennsylvania/erie-region/cities/,https://temp123-nine.vercel.app/service-areas/pennsylvania/erie-region/cities/,true,200,,"noindex,follow",,false,false,exclude-preview-noindex,
529,Region city directory,/service-areas/pennsylvania/pittsburgh-and-southwest/cities/,https://temp123-nine.vercel.app/service-areas/pennsylvania/pittsburgh-and-southwest/cities/,true,200,,"noindex,follow",,false,false,exclude-preview-noindex,
530,Region city directory,/service-areas/pennsylvania/pennsylvania-wilds/cities/,https://temp123-nine.vercel.app/service-areas/pennsylvania/pennsylvania-wilds/cities/,true,200,,"noindex,follow",,false,false,exclude-preview-noindex,
531,Region city directory,/service-areas/pennsylvania/central-pennsylvania/cities/,https://temp123-nine.vercel.app/service-areas/pennsylvania/central-pennsylvania/cities/,true,200,,"noindex,follow",,false,false,exclude-preview-noindex,
532,Region city directory,/service-areas/pennsylvania/northeast-pennsylvania/cities/,https://temp123-nine.vercel.app/service-areas/pennsylvania/northeast-pennsylvania/cities/,true,200,,"noindex,follow",,false,false,exclude-preview-noindex,
533,Region city directory,/service-areas/pennsylvania/philadelphia-and-southeast/cities/,https://temp123-nine.vercel.app/service-areas/pennsylvania/philadelphia-and-southeast/cities/,true,200,,"noindex,follow",,false,false,exclude-preview-noindex,
534,Region city directory,/service-areas/rhode-island/providence-area/cities/,https://temp123-nine.vercel.app/service-areas/rhode-island/providence-area/cities/,true,200,,"noindex,follow",,false,false,exclude-preview-noindex,
535,Region city directory,/service-areas/rhode-island/blackstone-valley/cities/,https://temp123-nine.vercel.app/service-areas/rhode-island/blackstone-valley/cities/,true,200,,"noindex,follow",,false,false,exclude-preview-noindex,
536,Region city directory,/service-areas/rhode-island/newport-county/cities/,https://temp123-nine.vercel.app/service-areas/rhode-island/newport-county/cities/,true,200,,"noindex,follow",,false,false,exclude-preview-noindex,
537,Region city directory,/service-areas/rhode-island/south-county/cities/,https://temp123-nine.vercel.app/service-areas/rhode-island/south-county/cities/,true,200,,"noindex,follow",,false,false,exclude-preview-noindex,
538,Region city directory,/service-areas/south-carolina/upstate/cities/,https://temp123-nine.vercel.app/service-areas/south-carolina/upstate/cities/,true,200,,"noindex,follow",,false,false,exclude-preview-noindex,
539,Region city directory,/service-areas/south-carolina/midlands/cities/,https://temp123-nine.vercel.app/service-areas/south-carolina/midlands/cities/,true,200,,"noindex,follow",,false,false,exclude-preview-noindex,
540,Region city directory,/service-areas/south-carolina/pee-dee/cities/,https://temp123-nine.vercel.app/service-areas/south-carolina/pee-dee/cities/,true,200,,"noindex,follow",,false,false,exclude-preview-noindex,
541,Region city directory,/service-areas/south-carolina/lowcountry/cities/,https://temp123-nine.vercel.app/service-areas/south-carolina/lowcountry/cities/,true,200,,"noindex,follow",,false,false,exclude-preview-noindex,
542,Region city directory,/service-areas/south-dakota/black-hills-and-badlands/cities/,https://temp123-nine.vercel.app/service-areas/south-dakota/black-hills-and-badlands/cities/,true,200,,"noindex,follow",,false,false,exclude-preview-noindex,
543,Region city directory,/service-areas/south-dakota/central-south-dakota/cities/,https://temp123-nine.vercel.app/service-areas/south-dakota/central-south-dakota/cities/,true,200,,"noindex,follow",,false,false,exclude-preview-noindex,
544,Region city directory,/service-areas/south-dakota/glacial-lakes-and-prairies/cities/,https://temp123-nine.vercel.app/service-areas/south-dakota/glacial-lakes-and-prairies/cities/,true,200,,"noindex,follow",,false,false,exclude-preview-noindex,
545,Region city directory,/service-areas/south-dakota/southeast-south-dakota/cities/,https://temp123-nine.vercel.app/service-areas/south-dakota/southeast-south-dakota/cities/,true,200,,"noindex,follow",,false,false,exclude-preview-noindex,
546,Region city directory,/service-areas/tennessee/west-tennessee/cities/,https://temp123-nine.vercel.app/service-areas/tennessee/west-tennessee/cities/,true,200,,"noindex,follow",,false,false,exclude-preview-noindex,
547,Region city directory,/service-areas/tennessee/middle-tennessee/cities/,https://temp123-nine.vercel.app/service-areas/tennessee/middle-tennessee/cities/,true,200,,"noindex,follow",,false,false,exclude-preview-noindex,
548,Region city directory,/service-areas/tennessee/cumberland-plateau/cities/,https://temp123-nine.vercel.app/service-areas/tennessee/cumberland-plateau/cities/,true,200,,"noindex,follow",,false,false,exclude-preview-noindex,
549,Region city directory,/service-areas/tennessee/east-tennessee/cities/,https://temp123-nine.vercel.app/service-areas/tennessee/east-tennessee/cities/,true,200,,"noindex,follow",,false,false,exclude-preview-noindex,
550,Region city directory,/service-areas/texas/panhandle/cities/,https://temp123-nine.vercel.app/service-areas/texas/panhandle/cities/,true,200,,"noindex,follow",,false,false,exclude-preview-noindex,
551,Region city directory,/service-areas/texas/north-texas/cities/,https://temp123-nine.vercel.app/service-areas/texas/north-texas/cities/,true,200,,"noindex,follow",,false,false,exclude-preview-noindex,
552,Region city directory,/service-areas/texas/east-texas/cities/,https://temp123-nine.vercel.app/service-areas/texas/east-texas/cities/,true,200,,"noindex,follow",,false,false,exclude-preview-noindex,
553,Region city directory,/service-areas/texas/central-texas/cities/,https://temp123-nine.vercel.app/service-areas/texas/central-texas/cities/,true,200,,"noindex,follow",,false,false,exclude-preview-noindex,
554,Region city directory,/service-areas/texas/west-texas/cities/,https://temp123-nine.vercel.app/service-areas/texas/west-texas/cities/,true,200,,"noindex,follow",,false,false,exclude-preview-noindex,
555,Region city directory,/service-areas/texas/gulf-coast/cities/,https://temp123-nine.vercel.app/service-areas/texas/gulf-coast/cities/,true,200,,"noindex,follow",,false,false,exclude-preview-noindex,
556,Region city directory,/service-areas/texas/south-texas/cities/,https://temp123-nine.vercel.app/service-areas/texas/south-texas/cities/,true,200,,"noindex,follow",,false,false,exclude-preview-noindex,
557,Region city directory,/service-areas/utah/northern-utah/cities/,https://temp123-nine.vercel.app/service-areas/utah/northern-utah/cities/,true,200,,"noindex,follow",,false,false,exclude-preview-noindex,
558,Region city directory,/service-areas/utah/wasatch-front/cities/,https://temp123-nine.vercel.app/service-areas/utah/wasatch-front/cities/,true,200,,"noindex,follow",,false,false,exclude-preview-noindex,
559,Region city directory,/service-areas/utah/central-utah/cities/,https://temp123-nine.vercel.app/service-areas/utah/central-utah/cities/,true,200,,"noindex,follow",,false,false,exclude-preview-noindex,
560,Region city directory,/service-areas/utah/southeastern-utah/cities/,https://temp123-nine.vercel.app/service-areas/utah/southeastern-utah/cities/,true,200,,"noindex,follow",,false,false,exclude-preview-noindex,
561,Region city directory,/service-areas/utah/southwestern-utah/cities/,https://temp123-nine.vercel.app/service-areas/utah/southwestern-utah/cities/,true,200,,"noindex,follow",,false,false,exclude-preview-noindex,
562,Region city directory,/service-areas/vermont/northeast-kingdom/cities/,https://temp123-nine.vercel.app/service-areas/vermont/northeast-kingdom/cities/,true,200,,"noindex,follow",,false,false,exclude-preview-noindex,
563,Region city directory,/service-areas/vermont/champlain-valley/cities/,https://temp123-nine.vercel.app/service-areas/vermont/champlain-valley/cities/,true,200,,"noindex,follow",,false,false,exclude-preview-noindex,
564,Region city directory,/service-areas/vermont/central-vermont/cities/,https://temp123-nine.vercel.app/service-areas/vermont/central-vermont/cities/,true,200,,"noindex,follow",,false,false,exclude-preview-noindex,
565,Region city directory,/service-areas/vermont/southern-vermont/cities/,https://temp123-nine.vercel.app/service-areas/vermont/southern-vermont/cities/,true,200,,"noindex,follow",,false,false,exclude-preview-noindex,
566,Region city directory,/service-areas/virginia/northern-virginia/cities/,https://temp123-nine.vercel.app/service-areas/virginia/northern-virginia/cities/,true,200,,"noindex,follow",,false,false,exclude-preview-noindex,
567,Region city directory,/service-areas/virginia/shenandoah-valley/cities/,https://temp123-nine.vercel.app/service-areas/virginia/shenandoah-valley/cities/,true,200,,"noindex,follow",,false,false,exclude-preview-noindex,
568,Region city directory,/service-areas/virginia/central-virginia/cities/,https://temp123-nine.vercel.app/service-areas/virginia/central-virginia/cities/,true,200,,"noindex,follow",,false,false,exclude-preview-noindex,
569,Region city directory,/service-areas/virginia/hampton-roads/cities/,https://temp123-nine.vercel.app/service-areas/virginia/hampton-roads/cities/,true,200,,"noindex,follow",,false,false,exclude-preview-noindex,
570,Region city directory,/service-areas/virginia/eastern-shore/cities/,https://temp123-nine.vercel.app/service-areas/virginia/eastern-shore/cities/,true,200,,"noindex,follow",,false,false,exclude-preview-noindex,
571,Region city directory,/service-areas/virginia/southwest-virginia/cities/,https://temp123-nine.vercel.app/service-areas/virginia/southwest-virginia/cities/,true,200,,"noindex,follow",,false,false,exclude-preview-noindex,
572,Region city directory,/service-areas/washington/olympic-peninsula/cities/,https://temp123-nine.vercel.app/service-areas/washington/olympic-peninsula/cities/,true,200,,"noindex,follow",,false,false,exclude-preview-noindex,
573,Region city directory,/service-areas/washington/puget-sound/cities/,https://temp123-nine.vercel.app/service-areas/washington/puget-sound/cities/,true,200,,"noindex,follow",,false,false,exclude-preview-noindex,
574,Region city directory,/service-areas/washington/north-cascades/cities/,https://temp123-nine.vercel.app/service-areas/washington/north-cascades/cities/,true,200,,"noindex,follow",,false,false,exclude-preview-noindex,
575,Region city directory,/service-areas/washington/central-washington/cities/,https://temp123-nine.vercel.app/service-areas/washington/central-washington/cities/,true,200,,"noindex,follow",,false,false,exclude-preview-noindex,
576,Region city directory,/service-areas/washington/eastern-washington/cities/,https://temp123-nine.vercel.app/service-areas/washington/eastern-washington/cities/,true,200,,"noindex,follow",,false,false,exclude-preview-noindex,
577,Region city directory,/service-areas/washington/southwest-washington/cities/,https://temp123-nine.vercel.app/service-areas/washington/southwest-washington/cities/,true,200,,"noindex,follow",,false,false,exclude-preview-noindex,
578,Region city directory,/service-areas/west-virginia/northern-panhandle/cities/,https://temp123-nine.vercel.app/service-areas/west-virginia/northern-panhandle/cities/,true,200,,"noindex,follow",,false,false,exclude-preview-noindex,
579,Region city directory,/service-areas/west-virginia/mountaineer-country/cities/,https://temp123-nine.vercel.app/service-areas/west-virginia/mountaineer-country/cities/,true,200,,"noindex,follow",,false,false,exclude-preview-noindex,
580,Region city directory,/service-areas/west-virginia/eastern-panhandle/cities/,https://temp123-nine.vercel.app/service-areas/west-virginia/eastern-panhandle/cities/,true,200,,"noindex,follow",,false,false,exclude-preview-noindex,
581,Region city directory,/service-areas/west-virginia/metro-valley/cities/,https://temp123-nine.vercel.app/service-areas/west-virginia/metro-valley/cities/,true,200,,"noindex,follow",,false,false,exclude-preview-noindex,
582,Region city directory,/service-areas/west-virginia/new-river-greenbrier-valley/cities/,https://temp123-nine.vercel.app/service-areas/west-virginia/new-river-greenbrier-valley/cities/,true,200,,"noindex,follow",,false,false,exclude-preview-noindex,
583,Region city directory,/service-areas/west-virginia/southern-coalfields/cities/,https://temp123-nine.vercel.app/service-areas/west-virginia/southern-coalfields/cities/,true,200,,"noindex,follow",,false,false,exclude-preview-noindex,
584,Region city directory,/service-areas/wisconsin/northwoods/cities/,https://temp123-nine.vercel.app/service-areas/wisconsin/northwoods/cities/,true,200,,"noindex,follow",,false,false,exclude-preview-noindex,
585,Region city directory,/service-areas/wisconsin/lake-superior-region/cities/,https://temp123-nine.vercel.app/service-areas/wisconsin/lake-superior-region/cities/,true,200,,"noindex,follow",,false,false,exclude-preview-noindex,
586,Region city directory,/service-areas/wisconsin/central-wisconsin/cities/,https://temp123-nine.vercel.app/service-areas/wisconsin/central-wisconsin/cities/,true,200,,"noindex,follow",,false,false,exclude-preview-noindex,
587,Region city directory,/service-areas/wisconsin/fox-valley/cities/,https://temp123-nine.vercel.app/service-areas/wisconsin/fox-valley/cities/,true,200,,"noindex,follow",,false,false,exclude-preview-noindex,
588,Region city directory,/service-areas/wisconsin/madison-area/cities/,https://temp123-nine.vercel.app/service-areas/wisconsin/madison-area/cities/,true,200,,"noindex,follow",,false,false,exclude-preview-noindex,
589,Region city directory,/service-areas/wisconsin/milwaukee-and-southeast/cities/,https://temp123-nine.vercel.app/service-areas/wisconsin/milwaukee-and-southeast/cities/,true,200,,"noindex,follow",,false,false,exclude-preview-noindex,
590,Region city directory,/service-areas/wisconsin/driftless-area/cities/,https://temp123-nine.vercel.app/service-areas/wisconsin/driftless-area/cities/,true,200,,"noindex,follow",,false,false,exclude-preview-noindex,
591,Region city directory,/service-areas/wyoming/northwest-wyoming/cities/,https://temp123-nine.vercel.app/service-areas/wyoming/northwest-wyoming/cities/,true,200,,"noindex,follow",,false,false,exclude-preview-noindex,
592,Region city directory,/service-areas/wyoming/northeast-wyoming/cities/,https://temp123-nine.vercel.app/service-areas/wyoming/northeast-wyoming/cities/,true,200,,"noindex,follow",,false,false,exclude-preview-noindex,
593,Region city directory,/service-areas/wyoming/central-wyoming/cities/,https://temp123-nine.vercel.app/service-areas/wyoming/central-wyoming/cities/,true,200,,"noindex,follow",,false,false,exclude-preview-noindex,
594,Region city directory,/service-areas/wyoming/southwest-wyoming/cities/,https://temp123-nine.vercel.app/service-areas/wyoming/southwest-wyoming/cities/,true,200,,"noindex,follow",,false,false,exclude-preview-noindex,
595,Region city directory,/service-areas/wyoming/southeast-wyoming/cities/,https://temp123-nine.vercel.app/service-areas/wyoming/southeast-wyoming/cities/,true,200,,"noindex,follow",,false,false,exclude-preview-noindex,
596,City,/service-areas/washington/olympic-peninsula/port-angeles/,https://temp123-nine.vercel.app/service-areas/washington/olympic-peninsula/port-angeles/,true,200,,"noindex,follow",,false,false,exclude-preview-noindex,
597,City,/service-areas/washington/olympic-peninsula/sequim/,https://temp123-nine.vercel.app/service-areas/washington/olympic-peninsula/sequim/,true,200,,"noindex,follow",,false,false,exclude-preview-noindex,
598,City,/service-areas/washington/puget-sound/olympia/,https://temp123-nine.vercel.app/service-areas/washington/puget-sound/olympia/,true,200,,"noindex,follow",,false,false,exclude-preview-noindex,
599,City,/service-areas/washington/puget-sound/seattle/,https://temp123-nine.vercel.app/service-areas/washington/puget-sound/seattle/,true,200,,"noindex,follow",,false,false,exclude-preview-noindex,
600,City,/service-areas/washington/puget-sound/tacoma/,https://temp123-nine.vercel.app/service-areas/washington/puget-sound/tacoma/,true,200,,"noindex,follow",,false,false,exclude-preview-noindex,
601,State,/service-areas/alabama/,https://temp123-nine.vercel.app/service-areas/alabama/,true,200,,"noindex,follow",,false,false,exclude-preview-noindex,
602,State,/service-areas/alaska/,https://temp123-nine.vercel.app/service-areas/alaska/,true,200,,"noindex,follow",,false,false,exclude-preview-noindex,
603,State,/service-areas/arizona/,https://temp123-nine.vercel.app/service-areas/arizona/,true,200,,"noindex,follow",,false,false,exclude-preview-noindex,
604,State,/service-areas/arkansas/,https://temp123-nine.vercel.app/service-areas/arkansas/,true,200,,"noindex,follow",,false,false,exclude-preview-noindex,
605,State,/service-areas/california/,https://temp123-nine.vercel.app/service-areas/california/,true,200,,"noindex,follow",,false,false,exclude-preview-noindex,
606,State,/service-areas/colorado/,https://temp123-nine.vercel.app/service-areas/colorado/,true,200,,"noindex,follow",,false,false,exclude-preview-noindex,
607,State,/service-areas/connecticut/,https://temp123-nine.vercel.app/service-areas/connecticut/,true,200,,"noindex,follow",,false,false,exclude-preview-noindex,
608,State,/service-areas/delaware/,https://temp123-nine.vercel.app/service-areas/delaware/,true,200,,"noindex,follow",,false,false,exclude-preview-noindex,
609,State,/service-areas/florida/,https://temp123-nine.vercel.app/service-areas/florida/,true,200,,"noindex,follow",,false,false,exclude-preview-noindex,
610,State,/service-areas/georgia/,https://temp123-nine.vercel.app/service-areas/georgia/,true,200,,"noindex,follow",,false,false,exclude-preview-noindex,
611,State,/service-areas/hawaii/,https://temp123-nine.vercel.app/service-areas/hawaii/,true,200,,"noindex,follow",,false,false,exclude-preview-noindex,
612,State,/service-areas/idaho/,https://temp123-nine.vercel.app/service-areas/idaho/,true,200,,"noindex,follow",,false,false,exclude-preview-noindex,
613,State,/service-areas/illinois/,https://temp123-nine.vercel.app/service-areas/illinois/,true,200,,"noindex,follow",,false,false,exclude-preview-noindex,
614,State,/service-areas/indiana/,https://temp123-nine.vercel.app/service-areas/indiana/,true,200,,"noindex,follow",,false,false,exclude-preview-noindex,
615,State,/service-areas/iowa/,https://temp123-nine.vercel.app/service-areas/iowa/,true,200,,"noindex,follow",,false,false,exclude-preview-noindex,
616,State,/service-areas/kansas/,https://temp123-nine.vercel.app/service-areas/kansas/,true,200,,"noindex,follow",,false,false,exclude-preview-noindex,
617,State,/service-areas/kentucky/,https://temp123-nine.vercel.app/service-areas/kentucky/,true,200,,"noindex,follow",,false,false,exclude-preview-noindex,
618,State,/service-areas/louisiana/,https://temp123-nine.vercel.app/service-areas/louisiana/,true,200,,"noindex,follow",,false,false,exclude-preview-noindex,
619,State,/service-areas/maine/,https://temp123-nine.vercel.app/service-areas/maine/,true,200,,"noindex,follow",,false,false,exclude-preview-noindex,
620,State,/service-areas/maryland/,https://temp123-nine.vercel.app/service-areas/maryland/,true,200,,"noindex,follow",,false,false,exclude-preview-noindex,
621,State,/service-areas/massachusetts/,https://temp123-nine.vercel.app/service-areas/massachusetts/,true,200,,"noindex,follow",,false,false,exclude-preview-noindex,
622,State,/service-areas/michigan/,https://temp123-nine.vercel.app/service-areas/michigan/,true,200,,"noindex,follow",,false,false,exclude-preview-noindex,
623,State,/service-areas/minnesota/,https://temp123-nine.vercel.app/service-areas/minnesota/,true,200,,"noindex,follow",,false,false,exclude-preview-noindex,
624,State,/service-areas/mississippi/,https://temp123-nine.vercel.app/service-areas/mississippi/,true,200,,"noindex,follow",,false,false,exclude-preview-noindex,
625,State,/service-areas/missouri/,https://temp123-nine.vercel.app/service-areas/missouri/,true,200,,"noindex,follow",,false,false,exclude-preview-noindex,
626,State,/service-areas/montana/,https://temp123-nine.vercel.app/service-areas/montana/,true,200,,"noindex,follow",,false,false,exclude-preview-noindex,
627,State,/service-areas/nebraska/,https://temp123-nine.vercel.app/service-areas/nebraska/,true,200,,"noindex,follow",,false,false,exclude-preview-noindex,
628,State,/service-areas/nevada/,https://temp123-nine.vercel.app/service-areas/nevada/,true,200,,"noindex,follow",,false,false,exclude-preview-noindex,
629,State,/service-areas/new-hampshire/,https://temp123-nine.vercel.app/service-areas/new-hampshire/,true,200,,"noindex,follow",,false,false,exclude-preview-noindex,
630,State,/service-areas/new-jersey/,https://temp123-nine.vercel.app/service-areas/new-jersey/,true,200,,"noindex,follow",,false,false,exclude-preview-noindex,
631,State,/service-areas/new-mexico/,https://temp123-nine.vercel.app/service-areas/new-mexico/,true,200,,"noindex,follow",,false,false,exclude-preview-noindex,
632,State,/service-areas/new-york/,https://temp123-nine.vercel.app/service-areas/new-york/,true,200,,"noindex,follow",,false,false,exclude-preview-noindex,
633,State,/service-areas/north-carolina/,https://temp123-nine.vercel.app/service-areas/north-carolina/,true,200,,"noindex,follow",,false,false,exclude-preview-noindex,
634,State,/service-areas/north-dakota/,https://temp123-nine.vercel.app/service-areas/north-dakota/,true,200,,"noindex,follow",,false,false,exclude-preview-noindex,
635,State,/service-areas/ohio/,https://temp123-nine.vercel.app/service-areas/ohio/,true,200,,"noindex,follow",,false,false,exclude-preview-noindex,
636,State,/service-areas/oklahoma/,https://temp123-nine.vercel.app/service-areas/oklahoma/,true,200,,"noindex,follow",,false,false,exclude-preview-noindex,
637,State,/service-areas/oregon/,https://temp123-nine.vercel.app/service-areas/oregon/,true,200,,"noindex,follow",,false,false,exclude-preview-noindex,
638,State,/service-areas/pennsylvania/,https://temp123-nine.vercel.app/service-areas/pennsylvania/,true,200,,"noindex,follow",,false,false,exclude-preview-noindex,
639,State,/service-areas/rhode-island/,https://temp123-nine.vercel.app/service-areas/rhode-island/,true,200,,"noindex,follow",,false,false,exclude-preview-noindex,
640,State,/service-areas/south-carolina/,https://temp123-nine.vercel.app/service-areas/south-carolina/,true,200,,"noindex,follow",,false,false,exclude-preview-noindex,
641,State,/service-areas/south-dakota/,https://temp123-nine.vercel.app/service-areas/south-dakota/,true,200,,"noindex,follow",,false,false,exclude-preview-noindex,
642,State,/service-areas/tennessee/,https://temp123-nine.vercel.app/service-areas/tennessee/,true,200,,"noindex,follow",,false,false,exclude-preview-noindex,
643,State,/service-areas/texas/,https://temp123-nine.vercel.app/service-areas/texas/,true,200,,"noindex,follow",,false,false,exclude-preview-noindex,
644,State,/service-areas/utah/,https://temp123-nine.vercel.app/service-areas/utah/,true,200,,"noindex,follow",,false,false,exclude-preview-noindex,
645,State,/service-areas/vermont/,https://temp123-nine.vercel.app/service-areas/vermont/,true,200,,"noindex,follow",,false,false,exclude-preview-noindex,
646,State,/service-areas/virginia/,https://temp123-nine.vercel.app/service-areas/virginia/,true,200,,"noindex,follow",,false,false,exclude-preview-noindex,
647,State,/service-areas/washington/,https://temp123-nine.vercel.app/service-areas/washington/,true,200,,"noindex,follow",,false,false,exclude-preview-noindex,
648,State,/service-areas/west-virginia/,https://temp123-nine.vercel.app/service-areas/west-virginia/,true,200,,"noindex,follow",,false,false,exclude-preview-noindex,
649,State,/service-areas/wisconsin/,https://temp123-nine.vercel.app/service-areas/wisconsin/,true,200,,"noindex,follow",,false,false,exclude-preview-noindex,
650,State,/service-areas/wyoming/,https://temp123-nine.vercel.app/service-areas/wyoming/,true,200,,"noindex,follow",,false,false,exclude-preview-noindex,
