"url_path","route_disposition","redirect_destination","classification","page_family","state","region","city","in_build_registry","in_source_route_index","generated_html","title","h1_count","current_h1","canonical","meta_robots","sitemap_included","internal_linking_pages","appears_orphaned","live_url","live_initial_http_status","live_location_header","live_final_http_status","live_final_url","live_x_robots_tag","live_error","in_vercel_redirects"
"/","rendered_page","","Homepage","homepage","","","","true","false","true","Temporary Facilities Rental: Rent or Lease Nationwide | Temporary123","1","Temporary Facilities and Trailer RentalRent or Lease Nationwide","","noindex,follow","false","649","false","https://temp123-nine.vercel.app/","200","","200","https://temp123-nine.vercel.app/","noindex, follow","","False"
"/20ft-refrigeration-trailers/","rendered_page","","Other","imported-source","","","","true","true","true","20ft Refrigeration Trailer Rental | Temporary123","1","20ft Refrigeration Trailer Rental","","noindex,follow","false","649","false","https://temp123-nine.vercel.app/20ft-refrigeration-trailers/","200","","200","https://temp123-nine.vercel.app/20ft-refrigeration-trailers/","noindex, follow","","False"
"/26ft-military-bulk-kitchen/","rendered_page","","Other","imported-source","","","","true","true","true","26ft Military Bulk Kitchen | Temporary123","1","26ft Military Bulk Kitchen","","noindex,follow","false","1","false","https://temp123-nine.vercel.app/26ft-military-bulk-kitchen/","200","","200","https://temp123-nine.vercel.app/26ft-military-bulk-kitchen/","noindex, follow","","False"
"/2800-correctional-facilities-series/","rendered_page","","Other","imported-source","","","","true","true","true","2800 Correctional Facilities Series | Temporary123","1","2800 Correctional Facilities Series","","noindex,follow","false","3","false","https://temp123-nine.vercel.app/2800-correctional-facilities-series/","200","","200","https://temp123-nine.vercel.app/2800-correctional-facilities-series/","noindex, follow","","False"
"/2800-military-series/","rendered_page","","Other","imported-source","","","","true","true","true","2800 Military Series | Temporary123","1","2800 Military Series","","noindex,follow","false","1","false","https://temp123-nine.vercel.app/2800-military-series/","200","","200","https://temp123-nine.vercel.app/2800-military-series/","noindex, follow","","False"
"/4000-correctional-facilities-series/","rendered_page","","Other","imported-source","","","","true","true","true","4000 Correctional Facilities Series | Temporary123","1","4000 Correctional Facilities Series","","noindex,follow","false","3","false","https://temp123-nine.vercel.app/4000-correctional-facilities-series/","200","","200","https://temp123-nine.vercel.app/4000-correctional-facilities-series/","noindex, follow","","False"
"/4000-military-series/","rendered_page","","Other","imported-source","","","","true","true","true","4000 Military Series | Temporary123","1","4000 Military Series","","noindex,follow","false","1","false","https://temp123-nine.vercel.app/4000-military-series/","200","","200","https://temp123-nine.vercel.app/4000-military-series/","noindex, follow","","False"
"/40ft-military-bulk-kitchen/","rendered_page","","Other","imported-source","","","","true","true","true","40ft Military Bulk Kitchen | Temporary123","1","40ft Military Bulk Kitchen","","noindex,follow","false","1","false","https://temp123-nine.vercel.app/40ft-military-bulk-kitchen/","200","","200","https://temp123-nine.vercel.app/40ft-military-bulk-kitchen/","noindex, follow","","False"
"/4500-correctional-facilities-series/","rendered_page","","Other","imported-source","","","","true","true","true","4500 Correctional Facilities Series | Temporary123","1","4500 Correctional Facilities Series","","noindex,follow","false","4","false","https://temp123-nine.vercel.app/4500-correctional-facilities-series/","200","","200","https://temp123-nine.vercel.app/4500-correctional-facilities-series/","noindex, follow","","False"
"/4500-military-series/","rendered_page","","Other","imported-source","","","","true","true","true","4500 Military Series | Temporary123","1","4500 Military Series","","noindex,follow","false","1","false","https://temp123-nine.vercel.app/4500-military-series/","200","","200","https://temp123-nine.vercel.app/4500-military-series/","noindex, follow","","False"
"/about-us/","rendered_page","","Utility","utility","","","","true","true","true","About Temporary123 | Temporary123","1","Temporary facilities built around the work.","","noindex,follow","false","649","false","https://temp123-nine.vercel.app/about-us/","200","","200","https://temp123-nine.vercel.app/about-us/","noindex, follow","","False"
"/base-camps-for-rent/","rendered_page","","Other","imported-source","","","","true","true","true","Base Camps for Rent | Modular & Scalable Housing Solutions | Temporary123","1","Base Camps for Rent | Modular & Scalable Housing Solutions","","noindex,follow","false","1","false","https://temp123-nine.vercel.app/base-camps-for-rent/","200","","200","https://temp123-nine.vercel.app/base-camps-for-rent/","noindex, follow","","False"
"/blog/","rendered_page","","Article/Resource","article-resource","","","","true","true","true","Articles on Temporary Facility Planning | Temporary123","1","Field notes for better site planning.","","noindex,follow","false","649","false","https://temp123-nine.vercel.app/blog/","200","","200","https://temp123-nine.vercel.app/blog/","noindex, follow","","False"
"/breakroom-trailer/","configured_redirect","/equipment-rental/breakroom-trailer/","Other","redirected-route","","","","False","False","False","","","","","","False","","","https://temp123-nine.vercel.app/breakroom-trailer/","308","/equipment-rental/breakroom-trailer/","Not followed","","","","True"
"/bunkhouse-trailers/","configured_redirect","/equipment-rental/bunkhouse-trailers/","Other","redirected-route","","","","False","False","False","","","","","","False","","","https://temp123-nine.vercel.app/bunkhouse-trailers/","308","/equipment-rental/bunkhouse-trailers/","Not followed","","","","True"
"/camp-management-and-design/","rendered_page","","Other","imported-source","","","","true","true","true","Camp Management and Design | Temporary123","1","Camp Management and Design","","noindex,follow","false","1","false","https://temp123-nine.vercel.app/camp-management-and-design/","200","","200","https://temp123-nine.vercel.app/camp-management-and-design/","noindex, follow","","False"
"/catering/","configured_redirect","/food-services-2/","Other","redirected-route","","","","False","False","False","","","","","","False","","","https://temp123-nine.vercel.app/catering/","308","/food-services-2/","Not followed","","","","True"
"/classroom-trailers/","configured_redirect","/equipment-rental/classroom-trailers/","Other","redirected-route","","","","False","False","False","","","","","","False","","","https://temp123-nine.vercel.app/classroom-trailers/","308","/equipment-rental/classroom-trailers/","Not followed","","","","True"
"/construction-man-camp-rentals/","rendered_page","","Other","imported-source","","","","true","true","true","Construction Man Camp Rentals | Workforce Housing for Construction Sites | Temporary123","1","Construction Man Camp Rentals | Workforce Housing for Construction Sites","","noindex,follow","false","1","false","https://temp123-nine.vercel.app/construction-man-camp-rentals/","200","","200","https://temp123-nine.vercel.app/construction-man-camp-rentals/","noindex, follow","","False"
"/contact-us/","rendered_page","","Utility","utility","","","","true","true","true","Contact Our Team | Temporary123","1","The right facilitiesstart here.","","noindex,follow","false","649","false","https://temp123-nine.vercel.app/contact-us/","200","","200","https://temp123-nine.vercel.app/contact-us/","noindex, follow","","False"
"/contact/","configured_redirect","/contact-us/","Other","redirected-route","","","","False","False","False","","","","","","False","","","https://temp123-nine.vercel.app/contact/","308","/contact-us/","Not followed","","","","True"
"/containerized-shower-trailers/","configured_redirect","/equipment-rental/shower-trailer/","Other","redirected-route","","","","False","False","False","","","","","","False","","","https://temp123-nine.vercel.app/containerized-shower-trailers/","308","/equipment-rental/shower-trailer/","Not followed","","","","True"
"/dining-structure-rental/","configured_redirect","/equipment-rental/dining-structure-rental/","Other","redirected-route","","","","False","False","False","","","","","","False","","","https://temp123-nine.vercel.app/dining-structure-rental/","308","/equipment-rental/dining-structure-rental/","Not followed","","","","True"
"/disaster-relief-man-camp-workforce-rentals/","rendered_page","","Other","industry","","","","true","true","true","Emergency Response Trailer Rental: Temporary Facilities to Rent or Lease | Temporary123","1","Emergency Response Trailer Rental","","noindex,follow","false","6","false","https://temp123-nine.vercel.app/disaster-relief-man-camp-workforce-rentals/","200","","200","https://temp123-nine.vercel.app/disaster-relief-man-camp-workforce-rentals/","noindex, follow","","False"
"/emergency-migrant-containerized-living-spaces/","configured_redirect","/man-camps-for-rent/","Other","redirected-route","","","","False","False","False","","","","","","False","","","https://temp123-nine.vercel.app/emergency-migrant-containerized-living-spaces/","308","/man-camps-for-rent/","Not followed","","","","True"
"/emergency-workforce-housing-in-:location/","configured_redirect","/man-camps-for-rent/","Other","redirected-route","","","","False","False","False","","","","","","False","","","https://temp123-nine.vercel.app/emergency-workforce-housing-in-:location/","308","/man-camps-for-rent/","Not followed","","","","True"
"/equipment-rental-refrigeration-12ft-refrigerated-trailer/","rendered_page","","Other","imported-source","","","","true","true","true","12ft Refrigeration Trailer Rental | Temporary123","1","12ft Refrigeration Trailer Rental","","noindex,follow","false","649","false","https://temp123-nine.vercel.app/equipment-rental-refrigeration-12ft-refrigerated-trailer/","200","","200","https://temp123-nine.vercel.app/equipment-rental-refrigeration-12ft-refrigerated-trailer/","noindex, follow","","False"
"/equipment-rental/","rendered_page","","Equipment/Service","equipment","","","","true","true","true","Equipment Rental | Temporary123","1","Equipment for your temporary site.","","noindex,follow","false","649","false","https://temp123-nine.vercel.app/equipment-rental/","200","","200","https://temp123-nine.vercel.app/equipment-rental/","noindex, follow","","False"
"/equipment-rental/breakroom-trailer/","rendered_page","","Equipment/Service","equipment","","","","true","true","true","Breakroom Trailer | Temporary123","1","Breakroom trailers Rental","","noindex,follow","false","1","false","https://temp123-nine.vercel.app/equipment-rental/breakroom-trailer/","200","","200","https://temp123-nine.vercel.app/equipment-rental/breakroom-trailer/","noindex, follow","","False"
"/equipment-rental/bunkhouse-trailers/","rendered_page","","Equipment/Service","equipment","","","","true","false","true","Bunkhouse trailers | Temporary123","1","Bunkhouse trailers Rental","","noindex,follow","false","1","false","https://temp123-nine.vercel.app/equipment-rental/bunkhouse-trailers/","200","","200","https://temp123-nine.vercel.app/equipment-rental/bunkhouse-trailers/","noindex, follow","","False"
"/equipment-rental/classroom-trailers/","rendered_page","","Equipment/Service","equipment","","","","true","true","true","Classroom Trailers | Temporary123","1","Classroom trailers Rental","","noindex,follow","false","5","false","https://temp123-nine.vercel.app/equipment-rental/classroom-trailers/","200","","200","https://temp123-nine.vercel.app/equipment-rental/classroom-trailers/","noindex, follow","","False"
"/equipment-rental/command-center-trailers/","configured_redirect","/equipment-rental/modular-command-center-trailers/","Equipment/Service","redirected-service","","","","False","False","False","","","","","","False","","","https://temp123-nine.vercel.app/equipment-rental/command-center-trailers/","308","/equipment-rental/modular-command-center-trailers/","Not followed","","","","True"
"/equipment-rental/decontamination-trailers/","configured_redirect","/equipment-rental/","Equipment/Service","redirected-service","","","","False","False","False","","","","","","False","","","https://temp123-nine.vercel.app/equipment-rental/decontamination-trailers/","308","/equipment-rental/","Not followed","","","","True"
"/equipment-rental/dining-structure-rental/","rendered_page","","Equipment/Service","equipment","","","","true","false","true","Dining structures | Temporary123","1","Dining structures Rental","","noindex,follow","false","1","false","https://temp123-nine.vercel.app/equipment-rental/dining-structure-rental/","200","","200","https://temp123-nine.vercel.app/equipment-rental/dining-structure-rental/","noindex, follow","","False"
"/equipment-rental/dump-rental/","configured_redirect","/equipment-rental/fencing-barricades-trash-receptacles/","Equipment/Service","redirected-service","","","","False","False","False","","","","","","False","","","https://temp123-nine.vercel.app/equipment-rental/dump-rental/","308","/equipment-rental/fencing-barricades-trash-receptacles/","Not followed","","","","True"
"/equipment-rental/fencing-barricades-trash-receptacles/","rendered_page","","Equipment/Service","equipment","","","","true","true","true","Fencing, Barricades, Trash, Receptacles | Temporary123","1","Fencing, barricades & receptacles Rental","","noindex,follow","false","1","false","https://temp123-nine.vercel.app/equipment-rental/fencing-barricades-trash-receptacles/","200","","200","https://temp123-nine.vercel.app/equipment-rental/fencing-barricades-trash-receptacles/","noindex, follow","","False"
"/equipment-rental/generator-trailers/","rendered_page","","Equipment/Service","equipment","","","","true","true","true","Generator Trailers Rental in USA | Temporary123","1","Generator trailers Rental","","noindex,follow","false","1","false","https://temp123-nine.vercel.app/equipment-rental/generator-trailers/","200","","200","https://temp123-nine.vercel.app/equipment-rental/generator-trailers/","noindex, follow","","False"
"/equipment-rental/handwashing-stations/","rendered_page","","Equipment/Service","equipment","","","","true","false","true","Portable Handwashing Stations Rental | Temporary123","1","Portable Handwashing Stations Rental","","noindex,follow","false","649","false","https://temp123-nine.vercel.app/equipment-rental/handwashing-stations/","200","","200","https://temp123-nine.vercel.app/equipment-rental/handwashing-stations/","noindex, follow","","False"
"/equipment-rental/laundry-trailers/","rendered_page","","Equipment/Service","equipment","","","","true","true","true","Laundry Trailers | Temporary123","1","Laundry Trailer Rental","","noindex,follow","false","649","false","https://temp123-nine.vercel.app/equipment-rental/laundry-trailers/","200","","200","https://temp123-nine.vercel.app/equipment-rental/laundry-trailers/","noindex, follow","","False"
"/equipment-rental/mobile-crew-camps/","rendered_page","","Equipment/Service","equipment","","","","true","false","true","Mobile crew camps | Temporary123","1","Mobile crew camps Rental","","noindex,follow","false","3","false","https://temp123-nine.vercel.app/equipment-rental/mobile-crew-camps/","200","","200","https://temp123-nine.vercel.app/equipment-rental/mobile-crew-camps/","noindex, follow","","False"
"/equipment-rental/mobile-kitchen-trailers/","rendered_page","","Equipment/Service","equipment","","","","true","true","true","Mobile Kitchen Trailers | Temporary123","1","Mobile Kitchen Trailer Rental","","noindex,follow","false","649","false","https://temp123-nine.vercel.app/equipment-rental/mobile-kitchen-trailers/","200","","200","https://temp123-nine.vercel.app/equipment-rental/mobile-kitchen-trailers/","noindex, follow","","False"
"/equipment-rental/mobile-kitchen-trailers/akiak-mobile-kitchen-rental/","configured_redirect","/equipment-rental/mobile-kitchen-trailers/?location=Akiak","Equipment/Service","equipment","","","","false","true","false","","","","","","false","","","https://temp123-nine.vercel.app/equipment-rental/mobile-kitchen-trailers/akiak-mobile-kitchen-rental/","308","/equipment-rental/mobile-kitchen-trailers/?location=Akiak","200","https://temp123-nine.vercel.app/equipment-rental/mobile-kitchen-trailers/?location=Akiak","noindex, follow","","True"
"/equipment-rental/mobile-kitchen-trailers/akins-mobile-kitchen-rental/","configured_redirect","/equipment-rental/mobile-kitchen-trailers/?location=Akins","Equipment/Service","equipment","","","","false","true","false","","","","","","false","","","https://temp123-nine.vercel.app/equipment-rental/mobile-kitchen-trailers/akins-mobile-kitchen-rental/","308","/equipment-rental/mobile-kitchen-trailers/?location=Akins","200","https://temp123-nine.vercel.app/equipment-rental/mobile-kitchen-trailers/?location=Akins","noindex, follow","","True"
"/equipment-rental/mobile-kitchen-trailers/akron-mobile-kitchen-rental/","configured_redirect","/equipment-rental/mobile-kitchen-trailers/?location=Akron","Equipment/Service","equipment","","","","false","true","false","","","","","","false","","","https://temp123-nine.vercel.app/equipment-rental/mobile-kitchen-trailers/akron-mobile-kitchen-rental/","308","/equipment-rental/mobile-kitchen-trailers/?location=Akron","200","https://temp123-nine.vercel.app/equipment-rental/mobile-kitchen-trailers/?location=Akron","noindex, follow","","True"
"/equipment-rental/mobile-kitchen-trailers/akutan-mobile-kitchen-rental/","configured_redirect","/equipment-rental/mobile-kitchen-trailers/?location=Akutan","Equipment/Service","equipment","","","","false","true","false","","","","","","false","","","https://temp123-nine.vercel.app/equipment-rental/mobile-kitchen-trailers/akutan-mobile-kitchen-rental/","308","/equipment-rental/mobile-kitchen-trailers/?location=Akutan","200","https://temp123-nine.vercel.app/equipment-rental/mobile-kitchen-trailers/?location=Akutan","noindex, follow","","True"
"/equipment-rental/mobile-kitchen-trailers/alabama-mobile-kitchen-rental/","configured_redirect","/equipment-rental/mobile-kitchen-trailers/?location=Alabama","Equipment/Service","equipment","","","","false","true","false","","","","","","false","","","https://temp123-nine.vercel.app/equipment-rental/mobile-kitchen-trailers/alabama-mobile-kitchen-rental/","308","/equipment-rental/mobile-kitchen-trailers/?location=Alabama","200","https://temp123-nine.vercel.app/equipment-rental/mobile-kitchen-trailers/?location=Alabama","noindex, follow","","True"
"/equipment-rental/mobile-kitchen-trailers/alabaster-junction-mobile-kitchen-rental/","configured_redirect","/equipment-rental/mobile-kitchen-trailers/?location=Alabaster%20Junction","Equipment/Service","equipment","","","","false","true","false","","","","","","false","","","https://temp123-nine.vercel.app/equipment-rental/mobile-kitchen-trailers/alabaster-junction-mobile-kitchen-rental/","308","/equipment-rental/mobile-kitchen-trailers/?location=Alabaster%20Junction","200","https://temp123-nine.vercel.app/equipment-rental/mobile-kitchen-trailers/?location=Alabaster%20Junction","noindex, follow","","True"
"/equipment-rental/mobile-kitchen-trailers/alabaster-mobile-kitchen-rental/","configured_redirect","/equipment-rental/mobile-kitchen-trailers/?location=Alabaster","Equipment/Service","equipment","","","","false","true","false","","","","","","false","","","https://temp123-nine.vercel.app/equipment-rental/mobile-kitchen-trailers/alabaster-mobile-kitchen-rental/","308","/equipment-rental/mobile-kitchen-trailers/?location=Alabaster","200","https://temp123-nine.vercel.app/equipment-rental/mobile-kitchen-trailers/?location=Alabaster","noindex, follow","","True"
"/equipment-rental/mobile-kitchen-trailers/alachua-mobile-kitchen-rental/","configured_redirect","/equipment-rental/mobile-kitchen-trailers/?location=Alachua","Equipment/Service","equipment","","","","false","true","false","","","","","","false","","","https://temp123-nine.vercel.app/equipment-rental/mobile-kitchen-trailers/alachua-mobile-kitchen-rental/","308","/equipment-rental/mobile-kitchen-trailers/?location=Alachua","200","https://temp123-nine.vercel.app/equipment-rental/mobile-kitchen-trailers/?location=Alachua","noindex, follow","","True"
"/equipment-rental/mobile-kitchen-trailers/aladdin-mobile-kitchen-rental/","configured_redirect","/equipment-rental/mobile-kitchen-trailers/?location=Aladdin","Equipment/Service","equipment","","","","false","true","false","","","","","","false","","","https://temp123-nine.vercel.app/equipment-rental/mobile-kitchen-trailers/aladdin-mobile-kitchen-rental/","308","/equipment-rental/mobile-kitchen-trailers/?location=Aladdin","200","https://temp123-nine.vercel.app/equipment-rental/mobile-kitchen-trailers/?location=Aladdin","noindex, follow","","True"
"/equipment-rental/mobile-kitchen-trailers/alafaya-mobile-kitchen-rental/","configured_redirect","/equipment-rental/mobile-kitchen-trailers/?location=Alafaya","Equipment/Service","equipment","","","","false","true","false","","","","","","false","","","https://temp123-nine.vercel.app/equipment-rental/mobile-kitchen-trailers/alafaya-mobile-kitchen-rental/","308","/equipment-rental/mobile-kitchen-trailers/?location=Alafaya","200","https://temp123-nine.vercel.app/equipment-rental/mobile-kitchen-trailers/?location=Alafaya","noindex, follow","","True"
"/equipment-rental/mobile-kitchen-trailers/alakanuk-mobile-kitchen-rental/","configured_redirect","/equipment-rental/mobile-kitchen-trailers/?location=Alakanuk","Equipment/Service","equipment","","","","false","true","false","","","","","","false","","","https://temp123-nine.vercel.app/equipment-rental/mobile-kitchen-trailers/alakanuk-mobile-kitchen-rental/","308","/equipment-rental/mobile-kitchen-trailers/?location=Alakanuk","200","https://temp123-nine.vercel.app/equipment-rental/mobile-kitchen-trailers/?location=Alakanuk","noindex, follow","","True"
"/equipment-rental/mobile-kitchen-trailers/alamance-mobile-kitchen-rental/","configured_redirect","/equipment-rental/mobile-kitchen-trailers/?location=Alamance","Equipment/Service","equipment","","","","false","true","false","","","","","","false","","","https://temp123-nine.vercel.app/equipment-rental/mobile-kitchen-trailers/alamance-mobile-kitchen-rental/","308","/equipment-rental/mobile-kitchen-trailers/?location=Alamance","200","https://temp123-nine.vercel.app/equipment-rental/mobile-kitchen-trailers/?location=Alamance","noindex, follow","","True"
"/equipment-rental/mobile-kitchen-trailers/alameda-mobile-kitchen-rental/","configured_redirect","/equipment-rental/mobile-kitchen-trailers/?location=Alameda","Equipment/Service","equipment","","","","false","true","false","","","","","","false","","","https://temp123-nine.vercel.app/equipment-rental/mobile-kitchen-trailers/alameda-mobile-kitchen-rental/","308","/equipment-rental/mobile-kitchen-trailers/?location=Alameda","200","https://temp123-nine.vercel.app/equipment-rental/mobile-kitchen-trailers/?location=Alameda","noindex, follow","","True"
"/equipment-rental/mobile-kitchen-trailers/alamillo-mobile-kitchen-rental/","configured_redirect","/equipment-rental/mobile-kitchen-trailers/?location=Alamillo","Equipment/Service","equipment","","","","false","true","false","","","","","","false","","","https://temp123-nine.vercel.app/equipment-rental/mobile-kitchen-trailers/alamillo-mobile-kitchen-rental/","308","/equipment-rental/mobile-kitchen-trailers/?location=Alamillo","200","https://temp123-nine.vercel.app/equipment-rental/mobile-kitchen-trailers/?location=Alamillo","noindex, follow","","True"
"/equipment-rental/mobile-kitchen-trailers/alamo-heights-mobile-kitchen-rental/","configured_redirect","/equipment-rental/mobile-kitchen-trailers/?location=Alamo%20Heights","Equipment/Service","equipment","","","","false","true","false","","","","","","false","","","https://temp123-nine.vercel.app/equipment-rental/mobile-kitchen-trailers/alamo-heights-mobile-kitchen-rental/","308","/equipment-rental/mobile-kitchen-trailers/?location=Alamo%20Heights","200","https://temp123-nine.vercel.app/equipment-rental/mobile-kitchen-trailers/?location=Alamo%20Heights","noindex, follow","","True"
"/equipment-rental/mobile-kitchen-trailers/alamo-mobile-kitchen-rental/","configured_redirect","/equipment-rental/mobile-kitchen-trailers/?location=Alamo","Equipment/Service","equipment","","","","false","true","false","","","","","","false","","","https://temp123-nine.vercel.app/equipment-rental/mobile-kitchen-trailers/alamo-mobile-kitchen-rental/","308","/equipment-rental/mobile-kitchen-trailers/?location=Alamo","200","https://temp123-nine.vercel.app/equipment-rental/mobile-kitchen-trailers/?location=Alamo","noindex, follow","","True"
"/equipment-rental/mobile-kitchen-trailers/alamogordo-mobile-kitchen-rental/","configured_redirect","/equipment-rental/mobile-kitchen-trailers/?location=Alamogordo","Equipment/Service","equipment","","","","false","true","false","","","","","","false","","","https://temp123-nine.vercel.app/equipment-rental/mobile-kitchen-trailers/alamogordo-mobile-kitchen-rental/","308","/equipment-rental/mobile-kitchen-trailers/?location=Alamogordo","200","https://temp123-nine.vercel.app/equipment-rental/mobile-kitchen-trailers/?location=Alamogordo","noindex, follow","","True"
"/equipment-rental/mobile-kitchen-trailers/alamosa-east-mobile-kitchen-rental/","configured_redirect","/equipment-rental/mobile-kitchen-trailers/?location=Alamosa%20East","Equipment/Service","equipment","","","","false","true","false","","","","","","false","","","https://temp123-nine.vercel.app/equipment-rental/mobile-kitchen-trailers/alamosa-east-mobile-kitchen-rental/","308","/equipment-rental/mobile-kitchen-trailers/?location=Alamosa%20East","200","https://temp123-nine.vercel.app/equipment-rental/mobile-kitchen-trailers/?location=Alamosa%20East","noindex, follow","","True"
"/equipment-rental/mobile-kitchen-trailers/alamosa-mobile-kitchen-rental/","configured_redirect","/equipment-rental/mobile-kitchen-trailers/?location=Alamosa","Equipment/Service","equipment","","","","false","true","false","","","","","","false","","","https://temp123-nine.vercel.app/equipment-rental/mobile-kitchen-trailers/alamosa-mobile-kitchen-rental/","308","/equipment-rental/mobile-kitchen-trailers/?location=Alamosa","200","https://temp123-nine.vercel.app/equipment-rental/mobile-kitchen-trailers/?location=Alamosa","noindex, follow","","True"
"/equipment-rental/mobile-kitchen-trailers/alanson-mobile-kitchen-rental/","configured_redirect","/equipment-rental/mobile-kitchen-trailers/?location=Alanson","Equipment/Service","equipment","","","","false","true","false","","","","","","false","","","https://temp123-nine.vercel.app/equipment-rental/mobile-kitchen-trailers/alanson-mobile-kitchen-rental/","308","/equipment-rental/mobile-kitchen-trailers/?location=Alanson","200","https://temp123-nine.vercel.app/equipment-rental/mobile-kitchen-trailers/?location=Alanson","noindex, follow","","True"
"/equipment-rental/mobile-kitchen-trailers/alapaha-mobile-kitchen-rental/","configured_redirect","/equipment-rental/mobile-kitchen-trailers/?location=Alapaha","Equipment/Service","equipment","","","","false","true","false","","","","","","false","","","https://temp123-nine.vercel.app/equipment-rental/mobile-kitchen-trailers/alapaha-mobile-kitchen-rental/","308","/equipment-rental/mobile-kitchen-trailers/?location=Alapaha","200","https://temp123-nine.vercel.app/equipment-rental/mobile-kitchen-trailers/?location=Alapaha","noindex, follow","","True"
"/equipment-rental/mobile-kitchen-trailers/alaska-mobile-kitchen-rental/","configured_redirect","/equipment-rental/mobile-kitchen-trailers/?location=Alaska","Equipment/Service","equipment","","","","false","true","false","","","","","","false","","","https://temp123-nine.vercel.app/equipment-rental/mobile-kitchen-trailers/alaska-mobile-kitchen-rental/","308","/equipment-rental/mobile-kitchen-trailers/?location=Alaska","200","https://temp123-nine.vercel.app/equipment-rental/mobile-kitchen-trailers/?location=Alaska","noindex, follow","","True"
"/equipment-rental/mobile-kitchen-trailers/alatna-mobile-kitchen-rental/","configured_redirect","/equipment-rental/mobile-kitchen-trailers/?location=Alatna","Equipment/Service","equipment","","","","false","true","false","","","","","","false","","","https://temp123-nine.vercel.app/equipment-rental/mobile-kitchen-trailers/alatna-mobile-kitchen-rental/","308","/equipment-rental/mobile-kitchen-trailers/?location=Alatna","200","https://temp123-nine.vercel.app/equipment-rental/mobile-kitchen-trailers/?location=Alatna","noindex, follow","","True"
"/equipment-rental/mobile-kitchen-trailers/alba-mobile-kitchen-rental/","configured_redirect","/equipment-rental/mobile-kitchen-trailers/?location=Alba","Equipment/Service","equipment","","","","false","true","false","","","","","","false","","","https://temp123-nine.vercel.app/equipment-rental/mobile-kitchen-trailers/alba-mobile-kitchen-rental/","308","/equipment-rental/mobile-kitchen-trailers/?location=Alba","200","https://temp123-nine.vercel.app/equipment-rental/mobile-kitchen-trailers/?location=Alba","noindex, follow","","True"
"/equipment-rental/mobile-kitchen-trailers/alban-mobile-kitchen-rental/","configured_redirect","/equipment-rental/mobile-kitchen-trailers/?location=Alban","Equipment/Service","equipment","","","","false","true","false","","","","","","false","","","https://temp123-nine.vercel.app/equipment-rental/mobile-kitchen-trailers/alban-mobile-kitchen-rental/","308","/equipment-rental/mobile-kitchen-trailers/?location=Alban","200","https://temp123-nine.vercel.app/equipment-rental/mobile-kitchen-trailers/?location=Alban","noindex, follow","","True"
"/equipment-rental/mobile-kitchen-trailers/albany-mobile-kitchen-rental/","configured_redirect","/equipment-rental/mobile-kitchen-trailers/?location=Albany","Equipment/Service","equipment","","","","false","true","false","","","","","","false","","","https://temp123-nine.vercel.app/equipment-rental/mobile-kitchen-trailers/albany-mobile-kitchen-rental/","308","/equipment-rental/mobile-kitchen-trailers/?location=Albany","200","https://temp123-nine.vercel.app/equipment-rental/mobile-kitchen-trailers/?location=Albany","noindex, follow","","True"
"/equipment-rental/mobile-kitchen-trailers/albany-park-mobile-kitchen-rental/","configured_redirect","/equipment-rental/mobile-kitchen-trailers/?location=Albany%20Park","Equipment/Service","equipment","","","","false","true","false","","","","","","false","","","https://temp123-nine.vercel.app/equipment-rental/mobile-kitchen-trailers/albany-park-mobile-kitchen-rental/","308","/equipment-rental/mobile-kitchen-trailers/?location=Albany%20Park","200","https://temp123-nine.vercel.app/equipment-rental/mobile-kitchen-trailers/?location=Albany%20Park","noindex, follow","","True"
"/equipment-rental/mobile-kitchen-trailers/albee-mobile-kitchen-rental/","configured_redirect","/equipment-rental/mobile-kitchen-trailers/?location=Albee","Equipment/Service","equipment","","","","false","true","false","","","","","","false","","","https://temp123-nine.vercel.app/equipment-rental/mobile-kitchen-trailers/albee-mobile-kitchen-rental/","308","/equipment-rental/mobile-kitchen-trailers/?location=Albee","200","https://temp123-nine.vercel.app/equipment-rental/mobile-kitchen-trailers/?location=Albee","noindex, follow","","True"
"/equipment-rental/mobile-kitchen-trailers/albemarle-mobile-kitchen-rental/","configured_redirect","/equipment-rental/mobile-kitchen-trailers/?location=Albemarle","Equipment/Service","equipment","","","","false","true","false","","","","","","false","","","https://temp123-nine.vercel.app/equipment-rental/mobile-kitchen-trailers/albemarle-mobile-kitchen-rental/","308","/equipment-rental/mobile-kitchen-trailers/?location=Albemarle","200","https://temp123-nine.vercel.app/equipment-rental/mobile-kitchen-trailers/?location=Albemarle","noindex, follow","","True"
"/equipment-rental/mobile-kitchen-trailers/albers-mobile-kitchen-rental/","configured_redirect","/equipment-rental/mobile-kitchen-trailers/?location=Albers","Equipment/Service","equipment","","","","false","true","false","","","","","","false","","","https://temp123-nine.vercel.app/equipment-rental/mobile-kitchen-trailers/albers-mobile-kitchen-rental/","308","/equipment-rental/mobile-kitchen-trailers/?location=Albers","200","https://temp123-nine.vercel.app/equipment-rental/mobile-kitchen-trailers/?location=Albers","noindex, follow","","True"
"/equipment-rental/mobile-kitchen-trailers/albert-city-mobile-kitchen-rental/","configured_redirect","/equipment-rental/mobile-kitchen-trailers/?location=Albert%20City","Equipment/Service","equipment","","","","false","true","false","","","","","","false","","","https://temp123-nine.vercel.app/equipment-rental/mobile-kitchen-trailers/albert-city-mobile-kitchen-rental/","308","/equipment-rental/mobile-kitchen-trailers/?location=Albert%20City","200","https://temp123-nine.vercel.app/equipment-rental/mobile-kitchen-trailers/?location=Albert%20City","noindex, follow","","True"
"/equipment-rental/mobile-kitchen-trailers/albert-lea-mobile-kitchen-rental/","configured_redirect","/equipment-rental/mobile-kitchen-trailers/?location=Albert%20Lea","Equipment/Service","equipment","","","","false","true","false","","","","","","false","","","https://temp123-nine.vercel.app/equipment-rental/mobile-kitchen-trailers/albert-lea-mobile-kitchen-rental/","308","/equipment-rental/mobile-kitchen-trailers/?location=Albert%20Lea","200","https://temp123-nine.vercel.app/equipment-rental/mobile-kitchen-trailers/?location=Albert%20Lea","noindex, follow","","True"
"/equipment-rental/mobile-kitchen-trailers/albert-mobile-kitchen-rental/","configured_redirect","/equipment-rental/mobile-kitchen-trailers/?location=Albert","Equipment/Service","equipment","","","","false","true","false","","","","","","false","","","https://temp123-nine.vercel.app/equipment-rental/mobile-kitchen-trailers/albert-mobile-kitchen-rental/","308","/equipment-rental/mobile-kitchen-trailers/?location=Albert","200","https://temp123-nine.vercel.app/equipment-rental/mobile-kitchen-trailers/?location=Albert","noindex, follow","","True"
"/equipment-rental/mobile-kitchen-trailers/alberta-mobile-kitchen-rental/","configured_redirect","/equipment-rental/mobile-kitchen-trailers/?location=Alberta","Equipment/Service","equipment","","","","false","true","false","","","","","","false","","","https://temp123-nine.vercel.app/equipment-rental/mobile-kitchen-trailers/alberta-mobile-kitchen-rental/","308","/equipment-rental/mobile-kitchen-trailers/?location=Alberta","200","https://temp123-nine.vercel.app/equipment-rental/mobile-kitchen-trailers/?location=Alberta","noindex, follow","","True"
"/equipment-rental/mobile-kitchen-trailers/alberton-mobile-kitchen-rental/","configured_redirect","/equipment-rental/mobile-kitchen-trailers/?location=Alberton","Equipment/Service","equipment","","","","false","true","false","","","","","","false","","","https://temp123-nine.vercel.app/equipment-rental/mobile-kitchen-trailers/alberton-mobile-kitchen-rental/","308","/equipment-rental/mobile-kitchen-trailers/?location=Alberton","200","https://temp123-nine.vercel.app/equipment-rental/mobile-kitchen-trailers/?location=Alberton","noindex, follow","","True"
"/equipment-rental/mobile-kitchen-trailers/albertson-mobile-kitchen-rental/","configured_redirect","/equipment-rental/mobile-kitchen-trailers/?location=Albertson","Equipment/Service","equipment","","","","false","true","false","","","","","","false","","","https://temp123-nine.vercel.app/equipment-rental/mobile-kitchen-trailers/albertson-mobile-kitchen-rental/","308","/equipment-rental/mobile-kitchen-trailers/?location=Albertson","200","https://temp123-nine.vercel.app/equipment-rental/mobile-kitchen-trailers/?location=Albertson","noindex, follow","","True"
"/equipment-rental/mobile-kitchen-trailers/albertville-mobile-kitchen-rental/","configured_redirect","/equipment-rental/mobile-kitchen-trailers/?location=Albertville","Equipment/Service","equipment","","","","false","true","false","","","","","","false","","","https://temp123-nine.vercel.app/equipment-rental/mobile-kitchen-trailers/albertville-mobile-kitchen-rental/","308","/equipment-rental/mobile-kitchen-trailers/?location=Albertville","200","https://temp123-nine.vercel.app/equipment-rental/mobile-kitchen-trailers/?location=Albertville","noindex, follow","","True"
"/equipment-rental/mobile-kitchen-trailers/albia-mobile-kitchen-rental/","configured_redirect","/equipment-rental/mobile-kitchen-trailers/?location=Albia","Equipment/Service","equipment","","","","false","true","false","","","","","","false","","","https://temp123-nine.vercel.app/equipment-rental/mobile-kitchen-trailers/albia-mobile-kitchen-rental/","308","/equipment-rental/mobile-kitchen-trailers/?location=Albia","200","https://temp123-nine.vercel.app/equipment-rental/mobile-kitchen-trailers/?location=Albia","noindex, follow","","True"
"/equipment-rental/mobile-kitchen-trailers/albin-mobile-kitchen-rental/","configured_redirect","/equipment-rental/mobile-kitchen-trailers/?location=Albin","Equipment/Service","equipment","","","","false","true","false","","","","","","false","","","https://temp123-nine.vercel.app/equipment-rental/mobile-kitchen-trailers/albin-mobile-kitchen-rental/","308","/equipment-rental/mobile-kitchen-trailers/?location=Albin","200","https://temp123-nine.vercel.app/equipment-rental/mobile-kitchen-trailers/?location=Albin","noindex, follow","","True"
"/equipment-rental/mobile-kitchen-trailers/albion-mobile-kitchen-rental/","configured_redirect","/equipment-rental/mobile-kitchen-trailers/?location=Albion","Equipment/Service","equipment","","","","false","true","false","","","","","","false","","","https://temp123-nine.vercel.app/equipment-rental/mobile-kitchen-trailers/albion-mobile-kitchen-rental/","308","/equipment-rental/mobile-kitchen-trailers/?location=Albion","200","https://temp123-nine.vercel.app/equipment-rental/mobile-kitchen-trailers/?location=Albion","noindex, follow","","True"
"/equipment-rental/mobile-kitchen-trailers/alborn-mobile-kitchen-rental/","configured_redirect","/equipment-rental/mobile-kitchen-trailers/?location=Alborn","Equipment/Service","equipment","","","","false","true","false","","","","","","false","","","https://temp123-nine.vercel.app/equipment-rental/mobile-kitchen-trailers/alborn-mobile-kitchen-rental/","308","/equipment-rental/mobile-kitchen-trailers/?location=Alborn","200","https://temp123-nine.vercel.app/equipment-rental/mobile-kitchen-trailers/?location=Alborn","noindex, follow","","True"
"/equipment-rental/mobile-kitchen-trailers/albright-mobile-kitchen-rental/","configured_redirect","/equipment-rental/mobile-kitchen-trailers/?location=Albright","Equipment/Service","equipment","","","","false","true","false","","","","","","false","","","https://temp123-nine.vercel.app/equipment-rental/mobile-kitchen-trailers/albright-mobile-kitchen-rental/","308","/equipment-rental/mobile-kitchen-trailers/?location=Albright","200","https://temp123-nine.vercel.app/equipment-rental/mobile-kitchen-trailers/?location=Albright","noindex, follow","","True"
"/equipment-rental/mobile-kitchen-trailers/albrightsville-mobile-kitchen-rental/","configured_redirect","/equipment-rental/mobile-kitchen-trailers/?location=Albrightsville","Equipment/Service","equipment","","","","false","true","false","","","","","","false","","","https://temp123-nine.vercel.app/equipment-rental/mobile-kitchen-trailers/albrightsville-mobile-kitchen-rental/","308","/equipment-rental/mobile-kitchen-trailers/?location=Albrightsville","200","https://temp123-nine.vercel.app/equipment-rental/mobile-kitchen-trailers/?location=Albrightsville","noindex, follow","","True"
"/equipment-rental/mobile-kitchen-trailers/albuquerque-mobile-kitchen-rental/","configured_redirect","/equipment-rental/mobile-kitchen-trailers/?location=Albuquerque","Equipment/Service","equipment","","","","false","true","false","","","","","","false","","","https://temp123-nine.vercel.app/equipment-rental/mobile-kitchen-trailers/albuquerque-mobile-kitchen-rental/","308","/equipment-rental/mobile-kitchen-trailers/?location=Albuquerque","200","https://temp123-nine.vercel.app/equipment-rental/mobile-kitchen-trailers/?location=Albuquerque","noindex, follow","","True"
"/equipment-rental/mobile-kitchen-trailers/alburg-mobile-kitchen-rental/","configured_redirect","/equipment-rental/mobile-kitchen-trailers/?location=Alburg","Equipment/Service","equipment","","","","false","true","false","","","","","","false","","","https://temp123-nine.vercel.app/equipment-rental/mobile-kitchen-trailers/alburg-mobile-kitchen-rental/","308","/equipment-rental/mobile-kitchen-trailers/?location=Alburg","200","https://temp123-nine.vercel.app/equipment-rental/mobile-kitchen-trailers/?location=Alburg","noindex, follow","","True"
"/equipment-rental/mobile-kitchen-trailers/alburnett-mobile-kitchen-rental/","configured_redirect","/equipment-rental/mobile-kitchen-trailers/?location=Alburnett","Equipment/Service","equipment","","","","false","true","false","","","","","","false","","","https://temp123-nine.vercel.app/equipment-rental/mobile-kitchen-trailers/alburnett-mobile-kitchen-rental/","308","/equipment-rental/mobile-kitchen-trailers/?location=Alburnett","200","https://temp123-nine.vercel.app/equipment-rental/mobile-kitchen-trailers/?location=Alburnett","noindex, follow","","True"
"/equipment-rental/mobile-kitchen-trailers/alburtis-mobile-kitchen-rental/","configured_redirect","/equipment-rental/mobile-kitchen-trailers/?location=Alburtis","Equipment/Service","equipment","","","","false","true","false","","","","","","false","","","https://temp123-nine.vercel.app/equipment-rental/mobile-kitchen-trailers/alburtis-mobile-kitchen-rental/","308","/equipment-rental/mobile-kitchen-trailers/?location=Alburtis","200","https://temp123-nine.vercel.app/equipment-rental/mobile-kitchen-trailers/?location=Alburtis","noindex, follow","","True"
"/equipment-rental/mobile-kitchen-trailers/alcalde-mobile-kitchen-rental/","configured_redirect","/equipment-rental/mobile-kitchen-trailers/?location=Alcalde","Equipment/Service","equipment","","","","false","true","false","","","","","","false","","","https://temp123-nine.vercel.app/equipment-rental/mobile-kitchen-trailers/alcalde-mobile-kitchen-rental/","308","/equipment-rental/mobile-kitchen-trailers/?location=Alcalde","200","https://temp123-nine.vercel.app/equipment-rental/mobile-kitchen-trailers/?location=Alcalde","noindex, follow","","True"
"/equipment-rental/mobile-kitchen-trailers/alcan-border-mobile-kitchen-rental/","configured_redirect","/equipment-rental/mobile-kitchen-trailers/?location=Alcan%20Border","Equipment/Service","equipment","","","","false","true","false","","","","","","false","","","https://temp123-nine.vercel.app/equipment-rental/mobile-kitchen-trailers/alcan-border-mobile-kitchen-rental/","308","/equipment-rental/mobile-kitchen-trailers/?location=Alcan%20Border","200","https://temp123-nine.vercel.app/equipment-rental/mobile-kitchen-trailers/?location=Alcan%20Border","noindex, follow","","True"
"/equipment-rental/mobile-kitchen-trailers/alcan-mobile-kitchen-rental/","configured_redirect","/equipment-rental/mobile-kitchen-trailers/?location=Alcan","Equipment/Service","equipment","","","","false","true","false","","","","","","false","","","https://temp123-nine.vercel.app/equipment-rental/mobile-kitchen-trailers/alcan-mobile-kitchen-rental/","308","/equipment-rental/mobile-kitchen-trailers/?location=Alcan","200","https://temp123-nine.vercel.app/equipment-rental/mobile-kitchen-trailers/?location=Alcan","noindex, follow","","True"
"/equipment-rental/mobile-kitchen-trailers/alcester-mobile-kitchen-rental/","configured_redirect","/equipment-rental/mobile-kitchen-trailers/?location=Alcester","Equipment/Service","equipment","","","","false","true","false","","","","","","false","","","https://temp123-nine.vercel.app/equipment-rental/mobile-kitchen-trailers/alcester-mobile-kitchen-rental/","308","/equipment-rental/mobile-kitchen-trailers/?location=Alcester","200","https://temp123-nine.vercel.app/equipment-rental/mobile-kitchen-trailers/?location=Alcester","noindex, follow","","True"
"/equipment-rental/mobile-kitchen-trailers/alcoa-mobile-kitchen-rental/","configured_redirect","/equipment-rental/mobile-kitchen-trailers/?location=Alcoa","Equipment/Service","equipment","","","","false","true","false","","","","","","false","","","https://temp123-nine.vercel.app/equipment-rental/mobile-kitchen-trailers/alcoa-mobile-kitchen-rental/","308","/equipment-rental/mobile-kitchen-trailers/?location=Alcoa","200","https://temp123-nine.vercel.app/equipment-rental/mobile-kitchen-trailers/?location=Alcoa","noindex, follow","","True"
"/equipment-rental/mobile-kitchen-trailers/alcolu-mobile-kitchen-rental/","configured_redirect","/equipment-rental/mobile-kitchen-trailers/?location=Alcolu","Equipment/Service","equipment","","","","false","true","false","","","","","","false","","","https://temp123-nine.vercel.app/equipment-rental/mobile-kitchen-trailers/alcolu-mobile-kitchen-rental/","308","/equipment-rental/mobile-kitchen-trailers/?location=Alcolu","200","https://temp123-nine.vercel.app/equipment-rental/mobile-kitchen-trailers/?location=Alcolu","noindex, follow","","True"
"/equipment-rental/mobile-kitchen-trailers/alcona-mobile-kitchen-rental/","configured_redirect","/equipment-rental/mobile-kitchen-trailers/?location=Alcona","Equipment/Service","equipment","","","","false","true","false","","","","","","false","","","https://temp123-nine.vercel.app/equipment-rental/mobile-kitchen-trailers/alcona-mobile-kitchen-rental/","308","/equipment-rental/mobile-kitchen-trailers/?location=Alcona","200","https://temp123-nine.vercel.app/equipment-rental/mobile-kitchen-trailers/?location=Alcona","noindex, follow","","True"
"/equipment-rental/mobile-kitchen-trailers/alda-mobile-kitchen-rental/","configured_redirect","/equipment-rental/mobile-kitchen-trailers/?location=Alda","Equipment/Service","equipment","","","","false","true","false","","","","","","false","","","https://temp123-nine.vercel.app/equipment-rental/mobile-kitchen-trailers/alda-mobile-kitchen-rental/","308","/equipment-rental/mobile-kitchen-trailers/?location=Alda","200","https://temp123-nine.vercel.app/equipment-rental/mobile-kitchen-trailers/?location=Alda","noindex, follow","","True"
"/equipment-rental/mobile-kitchen-trailers/aldan-mobile-kitchen-rental/","configured_redirect","/equipment-rental/mobile-kitchen-trailers/?location=Aldan","Equipment/Service","equipment","","","","false","true","false","","","","","","false","","","https://temp123-nine.vercel.app/equipment-rental/mobile-kitchen-trailers/aldan-mobile-kitchen-rental/","308","/equipment-rental/mobile-kitchen-trailers/?location=Aldan","200","https://temp123-nine.vercel.app/equipment-rental/mobile-kitchen-trailers/?location=Aldan","noindex, follow","","True"
"/equipment-rental/mobile-kitchen-trailers/alden-mobile-kitchen-rental/","configured_redirect","/equipment-rental/mobile-kitchen-trailers/?location=Alden","Equipment/Service","equipment","","","","false","true","false","","","","","","false","","","https://temp123-nine.vercel.app/equipment-rental/mobile-kitchen-trailers/alden-mobile-kitchen-rental/","308","/equipment-rental/mobile-kitchen-trailers/?location=Alden","200","https://temp123-nine.vercel.app/equipment-rental/mobile-kitchen-trailers/?location=Alden","noindex, follow","","True"
"/equipment-rental/mobile-kitchen-trailers/alder-mobile-kitchen-rental/","configured_redirect","/equipment-rental/mobile-kitchen-trailers/?location=Alder","Equipment/Service","equipment","","","","false","true","false","","","","","","false","","","https://temp123-nine.vercel.app/equipment-rental/mobile-kitchen-trailers/alder-mobile-kitchen-rental/","308","/equipment-rental/mobile-kitchen-trailers/?location=Alder","200","https://temp123-nine.vercel.app/equipment-rental/mobile-kitchen-trailers/?location=Alder","noindex, follow","","True"
"/equipment-rental/mobile-kitchen-trailers/alderpoint-mobile-kitchen-rental/","configured_redirect","/equipment-rental/mobile-kitchen-trailers/?location=Alderpoint","Equipment/Service","equipment","","","","false","true","false","","","","","","false","","","https://temp123-nine.vercel.app/equipment-rental/mobile-kitchen-trailers/alderpoint-mobile-kitchen-rental/","308","/equipment-rental/mobile-kitchen-trailers/?location=Alderpoint","200","https://temp123-nine.vercel.app/equipment-rental/mobile-kitchen-trailers/?location=Alderpoint","noindex, follow","","True"
"/equipment-rental/mobile-kitchen-trailers/alderson-mobile-kitchen-rental/","configured_redirect","/equipment-rental/mobile-kitchen-trailers/?location=Alderson","Equipment/Service","equipment","","","","false","true","false","","","","","","false","","","https://temp123-nine.vercel.app/equipment-rental/mobile-kitchen-trailers/alderson-mobile-kitchen-rental/","308","/equipment-rental/mobile-kitchen-trailers/?location=Alderson","200","https://temp123-nine.vercel.app/equipment-rental/mobile-kitchen-trailers/?location=Alderson","noindex, follow","","True"
"/equipment-rental/mobile-kitchen-trailers/alderton-mobile-kitchen-rental/","configured_redirect","/equipment-rental/mobile-kitchen-trailers/?location=Alderton","Equipment/Service","equipment","","","","false","true","false","","","","","","false","","","https://temp123-nine.vercel.app/equipment-rental/mobile-kitchen-trailers/alderton-mobile-kitchen-rental/","308","/equipment-rental/mobile-kitchen-trailers/?location=Alderton","200","https://temp123-nine.vercel.app/equipment-rental/mobile-kitchen-trailers/?location=Alderton","noindex, follow","","True"
"/equipment-rental/mobile-kitchen-trailers/alderwood-manor-mobile-kitchen-rental/","configured_redirect","/equipment-rental/mobile-kitchen-trailers/?location=Alderwood%20Manor","Equipment/Service","equipment","","","","false","true","false","","","","","","false","","","https://temp123-nine.vercel.app/equipment-rental/mobile-kitchen-trailers/alderwood-manor-mobile-kitchen-rental/","308","/equipment-rental/mobile-kitchen-trailers/?location=Alderwood%20Manor","200","https://temp123-nine.vercel.app/equipment-rental/mobile-kitchen-trailers/?location=Alderwood%20Manor","noindex, follow","","True"
"/equipment-rental/mobile-kitchen-trailers/alderwood-mobile-kitchen-rental/","configured_redirect","/equipment-rental/mobile-kitchen-trailers/?location=Alderwood","Equipment/Service","equipment","","","","false","true","false","","","","","","false","","","https://temp123-nine.vercel.app/equipment-rental/mobile-kitchen-trailers/alderwood-mobile-kitchen-rental/","308","/equipment-rental/mobile-kitchen-trailers/?location=Alderwood","200","https://temp123-nine.vercel.app/equipment-rental/mobile-kitchen-trailers/?location=Alderwood","noindex, follow","","True"
"/equipment-rental/mobile-kitchen-trailers/aldie-mobile-kitchen-rental/","configured_redirect","/equipment-rental/mobile-kitchen-trailers/?location=Aldie","Equipment/Service","equipment","","","","false","true","false","","","","","","false","","","https://temp123-nine.vercel.app/equipment-rental/mobile-kitchen-trailers/aldie-mobile-kitchen-rental/","308","/equipment-rental/mobile-kitchen-trailers/?location=Aldie","200","https://temp123-nine.vercel.app/equipment-rental/mobile-kitchen-trailers/?location=Aldie","noindex, follow","","True"
"/equipment-rental/mobile-kitchen-trailers/aldine-mobile-kitchen-rental/","configured_redirect","/equipment-rental/mobile-kitchen-trailers/?location=Aldine","Equipment/Service","equipment","","","","false","true","false","","","","","","false","","","https://temp123-nine.vercel.app/equipment-rental/mobile-kitchen-trailers/aldine-mobile-kitchen-rental/","308","/equipment-rental/mobile-kitchen-trailers/?location=Aldine","200","https://temp123-nine.vercel.app/equipment-rental/mobile-kitchen-trailers/?location=Aldine","noindex, follow","","True"
"/equipment-rental/mobile-kitchen-trailers/aldora-mobile-kitchen-rental/","configured_redirect","/equipment-rental/mobile-kitchen-trailers/?location=Aldora","Equipment/Service","equipment","","","","false","true","false","","","","","","false","","","https://temp123-nine.vercel.app/equipment-rental/mobile-kitchen-trailers/aldora-mobile-kitchen-rental/","308","/equipment-rental/mobile-kitchen-trailers/?location=Aldora","200","https://temp123-nine.vercel.app/equipment-rental/mobile-kitchen-trailers/?location=Aldora","noindex, follow","","True"
"/equipment-rental/mobile-kitchen-trailers/aldrich-mobile-kitchen-rental/","configured_redirect","/equipment-rental/mobile-kitchen-trailers/?location=Aldrich","Equipment/Service","equipment","","","","false","true","false","","","","","","false","","","https://temp123-nine.vercel.app/equipment-rental/mobile-kitchen-trailers/aldrich-mobile-kitchen-rental/","308","/equipment-rental/mobile-kitchen-trailers/?location=Aldrich","200","https://temp123-nine.vercel.app/equipment-rental/mobile-kitchen-trailers/?location=Aldrich","noindex, follow","","True"
"/equipment-rental/mobile-kitchen-trailers/aledo-mobile-kitchen-rental/","configured_redirect","/equipment-rental/mobile-kitchen-trailers/?location=Aledo","Equipment/Service","equipment","","","","false","true","false","","","","","","false","","","https://temp123-nine.vercel.app/equipment-rental/mobile-kitchen-trailers/aledo-mobile-kitchen-rental/","308","/equipment-rental/mobile-kitchen-trailers/?location=Aledo","200","https://temp123-nine.vercel.app/equipment-rental/mobile-kitchen-trailers/?location=Aledo","noindex, follow","","True"
"/equipment-rental/mobile-kitchen-trailers/aleknagik-mobile-kitchen-rental/","configured_redirect","/equipment-rental/mobile-kitchen-trailers/?location=Aleknagik","Equipment/Service","equipment","","","","false","true","false","","","","","","false","","","https://temp123-nine.vercel.app/equipment-rental/mobile-kitchen-trailers/aleknagik-mobile-kitchen-rental/","308","/equipment-rental/mobile-kitchen-trailers/?location=Aleknagik","200","https://temp123-nine.vercel.app/equipment-rental/mobile-kitchen-trailers/?location=Aleknagik","noindex, follow","","True"
"/equipment-rental/mobile-kitchen-trailers/alembic-mobile-kitchen-rental/","configured_redirect","/equipment-rental/mobile-kitchen-trailers/?location=Alembic","Equipment/Service","equipment","","","","false","true","false","","","","","","false","","","https://temp123-nine.vercel.app/equipment-rental/mobile-kitchen-trailers/alembic-mobile-kitchen-rental/","308","/equipment-rental/mobile-kitchen-trailers/?location=Alembic","200","https://temp123-nine.vercel.app/equipment-rental/mobile-kitchen-trailers/?location=Alembic","noindex, follow","","True"
"/equipment-rental/mobile-kitchen-trailers/aleneva-mobile-kitchen-rental/","configured_redirect","/equipment-rental/mobile-kitchen-trailers/?location=Aleneva","Equipment/Service","equipment","","","","false","true","false","","","","","","false","","","https://temp123-nine.vercel.app/equipment-rental/mobile-kitchen-trailers/aleneva-mobile-kitchen-rental/","308","/equipment-rental/mobile-kitchen-trailers/?location=Aleneva","200","https://temp123-nine.vercel.app/equipment-rental/mobile-kitchen-trailers/?location=Aleneva","noindex, follow","","True"
"/equipment-rental/mobile-kitchen-trailers/alert-mobile-kitchen-rental/","configured_redirect","/equipment-rental/mobile-kitchen-trailers/?location=Alert","Equipment/Service","equipment","","","","false","true","false","","","","","","false","","","https://temp123-nine.vercel.app/equipment-rental/mobile-kitchen-trailers/alert-mobile-kitchen-rental/","308","/equipment-rental/mobile-kitchen-trailers/?location=Alert","200","https://temp123-nine.vercel.app/equipment-rental/mobile-kitchen-trailers/?location=Alert","noindex, follow","","True"
"/equipment-rental/mobile-kitchen-trailers/alex-mobile-kitchen-rental/","configured_redirect","/equipment-rental/mobile-kitchen-trailers/?location=Alex","Equipment/Service","equipment","","","","false","true","false","","","","","","false","","","https://temp123-nine.vercel.app/equipment-rental/mobile-kitchen-trailers/alex-mobile-kitchen-rental/","308","/equipment-rental/mobile-kitchen-trailers/?location=Alex","200","https://temp123-nine.vercel.app/equipment-rental/mobile-kitchen-trailers/?location=Alex","noindex, follow","","True"
"/equipment-rental/mobile-kitchen-trailers/alexander-city-mobile-kitchen-rental/","configured_redirect","/equipment-rental/mobile-kitchen-trailers/?location=Alexander%20City","Equipment/Service","equipment","","","","false","true","false","","","","","","false","","","https://temp123-nine.vercel.app/equipment-rental/mobile-kitchen-trailers/alexander-city-mobile-kitchen-rental/","308","/equipment-rental/mobile-kitchen-trailers/?location=Alexander%20City","200","https://temp123-nine.vercel.app/equipment-rental/mobile-kitchen-trailers/?location=Alexander%20City","noindex, follow","","True"
"/equipment-rental/mobile-kitchen-trailers/alexander-mills-mobile-kitchen-rental/","configured_redirect","/equipment-rental/mobile-kitchen-trailers/?location=Alexander%20Mills","Equipment/Service","equipment","","","","false","true","false","","","","","","false","","","https://temp123-nine.vercel.app/equipment-rental/mobile-kitchen-trailers/alexander-mills-mobile-kitchen-rental/","308","/equipment-rental/mobile-kitchen-trailers/?location=Alexander%20Mills","200","https://temp123-nine.vercel.app/equipment-rental/mobile-kitchen-trailers/?location=Alexander%20Mills","noindex, follow","","True"
"/equipment-rental/mobile-kitchen-trailers/alexander-mobile-kitchen-rental/","configured_redirect","/equipment-rental/mobile-kitchen-trailers/?location=Alexander","Equipment/Service","equipment","","","","false","true","false","","","","","","false","","","https://temp123-nine.vercel.app/equipment-rental/mobile-kitchen-trailers/alexander-mobile-kitchen-rental/","308","/equipment-rental/mobile-kitchen-trailers/?location=Alexander","200","https://temp123-nine.vercel.app/equipment-rental/mobile-kitchen-trailers/?location=Alexander","noindex, follow","","True"
"/equipment-rental/mobile-kitchen-trailers/alexandria-bay-mobile-kitchen-rental/","configured_redirect","/equipment-rental/mobile-kitchen-trailers/?location=Alexandria%20Bay","Equipment/Service","equipment","","","","false","true","false","","","","","","false","","","https://temp123-nine.vercel.app/equipment-rental/mobile-kitchen-trailers/alexandria-bay-mobile-kitchen-rental/","308","/equipment-rental/mobile-kitchen-trailers/?location=Alexandria%20Bay","200","https://temp123-nine.vercel.app/equipment-rental/mobile-kitchen-trailers/?location=Alexandria%20Bay","noindex, follow","","True"
"/equipment-rental/mobile-kitchen-trailers/alexandria-mobile-kitchen-rental/","configured_redirect","/equipment-rental/mobile-kitchen-trailers/?location=Alexandria","Equipment/Service","equipment","","","","false","true","false","","","","","","false","","","https://temp123-nine.vercel.app/equipment-rental/mobile-kitchen-trailers/alexandria-mobile-kitchen-rental/","308","/equipment-rental/mobile-kitchen-trailers/?location=Alexandria","200","https://temp123-nine.vercel.app/equipment-rental/mobile-kitchen-trailers/?location=Alexandria","noindex, follow","","True"
"/equipment-rental/mobile-kitchen-trailers/alexis-mobile-kitchen-rental/","configured_redirect","/equipment-rental/mobile-kitchen-trailers/?location=Alexis","Equipment/Service","equipment","","","","false","true","false","","","","","","false","","","https://temp123-nine.vercel.app/equipment-rental/mobile-kitchen-trailers/alexis-mobile-kitchen-rental/","308","/equipment-rental/mobile-kitchen-trailers/?location=Alexis","200","https://temp123-nine.vercel.app/equipment-rental/mobile-kitchen-trailers/?location=Alexis","noindex, follow","","True"
"/equipment-rental/mobile-kitchen-trailers/alfalfa-mobile-kitchen-rental/","configured_redirect","/equipment-rental/mobile-kitchen-trailers/?location=Alfalfa","Equipment/Service","equipment","","","","false","true","false","","","","","","false","","","https://temp123-nine.vercel.app/equipment-rental/mobile-kitchen-trailers/alfalfa-mobile-kitchen-rental/","308","/equipment-rental/mobile-kitchen-trailers/?location=Alfalfa","200","https://temp123-nine.vercel.app/equipment-rental/mobile-kitchen-trailers/?location=Alfalfa","noindex, follow","","True"
"/equipment-rental/mobile-kitchen-trailers/alfarata-mobile-kitchen-rental/","configured_redirect","/equipment-rental/mobile-kitchen-trailers/?location=Alfarata","Equipment/Service","equipment","","","","false","true","false","","","","","","false","","","https://temp123-nine.vercel.app/equipment-rental/mobile-kitchen-trailers/alfarata-mobile-kitchen-rental/","308","/equipment-rental/mobile-kitchen-trailers/?location=Alfarata","200","https://temp123-nine.vercel.app/equipment-rental/mobile-kitchen-trailers/?location=Alfarata","noindex, follow","","True"
"/equipment-rental/mobile-kitchen-trailers/alford-mobile-kitchen-rental/","configured_redirect","/equipment-rental/mobile-kitchen-trailers/?location=Alford","Equipment/Service","equipment","","","","false","true","false","","","","","","false","","","https://temp123-nine.vercel.app/equipment-rental/mobile-kitchen-trailers/alford-mobile-kitchen-rental/","308","/equipment-rental/mobile-kitchen-trailers/?location=Alford","200","https://temp123-nine.vercel.app/equipment-rental/mobile-kitchen-trailers/?location=Alford","noindex, follow","","True"
"/equipment-rental/mobile-kitchen-trailers/alfordsville-mobile-kitchen-rental/","configured_redirect","/equipment-rental/mobile-kitchen-trailers/?location=Alfordsville","Equipment/Service","equipment","","","","false","true","false","","","","","","false","","","https://temp123-nine.vercel.app/equipment-rental/mobile-kitchen-trailers/alfordsville-mobile-kitchen-rental/","308","/equipment-rental/mobile-kitchen-trailers/?location=Alfordsville","200","https://temp123-nine.vercel.app/equipment-rental/mobile-kitchen-trailers/?location=Alfordsville","noindex, follow","","True"
"/equipment-rental/mobile-kitchen-trailers/alfred-mobile-kitchen-rental/","configured_redirect","/equipment-rental/mobile-kitchen-trailers/?location=Alfred","Equipment/Service","equipment","","","","false","true","false","","","","","","false","","","https://temp123-nine.vercel.app/equipment-rental/mobile-kitchen-trailers/alfred-mobile-kitchen-rental/","308","/equipment-rental/mobile-kitchen-trailers/?location=Alfred","200","https://temp123-nine.vercel.app/equipment-rental/mobile-kitchen-trailers/?location=Alfred","noindex, follow","","True"
"/equipment-rental/mobile-kitchen-trailers/alfred-south-la-paloma-mobile-kitchen-rental/","configured_redirect","/equipment-rental/mobile-kitchen-trailers/?location=Alfred-South%20La%20Paloma","Equipment/Service","equipment","","","","false","true","false","","","","","","false","","","https://temp123-nine.vercel.app/equipment-rental/mobile-kitchen-trailers/alfred-south-la-paloma-mobile-kitchen-rental/","308","/equipment-rental/mobile-kitchen-trailers/?location=Alfred-South%20La%20Paloma","200","https://temp123-nine.vercel.app/equipment-rental/mobile-kitchen-trailers/?location=Alfred-South%20La%20Paloma","noindex, follow","","True"
"/equipment-rental/mobile-kitchen-trailers/alfred-station-mobile-kitchen-rental/","configured_redirect","/equipment-rental/mobile-kitchen-trailers/?location=Alfred%20Station","Equipment/Service","equipment","","","","false","true","false","","","","","","false","","","https://temp123-nine.vercel.app/equipment-rental/mobile-kitchen-trailers/alfred-station-mobile-kitchen-rental/","308","/equipment-rental/mobile-kitchen-trailers/?location=Alfred%20Station","200","https://temp123-nine.vercel.app/equipment-rental/mobile-kitchen-trailers/?location=Alfred%20Station","noindex, follow","","True"
"/equipment-rental/mobile-kitchen-trailers/algansee-mobile-kitchen-rental/","configured_redirect","/equipment-rental/mobile-kitchen-trailers/?location=Algansee","Equipment/Service","equipment","","","","false","true","false","","","","","","false","","","https://temp123-nine.vercel.app/equipment-rental/mobile-kitchen-trailers/algansee-mobile-kitchen-rental/","308","/equipment-rental/mobile-kitchen-trailers/?location=Algansee","200","https://temp123-nine.vercel.app/equipment-rental/mobile-kitchen-trailers/?location=Algansee","noindex, follow","","True"
"/equipment-rental/mobile-kitchen-trailers/alger-mobile-kitchen-rental/","configured_redirect","/equipment-rental/mobile-kitchen-trailers/?location=Alger","Equipment/Service","equipment","","","","false","true","false","","","","","","false","","","https://temp123-nine.vercel.app/equipment-rental/mobile-kitchen-trailers/alger-mobile-kitchen-rental/","308","/equipment-rental/mobile-kitchen-trailers/?location=Alger","200","https://temp123-nine.vercel.app/equipment-rental/mobile-kitchen-trailers/?location=Alger","noindex, follow","","True"
"/equipment-rental/mobile-kitchen-trailers/algiers-mobile-kitchen-rental/","configured_redirect","/equipment-rental/mobile-kitchen-trailers/?location=Algiers","Equipment/Service","equipment","","","","false","true","false","","","","","","false","","","https://temp123-nine.vercel.app/equipment-rental/mobile-kitchen-trailers/algiers-mobile-kitchen-rental/","308","/equipment-rental/mobile-kitchen-trailers/?location=Algiers","200","https://temp123-nine.vercel.app/equipment-rental/mobile-kitchen-trailers/?location=Algiers","noindex, follow","","True"
"/equipment-rental/mobile-kitchen-trailers/algoa-mobile-kitchen-rental/","configured_redirect","/equipment-rental/mobile-kitchen-trailers/?location=Algoa","Equipment/Service","equipment","","","","false","true","false","","","","","","false","","","https://temp123-nine.vercel.app/equipment-rental/mobile-kitchen-trailers/algoa-mobile-kitchen-rental/","308","/equipment-rental/mobile-kitchen-trailers/?location=Algoa","200","https://temp123-nine.vercel.app/equipment-rental/mobile-kitchen-trailers/?location=Algoa","noindex, follow","","True"
"/equipment-rental/mobile-kitchen-trailers/algodones-mobile-kitchen-rental/","configured_redirect","/equipment-rental/mobile-kitchen-trailers/?location=Algodones","Equipment/Service","equipment","","","","false","true","false","","","","","","false","","","https://temp123-nine.vercel.app/equipment-rental/mobile-kitchen-trailers/algodones-mobile-kitchen-rental/","308","/equipment-rental/mobile-kitchen-trailers/?location=Algodones","200","https://temp123-nine.vercel.app/equipment-rental/mobile-kitchen-trailers/?location=Algodones","noindex, follow","","True"
"/equipment-rental/mobile-kitchen-trailers/algoma-mobile-kitchen-rental/","configured_redirect","/equipment-rental/mobile-kitchen-trailers/?location=Algoma","Equipment/Service","equipment","","","","false","true","false","","","","","","false","","","https://temp123-nine.vercel.app/equipment-rental/mobile-kitchen-trailers/algoma-mobile-kitchen-rental/","308","/equipment-rental/mobile-kitchen-trailers/?location=Algoma","200","https://temp123-nine.vercel.app/equipment-rental/mobile-kitchen-trailers/?location=Algoma","noindex, follow","","True"
"/equipment-rental/mobile-kitchen-trailers/algona-mobile-kitchen-rental/","configured_redirect","/equipment-rental/mobile-kitchen-trailers/?location=Algona","Equipment/Service","equipment","","","","false","true","false","","","","","","false","","","https://temp123-nine.vercel.app/equipment-rental/mobile-kitchen-trailers/algona-mobile-kitchen-rental/","308","/equipment-rental/mobile-kitchen-trailers/?location=Algona","200","https://temp123-nine.vercel.app/equipment-rental/mobile-kitchen-trailers/?location=Algona","noindex, follow","","True"
"/equipment-rental/mobile-kitchen-trailers/algonac-mobile-kitchen-rental/","configured_redirect","/equipment-rental/mobile-kitchen-trailers/?location=Algonac","Equipment/Service","equipment","","","","false","true","false","","","","","","false","","","https://temp123-nine.vercel.app/equipment-rental/mobile-kitchen-trailers/algonac-mobile-kitchen-rental/","308","/equipment-rental/mobile-kitchen-trailers/?location=Algonac","200","https://temp123-nine.vercel.app/equipment-rental/mobile-kitchen-trailers/?location=Algonac","noindex, follow","","True"
"/equipment-rental/mobile-kitchen-trailers/algonquin-mobile-kitchen-rental/","configured_redirect","/equipment-rental/mobile-kitchen-trailers/?location=Algonquin","Equipment/Service","equipment","","","","false","true","false","","","","","","false","","","https://temp123-nine.vercel.app/equipment-rental/mobile-kitchen-trailers/algonquin-mobile-kitchen-rental/","308","/equipment-rental/mobile-kitchen-trailers/?location=Algonquin","200","https://temp123-nine.vercel.app/equipment-rental/mobile-kitchen-trailers/?location=Algonquin","noindex, follow","","True"
"/equipment-rental/mobile-kitchen-trailers/algood-mobile-kitchen-rental/","configured_redirect","/equipment-rental/mobile-kitchen-trailers/?location=Algood","Equipment/Service","equipment","","","","false","true","false","","","","","","false","","","https://temp123-nine.vercel.app/equipment-rental/mobile-kitchen-trailers/algood-mobile-kitchen-rental/","308","/equipment-rental/mobile-kitchen-trailers/?location=Algood","200","https://temp123-nine.vercel.app/equipment-rental/mobile-kitchen-trailers/?location=Algood","noindex, follow","","True"
"/equipment-rental/mobile-kitchen-trailers/alhambra-mobile-kitchen-rental/","configured_redirect","/equipment-rental/mobile-kitchen-trailers/?location=Alhambra","Equipment/Service","equipment","","","","false","true","false","","","","","","false","","","https://temp123-nine.vercel.app/equipment-rental/mobile-kitchen-trailers/alhambra-mobile-kitchen-rental/","308","/equipment-rental/mobile-kitchen-trailers/?location=Alhambra","200","https://temp123-nine.vercel.app/equipment-rental/mobile-kitchen-trailers/?location=Alhambra","noindex, follow","","True"
"/equipment-rental/mobile-kitchen-trailers/ali-chuk-mobile-kitchen-rental/","configured_redirect","/equipment-rental/mobile-kitchen-trailers/?location=Ali%20Chuk","Equipment/Service","equipment","","","","false","true","false","","","","","","false","","","https://temp123-nine.vercel.app/equipment-rental/mobile-kitchen-trailers/ali-chuk-mobile-kitchen-rental/","308","/equipment-rental/mobile-kitchen-trailers/?location=Ali%20Chuk","200","https://temp123-nine.vercel.app/equipment-rental/mobile-kitchen-trailers/?location=Ali%20Chuk","noindex, follow","","True"
"/equipment-rental/mobile-kitchen-trailers/ali-chukson-mobile-kitchen-rental/","configured_redirect","/equipment-rental/mobile-kitchen-trailers/?location=Ali%20Chukson","Equipment/Service","equipment","","","","false","true","false","","","","","","false","","","https://temp123-nine.vercel.app/equipment-rental/mobile-kitchen-trailers/ali-chukson-mobile-kitchen-rental/","308","/equipment-rental/mobile-kitchen-trailers/?location=Ali%20Chukson","200","https://temp123-nine.vercel.app/equipment-rental/mobile-kitchen-trailers/?location=Ali%20Chukson","noindex, follow","","True"
"/equipment-rental/mobile-kitchen-trailers/ali-molina-mobile-kitchen-rental/","configured_redirect","/equipment-rental/mobile-kitchen-trailers/?location=Ali%20Molina","Equipment/Service","equipment","","","","false","true","false","","","","","","false","","","https://temp123-nine.vercel.app/equipment-rental/mobile-kitchen-trailers/ali-molina-mobile-kitchen-rental/","308","/equipment-rental/mobile-kitchen-trailers/?location=Ali%20Molina","200","https://temp123-nine.vercel.app/equipment-rental/mobile-kitchen-trailers/?location=Ali%20Molina","noindex, follow","","True"
"/equipment-rental/mobile-kitchen-trailers/alice-acres-mobile-kitchen-rental/","configured_redirect","/equipment-rental/mobile-kitchen-trailers/?location=Alice%20Acres","Equipment/Service","equipment","","","","false","true","false","","","","","","false","","","https://temp123-nine.vercel.app/equipment-rental/mobile-kitchen-trailers/alice-acres-mobile-kitchen-rental/","308","/equipment-rental/mobile-kitchen-trailers/?location=Alice%20Acres","200","https://temp123-nine.vercel.app/equipment-rental/mobile-kitchen-trailers/?location=Alice%20Acres","noindex, follow","","True"
"/equipment-rental/mobile-kitchen-trailers/alice-mobile-kitchen-rental/","configured_redirect","/equipment-rental/mobile-kitchen-trailers/?location=Alice","Equipment/Service","equipment","","","","false","true","false","","","","","","false","","","https://temp123-nine.vercel.app/equipment-rental/mobile-kitchen-trailers/alice-mobile-kitchen-rental/","308","/equipment-rental/mobile-kitchen-trailers/?location=Alice","200","https://temp123-nine.vercel.app/equipment-rental/mobile-kitchen-trailers/?location=Alice","noindex, follow","","True"
"/equipment-rental/mobile-kitchen-trailers/aliceville-mobile-kitchen-rental/","configured_redirect","/equipment-rental/mobile-kitchen-trailers/?location=Aliceville","Equipment/Service","equipment","","","","false","true","false","","","","","","false","","","https://temp123-nine.vercel.app/equipment-rental/mobile-kitchen-trailers/aliceville-mobile-kitchen-rental/","308","/equipment-rental/mobile-kitchen-trailers/?location=Aliceville","200","https://temp123-nine.vercel.app/equipment-rental/mobile-kitchen-trailers/?location=Aliceville","noindex, follow","","True"
"/equipment-rental/mobile-kitchen-trailers/alicia-mobile-kitchen-rental/","configured_redirect","/equipment-rental/mobile-kitchen-trailers/?location=Alicia","Equipment/Service","equipment","","","","false","true","false","","","","","","false","","","https://temp123-nine.vercel.app/equipment-rental/mobile-kitchen-trailers/alicia-mobile-kitchen-rental/","308","/equipment-rental/mobile-kitchen-trailers/?location=Alicia","200","https://temp123-nine.vercel.app/equipment-rental/mobile-kitchen-trailers/?location=Alicia","noindex, follow","","True"
"/equipment-rental/mobile-kitchen-trailers/alief-mobile-kitchen-rental/","configured_redirect","/equipment-rental/mobile-kitchen-trailers/?location=Alief","Equipment/Service","equipment","","","","false","true","false","","","","","","false","","","https://temp123-nine.vercel.app/equipment-rental/mobile-kitchen-trailers/alief-mobile-kitchen-rental/","308","/equipment-rental/mobile-kitchen-trailers/?location=Alief","200","https://temp123-nine.vercel.app/equipment-rental/mobile-kitchen-trailers/?location=Alief","noindex, follow","","True"
"/equipment-rental/mobile-kitchen-trailers/aline-mobile-kitchen-rental/","configured_redirect","/equipment-rental/mobile-kitchen-trailers/?location=Aline","Equipment/Service","equipment","","","","false","true","false","","","","","","false","","","https://temp123-nine.vercel.app/equipment-rental/mobile-kitchen-trailers/aline-mobile-kitchen-rental/","308","/equipment-rental/mobile-kitchen-trailers/?location=Aline","200","https://temp123-nine.vercel.app/equipment-rental/mobile-kitchen-trailers/?location=Aline","noindex, follow","","True"
"/equipment-rental/mobile-kitchen-trailers/aliquippa-mobile-kitchen-rental/","configured_redirect","/equipment-rental/mobile-kitchen-trailers/?location=Aliquippa","Equipment/Service","equipment","","","","false","true","false","","","","","","false","","","https://temp123-nine.vercel.app/equipment-rental/mobile-kitchen-trailers/aliquippa-mobile-kitchen-rental/","308","/equipment-rental/mobile-kitchen-trailers/?location=Aliquippa","200","https://temp123-nine.vercel.app/equipment-rental/mobile-kitchen-trailers/?location=Aliquippa","noindex, follow","","True"
"/equipment-rental/mobile-kitchen-trailers/aliso-viejo-mobile-kitchen-rental/","configured_redirect","/equipment-rental/mobile-kitchen-trailers/?location=Aliso%20Viejo","Equipment/Service","equipment","","","","false","true","false","","","","","","false","","","https://temp123-nine.vercel.app/equipment-rental/mobile-kitchen-trailers/aliso-viejo-mobile-kitchen-rental/","308","/equipment-rental/mobile-kitchen-trailers/?location=Aliso%20Viejo","200","https://temp123-nine.vercel.app/equipment-rental/mobile-kitchen-trailers/?location=Aliso%20Viejo","noindex, follow","","True"
"/equipment-rental/mobile-kitchen-trailers/allagash-mobile-kitchen-rental/","configured_redirect","/equipment-rental/mobile-kitchen-trailers/?location=Allagash","Equipment/Service","equipment","","","","false","true","false","","","","","","false","","","https://temp123-nine.vercel.app/equipment-rental/mobile-kitchen-trailers/allagash-mobile-kitchen-rental/","308","/equipment-rental/mobile-kitchen-trailers/?location=Allagash","200","https://temp123-nine.vercel.app/equipment-rental/mobile-kitchen-trailers/?location=Allagash","noindex, follow","","True"
"/equipment-rental/mobile-kitchen-trailers/allaire-mobile-kitchen-rental/","configured_redirect","/equipment-rental/mobile-kitchen-trailers/?location=Allaire","Equipment/Service","equipment","","","","false","true","false","","","","","","false","","","https://temp123-nine.vercel.app/equipment-rental/mobile-kitchen-trailers/allaire-mobile-kitchen-rental/","308","/equipment-rental/mobile-kitchen-trailers/?location=Allaire","200","https://temp123-nine.vercel.app/equipment-rental/mobile-kitchen-trailers/?location=Allaire","noindex, follow","","True"
"/equipment-rental/mobile-kitchen-trailers/allakaket-mobile-kitchen-rental/","configured_redirect","/equipment-rental/mobile-kitchen-trailers/?location=Allakaket","Equipment/Service","equipment","","","","false","true","false","","","","","","false","","","https://temp123-nine.vercel.app/equipment-rental/mobile-kitchen-trailers/allakaket-mobile-kitchen-rental/","308","/equipment-rental/mobile-kitchen-trailers/?location=Allakaket","200","https://temp123-nine.vercel.app/equipment-rental/mobile-kitchen-trailers/?location=Allakaket","noindex, follow","","True"
"/equipment-rental/mobile-kitchen-trailers/allamuchy-mobile-kitchen-rental/","configured_redirect","/equipment-rental/mobile-kitchen-trailers/?location=Allamuchy","Equipment/Service","equipment","","","","false","true","false","","","","","","false","","","https://temp123-nine.vercel.app/equipment-rental/mobile-kitchen-trailers/allamuchy-mobile-kitchen-rental/","308","/equipment-rental/mobile-kitchen-trailers/?location=Allamuchy","200","https://temp123-nine.vercel.app/equipment-rental/mobile-kitchen-trailers/?location=Allamuchy","noindex, follow","","True"
"/equipment-rental/mobile-kitchen-trailers/allamuchy-panther-valley-mobile-kitchen-rental/","configured_redirect","/equipment-rental/mobile-kitchen-trailers/?location=Allamuchy-Panther%20Valley","Equipment/Service","equipment","","","","false","true","false","","","","","","false","","","https://temp123-nine.vercel.app/equipment-rental/mobile-kitchen-trailers/allamuchy-panther-valley-mobile-kitchen-rental/","308","/equipment-rental/mobile-kitchen-trailers/?location=Allamuchy-Panther%20Valley","200","https://temp123-nine.vercel.app/equipment-rental/mobile-kitchen-trailers/?location=Allamuchy-Panther%20Valley","noindex, follow","","True"
"/equipment-rental/mobile-kitchen-trailers/allapattah-mobile-kitchen-rental/","configured_redirect","/equipment-rental/mobile-kitchen-trailers/?location=Allapattah","Equipment/Service","equipment","","","","false","true","false","","","","","","false","","","https://temp123-nine.vercel.app/equipment-rental/mobile-kitchen-trailers/allapattah-mobile-kitchen-rental/","308","/equipment-rental/mobile-kitchen-trailers/?location=Allapattah","200","https://temp123-nine.vercel.app/equipment-rental/mobile-kitchen-trailers/?location=Allapattah","noindex, follow","","True"
"/equipment-rental/mobile-kitchen-trailers/allardt-mobile-kitchen-rental/","configured_redirect","/equipment-rental/mobile-kitchen-trailers/?location=Allardt","Equipment/Service","equipment","","","","false","true","false","","","","","","false","","","https://temp123-nine.vercel.app/equipment-rental/mobile-kitchen-trailers/allardt-mobile-kitchen-rental/","308","/equipment-rental/mobile-kitchen-trailers/?location=Allardt","200","https://temp123-nine.vercel.app/equipment-rental/mobile-kitchen-trailers/?location=Allardt","noindex, follow","","True"
"/equipment-rental/mobile-kitchen-trailers/allegan-mobile-kitchen-rental/","configured_redirect","/equipment-rental/mobile-kitchen-trailers/?location=Allegan","Equipment/Service","equipment","","","","false","true","false","","","","","","false","","","https://temp123-nine.vercel.app/equipment-rental/mobile-kitchen-trailers/allegan-mobile-kitchen-rental/","308","/equipment-rental/mobile-kitchen-trailers/?location=Allegan","200","https://temp123-nine.vercel.app/equipment-rental/mobile-kitchen-trailers/?location=Allegan","noindex, follow","","True"
"/equipment-rental/mobile-kitchen-trailers/allegany-mobile-kitchen-rental/","configured_redirect","/equipment-rental/mobile-kitchen-trailers/?location=Allegany","Equipment/Service","equipment","","","","false","true","false","","","","","","false","","","https://temp123-nine.vercel.app/equipment-rental/mobile-kitchen-trailers/allegany-mobile-kitchen-rental/","308","/equipment-rental/mobile-kitchen-trailers/?location=Allegany","200","https://temp123-nine.vercel.app/equipment-rental/mobile-kitchen-trailers/?location=Allegany","noindex, follow","","True"
"/equipment-rental/mobile-kitchen-trailers/alleghany-mobile-kitchen-rental/","configured_redirect","/equipment-rental/mobile-kitchen-trailers/?location=Alleghany","Equipment/Service","equipment","","","","false","true","false","","","","","","false","","","https://temp123-nine.vercel.app/equipment-rental/mobile-kitchen-trailers/alleghany-mobile-kitchen-rental/","308","/equipment-rental/mobile-kitchen-trailers/?location=Alleghany","200","https://temp123-nine.vercel.app/equipment-rental/mobile-kitchen-trailers/?location=Alleghany","noindex, follow","","True"
"/equipment-rental/mobile-kitchen-trailers/alleghenyville-mobile-kitchen-rental/","configured_redirect","/equipment-rental/mobile-kitchen-trailers/?location=Alleghenyville","Equipment/Service","equipment","","","","false","true","false","","","","","","false","","","https://temp123-nine.vercel.app/equipment-rental/mobile-kitchen-trailers/alleghenyville-mobile-kitchen-rental/","308","/equipment-rental/mobile-kitchen-trailers/?location=Alleghenyville","200","https://temp123-nine.vercel.app/equipment-rental/mobile-kitchen-trailers/?location=Alleghenyville","noindex, follow","","True"
"/equipment-rental/mobile-kitchen-trailers/alleman-mobile-kitchen-rental/","configured_redirect","/equipment-rental/mobile-kitchen-trailers/?location=Alleman","Equipment/Service","equipment","","","","false","true","false","","","","","","false","","","https://temp123-nine.vercel.app/equipment-rental/mobile-kitchen-trailers/alleman-mobile-kitchen-rental/","308","/equipment-rental/mobile-kitchen-trailers/?location=Alleman","200","https://temp123-nine.vercel.app/equipment-rental/mobile-kitchen-trailers/?location=Alleman","noindex, follow","","True"
"/equipment-rental/mobile-kitchen-trailers/allen-city-mobile-kitchen-rental/","configured_redirect","/equipment-rental/mobile-kitchen-trailers/?location=Allen%20City","Equipment/Service","equipment","","","","false","true","false","","","","","","false","","","https://temp123-nine.vercel.app/equipment-rental/mobile-kitchen-trailers/allen-city-mobile-kitchen-rental/","308","/equipment-rental/mobile-kitchen-trailers/?location=Allen%20City","200","https://temp123-nine.vercel.app/equipment-rental/mobile-kitchen-trailers/?location=Allen%20City","noindex, follow","","True"
"/equipment-rental/mobile-kitchen-trailers/allen-mobile-kitchen-rental/","configured_redirect","/equipment-rental/mobile-kitchen-trailers/?location=Allen","Equipment/Service","equipment","","","","false","true","false","","","","","","false","","","https://temp123-nine.vercel.app/equipment-rental/mobile-kitchen-trailers/allen-mobile-kitchen-rental/","308","/equipment-rental/mobile-kitchen-trailers/?location=Allen","200","https://temp123-nine.vercel.app/equipment-rental/mobile-kitchen-trailers/?location=Allen","noindex, follow","","True"
"/equipment-rental/mobile-kitchen-trailers/allen-park-mobile-kitchen-rental/","configured_redirect","/equipment-rental/mobile-kitchen-trailers/?location=Allen%20Park","Equipment/Service","equipment","","","","false","true","false","","","","","","false","","","https://temp123-nine.vercel.app/equipment-rental/mobile-kitchen-trailers/allen-park-mobile-kitchen-rental/","308","/equipment-rental/mobile-kitchen-trailers/?location=Allen%20Park","200","https://temp123-nine.vercel.app/equipment-rental/mobile-kitchen-trailers/?location=Allen%20Park","noindex, follow","","True"
"/equipment-rental/mobile-kitchen-trailers/allendale-mobile-kitchen-rental/","configured_redirect","/equipment-rental/mobile-kitchen-trailers/?location=Allendale","Equipment/Service","equipment","","","","false","true","false","","","","","","false","","","https://temp123-nine.vercel.app/equipment-rental/mobile-kitchen-trailers/allendale-mobile-kitchen-rental/","308","/equipment-rental/mobile-kitchen-trailers/?location=Allendale","200","https://temp123-nine.vercel.app/equipment-rental/mobile-kitchen-trailers/?location=Allendale","noindex, follow","","True"
"/equipment-rental/mobile-kitchen-trailers/allenhurst-mobile-kitchen-rental/","configured_redirect","/equipment-rental/mobile-kitchen-trailers/?location=Allenhurst","Equipment/Service","equipment","","","","false","true","false","","","","","","false","","","https://temp123-nine.vercel.app/equipment-rental/mobile-kitchen-trailers/allenhurst-mobile-kitchen-rental/","308","/equipment-rental/mobile-kitchen-trailers/?location=Allenhurst","200","https://temp123-nine.vercel.app/equipment-rental/mobile-kitchen-trailers/?location=Allenhurst","noindex, follow","","True"
"/equipment-rental/mobile-kitchen-trailers/allenport-mobile-kitchen-rental/","configured_redirect","/equipment-rental/mobile-kitchen-trailers/?location=Allenport","Equipment/Service","equipment","","","","false","true","false","","","","","","false","","","https://temp123-nine.vercel.app/equipment-rental/mobile-kitchen-trailers/allenport-mobile-kitchen-rental/","308","/equipment-rental/mobile-kitchen-trailers/?location=Allenport","200","https://temp123-nine.vercel.app/equipment-rental/mobile-kitchen-trailers/?location=Allenport","noindex, follow","","True"
"/equipment-rental/mobile-kitchen-trailers/allenspark-mobile-kitchen-rental/","configured_redirect","/equipment-rental/mobile-kitchen-trailers/?location=Allenspark","Equipment/Service","equipment","","","","false","true","false","","","","","","false","","","https://temp123-nine.vercel.app/equipment-rental/mobile-kitchen-trailers/allenspark-mobile-kitchen-rental/","308","/equipment-rental/mobile-kitchen-trailers/?location=Allenspark","200","https://temp123-nine.vercel.app/equipment-rental/mobile-kitchen-trailers/?location=Allenspark","noindex, follow","","True"
"/equipment-rental/mobile-kitchen-trailers/allenstown-mobile-kitchen-rental/","configured_redirect","/equipment-rental/mobile-kitchen-trailers/?location=Allenstown","Equipment/Service","equipment","","","","false","true","false","","","","","","false","","","https://temp123-nine.vercel.app/equipment-rental/mobile-kitchen-trailers/allenstown-mobile-kitchen-rental/","308","/equipment-rental/mobile-kitchen-trailers/?location=Allenstown","200","https://temp123-nine.vercel.app/equipment-rental/mobile-kitchen-trailers/?location=Allenstown","noindex, follow","","True"
"/equipment-rental/mobile-kitchen-trailers/allensville-mobile-kitchen-rental/","configured_redirect","/equipment-rental/mobile-kitchen-trailers/?location=Allensville","Equipment/Service","equipment","","","","false","true","false","","","","","","false","","","https://temp123-nine.vercel.app/equipment-rental/mobile-kitchen-trailers/allensville-mobile-kitchen-rental/","308","/equipment-rental/mobile-kitchen-trailers/?location=Allensville","200","https://temp123-nine.vercel.app/equipment-rental/mobile-kitchen-trailers/?location=Allensville","noindex, follow","","True"
"/equipment-rental/mobile-kitchen-trailers/allensworth-mobile-kitchen-rental/","configured_redirect","/equipment-rental/mobile-kitchen-trailers/?location=Allensworth","Equipment/Service","equipment","","","","false","true","false","","","","","","false","","","https://temp123-nine.vercel.app/equipment-rental/mobile-kitchen-trailers/allensworth-mobile-kitchen-rental/","308","/equipment-rental/mobile-kitchen-trailers/?location=Allensworth","200","https://temp123-nine.vercel.app/equipment-rental/mobile-kitchen-trailers/?location=Allensworth","noindex, follow","","True"
"/equipment-rental/mobile-kitchen-trailers/allenton-mobile-kitchen-rental/","configured_redirect","/equipment-rental/mobile-kitchen-trailers/?location=Allenton","Equipment/Service","equipment","","","","false","true","false","","","","","","false","","","https://temp123-nine.vercel.app/equipment-rental/mobile-kitchen-trailers/allenton-mobile-kitchen-rental/","308","/equipment-rental/mobile-kitchen-trailers/?location=Allenton","200","https://temp123-nine.vercel.app/equipment-rental/mobile-kitchen-trailers/?location=Allenton","noindex, follow","","True"
"/equipment-rental/mobile-kitchen-trailers/allentown-mobile-kitchen-rental/","configured_redirect","/equipment-rental/mobile-kitchen-trailers/?location=Allentown","Equipment/Service","equipment","","","","false","true","false","","","","","","false","","","https://temp123-nine.vercel.app/equipment-rental/mobile-kitchen-trailers/allentown-mobile-kitchen-rental/","308","/equipment-rental/mobile-kitchen-trailers/?location=Allentown","200","https://temp123-nine.vercel.app/equipment-rental/mobile-kitchen-trailers/?location=Allentown","noindex, follow","","True"
"/equipment-rental/mobile-kitchen-trailers/allenville-mobile-kitchen-rental/","configured_redirect","/equipment-rental/mobile-kitchen-trailers/?location=Allenville","Equipment/Service","equipment","","","","false","true","false","","","","","","false","","","https://temp123-nine.vercel.app/equipment-rental/mobile-kitchen-trailers/allenville-mobile-kitchen-rental/","308","/equipment-rental/mobile-kitchen-trailers/?location=Allenville","200","https://temp123-nine.vercel.app/equipment-rental/mobile-kitchen-trailers/?location=Allenville","noindex, follow","","True"
"/equipment-rental/mobile-kitchen-trailers/allenwood-mobile-kitchen-rental/","configured_redirect","/equipment-rental/mobile-kitchen-trailers/?location=Allenwood","Equipment/Service","equipment","","","","false","true","false","","","","","","false","","","https://temp123-nine.vercel.app/equipment-rental/mobile-kitchen-trailers/allenwood-mobile-kitchen-rental/","308","/equipment-rental/mobile-kitchen-trailers/?location=Allenwood","200","https://temp123-nine.vercel.app/equipment-rental/mobile-kitchen-trailers/?location=Allenwood","noindex, follow","","True"
"/equipment-rental/mobile-kitchen-trailers/allerton-mobile-kitchen-rental/","configured_redirect","/equipment-rental/mobile-kitchen-trailers/?location=Allerton","Equipment/Service","equipment","","","","false","true","false","","","","","","false","","","https://temp123-nine.vercel.app/equipment-rental/mobile-kitchen-trailers/allerton-mobile-kitchen-rental/","308","/equipment-rental/mobile-kitchen-trailers/?location=Allerton","200","https://temp123-nine.vercel.app/equipment-rental/mobile-kitchen-trailers/?location=Allerton","noindex, follow","","True"
"/equipment-rental/mobile-kitchen-trailers/allgood-mobile-kitchen-rental/","configured_redirect","/equipment-rental/mobile-kitchen-trailers/?location=Allgood","Equipment/Service","equipment","","","","false","true","false","","","","","","false","","","https://temp123-nine.vercel.app/equipment-rental/mobile-kitchen-trailers/allgood-mobile-kitchen-rental/","308","/equipment-rental/mobile-kitchen-trailers/?location=Allgood","200","https://temp123-nine.vercel.app/equipment-rental/mobile-kitchen-trailers/?location=Allgood","noindex, follow","","True"
"/equipment-rental/mobile-kitchen-trailers/alliance-mobile-kitchen-rental/","configured_redirect","/equipment-rental/mobile-kitchen-trailers/?location=Alliance","Equipment/Service","equipment","","","","false","true","false","","","","","","false","","","https://temp123-nine.vercel.app/equipment-rental/mobile-kitchen-trailers/alliance-mobile-kitchen-rental/","308","/equipment-rental/mobile-kitchen-trailers/?location=Alliance","200","https://temp123-nine.vercel.app/equipment-rental/mobile-kitchen-trailers/?location=Alliance","noindex, follow","","True"
"/equipment-rental/mobile-kitchen-trailers/alligator-mobile-kitchen-rental/","configured_redirect","/equipment-rental/mobile-kitchen-trailers/?location=Alligator","Equipment/Service","equipment","","","","false","true","false","","","","","","false","","","https://temp123-nine.vercel.app/equipment-rental/mobile-kitchen-trailers/alligator-mobile-kitchen-rental/","308","/equipment-rental/mobile-kitchen-trailers/?location=Alligator","200","https://temp123-nine.vercel.app/equipment-rental/mobile-kitchen-trailers/?location=Alligator","noindex, follow","","True"
"/equipment-rental/mobile-kitchen-trailers/allingtown-mobile-kitchen-rental/","configured_redirect","/equipment-rental/mobile-kitchen-trailers/?location=Allingtown","Equipment/Service","equipment","","","","false","true","false","","","","","","false","","","https://temp123-nine.vercel.app/equipment-rental/mobile-kitchen-trailers/allingtown-mobile-kitchen-rental/","308","/equipment-rental/mobile-kitchen-trailers/?location=Allingtown","200","https://temp123-nine.vercel.app/equipment-rental/mobile-kitchen-trailers/?location=Allingtown","noindex, follow","","True"
"/equipment-rental/mobile-kitchen-trailers/allison-gap-mobile-kitchen-rental/","configured_redirect","/equipment-rental/mobile-kitchen-trailers/?location=Allison%20Gap","Equipment/Service","equipment","","","","false","true","false","","","","","","false","","","https://temp123-nine.vercel.app/equipment-rental/mobile-kitchen-trailers/allison-gap-mobile-kitchen-rental/","308","/equipment-rental/mobile-kitchen-trailers/?location=Allison%20Gap","200","https://temp123-nine.vercel.app/equipment-rental/mobile-kitchen-trailers/?location=Allison%20Gap","noindex, follow","","True"
"/equipment-rental/mobile-kitchen-trailers/allison-mobile-kitchen-rental/","configured_redirect","/equipment-rental/mobile-kitchen-trailers/?location=Allison","Equipment/Service","equipment","","","","false","true","false","","","","","","false","","","https://temp123-nine.vercel.app/equipment-rental/mobile-kitchen-trailers/allison-mobile-kitchen-rental/","308","/equipment-rental/mobile-kitchen-trailers/?location=Allison","200","https://temp123-nine.vercel.app/equipment-rental/mobile-kitchen-trailers/?location=Allison","noindex, follow","","True"
"/equipment-rental/mobile-kitchen-trailers/allison-park-mobile-kitchen-rental/","configured_redirect","/equipment-rental/mobile-kitchen-trailers/?location=Allison%20Park","Equipment/Service","equipment","","","","false","true","false","","","","","","false","","","https://temp123-nine.vercel.app/equipment-rental/mobile-kitchen-trailers/allison-park-mobile-kitchen-rental/","308","/equipment-rental/mobile-kitchen-trailers/?location=Allison%20Park","200","https://temp123-nine.vercel.app/equipment-rental/mobile-kitchen-trailers/?location=Allison%20Park","noindex, follow","","True"
"/equipment-rental/mobile-kitchen-trailers/allisonia-mobile-kitchen-rental/","configured_redirect","/equipment-rental/mobile-kitchen-trailers/?location=Allisonia","Equipment/Service","equipment","","","","false","true","false","","","","","","false","","","https://temp123-nine.vercel.app/equipment-rental/mobile-kitchen-trailers/allisonia-mobile-kitchen-rental/","308","/equipment-rental/mobile-kitchen-trailers/?location=Allisonia","200","https://temp123-nine.vercel.app/equipment-rental/mobile-kitchen-trailers/?location=Allisonia","noindex, follow","","True"
"/equipment-rental/mobile-kitchen-trailers/allouez-mobile-kitchen-rental/","configured_redirect","/equipment-rental/mobile-kitchen-trailers/?location=Allouez","Equipment/Service","equipment","","","","false","true","false","","","","","","false","","","https://temp123-nine.vercel.app/equipment-rental/mobile-kitchen-trailers/allouez-mobile-kitchen-rental/","308","/equipment-rental/mobile-kitchen-trailers/?location=Allouez","200","https://temp123-nine.vercel.app/equipment-rental/mobile-kitchen-trailers/?location=Allouez","noindex, follow","","True"
"/equipment-rental/mobile-kitchen-trailers/alloway-mobile-kitchen-rental/","configured_redirect","/equipment-rental/mobile-kitchen-trailers/?location=Alloway","Equipment/Service","equipment","","","","false","true","false","","","","","","false","","","https://temp123-nine.vercel.app/equipment-rental/mobile-kitchen-trailers/alloway-mobile-kitchen-rental/","308","/equipment-rental/mobile-kitchen-trailers/?location=Alloway","200","https://temp123-nine.vercel.app/equipment-rental/mobile-kitchen-trailers/?location=Alloway","noindex, follow","","True"
"/equipment-rental/mobile-kitchen-trailers/allport-mobile-kitchen-rental/","configured_redirect","/equipment-rental/mobile-kitchen-trailers/?location=Allport","Equipment/Service","equipment","","","","false","true","false","","","","","","false","","","https://temp123-nine.vercel.app/equipment-rental/mobile-kitchen-trailers/allport-mobile-kitchen-rental/","308","/equipment-rental/mobile-kitchen-trailers/?location=Allport","200","https://temp123-nine.vercel.app/equipment-rental/mobile-kitchen-trailers/?location=Allport","noindex, follow","","True"
"/equipment-rental/mobile-kitchen-trailers/alluwe-mobile-kitchen-rental/","configured_redirect","/equipment-rental/mobile-kitchen-trailers/?location=Alluwe","Equipment/Service","equipment","","","","false","true","false","","","","","","false","","","https://temp123-nine.vercel.app/equipment-rental/mobile-kitchen-trailers/alluwe-mobile-kitchen-rental/","308","/equipment-rental/mobile-kitchen-trailers/?location=Alluwe","200","https://temp123-nine.vercel.app/equipment-rental/mobile-kitchen-trailers/?location=Alluwe","noindex, follow","","True"
"/equipment-rental/mobile-kitchen-trailers/allyn-grapeview-mobile-kitchen-rental/","configured_redirect","/equipment-rental/mobile-kitchen-trailers/?location=Allyn-Grapeview","Equipment/Service","equipment","","","","false","true","false","","","","","","false","","","https://temp123-nine.vercel.app/equipment-rental/mobile-kitchen-trailers/allyn-grapeview-mobile-kitchen-rental/","308","/equipment-rental/mobile-kitchen-trailers/?location=Allyn-Grapeview","200","https://temp123-nine.vercel.app/equipment-rental/mobile-kitchen-trailers/?location=Allyn-Grapeview","noindex, follow","","True"
"/equipment-rental/mobile-kitchen-trailers/allyn-mobile-kitchen-rental/","configured_redirect","/equipment-rental/mobile-kitchen-trailers/?location=Allyn","Equipment/Service","equipment","","","","false","true","false","","","","","","false","","","https://temp123-nine.vercel.app/equipment-rental/mobile-kitchen-trailers/allyn-mobile-kitchen-rental/","308","/equipment-rental/mobile-kitchen-trailers/?location=Allyn","200","https://temp123-nine.vercel.app/equipment-rental/mobile-kitchen-trailers/?location=Allyn","noindex, follow","","True"
"/equipment-rental/mobile-kitchen-trailers/alma-center-mobile-kitchen-rental/","configured_redirect","/equipment-rental/mobile-kitchen-trailers/?location=Alma%20Center","Equipment/Service","equipment","","","","false","true","false","","","","","","false","","","https://temp123-nine.vercel.app/equipment-rental/mobile-kitchen-trailers/alma-center-mobile-kitchen-rental/","308","/equipment-rental/mobile-kitchen-trailers/?location=Alma%20Center","200","https://temp123-nine.vercel.app/equipment-rental/mobile-kitchen-trailers/?location=Alma%20Center","noindex, follow","","True"
"/equipment-rental/mobile-kitchen-trailers/alma-mobile-kitchen-rental/","configured_redirect","/equipment-rental/mobile-kitchen-trailers/?location=Alma","Equipment/Service","equipment","","","","false","true","false","","","","","","false","","","https://temp123-nine.vercel.app/equipment-rental/mobile-kitchen-trailers/alma-mobile-kitchen-rental/","308","/equipment-rental/mobile-kitchen-trailers/?location=Alma","200","https://temp123-nine.vercel.app/equipment-rental/mobile-kitchen-trailers/?location=Alma","noindex, follow","","True"
"/equipment-rental/mobile-kitchen-trailers/almeda-beach-mobile-kitchen-rental/","configured_redirect","/equipment-rental/mobile-kitchen-trailers/?location=Almeda%20Beach","Equipment/Service","equipment","","","","false","true","false","","","","","","false","","","https://temp123-nine.vercel.app/equipment-rental/mobile-kitchen-trailers/almeda-beach-mobile-kitchen-rental/","308","/equipment-rental/mobile-kitchen-trailers/?location=Almeda%20Beach","200","https://temp123-nine.vercel.app/equipment-rental/mobile-kitchen-trailers/?location=Almeda%20Beach","noindex, follow","","True"
"/equipment-rental/mobile-kitchen-trailers/almedia-mobile-kitchen-rental/","configured_redirect","/equipment-rental/mobile-kitchen-trailers/?location=Almedia","Equipment/Service","equipment","","","","false","true","false","","","","","","false","","","https://temp123-nine.vercel.app/equipment-rental/mobile-kitchen-trailers/almedia-mobile-kitchen-rental/","308","/equipment-rental/mobile-kitchen-trailers/?location=Almedia","200","https://temp123-nine.vercel.app/equipment-rental/mobile-kitchen-trailers/?location=Almedia","noindex, follow","","True"
"/equipment-rental/mobile-kitchen-trailers/almena-mobile-kitchen-rental/","configured_redirect","/equipment-rental/mobile-kitchen-trailers/?location=Almena","Equipment/Service","equipment","","","","false","true","false","","","","","","false","","","https://temp123-nine.vercel.app/equipment-rental/mobile-kitchen-trailers/almena-mobile-kitchen-rental/","308","/equipment-rental/mobile-kitchen-trailers/?location=Almena","200","https://temp123-nine.vercel.app/equipment-rental/mobile-kitchen-trailers/?location=Almena","noindex, follow","","True"
"/equipment-rental/mobile-kitchen-trailers/almira-mobile-kitchen-rental/","configured_redirect","/equipment-rental/mobile-kitchen-trailers/?location=Almira","Equipment/Service","equipment","","","","false","true","false","","","","","","false","","","https://temp123-nine.vercel.app/equipment-rental/mobile-kitchen-trailers/almira-mobile-kitchen-rental/","308","/equipment-rental/mobile-kitchen-trailers/?location=Almira","200","https://temp123-nine.vercel.app/equipment-rental/mobile-kitchen-trailers/?location=Almira","noindex, follow","","True"
"/equipment-rental/mobile-kitchen-trailers/almon-mobile-kitchen-rental/","configured_redirect","/equipment-rental/mobile-kitchen-trailers/?location=Almon","Equipment/Service","equipment","","","","false","true","false","","","","","","false","","","https://temp123-nine.vercel.app/equipment-rental/mobile-kitchen-trailers/almon-mobile-kitchen-rental/","308","/equipment-rental/mobile-kitchen-trailers/?location=Almon","200","https://temp123-nine.vercel.app/equipment-rental/mobile-kitchen-trailers/?location=Almon","noindex, follow","","True"
"/equipment-rental/mobile-kitchen-trailers/almond-mobile-kitchen-rental/","configured_redirect","/equipment-rental/mobile-kitchen-trailers/?location=Almond","Equipment/Service","equipment","","","","false","true","false","","","","","","false","","","https://temp123-nine.vercel.app/equipment-rental/mobile-kitchen-trailers/almond-mobile-kitchen-rental/","308","/equipment-rental/mobile-kitchen-trailers/?location=Almond","200","https://temp123-nine.vercel.app/equipment-rental/mobile-kitchen-trailers/?location=Almond","noindex, follow","","True"
"/equipment-rental/mobile-kitchen-trailers/almont-mobile-kitchen-rental/","configured_redirect","/equipment-rental/mobile-kitchen-trailers/?location=Almont","Equipment/Service","equipment","","","","false","true","false","","","","","","false","","","https://temp123-nine.vercel.app/equipment-rental/mobile-kitchen-trailers/almont-mobile-kitchen-rental/","308","/equipment-rental/mobile-kitchen-trailers/?location=Almont","200","https://temp123-nine.vercel.app/equipment-rental/mobile-kitchen-trailers/?location=Almont","noindex, follow","","True"
"/equipment-rental/mobile-kitchen-trailers/almyra-mobile-kitchen-rental/","configured_redirect","/equipment-rental/mobile-kitchen-trailers/?location=Almyra","Equipment/Service","equipment","","","","false","true","false","","","","","","false","","","https://temp123-nine.vercel.app/equipment-rental/mobile-kitchen-trailers/almyra-mobile-kitchen-rental/","308","/equipment-rental/mobile-kitchen-trailers/?location=Almyra","200","https://temp123-nine.vercel.app/equipment-rental/mobile-kitchen-trailers/?location=Almyra","noindex, follow","","True"
"/equipment-rental/mobile-kitchen-trailers/alna-center-mobile-kitchen-rental/","configured_redirect","/equipment-rental/mobile-kitchen-trailers/?location=Alna%20Center","Equipment/Service","equipment","","","","false","true","false","","","","","","false","","","https://temp123-nine.vercel.app/equipment-rental/mobile-kitchen-trailers/alna-center-mobile-kitchen-rental/","308","/equipment-rental/mobile-kitchen-trailers/?location=Alna%20Center","200","https://temp123-nine.vercel.app/equipment-rental/mobile-kitchen-trailers/?location=Alna%20Center","noindex, follow","","True"
"/equipment-rental/mobile-kitchen-trailers/alna-mobile-kitchen-rental/","configured_redirect","/equipment-rental/mobile-kitchen-trailers/?location=Alna","Equipment/Service","equipment","","","","false","true","false","","","","","","false","","","https://temp123-nine.vercel.app/equipment-rental/mobile-kitchen-trailers/alna-mobile-kitchen-rental/","308","/equipment-rental/mobile-kitchen-trailers/?location=Alna","200","https://temp123-nine.vercel.app/equipment-rental/mobile-kitchen-trailers/?location=Alna","noindex, follow","","True"
"/equipment-rental/mobile-kitchen-trailers/aloha-mobile-kitchen-rental/","configured_redirect","/equipment-rental/mobile-kitchen-trailers/?location=Aloha","Equipment/Service","equipment","","","","false","true","false","","","","","","false","","","https://temp123-nine.vercel.app/equipment-rental/mobile-kitchen-trailers/aloha-mobile-kitchen-rental/","308","/equipment-rental/mobile-kitchen-trailers/?location=Aloha","200","https://temp123-nine.vercel.app/equipment-rental/mobile-kitchen-trailers/?location=Aloha","noindex, follow","","True"
"/equipment-rental/mobile-kitchen-trailers/alondra-park-mobile-kitchen-rental/","configured_redirect","/equipment-rental/mobile-kitchen-trailers/?location=Alondra%20Park","Equipment/Service","equipment","","","","false","true","false","","","","","","false","","","https://temp123-nine.vercel.app/equipment-rental/mobile-kitchen-trailers/alondra-park-mobile-kitchen-rental/","308","/equipment-rental/mobile-kitchen-trailers/?location=Alondra%20Park","200","https://temp123-nine.vercel.app/equipment-rental/mobile-kitchen-trailers/?location=Alondra%20Park","noindex, follow","","True"
"/equipment-rental/mobile-kitchen-trailers/alorton-mobile-kitchen-rental/","configured_redirect","/equipment-rental/mobile-kitchen-trailers/?location=Alorton","Equipment/Service","equipment","","","","false","true","false","","","","","","false","","","https://temp123-nine.vercel.app/equipment-rental/mobile-kitchen-trailers/alorton-mobile-kitchen-rental/","308","/equipment-rental/mobile-kitchen-trailers/?location=Alorton","200","https://temp123-nine.vercel.app/equipment-rental/mobile-kitchen-trailers/?location=Alorton","noindex, follow","","True"
"/equipment-rental/mobile-kitchen-trailers/alpaugh-mobile-kitchen-rental/","configured_redirect","/equipment-rental/mobile-kitchen-trailers/?location=Alpaugh","Equipment/Service","equipment","","","","false","true","false","","","","","","false","","","https://temp123-nine.vercel.app/equipment-rental/mobile-kitchen-trailers/alpaugh-mobile-kitchen-rental/","308","/equipment-rental/mobile-kitchen-trailers/?location=Alpaugh","200","https://temp123-nine.vercel.app/equipment-rental/mobile-kitchen-trailers/?location=Alpaugh","noindex, follow","","True"
"/equipment-rental/mobile-kitchen-trailers/alpena-mobile-kitchen-rental/","configured_redirect","/equipment-rental/mobile-kitchen-trailers/?location=Alpena","Equipment/Service","equipment","","","","false","true","false","","","","","","false","","","https://temp123-nine.vercel.app/equipment-rental/mobile-kitchen-trailers/alpena-mobile-kitchen-rental/","308","/equipment-rental/mobile-kitchen-trailers/?location=Alpena","200","https://temp123-nine.vercel.app/equipment-rental/mobile-kitchen-trailers/?location=Alpena","noindex, follow","","True"
"/equipment-rental/mobile-kitchen-trailers/alpha-mobile-kitchen-rental/","configured_redirect","/equipment-rental/mobile-kitchen-trailers/?location=Alpha","Equipment/Service","equipment","","","","false","true","false","","","","","","false","","","https://temp123-nine.vercel.app/equipment-rental/mobile-kitchen-trailers/alpha-mobile-kitchen-rental/","308","/equipment-rental/mobile-kitchen-trailers/?location=Alpha","200","https://temp123-nine.vercel.app/equipment-rental/mobile-kitchen-trailers/?location=Alpha","noindex, follow","","True"
"/equipment-rental/mobile-kitchen-trailers/alpharetta-mobile-kitchen-rental/","configured_redirect","/equipment-rental/mobile-kitchen-trailers/?location=Alpharetta","Equipment/Service","equipment","","","","false","true","false","","","","","","false","","","https://temp123-nine.vercel.app/equipment-rental/mobile-kitchen-trailers/alpharetta-mobile-kitchen-rental/","308","/equipment-rental/mobile-kitchen-trailers/?location=Alpharetta","200","https://temp123-nine.vercel.app/equipment-rental/mobile-kitchen-trailers/?location=Alpharetta","noindex, follow","","True"
"/equipment-rental/mobile-kitchen-trailers/alpine-mobile-kitchen-rental/","configured_redirect","/equipment-rental/mobile-kitchen-trailers/?location=Alpine","Equipment/Service","equipment","","","","false","true","false","","","","","","false","","","https://temp123-nine.vercel.app/equipment-rental/mobile-kitchen-trailers/alpine-mobile-kitchen-rental/","308","/equipment-rental/mobile-kitchen-trailers/?location=Alpine","200","https://temp123-nine.vercel.app/equipment-rental/mobile-kitchen-trailers/?location=Alpine","noindex, follow","","True"
"/equipment-rental/mobile-kitchen-trailers/alpine-northwest-mobile-kitchen-rental/","configured_redirect","/equipment-rental/mobile-kitchen-trailers/?location=Alpine%20Northwest","Equipment/Service","equipment","","","","false","true","false","","","","","","false","","","https://temp123-nine.vercel.app/equipment-rental/mobile-kitchen-trailers/alpine-northwest-mobile-kitchen-rental/","308","/equipment-rental/mobile-kitchen-trailers/?location=Alpine%20Northwest","200","https://temp123-nine.vercel.app/equipment-rental/mobile-kitchen-trailers/?location=Alpine%20Northwest","noindex, follow","","True"
"/equipment-rental/mobile-kitchen-trailers/alpine-village-mobile-kitchen-rental/","configured_redirect","/equipment-rental/mobile-kitchen-trailers/?location=Alpine%20Village","Equipment/Service","equipment","","","","false","true","false","","","","","","false","","","https://temp123-nine.vercel.app/equipment-rental/mobile-kitchen-trailers/alpine-village-mobile-kitchen-rental/","308","/equipment-rental/mobile-kitchen-trailers/?location=Alpine%20Village","200","https://temp123-nine.vercel.app/equipment-rental/mobile-kitchen-trailers/?location=Alpine%20Village","noindex, follow","","True"
"/equipment-rental/mobile-kitchen-trailers/alplaus-mobile-kitchen-rental/","configured_redirect","/equipment-rental/mobile-kitchen-trailers/?location=Alplaus","Equipment/Service","equipment","","","","false","true","false","","","","","","false","","","https://temp123-nine.vercel.app/equipment-rental/mobile-kitchen-trailers/alplaus-mobile-kitchen-rental/","308","/equipment-rental/mobile-kitchen-trailers/?location=Alplaus","200","https://temp123-nine.vercel.app/equipment-rental/mobile-kitchen-trailers/?location=Alplaus","noindex, follow","","True"
"/equipment-rental/mobile-kitchen-trailers/alsace-manor-mobile-kitchen-rental/","configured_redirect","/equipment-rental/mobile-kitchen-trailers/?location=Alsace%20Manor","Equipment/Service","equipment","","","","false","true","false","","","","","","false","","","https://temp123-nine.vercel.app/equipment-rental/mobile-kitchen-trailers/alsace-manor-mobile-kitchen-rental/","308","/equipment-rental/mobile-kitchen-trailers/?location=Alsace%20Manor","200","https://temp123-nine.vercel.app/equipment-rental/mobile-kitchen-trailers/?location=Alsace%20Manor","noindex, follow","","True"
"/equipment-rental/mobile-kitchen-trailers/alsea-mobile-kitchen-rental/","configured_redirect","/equipment-rental/mobile-kitchen-trailers/?location=Alsea","Equipment/Service","equipment","","","","false","true","false","","","","","","false","","","https://temp123-nine.vercel.app/equipment-rental/mobile-kitchen-trailers/alsea-mobile-kitchen-rental/","308","/equipment-rental/mobile-kitchen-trailers/?location=Alsea","200","https://temp123-nine.vercel.app/equipment-rental/mobile-kitchen-trailers/?location=Alsea","noindex, follow","","True"
"/equipment-rental/mobile-kitchen-trailers/alsen-mobile-kitchen-rental/","configured_redirect","/equipment-rental/mobile-kitchen-trailers/?location=Alsen","Equipment/Service","equipment","","","","false","true","false","","","","","","false","","","https://temp123-nine.vercel.app/equipment-rental/mobile-kitchen-trailers/alsen-mobile-kitchen-rental/","308","/equipment-rental/mobile-kitchen-trailers/?location=Alsen","200","https://temp123-nine.vercel.app/equipment-rental/mobile-kitchen-trailers/?location=Alsen","noindex, follow","","True"
"/equipment-rental/mobile-kitchen-trailers/alsey-mobile-kitchen-rental/","configured_redirect","/equipment-rental/mobile-kitchen-trailers/?location=Alsey","Equipment/Service","equipment","","","","false","true","false","","","","","","false","","","https://temp123-nine.vercel.app/equipment-rental/mobile-kitchen-trailers/alsey-mobile-kitchen-rental/","308","/equipment-rental/mobile-kitchen-trailers/?location=Alsey","200","https://temp123-nine.vercel.app/equipment-rental/mobile-kitchen-trailers/?location=Alsey","noindex, follow","","True"
"/equipment-rental/mobile-kitchen-trailers/alsip-mobile-kitchen-rental/","configured_redirect","/equipment-rental/mobile-kitchen-trailers/?location=Alsip","Equipment/Service","equipment","","","","false","true","false","","","","","","false","","","https://temp123-nine.vercel.app/equipment-rental/mobile-kitchen-trailers/alsip-mobile-kitchen-rental/","308","/equipment-rental/mobile-kitchen-trailers/?location=Alsip","200","https://temp123-nine.vercel.app/equipment-rental/mobile-kitchen-trailers/?location=Alsip","noindex, follow","","True"
"/equipment-rental/mobile-kitchen-trailers/alstead-mobile-kitchen-rental/","configured_redirect","/equipment-rental/mobile-kitchen-trailers/?location=Alstead","Equipment/Service","equipment","","","","false","true","false","","","","","","false","","","https://temp123-nine.vercel.app/equipment-rental/mobile-kitchen-trailers/alstead-mobile-kitchen-rental/","308","/equipment-rental/mobile-kitchen-trailers/?location=Alstead","200","https://temp123-nine.vercel.app/equipment-rental/mobile-kitchen-trailers/?location=Alstead","noindex, follow","","True"
"/equipment-rental/mobile-kitchen-trailers/alston-mobile-kitchen-rental/","configured_redirect","/equipment-rental/mobile-kitchen-trailers/?location=Alston","Equipment/Service","equipment","","","","false","true","false","","","","","","false","","","https://temp123-nine.vercel.app/equipment-rental/mobile-kitchen-trailers/alston-mobile-kitchen-rental/","308","/equipment-rental/mobile-kitchen-trailers/?location=Alston","200","https://temp123-nine.vercel.app/equipment-rental/mobile-kitchen-trailers/?location=Alston","noindex, follow","","True"
"/equipment-rental/mobile-kitchen-trailers/alsuma-mobile-kitchen-rental/","configured_redirect","/equipment-rental/mobile-kitchen-trailers/?location=Alsuma","Equipment/Service","equipment","","","","false","true","false","","","","","","false","","","https://temp123-nine.vercel.app/equipment-rental/mobile-kitchen-trailers/alsuma-mobile-kitchen-rental/","308","/equipment-rental/mobile-kitchen-trailers/?location=Alsuma","200","https://temp123-nine.vercel.app/equipment-rental/mobile-kitchen-trailers/?location=Alsuma","noindex, follow","","True"
"/equipment-rental/mobile-kitchen-trailers/alta-mobile-kitchen-rental/","configured_redirect","/equipment-rental/mobile-kitchen-trailers/?location=Alta","Equipment/Service","equipment","","","","false","true","false","","","","","","false","","","https://temp123-nine.vercel.app/equipment-rental/mobile-kitchen-trailers/alta-mobile-kitchen-rental/","308","/equipment-rental/mobile-kitchen-trailers/?location=Alta","200","https://temp123-nine.vercel.app/equipment-rental/mobile-kitchen-trailers/?location=Alta","noindex, follow","","True"
"/equipment-rental/mobile-kitchen-trailers/alta-sierra-estates-mobile-kitchen-rental/","configured_redirect","/equipment-rental/mobile-kitchen-trailers/?location=Alta%20Sierra%20Estates","Equipment/Service","equipment","","","","false","true","false","","","","","","false","","","https://temp123-nine.vercel.app/equipment-rental/mobile-kitchen-trailers/alta-sierra-estates-mobile-kitchen-rental/","308","/equipment-rental/mobile-kitchen-trailers/?location=Alta%20Sierra%20Estates","200","https://temp123-nine.vercel.app/equipment-rental/mobile-kitchen-trailers/?location=Alta%20Sierra%20Estates","noindex, follow","","True"
"/equipment-rental/mobile-kitchen-trailers/alta-sierra-mobile-kitchen-rental/","configured_redirect","/equipment-rental/mobile-kitchen-trailers/?location=Alta%20Sierra","Equipment/Service","equipment","","","","false","true","false","","","","","","false","","","https://temp123-nine.vercel.app/equipment-rental/mobile-kitchen-trailers/alta-sierra-mobile-kitchen-rental/","308","/equipment-rental/mobile-kitchen-trailers/?location=Alta%20Sierra","200","https://temp123-nine.vercel.app/equipment-rental/mobile-kitchen-trailers/?location=Alta%20Sierra","noindex, follow","","True"
"/equipment-rental/mobile-kitchen-trailers/alta-sierra-ranches-mobile-kitchen-rental/","configured_redirect","/equipment-rental/mobile-kitchen-trailers/?location=Alta%20Sierra%20Ranches","Equipment/Service","equipment","","","","false","true","false","","","","","","false","","","https://temp123-nine.vercel.app/equipment-rental/mobile-kitchen-trailers/alta-sierra-ranches-mobile-kitchen-rental/","308","/equipment-rental/mobile-kitchen-trailers/?location=Alta%20Sierra%20Ranches","200","https://temp123-nine.vercel.app/equipment-rental/mobile-kitchen-trailers/?location=Alta%20Sierra%20Ranches","noindex, follow","","True"
"/equipment-rental/mobile-kitchen-trailers/alta-vista-mobile-kitchen-rental/","configured_redirect","/equipment-rental/mobile-kitchen-trailers/?location=Alta%20Vista","Equipment/Service","equipment","","","","false","true","false","","","","","","false","","","https://temp123-nine.vercel.app/equipment-rental/mobile-kitchen-trailers/alta-vista-mobile-kitchen-rental/","308","/equipment-rental/mobile-kitchen-trailers/?location=Alta%20Vista","200","https://temp123-nine.vercel.app/equipment-rental/mobile-kitchen-trailers/?location=Alta%20Vista","noindex, follow","","True"
"/equipment-rental/mobile-kitchen-trailers/altadena-mobile-kitchen-rental/","configured_redirect","/equipment-rental/mobile-kitchen-trailers/?location=Altadena","Equipment/Service","equipment","","","","false","true","false","","","","","","false","","","https://temp123-nine.vercel.app/equipment-rental/mobile-kitchen-trailers/altadena-mobile-kitchen-rental/","308","/equipment-rental/mobile-kitchen-trailers/?location=Altadena","200","https://temp123-nine.vercel.app/equipment-rental/mobile-kitchen-trailers/?location=Altadena","noindex, follow","","True"
"/equipment-rental/mobile-kitchen-trailers/altair-mobile-kitchen-rental/","configured_redirect","/equipment-rental/mobile-kitchen-trailers/?location=Altair","Equipment/Service","equipment","","","","false","true","false","","","","","","false","","","https://temp123-nine.vercel.app/equipment-rental/mobile-kitchen-trailers/altair-mobile-kitchen-rental/","308","/equipment-rental/mobile-kitchen-trailers/?location=Altair","200","https://temp123-nine.vercel.app/equipment-rental/mobile-kitchen-trailers/?location=Altair","noindex, follow","","True"
"/equipment-rental/mobile-kitchen-trailers/altamahaw-mobile-kitchen-rental/","configured_redirect","/equipment-rental/mobile-kitchen-trailers/?location=Altamahaw","Equipment/Service","equipment","","","","false","true","false","","","","","","false","","","https://temp123-nine.vercel.app/equipment-rental/mobile-kitchen-trailers/altamahaw-mobile-kitchen-rental/","308","/equipment-rental/mobile-kitchen-trailers/?location=Altamahaw","200","https://temp123-nine.vercel.app/equipment-rental/mobile-kitchen-trailers/?location=Altamahaw","noindex, follow","","True"
"/equipment-rental/mobile-kitchen-trailers/altamont-mobile-kitchen-rental/","configured_redirect","/equipment-rental/mobile-kitchen-trailers/?location=Altamont","Equipment/Service","equipment","","","","false","true","false","","","","","","false","","","https://temp123-nine.vercel.app/equipment-rental/mobile-kitchen-trailers/altamont-mobile-kitchen-rental/","308","/equipment-rental/mobile-kitchen-trailers/?location=Altamont","200","https://temp123-nine.vercel.app/equipment-rental/mobile-kitchen-trailers/?location=Altamont","noindex, follow","","True"
"/equipment-rental/mobile-kitchen-trailers/altamonte-springs-mobile-kitchen-rental/","configured_redirect","/equipment-rental/mobile-kitchen-trailers/?location=Altamonte%20Springs","Equipment/Service","equipment","","","","false","true","false","","","","","","false","","","https://temp123-nine.vercel.app/equipment-rental/mobile-kitchen-trailers/altamonte-springs-mobile-kitchen-rental/","308","/equipment-rental/mobile-kitchen-trailers/?location=Altamonte%20Springs","200","https://temp123-nine.vercel.app/equipment-rental/mobile-kitchen-trailers/?location=Altamonte%20Springs","noindex, follow","","True"
"/equipment-rental/mobile-kitchen-trailers/altavista-mobile-kitchen-rental/","configured_redirect","/equipment-rental/mobile-kitchen-trailers/?location=Altavista","Equipment/Service","equipment","","","","false","true","false","","","","","","false","","","https://temp123-nine.vercel.app/equipment-rental/mobile-kitchen-trailers/altavista-mobile-kitchen-rental/","308","/equipment-rental/mobile-kitchen-trailers/?location=Altavista","200","https://temp123-nine.vercel.app/equipment-rental/mobile-kitchen-trailers/?location=Altavista","noindex, follow","","True"
"/equipment-rental/mobile-kitchen-trailers/altenburg-mobile-kitchen-rental/","configured_redirect","/equipment-rental/mobile-kitchen-trailers/?location=Altenburg","Equipment/Service","equipment","","","","false","true","false","","","","","","false","","","https://temp123-nine.vercel.app/equipment-rental/mobile-kitchen-trailers/altenburg-mobile-kitchen-rental/","308","/equipment-rental/mobile-kitchen-trailers/?location=Altenburg","200","https://temp123-nine.vercel.app/equipment-rental/mobile-kitchen-trailers/?location=Altenburg","noindex, follow","","True"
"/equipment-rental/mobile-kitchen-trailers/altha-mobile-kitchen-rental/","configured_redirect","/equipment-rental/mobile-kitchen-trailers/?location=Altha","Equipment/Service","equipment","","","","false","true","false","","","","","","false","","","https://temp123-nine.vercel.app/equipment-rental/mobile-kitchen-trailers/altha-mobile-kitchen-rental/","308","/equipment-rental/mobile-kitchen-trailers/?location=Altha","200","https://temp123-nine.vercel.app/equipment-rental/mobile-kitchen-trailers/?location=Altha","noindex, follow","","True"
"/equipment-rental/mobile-kitchen-trailers/altheimer-mobile-kitchen-rental/","configured_redirect","/equipment-rental/mobile-kitchen-trailers/?location=Altheimer","Equipment/Service","equipment","","","","false","true","false","","","","","","false","","","https://temp123-nine.vercel.app/equipment-rental/mobile-kitchen-trailers/altheimer-mobile-kitchen-rental/","308","/equipment-rental/mobile-kitchen-trailers/?location=Altheimer","200","https://temp123-nine.vercel.app/equipment-rental/mobile-kitchen-trailers/?location=Altheimer","noindex, follow","","True"
"/equipment-rental/mobile-kitchen-trailers/altmar-mobile-kitchen-rental/","configured_redirect","/equipment-rental/mobile-kitchen-trailers/?location=Altmar","Equipment/Service","equipment","","","","false","true","false","","","","","","false","","","https://temp123-nine.vercel.app/equipment-rental/mobile-kitchen-trailers/altmar-mobile-kitchen-rental/","308","/equipment-rental/mobile-kitchen-trailers/?location=Altmar","200","https://temp123-nine.vercel.app/equipment-rental/mobile-kitchen-trailers/?location=Altmar","noindex, follow","","True"
"/equipment-rental/mobile-kitchen-trailers/alto-bonito-colonia-mobile-kitchen-rental/","configured_redirect","/equipment-rental/mobile-kitchen-trailers/?location=Alto%20Bonito%20Colonia","Equipment/Service","equipment","","","","false","true","false","","","","","","false","","","https://temp123-nine.vercel.app/equipment-rental/mobile-kitchen-trailers/alto-bonito-colonia-mobile-kitchen-rental/","308","/equipment-rental/mobile-kitchen-trailers/?location=Alto%20Bonito%20Colonia","200","https://temp123-nine.vercel.app/equipment-rental/mobile-kitchen-trailers/?location=Alto%20Bonito%20Colonia","noindex, follow","","True"
"/equipment-rental/mobile-kitchen-trailers/alto-bonito-mobile-kitchen-rental/","configured_redirect","/equipment-rental/mobile-kitchen-trailers/?location=Alto%20Bonito","Equipment/Service","equipment","","","","false","true","false","","","","","","false","","","https://temp123-nine.vercel.app/equipment-rental/mobile-kitchen-trailers/alto-bonito-mobile-kitchen-rental/","308","/equipment-rental/mobile-kitchen-trailers/?location=Alto%20Bonito","200","https://temp123-nine.vercel.app/equipment-rental/mobile-kitchen-trailers/?location=Alto%20Bonito","noindex, follow","","True"
"/equipment-rental/mobile-kitchen-trailers/alto-mobile-kitchen-rental/","configured_redirect","/equipment-rental/mobile-kitchen-trailers/?location=Alto","Equipment/Service","equipment","","","","false","true","false","","","","","","false","","","https://temp123-nine.vercel.app/equipment-rental/mobile-kitchen-trailers/alto-mobile-kitchen-rental/","308","/equipment-rental/mobile-kitchen-trailers/?location=Alto","200","https://temp123-nine.vercel.app/equipment-rental/mobile-kitchen-trailers/?location=Alto","noindex, follow","","True"
"/equipment-rental/mobile-kitchen-trailers/alto-pass-mobile-kitchen-rental/","configured_redirect","/equipment-rental/mobile-kitchen-trailers/?location=Alto%20Pass","Equipment/Service","equipment","","","","false","true","false","","","","","","false","","","https://temp123-nine.vercel.app/equipment-rental/mobile-kitchen-trailers/alto-pass-mobile-kitchen-rental/","308","/equipment-rental/mobile-kitchen-trailers/?location=Alto%20Pass","200","https://temp123-nine.vercel.app/equipment-rental/mobile-kitchen-trailers/?location=Alto%20Pass","noindex, follow","","True"
"/equipment-rental/mobile-kitchen-trailers/alton-mobile-kitchen-rental/","configured_redirect","/equipment-rental/mobile-kitchen-trailers/?location=Alton","Equipment/Service","equipment","","","","false","true","false","","","","","","false","","","https://temp123-nine.vercel.app/equipment-rental/mobile-kitchen-trailers/alton-mobile-kitchen-rental/","308","/equipment-rental/mobile-kitchen-trailers/?location=Alton","200","https://temp123-nine.vercel.app/equipment-rental/mobile-kitchen-trailers/?location=Alton","noindex, follow","","True"
"/equipment-rental/mobile-kitchen-trailers/alton-north-historical-mobile-kitchen-rental/","configured_redirect","/equipment-rental/mobile-kitchen-trailers/?location=Alton%20North%20historical","Equipment/Service","equipment","","","","false","true","false","","","","","","false","","","https://temp123-nine.vercel.app/equipment-rental/mobile-kitchen-trailers/alton-north-historical-mobile-kitchen-rental/","308","/equipment-rental/mobile-kitchen-trailers/?location=Alton%20North%20historical","200","https://temp123-nine.vercel.app/equipment-rental/mobile-kitchen-trailers/?location=Alton%20North%20historical","noindex, follow","","True"
"/equipment-rental/mobile-kitchen-trailers/altona-mobile-kitchen-rental/","configured_redirect","/equipment-rental/mobile-kitchen-trailers/?location=Altona","Equipment/Service","equipment","","","","false","true","false","","","","","","false","","","https://temp123-nine.vercel.app/equipment-rental/mobile-kitchen-trailers/altona-mobile-kitchen-rental/","308","/equipment-rental/mobile-kitchen-trailers/?location=Altona","200","https://temp123-nine.vercel.app/equipment-rental/mobile-kitchen-trailers/?location=Altona","noindex, follow","","True"
"/equipment-rental/mobile-kitchen-trailers/altoona-mobile-kitchen-rental/","configured_redirect","/equipment-rental/mobile-kitchen-trailers/?location=Altoona","Equipment/Service","equipment","","","","false","true","false","","","","","","false","","","https://temp123-nine.vercel.app/equipment-rental/mobile-kitchen-trailers/altoona-mobile-kitchen-rental/","308","/equipment-rental/mobile-kitchen-trailers/?location=Altoona","200","https://temp123-nine.vercel.app/equipment-rental/mobile-kitchen-trailers/?location=Altoona","noindex, follow","","True"
"/equipment-rental/mobile-kitchen-trailers/altura-mobile-kitchen-rental/","configured_redirect","/equipment-rental/mobile-kitchen-trailers/?location=Altura","Equipment/Service","equipment","","","","false","true","false","","","","","","false","","","https://temp123-nine.vercel.app/equipment-rental/mobile-kitchen-trailers/altura-mobile-kitchen-rental/","308","/equipment-rental/mobile-kitchen-trailers/?location=Altura","200","https://temp123-nine.vercel.app/equipment-rental/mobile-kitchen-trailers/?location=Altura","noindex, follow","","True"
"/equipment-rental/mobile-kitchen-trailers/alturas-mobile-kitchen-rental/","configured_redirect","/equipment-rental/mobile-kitchen-trailers/?location=Alturas","Equipment/Service","equipment","","","","false","true","false","","","","","","false","","","https://temp123-nine.vercel.app/equipment-rental/mobile-kitchen-trailers/alturas-mobile-kitchen-rental/","308","/equipment-rental/mobile-kitchen-trailers/?location=Alturas","200","https://temp123-nine.vercel.app/equipment-rental/mobile-kitchen-trailers/?location=Alturas","noindex, follow","","True"
"/equipment-rental/mobile-kitchen-trailers/altus-mobile-kitchen-rental/","configured_redirect","/equipment-rental/mobile-kitchen-trailers/?location=Altus","Equipment/Service","equipment","","","","false","true","false","","","","","","false","","","https://temp123-nine.vercel.app/equipment-rental/mobile-kitchen-trailers/altus-mobile-kitchen-rental/","308","/equipment-rental/mobile-kitchen-trailers/?location=Altus","200","https://temp123-nine.vercel.app/equipment-rental/mobile-kitchen-trailers/?location=Altus","noindex, follow","","True"
"/equipment-rental/mobile-kitchen-trailers/alum-bank-mobile-kitchen-rental/","configured_redirect","/equipment-rental/mobile-kitchen-trailers/?location=Alum%20Bank","Equipment/Service","equipment","","","","false","true","false","","","","","","false","","","https://temp123-nine.vercel.app/equipment-rental/mobile-kitchen-trailers/alum-bank-mobile-kitchen-rental/","308","/equipment-rental/mobile-kitchen-trailers/?location=Alum%20Bank","200","https://temp123-nine.vercel.app/equipment-rental/mobile-kitchen-trailers/?location=Alum%20Bank","noindex, follow","","True"
"/equipment-rental/mobile-kitchen-trailers/alum-creek-mobile-kitchen-rental/","configured_redirect","/equipment-rental/mobile-kitchen-trailers/?location=Alum%20Creek","Equipment/Service","equipment","","","","false","true","false","","","","","","false","","","https://temp123-nine.vercel.app/equipment-rental/mobile-kitchen-trailers/alum-creek-mobile-kitchen-rental/","308","/equipment-rental/mobile-kitchen-trailers/?location=Alum%20Creek","200","https://temp123-nine.vercel.app/equipment-rental/mobile-kitchen-trailers/?location=Alum%20Creek","noindex, follow","","True"
"/equipment-rental/mobile-kitchen-trailers/alum-rock-mobile-kitchen-rental/","configured_redirect","/equipment-rental/mobile-kitchen-trailers/?location=Alum%20Rock","Equipment/Service","equipment","","","","false","true","false","","","","","","false","","","https://temp123-nine.vercel.app/equipment-rental/mobile-kitchen-trailers/alum-rock-mobile-kitchen-rental/","308","/equipment-rental/mobile-kitchen-trailers/?location=Alum%20Rock","200","https://temp123-nine.vercel.app/equipment-rental/mobile-kitchen-trailers/?location=Alum%20Rock","noindex, follow","","True"
"/equipment-rental/mobile-kitchen-trailers/alva-mobile-kitchen-rental/","configured_redirect","/equipment-rental/mobile-kitchen-trailers/?location=Alva","Equipment/Service","equipment","","","","false","true","false","","","","","","false","","","https://temp123-nine.vercel.app/equipment-rental/mobile-kitchen-trailers/alva-mobile-kitchen-rental/","308","/equipment-rental/mobile-kitchen-trailers/?location=Alva","200","https://temp123-nine.vercel.app/equipment-rental/mobile-kitchen-trailers/?location=Alva","noindex, follow","","True"
"/equipment-rental/mobile-kitchen-trailers/alvarado-mobile-kitchen-rental/","configured_redirect","/equipment-rental/mobile-kitchen-trailers/?location=Alvarado","Equipment/Service","equipment","","","","false","true","false","","","","","","false","","","https://temp123-nine.vercel.app/equipment-rental/mobile-kitchen-trailers/alvarado-mobile-kitchen-rental/","308","/equipment-rental/mobile-kitchen-trailers/?location=Alvarado","200","https://temp123-nine.vercel.app/equipment-rental/mobile-kitchen-trailers/?location=Alvarado","noindex, follow","","True"
"/equipment-rental/mobile-kitchen-trailers/alvin-mobile-kitchen-rental/","configured_redirect","/equipment-rental/mobile-kitchen-trailers/?location=Alvin","Equipment/Service","equipment","","","","false","true","false","","","","","","false","","","https://temp123-nine.vercel.app/equipment-rental/mobile-kitchen-trailers/alvin-mobile-kitchen-rental/","308","/equipment-rental/mobile-kitchen-trailers/?location=Alvin","200","https://temp123-nine.vercel.app/equipment-rental/mobile-kitchen-trailers/?location=Alvin","noindex, follow","","True"
"/equipment-rental/mobile-kitchen-trailers/alviso-mobile-kitchen-rental/","configured_redirect","/equipment-rental/mobile-kitchen-trailers/?location=Alviso","Equipment/Service","equipment","","","","false","true","false","","","","","","false","","","https://temp123-nine.vercel.app/equipment-rental/mobile-kitchen-trailers/alviso-mobile-kitchen-rental/","308","/equipment-rental/mobile-kitchen-trailers/?location=Alviso","200","https://temp123-nine.vercel.app/equipment-rental/mobile-kitchen-trailers/?location=Alviso","noindex, follow","","True"
"/equipment-rental/mobile-kitchen-trailers/alvo-mobile-kitchen-rental/","configured_redirect","/equipment-rental/mobile-kitchen-trailers/?location=Alvo","Equipment/Service","equipment","","","","false","true","false","","","","","","false","","","https://temp123-nine.vercel.app/equipment-rental/mobile-kitchen-trailers/alvo-mobile-kitchen-rental/","308","/equipment-rental/mobile-kitchen-trailers/?location=Alvo","200","https://temp123-nine.vercel.app/equipment-rental/mobile-kitchen-trailers/?location=Alvo","noindex, follow","","True"
"/equipment-rental/mobile-kitchen-trailers/alvord-mobile-kitchen-rental/","configured_redirect","/equipment-rental/mobile-kitchen-trailers/?location=Alvord","Equipment/Service","equipment","","","","false","true","false","","","","","","false","","","https://temp123-nine.vercel.app/equipment-rental/mobile-kitchen-trailers/alvord-mobile-kitchen-rental/","308","/equipment-rental/mobile-kitchen-trailers/?location=Alvord","200","https://temp123-nine.vercel.app/equipment-rental/mobile-kitchen-trailers/?location=Alvord","noindex, follow","","True"
"/equipment-rental/mobile-kitchen-trailers/alvordton-mobile-kitchen-rental/","configured_redirect","/equipment-rental/mobile-kitchen-trailers/?location=Alvordton","Equipment/Service","equipment","","","","false","true","false","","","","","","false","","","https://temp123-nine.vercel.app/equipment-rental/mobile-kitchen-trailers/alvordton-mobile-kitchen-rental/","308","/equipment-rental/mobile-kitchen-trailers/?location=Alvordton","200","https://temp123-nine.vercel.app/equipment-rental/mobile-kitchen-trailers/?location=Alvordton","noindex, follow","","True"
"/equipment-rental/mobile-kitchen-trailers/alvwood-mobile-kitchen-rental/","configured_redirect","/equipment-rental/mobile-kitchen-trailers/?location=Alvwood","Equipment/Service","equipment","","","","false","true","false","","","","","","false","","","https://temp123-nine.vercel.app/equipment-rental/mobile-kitchen-trailers/alvwood-mobile-kitchen-rental/","308","/equipment-rental/mobile-kitchen-trailers/?location=Alvwood","200","https://temp123-nine.vercel.app/equipment-rental/mobile-kitchen-trailers/?location=Alvwood","noindex, follow","","True"
"/equipment-rental/mobile-kitchen-trailers/alzada-mobile-kitchen-rental/","configured_redirect","/equipment-rental/mobile-kitchen-trailers/?location=Alzada","Equipment/Service","equipment","","","","false","true","false","","","","","","false","","","https://temp123-nine.vercel.app/equipment-rental/mobile-kitchen-trailers/alzada-mobile-kitchen-rental/","308","/equipment-rental/mobile-kitchen-trailers/?location=Alzada","200","https://temp123-nine.vercel.app/equipment-rental/mobile-kitchen-trailers/?location=Alzada","noindex, follow","","True"
"/equipment-rental/mobile-kitchen-trailers/ama-mobile-kitchen-rental/","configured_redirect","/equipment-rental/mobile-kitchen-trailers/?location=Ama","Equipment/Service","equipment","","","","false","true","false","","","","","","false","","","https://temp123-nine.vercel.app/equipment-rental/mobile-kitchen-trailers/ama-mobile-kitchen-rental/","308","/equipment-rental/mobile-kitchen-trailers/?location=Ama","200","https://temp123-nine.vercel.app/equipment-rental/mobile-kitchen-trailers/?location=Ama","noindex, follow","","True"
"/equipment-rental/mobile-kitchen-trailers/amado-mobile-kitchen-rental/","configured_redirect","/equipment-rental/mobile-kitchen-trailers/?location=Amado","Equipment/Service","equipment","","","","false","true","false","","","","","","false","","","https://temp123-nine.vercel.app/equipment-rental/mobile-kitchen-trailers/amado-mobile-kitchen-rental/","308","/equipment-rental/mobile-kitchen-trailers/?location=Amado","200","https://temp123-nine.vercel.app/equipment-rental/mobile-kitchen-trailers/?location=Amado","noindex, follow","","True"
"/equipment-rental/mobile-kitchen-trailers/amador-city-mobile-kitchen-rental/","configured_redirect","/equipment-rental/mobile-kitchen-trailers/?location=Amador%20City","Equipment/Service","equipment","","","","false","true","false","","","","","","false","","","https://temp123-nine.vercel.app/equipment-rental/mobile-kitchen-trailers/amador-city-mobile-kitchen-rental/","308","/equipment-rental/mobile-kitchen-trailers/?location=Amador%20City","200","https://temp123-nine.vercel.app/equipment-rental/mobile-kitchen-trailers/?location=Amador%20City","noindex, follow","","True"
"/equipment-rental/mobile-kitchen-trailers/amadore-mobile-kitchen-rental/","configured_redirect","/equipment-rental/mobile-kitchen-trailers/?location=Amadore","Equipment/Service","equipment","","","","false","true","false","","","","","","false","","","https://temp123-nine.vercel.app/equipment-rental/mobile-kitchen-trailers/amadore-mobile-kitchen-rental/","308","/equipment-rental/mobile-kitchen-trailers/?location=Amadore","200","https://temp123-nine.vercel.app/equipment-rental/mobile-kitchen-trailers/?location=Amadore","noindex, follow","","True"
"/equipment-rental/mobile-kitchen-trailers/amagansett-mobile-kitchen-rental/","configured_redirect","/equipment-rental/mobile-kitchen-trailers/?location=Amagansett","Equipment/Service","equipment","","","","false","true","false","","","","","","false","","","https://temp123-nine.vercel.app/equipment-rental/mobile-kitchen-trailers/amagansett-mobile-kitchen-rental/","308","/equipment-rental/mobile-kitchen-trailers/?location=Amagansett","200","https://temp123-nine.vercel.app/equipment-rental/mobile-kitchen-trailers/?location=Amagansett","noindex, follow","","True"
"/equipment-rental/mobile-kitchen-trailers/amagon-mobile-kitchen-rental/","configured_redirect","/equipment-rental/mobile-kitchen-trailers/?location=Amagon","Equipment/Service","equipment","","","","false","true","false","","","","","","false","","","https://temp123-nine.vercel.app/equipment-rental/mobile-kitchen-trailers/amagon-mobile-kitchen-rental/","308","/equipment-rental/mobile-kitchen-trailers/?location=Amagon","200","https://temp123-nine.vercel.app/equipment-rental/mobile-kitchen-trailers/?location=Amagon","noindex, follow","","True"
"/equipment-rental/mobile-kitchen-trailers/amalga-mobile-kitchen-rental/","configured_redirect","/equipment-rental/mobile-kitchen-trailers/?location=Amalga","Equipment/Service","equipment","","","","false","true","false","","","","","","false","","","https://temp123-nine.vercel.app/equipment-rental/mobile-kitchen-trailers/amalga-mobile-kitchen-rental/","308","/equipment-rental/mobile-kitchen-trailers/?location=Amalga","200","https://temp123-nine.vercel.app/equipment-rental/mobile-kitchen-trailers/?location=Amalga","noindex, follow","","True"
"/equipment-rental/mobile-kitchen-trailers/amalia-mobile-kitchen-rental/","configured_redirect","/equipment-rental/mobile-kitchen-trailers/?location=Amalia","Equipment/Service","equipment","","","","false","true","false","","","","","","false","","","https://temp123-nine.vercel.app/equipment-rental/mobile-kitchen-trailers/amalia-mobile-kitchen-rental/","308","/equipment-rental/mobile-kitchen-trailers/?location=Amalia","200","https://temp123-nine.vercel.app/equipment-rental/mobile-kitchen-trailers/?location=Amalia","noindex, follow","","True"
"/equipment-rental/mobile-kitchen-trailers/amana-mobile-kitchen-rental/","configured_redirect","/equipment-rental/mobile-kitchen-trailers/?location=Amana","Equipment/Service","equipment","","","","false","true","false","","","","","","false","","","https://temp123-nine.vercel.app/equipment-rental/mobile-kitchen-trailers/amana-mobile-kitchen-rental/","308","/equipment-rental/mobile-kitchen-trailers/?location=Amana","200","https://temp123-nine.vercel.app/equipment-rental/mobile-kitchen-trailers/?location=Amana","noindex, follow","","True"
"/equipment-rental/mobile-kitchen-trailers/amanda-mobile-kitchen-rental/","configured_redirect","/equipment-rental/mobile-kitchen-trailers/?location=Amanda","Equipment/Service","equipment","","","","false","true","false","","","","","","false","","","https://temp123-nine.vercel.app/equipment-rental/mobile-kitchen-trailers/amanda-mobile-kitchen-rental/","308","/equipment-rental/mobile-kitchen-trailers/?location=Amanda","200","https://temp123-nine.vercel.app/equipment-rental/mobile-kitchen-trailers/?location=Amanda","noindex, follow","","True"
"/equipment-rental/mobile-kitchen-trailers/amanda-park-mobile-kitchen-rental/","configured_redirect","/equipment-rental/mobile-kitchen-trailers/?location=Amanda%20Park","Equipment/Service","equipment","","","","false","true","false","","","","","","false","","","https://temp123-nine.vercel.app/equipment-rental/mobile-kitchen-trailers/amanda-park-mobile-kitchen-rental/","308","/equipment-rental/mobile-kitchen-trailers/?location=Amanda%20Park","200","https://temp123-nine.vercel.app/equipment-rental/mobile-kitchen-trailers/?location=Amanda%20Park","noindex, follow","","True"
"/equipment-rental/mobile-kitchen-trailers/amargosa-colonia-mobile-kitchen-rental/","configured_redirect","/equipment-rental/mobile-kitchen-trailers/?location=Amargosa%20Colonia","Equipment/Service","equipment","","","","false","true","false","","","","","","false","","","https://temp123-nine.vercel.app/equipment-rental/mobile-kitchen-trailers/amargosa-colonia-mobile-kitchen-rental/","308","/equipment-rental/mobile-kitchen-trailers/?location=Amargosa%20Colonia","200","https://temp123-nine.vercel.app/equipment-rental/mobile-kitchen-trailers/?location=Amargosa%20Colonia","noindex, follow","","True"
"/equipment-rental/mobile-kitchen-trailers/amargosa-valley-mobile-kitchen-rental/","configured_redirect","/equipment-rental/mobile-kitchen-trailers/?location=Amargosa%20Valley","Equipment/Service","equipment","","","","false","true","false","","","","","","false","","","https://temp123-nine.vercel.app/equipment-rental/mobile-kitchen-trailers/amargosa-valley-mobile-kitchen-rental/","308","/equipment-rental/mobile-kitchen-trailers/?location=Amargosa%20Valley","200","https://temp123-nine.vercel.app/equipment-rental/mobile-kitchen-trailers/?location=Amargosa%20Valley","noindex, follow","","True"
"/equipment-rental/mobile-kitchen-trailers/amarillo-mobile-kitchen-rental/","configured_redirect","/equipment-rental/mobile-kitchen-trailers/?location=Amarillo","Equipment/Service","equipment","","","","false","true","false","","","","","","false","","","https://temp123-nine.vercel.app/equipment-rental/mobile-kitchen-trailers/amarillo-mobile-kitchen-rental/","308","/equipment-rental/mobile-kitchen-trailers/?location=Amarillo","200","https://temp123-nine.vercel.app/equipment-rental/mobile-kitchen-trailers/?location=Amarillo","noindex, follow","","True"
"/equipment-rental/mobile-kitchen-trailers/amasa-mobile-kitchen-rental/","configured_redirect","/equipment-rental/mobile-kitchen-trailers/?location=Amasa","Equipment/Service","equipment","","","","false","true","false","","","","","","false","","","https://temp123-nine.vercel.app/equipment-rental/mobile-kitchen-trailers/amasa-mobile-kitchen-rental/","308","/equipment-rental/mobile-kitchen-trailers/?location=Amasa","200","https://temp123-nine.vercel.app/equipment-rental/mobile-kitchen-trailers/?location=Amasa","noindex, follow","","True"
"/equipment-rental/mobile-kitchen-trailers/amawalk-mobile-kitchen-rental/","configured_redirect","/equipment-rental/mobile-kitchen-trailers/?location=Amawalk","Equipment/Service","equipment","","","","false","true","false","","","","","","false","","","https://temp123-nine.vercel.app/equipment-rental/mobile-kitchen-trailers/amawalk-mobile-kitchen-rental/","308","/equipment-rental/mobile-kitchen-trailers/?location=Amawalk","200","https://temp123-nine.vercel.app/equipment-rental/mobile-kitchen-trailers/?location=Amawalk","noindex, follow","","True"
"/equipment-rental/mobile-kitchen-trailers/amaya-colonia-mobile-kitchen-rental/","configured_redirect","/equipment-rental/mobile-kitchen-trailers/?location=Amaya%20Colonia","Equipment/Service","equipment","","","","false","true","false","","","","","","false","","","https://temp123-nine.vercel.app/equipment-rental/mobile-kitchen-trailers/amaya-colonia-mobile-kitchen-rental/","308","/equipment-rental/mobile-kitchen-trailers/?location=Amaya%20Colonia","200","https://temp123-nine.vercel.app/equipment-rental/mobile-kitchen-trailers/?location=Amaya%20Colonia","noindex, follow","","True"
"/equipment-rental/mobile-kitchen-trailers/amazonia-mobile-kitchen-rental/","configured_redirect","/equipment-rental/mobile-kitchen-trailers/?location=Amazonia","Equipment/Service","equipment","","","","false","true","false","","","","","","false","","","https://temp123-nine.vercel.app/equipment-rental/mobile-kitchen-trailers/amazonia-mobile-kitchen-rental/","308","/equipment-rental/mobile-kitchen-trailers/?location=Amazonia","200","https://temp123-nine.vercel.app/equipment-rental/mobile-kitchen-trailers/?location=Amazonia","noindex, follow","","True"
"/equipment-rental/mobile-kitchen-trailers/amber-mobile-kitchen-rental/","configured_redirect","/equipment-rental/mobile-kitchen-trailers/?location=Amber","Equipment/Service","equipment","","","","false","true","false","","","","","","false","","","https://temp123-nine.vercel.app/equipment-rental/mobile-kitchen-trailers/amber-mobile-kitchen-rental/","308","/equipment-rental/mobile-kitchen-trailers/?location=Amber","200","https://temp123-nine.vercel.app/equipment-rental/mobile-kitchen-trailers/?location=Amber","noindex, follow","","True"
"/equipment-rental/mobile-kitchen-trailers/amberg-mobile-kitchen-rental/","configured_redirect","/equipment-rental/mobile-kitchen-trailers/?location=Amberg","Equipment/Service","equipment","","","","false","true","false","","","","","","false","","","https://temp123-nine.vercel.app/equipment-rental/mobile-kitchen-trailers/amberg-mobile-kitchen-rental/","308","/equipment-rental/mobile-kitchen-trailers/?location=Amberg","200","https://temp123-nine.vercel.app/equipment-rental/mobile-kitchen-trailers/?location=Amberg","noindex, follow","","True"
"/equipment-rental/mobile-kitchen-trailers/amberley-mobile-kitchen-rental/","configured_redirect","/equipment-rental/mobile-kitchen-trailers/?location=Amberley","Equipment/Service","equipment","","","","false","true","false","","","","","","false","","","https://temp123-nine.vercel.app/equipment-rental/mobile-kitchen-trailers/amberley-mobile-kitchen-rental/","308","/equipment-rental/mobile-kitchen-trailers/?location=Amberley","200","https://temp123-nine.vercel.app/equipment-rental/mobile-kitchen-trailers/?location=Amberley","noindex, follow","","True"
"/equipment-rental/mobile-kitchen-trailers/ambia-mobile-kitchen-rental/","configured_redirect","/equipment-rental/mobile-kitchen-trailers/?location=Ambia","Equipment/Service","equipment","","","","false","true","false","","","","","","false","","","https://temp123-nine.vercel.app/equipment-rental/mobile-kitchen-trailers/ambia-mobile-kitchen-rental/","308","/equipment-rental/mobile-kitchen-trailers/?location=Ambia","200","https://temp123-nine.vercel.app/equipment-rental/mobile-kitchen-trailers/?location=Ambia","noindex, follow","","True"
"/equipment-rental/mobile-kitchen-trailers/amble-mobile-kitchen-rental/","configured_redirect","/equipment-rental/mobile-kitchen-trailers/?location=Amble","Equipment/Service","equipment","","","","false","true","false","","","","","","false","","","https://temp123-nine.vercel.app/equipment-rental/mobile-kitchen-trailers/amble-mobile-kitchen-rental/","308","/equipment-rental/mobile-kitchen-trailers/?location=Amble","200","https://temp123-nine.vercel.app/equipment-rental/mobile-kitchen-trailers/?location=Amble","noindex, follow","","True"
"/equipment-rental/mobile-kitchen-trailers/ambler-mobile-kitchen-rental/","configured_redirect","/equipment-rental/mobile-kitchen-trailers/?location=Ambler","Equipment/Service","equipment","","","","false","true","false","","","","","","false","","","https://temp123-nine.vercel.app/equipment-rental/mobile-kitchen-trailers/ambler-mobile-kitchen-rental/","308","/equipment-rental/mobile-kitchen-trailers/?location=Ambler","200","https://temp123-nine.vercel.app/equipment-rental/mobile-kitchen-trailers/?location=Ambler","noindex, follow","","True"
"/equipment-rental/mobile-kitchen-trailers/amboy-center-mobile-kitchen-rental/","configured_redirect","/equipment-rental/mobile-kitchen-trailers/?location=Amboy%20Center","Equipment/Service","equipment","","","","false","true","false","","","","","","false","","","https://temp123-nine.vercel.app/equipment-rental/mobile-kitchen-trailers/amboy-center-mobile-kitchen-rental/","308","/equipment-rental/mobile-kitchen-trailers/?location=Amboy%20Center","200","https://temp123-nine.vercel.app/equipment-rental/mobile-kitchen-trailers/?location=Amboy%20Center","noindex, follow","","True"
"/equipment-rental/mobile-kitchen-trailers/amboy-mobile-kitchen-rental/","configured_redirect","/equipment-rental/mobile-kitchen-trailers/?location=Amboy","Equipment/Service","equipment","","","","false","true","false","","","","","","false","","","https://temp123-nine.vercel.app/equipment-rental/mobile-kitchen-trailers/amboy-mobile-kitchen-rental/","308","/equipment-rental/mobile-kitchen-trailers/?location=Amboy","200","https://temp123-nine.vercel.app/equipment-rental/mobile-kitchen-trailers/?location=Amboy","noindex, follow","","True"
"/equipment-rental/mobile-kitchen-trailers/ambridge-mobile-kitchen-rental/","configured_redirect","/equipment-rental/mobile-kitchen-trailers/?location=Ambridge","Equipment/Service","equipment","","","","false","true","false","","","","","","false","","","https://temp123-nine.vercel.app/equipment-rental/mobile-kitchen-trailers/ambridge-mobile-kitchen-rental/","308","/equipment-rental/mobile-kitchen-trailers/?location=Ambridge","200","https://temp123-nine.vercel.app/equipment-rental/mobile-kitchen-trailers/?location=Ambridge","noindex, follow","","True"
"/equipment-rental/mobile-kitchen-trailers/ambrose-mobile-kitchen-rental/","configured_redirect","/equipment-rental/mobile-kitchen-trailers/?location=Ambrose","Equipment/Service","equipment","","","","false","true","false","","","","","","false","","","https://temp123-nine.vercel.app/equipment-rental/mobile-kitchen-trailers/ambrose-mobile-kitchen-rental/","308","/equipment-rental/mobile-kitchen-trailers/?location=Ambrose","200","https://temp123-nine.vercel.app/equipment-rental/mobile-kitchen-trailers/?location=Ambrose","noindex, follow","","True"
"/equipment-rental/mobile-kitchen-trailers/amelia-court-house-mobile-kitchen-rental/","configured_redirect","/equipment-rental/mobile-kitchen-trailers/?location=Amelia%20Court%20House","Equipment/Service","equipment","","","","false","true","false","","","","","","false","","","https://temp123-nine.vercel.app/equipment-rental/mobile-kitchen-trailers/amelia-court-house-mobile-kitchen-rental/","308","/equipment-rental/mobile-kitchen-trailers/?location=Amelia%20Court%20House","200","https://temp123-nine.vercel.app/equipment-rental/mobile-kitchen-trailers/?location=Amelia%20Court%20House","noindex, follow","","True"
"/equipment-rental/mobile-kitchen-trailers/amelia-mobile-kitchen-rental/","configured_redirect","/equipment-rental/mobile-kitchen-trailers/?location=Amelia","Equipment/Service","equipment","","","","false","true","false","","","","","","false","","","https://temp123-nine.vercel.app/equipment-rental/mobile-kitchen-trailers/amelia-mobile-kitchen-rental/","308","/equipment-rental/mobile-kitchen-trailers/?location=Amelia","200","https://temp123-nine.vercel.app/equipment-rental/mobile-kitchen-trailers/?location=Amelia","noindex, follow","","True"
"/equipment-rental/mobile-kitchen-trailers/amenia-mobile-kitchen-rental/","configured_redirect","/equipment-rental/mobile-kitchen-trailers/?location=Amenia","Equipment/Service","equipment","","","","false","true","false","","","","","","false","","","https://temp123-nine.vercel.app/equipment-rental/mobile-kitchen-trailers/amenia-mobile-kitchen-rental/","308","/equipment-rental/mobile-kitchen-trailers/?location=Amenia","200","https://temp123-nine.vercel.app/equipment-rental/mobile-kitchen-trailers/?location=Amenia","noindex, follow","","True"
"/equipment-rental/mobile-kitchen-trailers/amenia-union-mobile-kitchen-rental/","configured_redirect","/equipment-rental/mobile-kitchen-trailers/?location=Amenia%20Union","Equipment/Service","equipment","","","","false","true","false","","","","","","false","","","https://temp123-nine.vercel.app/equipment-rental/mobile-kitchen-trailers/amenia-union-mobile-kitchen-rental/","308","/equipment-rental/mobile-kitchen-trailers/?location=Amenia%20Union","200","https://temp123-nine.vercel.app/equipment-rental/mobile-kitchen-trailers/?location=Amenia%20Union","noindex, follow","","True"
"/equipment-rental/mobile-kitchen-trailers/american-canyon-mobile-kitchen-rental/","configured_redirect","/equipment-rental/mobile-kitchen-trailers/?location=American%20Canyon","Equipment/Service","equipment","","","","false","true","false","","","","","","false","","","https://temp123-nine.vercel.app/equipment-rental/mobile-kitchen-trailers/american-canyon-mobile-kitchen-rental/","308","/equipment-rental/mobile-kitchen-trailers/?location=American%20Canyon","200","https://temp123-nine.vercel.app/equipment-rental/mobile-kitchen-trailers/?location=American%20Canyon","noindex, follow","","True"
"/equipment-rental/mobile-kitchen-trailers/american-falls-mobile-kitchen-rental/","configured_redirect","/equipment-rental/mobile-kitchen-trailers/?location=American%20Falls","Equipment/Service","equipment","","","","false","true","false","","","","","","false","","","https://temp123-nine.vercel.app/equipment-rental/mobile-kitchen-trailers/american-falls-mobile-kitchen-rental/","308","/equipment-rental/mobile-kitchen-trailers/?location=American%20Falls","200","https://temp123-nine.vercel.app/equipment-rental/mobile-kitchen-trailers/?location=American%20Falls","noindex, follow","","True"
"/equipment-rental/mobile-kitchen-trailers/american-fork-mobile-kitchen-rental/","configured_redirect","/equipment-rental/mobile-kitchen-trailers/?location=American%20Fork","Equipment/Service","equipment","","","","false","true","false","","","","","","false","","","https://temp123-nine.vercel.app/equipment-rental/mobile-kitchen-trailers/american-fork-mobile-kitchen-rental/","308","/equipment-rental/mobile-kitchen-trailers/?location=American%20Fork","200","https://temp123-nine.vercel.app/equipment-rental/mobile-kitchen-trailers/?location=American%20Fork","noindex, follow","","True"
"/equipment-rental/mobile-kitchen-trailers/americus-mobile-kitchen-rental/","configured_redirect","/equipment-rental/mobile-kitchen-trailers/?location=Americus","Equipment/Service","equipment","","","","false","true","false","","","","","","false","","","https://temp123-nine.vercel.app/equipment-rental/mobile-kitchen-trailers/americus-mobile-kitchen-rental/","308","/equipment-rental/mobile-kitchen-trailers/?location=Americus","200","https://temp123-nine.vercel.app/equipment-rental/mobile-kitchen-trailers/?location=Americus","noindex, follow","","True"
"/equipment-rental/mobile-kitchen-trailers/amery-mobile-kitchen-rental/","configured_redirect","/equipment-rental/mobile-kitchen-trailers/?location=Amery","Equipment/Service","equipment","","","","false","true","false","","","","","","false","","","https://temp123-nine.vercel.app/equipment-rental/mobile-kitchen-trailers/amery-mobile-kitchen-rental/","308","/equipment-rental/mobile-kitchen-trailers/?location=Amery","200","https://temp123-nine.vercel.app/equipment-rental/mobile-kitchen-trailers/?location=Amery","noindex, follow","","True"
"/equipment-rental/mobile-kitchen-trailers/ames-lake-mobile-kitchen-rental/","configured_redirect","/equipment-rental/mobile-kitchen-trailers/?location=Ames%20Lake","Equipment/Service","equipment","","","","false","true","false","","","","","","false","","","https://temp123-nine.vercel.app/equipment-rental/mobile-kitchen-trailers/ames-lake-mobile-kitchen-rental/","308","/equipment-rental/mobile-kitchen-trailers/?location=Ames%20Lake","200","https://temp123-nine.vercel.app/equipment-rental/mobile-kitchen-trailers/?location=Ames%20Lake","noindex, follow","","True"
"/equipment-rental/mobile-kitchen-trailers/ames-mobile-kitchen-rental/","configured_redirect","/equipment-rental/mobile-kitchen-trailers/?location=Ames","Equipment/Service","equipment","","","","false","true","false","","","","","","false","","","https://temp123-nine.vercel.app/equipment-rental/mobile-kitchen-trailers/ames-mobile-kitchen-rental/","308","/equipment-rental/mobile-kitchen-trailers/?location=Ames","200","https://temp123-nine.vercel.app/equipment-rental/mobile-kitchen-trailers/?location=Ames","noindex, follow","","True"
"/equipment-rental/mobile-kitchen-trailers/amesbury-mobile-kitchen-rental/","configured_redirect","/equipment-rental/mobile-kitchen-trailers/?location=Amesbury","Equipment/Service","equipment","","","","false","true","false","","","","","","false","","","https://temp123-nine.vercel.app/equipment-rental/mobile-kitchen-trailers/amesbury-mobile-kitchen-rental/","308","/equipment-rental/mobile-kitchen-trailers/?location=Amesbury","200","https://temp123-nine.vercel.app/equipment-rental/mobile-kitchen-trailers/?location=Amesbury","noindex, follow","","True"
"/equipment-rental/mobile-kitchen-trailers/amesti-mobile-kitchen-rental/","configured_redirect","/equipment-rental/mobile-kitchen-trailers/?location=Amesti","Equipment/Service","equipment","","","","false","true","false","","","","","","false","","","https://temp123-nine.vercel.app/equipment-rental/mobile-kitchen-trailers/amesti-mobile-kitchen-rental/","308","/equipment-rental/mobile-kitchen-trailers/?location=Amesti","200","https://temp123-nine.vercel.app/equipment-rental/mobile-kitchen-trailers/?location=Amesti","noindex, follow","","True"
"/equipment-rental/mobile-kitchen-trailers/amesville-mobile-kitchen-rental/","configured_redirect","/equipment-rental/mobile-kitchen-trailers/?location=Amesville","Equipment/Service","equipment","","","","false","true","false","","","","","","false","","","https://temp123-nine.vercel.app/equipment-rental/mobile-kitchen-trailers/amesville-mobile-kitchen-rental/","308","/equipment-rental/mobile-kitchen-trailers/?location=Amesville","200","https://temp123-nine.vercel.app/equipment-rental/mobile-kitchen-trailers/?location=Amesville","noindex, follow","","True"
"/equipment-rental/mobile-kitchen-trailers/amherst-center-mobile-kitchen-rental/","configured_redirect","/equipment-rental/mobile-kitchen-trailers/?location=Amherst%20Center","Equipment/Service","equipment","","","","false","true","false","","","","","","false","","","https://temp123-nine.vercel.app/equipment-rental/mobile-kitchen-trailers/amherst-center-mobile-kitchen-rental/","308","/equipment-rental/mobile-kitchen-trailers/?location=Amherst%20Center","200","https://temp123-nine.vercel.app/equipment-rental/mobile-kitchen-trailers/?location=Amherst%20Center","noindex, follow","","True"
"/equipment-rental/mobile-kitchen-trailers/amherst-junction-mobile-kitchen-rental/","configured_redirect","/equipment-rental/mobile-kitchen-trailers/?location=Amherst%20Junction","Equipment/Service","equipment","","","","false","true","false","","","","","","false","","","https://temp123-nine.vercel.app/equipment-rental/mobile-kitchen-trailers/amherst-junction-mobile-kitchen-rental/","308","/equipment-rental/mobile-kitchen-trailers/?location=Amherst%20Junction","200","https://temp123-nine.vercel.app/equipment-rental/mobile-kitchen-trailers/?location=Amherst%20Junction","noindex, follow","","True"
"/equipment-rental/mobile-kitchen-trailers/amherst-mobile-kitchen-rental/","configured_redirect","/equipment-rental/mobile-kitchen-trailers/?location=Amherst","Equipment/Service","equipment","","","","false","true","false","","","","","","false","","","https://temp123-nine.vercel.app/equipment-rental/mobile-kitchen-trailers/amherst-mobile-kitchen-rental/","308","/equipment-rental/mobile-kitchen-trailers/?location=Amherst","200","https://temp123-nine.vercel.app/equipment-rental/mobile-kitchen-trailers/?location=Amherst","noindex, follow","","True"
"/equipment-rental/mobile-kitchen-trailers/amherstdale-mobile-kitchen-rental/","configured_redirect","/equipment-rental/mobile-kitchen-trailers/?location=Amherstdale","Equipment/Service","equipment","","","","false","true","false","","","","","","false","","","https://temp123-nine.vercel.app/equipment-rental/mobile-kitchen-trailers/amherstdale-mobile-kitchen-rental/","308","/equipment-rental/mobile-kitchen-trailers/?location=Amherstdale","200","https://temp123-nine.vercel.app/equipment-rental/mobile-kitchen-trailers/?location=Amherstdale","noindex, follow","","True"
"/equipment-rental/mobile-kitchen-trailers/amherstdale-robinette-mobile-kitchen-rental/","configured_redirect","/equipment-rental/mobile-kitchen-trailers/?location=Amherstdale-Robinette","Equipment/Service","equipment","","","","false","true","false","","","","","","false","","","https://temp123-nine.vercel.app/equipment-rental/mobile-kitchen-trailers/amherstdale-robinette-mobile-kitchen-rental/","308","/equipment-rental/mobile-kitchen-trailers/?location=Amherstdale-Robinette","200","https://temp123-nine.vercel.app/equipment-rental/mobile-kitchen-trailers/?location=Amherstdale-Robinette","noindex, follow","","True"
"/equipment-rental/mobile-kitchen-trailers/amidon-mobile-kitchen-rental/","configured_redirect","/equipment-rental/mobile-kitchen-trailers/?location=Amidon","Equipment/Service","equipment","","","","false","true","false","","","","","","false","","","https://temp123-nine.vercel.app/equipment-rental/mobile-kitchen-trailers/amidon-mobile-kitchen-rental/","308","/equipment-rental/mobile-kitchen-trailers/?location=Amidon","200","https://temp123-nine.vercel.app/equipment-rental/mobile-kitchen-trailers/?location=Amidon","noindex, follow","","True"
"/equipment-rental/mobile-kitchen-trailers/amistad-acres-mobile-kitchen-rental/","configured_redirect","/equipment-rental/mobile-kitchen-trailers/?location=Amistad%20Acres","Equipment/Service","equipment","","","","false","true","false","","","","","","false","","","https://temp123-nine.vercel.app/equipment-rental/mobile-kitchen-trailers/amistad-acres-mobile-kitchen-rental/","308","/equipment-rental/mobile-kitchen-trailers/?location=Amistad%20Acres","200","https://temp123-nine.vercel.app/equipment-rental/mobile-kitchen-trailers/?location=Amistad%20Acres","noindex, follow","","True"
"/equipment-rental/mobile-kitchen-trailers/amite-mobile-kitchen-rental/","configured_redirect","/equipment-rental/mobile-kitchen-trailers/?location=Amite","Equipment/Service","equipment","","","","false","true","false","","","","","","false","","","https://temp123-nine.vercel.app/equipment-rental/mobile-kitchen-trailers/amite-mobile-kitchen-rental/","308","/equipment-rental/mobile-kitchen-trailers/?location=Amite","200","https://temp123-nine.vercel.app/equipment-rental/mobile-kitchen-trailers/?location=Amite","noindex, follow","","True"
"/equipment-rental/mobile-kitchen-trailers/amity-gardens-mobile-kitchen-rental/","configured_redirect","/equipment-rental/mobile-kitchen-trailers/?location=Amity%20Gardens","Equipment/Service","equipment","","","","false","true","false","","","","","","false","","","https://temp123-nine.vercel.app/equipment-rental/mobile-kitchen-trailers/amity-gardens-mobile-kitchen-rental/","308","/equipment-rental/mobile-kitchen-trailers/?location=Amity%20Gardens","200","https://temp123-nine.vercel.app/equipment-rental/mobile-kitchen-trailers/?location=Amity%20Gardens","noindex, follow","","True"
"/equipment-rental/mobile-kitchen-trailers/amity-harbor-mobile-kitchen-rental/","configured_redirect","/equipment-rental/mobile-kitchen-trailers/?location=Amity%20Harbor","Equipment/Service","equipment","","","","false","true","false","","","","","","false","","","https://temp123-nine.vercel.app/equipment-rental/mobile-kitchen-trailers/amity-harbor-mobile-kitchen-rental/","308","/equipment-rental/mobile-kitchen-trailers/?location=Amity%20Harbor","200","https://temp123-nine.vercel.app/equipment-rental/mobile-kitchen-trailers/?location=Amity%20Harbor","noindex, follow","","True"
"/equipment-rental/mobile-kitchen-trailers/amity-mobile-kitchen-rental/","configured_redirect","/equipment-rental/mobile-kitchen-trailers/?location=Amity","Equipment/Service","equipment","","","","false","true","false","","","","","","false","","","https://temp123-nine.vercel.app/equipment-rental/mobile-kitchen-trailers/amity-mobile-kitchen-rental/","308","/equipment-rental/mobile-kitchen-trailers/?location=Amity","200","https://temp123-nine.vercel.app/equipment-rental/mobile-kitchen-trailers/?location=Amity","noindex, follow","","True"
"/equipment-rental/mobile-kitchen-trailers/amityville-mobile-kitchen-rental/","configured_redirect","/equipment-rental/mobile-kitchen-trailers/?location=Amityville","Equipment/Service","equipment","","","","false","true","false","","","","","","false","","","https://temp123-nine.vercel.app/equipment-rental/mobile-kitchen-trailers/amityville-mobile-kitchen-rental/","308","/equipment-rental/mobile-kitchen-trailers/?location=Amityville","200","https://temp123-nine.vercel.app/equipment-rental/mobile-kitchen-trailers/?location=Amityville","noindex, follow","","True"
"/equipment-rental/mobile-kitchen-trailers/ammannsville-mobile-kitchen-rental/","configured_redirect","/equipment-rental/mobile-kitchen-trailers/?location=Ammannsville","Equipment/Service","equipment","","","","false","true","false","","","","","","false","","","https://temp123-nine.vercel.app/equipment-rental/mobile-kitchen-trailers/ammannsville-mobile-kitchen-rental/","308","/equipment-rental/mobile-kitchen-trailers/?location=Ammannsville","200","https://temp123-nine.vercel.app/equipment-rental/mobile-kitchen-trailers/?location=Ammannsville","noindex, follow","","True"
"/equipment-rental/mobile-kitchen-trailers/ammon-ford-mobile-kitchen-rental/","configured_redirect","/equipment-rental/mobile-kitchen-trailers/?location=Ammon%20Ford","Equipment/Service","equipment","","","","false","true","false","","","","","","false","","","https://temp123-nine.vercel.app/equipment-rental/mobile-kitchen-trailers/ammon-ford-mobile-kitchen-rental/","308","/equipment-rental/mobile-kitchen-trailers/?location=Ammon%20Ford","200","https://temp123-nine.vercel.app/equipment-rental/mobile-kitchen-trailers/?location=Ammon%20Ford","noindex, follow","","True"
"/equipment-rental/mobile-kitchen-trailers/ammon-mobile-kitchen-rental/","configured_redirect","/equipment-rental/mobile-kitchen-trailers/?location=Ammon","Equipment/Service","equipment","","","","false","true","false","","","","","","false","","","https://temp123-nine.vercel.app/equipment-rental/mobile-kitchen-trailers/ammon-mobile-kitchen-rental/","308","/equipment-rental/mobile-kitchen-trailers/?location=Ammon","200","https://temp123-nine.vercel.app/equipment-rental/mobile-kitchen-trailers/?location=Ammon","noindex, follow","","True"
"/equipment-rental/mobile-kitchen-trailers/amo-mobile-kitchen-rental/","configured_redirect","/equipment-rental/mobile-kitchen-trailers/?location=Amo","Equipment/Service","equipment","","","","false","true","false","","","","","","false","","","https://temp123-nine.vercel.app/equipment-rental/mobile-kitchen-trailers/amo-mobile-kitchen-rental/","308","/equipment-rental/mobile-kitchen-trailers/?location=Amo","200","https://temp123-nine.vercel.app/equipment-rental/mobile-kitchen-trailers/?location=Amo","noindex, follow","","True"
"/equipment-rental/mobile-kitchen-trailers/amoret-mobile-kitchen-rental/","configured_redirect","/equipment-rental/mobile-kitchen-trailers/?location=Amoret","Equipment/Service","equipment","","","","false","true","false","","","","","","false","","","https://temp123-nine.vercel.app/equipment-rental/mobile-kitchen-trailers/amoret-mobile-kitchen-rental/","308","/equipment-rental/mobile-kitchen-trailers/?location=Amoret","200","https://temp123-nine.vercel.app/equipment-rental/mobile-kitchen-trailers/?location=Amoret","noindex, follow","","True"
"/equipment-rental/mobile-kitchen-trailers/amorita-mobile-kitchen-rental/","configured_redirect","/equipment-rental/mobile-kitchen-trailers/?location=Amorita","Equipment/Service","equipment","","","","false","true","false","","","","","","false","","","https://temp123-nine.vercel.app/equipment-rental/mobile-kitchen-trailers/amorita-mobile-kitchen-rental/","308","/equipment-rental/mobile-kitchen-trailers/?location=Amorita","200","https://temp123-nine.vercel.app/equipment-rental/mobile-kitchen-trailers/?location=Amorita","noindex, follow","","True"
"/equipment-rental/mobile-kitchen-trailers/amory-mobile-kitchen-rental/","configured_redirect","/equipment-rental/mobile-kitchen-trailers/?location=Amory","Equipment/Service","equipment","","","","false","true","false","","","","","","false","","","https://temp123-nine.vercel.app/equipment-rental/mobile-kitchen-trailers/amory-mobile-kitchen-rental/","308","/equipment-rental/mobile-kitchen-trailers/?location=Amory","200","https://temp123-nine.vercel.app/equipment-rental/mobile-kitchen-trailers/?location=Amory","noindex, follow","","True"
"/equipment-rental/mobile-kitchen-trailers/ampere-mobile-kitchen-rental/","configured_redirect","/equipment-rental/mobile-kitchen-trailers/?location=Ampere","Equipment/Service","equipment","","","","false","true","false","","","","","","false","","","https://temp123-nine.vercel.app/equipment-rental/mobile-kitchen-trailers/ampere-mobile-kitchen-rental/","308","/equipment-rental/mobile-kitchen-trailers/?location=Ampere","200","https://temp123-nine.vercel.app/equipment-rental/mobile-kitchen-trailers/?location=Ampere","noindex, follow","","True"
"/equipment-rental/mobile-kitchen-trailers/amsterdam-churchill-mobile-kitchen-rental/","configured_redirect","/equipment-rental/mobile-kitchen-trailers/?location=Amsterdam-Churchill","Equipment/Service","equipment","","","","false","true","false","","","","","","false","","","https://temp123-nine.vercel.app/equipment-rental/mobile-kitchen-trailers/amsterdam-churchill-mobile-kitchen-rental/","308","/equipment-rental/mobile-kitchen-trailers/?location=Amsterdam-Churchill","200","https://temp123-nine.vercel.app/equipment-rental/mobile-kitchen-trailers/?location=Amsterdam-Churchill","noindex, follow","","True"
"/equipment-rental/mobile-kitchen-trailers/amsterdam-mobile-kitchen-rental/","configured_redirect","/equipment-rental/mobile-kitchen-trailers/?location=Amsterdam","Equipment/Service","equipment","","","","false","true","false","","","","","","false","","","https://temp123-nine.vercel.app/equipment-rental/mobile-kitchen-trailers/amsterdam-mobile-kitchen-rental/","308","/equipment-rental/mobile-kitchen-trailers/?location=Amsterdam","200","https://temp123-nine.vercel.app/equipment-rental/mobile-kitchen-trailers/?location=Amsterdam","noindex, follow","","True"
"/equipment-rental/mobile-kitchen-trailers/amston-mobile-kitchen-rental/","configured_redirect","/equipment-rental/mobile-kitchen-trailers/?location=Amston","Equipment/Service","equipment","","","","false","true","false","","","","","","false","","","https://temp123-nine.vercel.app/equipment-rental/mobile-kitchen-trailers/amston-mobile-kitchen-rental/","308","/equipment-rental/mobile-kitchen-trailers/?location=Amston","200","https://temp123-nine.vercel.app/equipment-rental/mobile-kitchen-trailers/?location=Amston","noindex, follow","","True"
"/equipment-rental/mobile-kitchen-trailers/amy-mobile-kitchen-rental/","configured_redirect","/equipment-rental/mobile-kitchen-trailers/?location=Amy","Equipment/Service","equipment","","","","false","true","false","","","","","","false","","","https://temp123-nine.vercel.app/equipment-rental/mobile-kitchen-trailers/amy-mobile-kitchen-rental/","308","/equipment-rental/mobile-kitchen-trailers/?location=Amy","200","https://temp123-nine.vercel.app/equipment-rental/mobile-kitchen-trailers/?location=Amy","noindex, follow","","True"
"/equipment-rental/mobile-kitchen-trailers/anacoco-mobile-kitchen-rental/","configured_redirect","/equipment-rental/mobile-kitchen-trailers/?location=Anacoco","Equipment/Service","equipment","","","","false","true","false","","","","","","false","","","https://temp123-nine.vercel.app/equipment-rental/mobile-kitchen-trailers/anacoco-mobile-kitchen-rental/","308","/equipment-rental/mobile-kitchen-trailers/?location=Anacoco","200","https://temp123-nine.vercel.app/equipment-rental/mobile-kitchen-trailers/?location=Anacoco","noindex, follow","","True"
"/equipment-rental/mobile-kitchen-trailers/anaconda-mobile-kitchen-rental/","configured_redirect","/equipment-rental/mobile-kitchen-trailers/?location=Anaconda","Equipment/Service","equipment","","","","false","true","false","","","","","","false","","","https://temp123-nine.vercel.app/equipment-rental/mobile-kitchen-trailers/anaconda-mobile-kitchen-rental/","308","/equipment-rental/mobile-kitchen-trailers/?location=Anaconda","200","https://temp123-nine.vercel.app/equipment-rental/mobile-kitchen-trailers/?location=Anaconda","noindex, follow","","True"
"/equipment-rental/mobile-kitchen-trailers/anacortes-mobile-kitchen-rental/","configured_redirect","/equipment-rental/mobile-kitchen-trailers/?location=Anacortes","Equipment/Service","equipment","","","","false","true","false","","","","","","false","","","https://temp123-nine.vercel.app/equipment-rental/mobile-kitchen-trailers/anacortes-mobile-kitchen-rental/","308","/equipment-rental/mobile-kitchen-trailers/?location=Anacortes","200","https://temp123-nine.vercel.app/equipment-rental/mobile-kitchen-trailers/?location=Anacortes","noindex, follow","","True"
"/equipment-rental/mobile-kitchen-trailers/anadarko-mobile-kitchen-rental/","configured_redirect","/equipment-rental/mobile-kitchen-trailers/?location=Anadarko","Equipment/Service","equipment","","","","false","true","false","","","","","","false","","","https://temp123-nine.vercel.app/equipment-rental/mobile-kitchen-trailers/anadarko-mobile-kitchen-rental/","308","/equipment-rental/mobile-kitchen-trailers/?location=Anadarko","200","https://temp123-nine.vercel.app/equipment-rental/mobile-kitchen-trailers/?location=Anadarko","noindex, follow","","True"
"/equipment-rental/mobile-kitchen-trailers/anaheim-mobile-kitchen-rental/","configured_redirect","/equipment-rental/mobile-kitchen-trailers/?location=Anaheim","Equipment/Service","equipment","","","","false","true","false","","","","","","false","","","https://temp123-nine.vercel.app/equipment-rental/mobile-kitchen-trailers/anaheim-mobile-kitchen-rental/","308","/equipment-rental/mobile-kitchen-trailers/?location=Anaheim","200","https://temp123-nine.vercel.app/equipment-rental/mobile-kitchen-trailers/?location=Anaheim","noindex, follow","","True"
"/equipment-rental/mobile-kitchen-trailers/anahola-mobile-kitchen-rental/","configured_redirect","/equipment-rental/mobile-kitchen-trailers/?location=Anahola","Equipment/Service","equipment","","","","false","true","false","","","","","","false","","","https://temp123-nine.vercel.app/equipment-rental/mobile-kitchen-trailers/anahola-mobile-kitchen-rental/","308","/equipment-rental/mobile-kitchen-trailers/?location=Anahola","200","https://temp123-nine.vercel.app/equipment-rental/mobile-kitchen-trailers/?location=Anahola","noindex, follow","","True"
"/equipment-rental/mobile-kitchen-trailers/anahuac-mobile-kitchen-rental/","configured_redirect","/equipment-rental/mobile-kitchen-trailers/?location=Anahuac","Equipment/Service","equipment","","","","false","true","false","","","","","","false","","","https://temp123-nine.vercel.app/equipment-rental/mobile-kitchen-trailers/anahuac-mobile-kitchen-rental/","308","/equipment-rental/mobile-kitchen-trailers/?location=Anahuac","200","https://temp123-nine.vercel.app/equipment-rental/mobile-kitchen-trailers/?location=Anahuac","noindex, follow","","True"
"/equipment-rental/mobile-kitchen-trailers/anaktuvuk-pass-mobile-kitchen-rental/","configured_redirect","/equipment-rental/mobile-kitchen-trailers/?location=Anaktuvuk%20Pass","Equipment/Service","equipment","","","","false","true","false","","","","","","false","","","https://temp123-nine.vercel.app/equipment-rental/mobile-kitchen-trailers/anaktuvuk-pass-mobile-kitchen-rental/","308","/equipment-rental/mobile-kitchen-trailers/?location=Anaktuvuk%20Pass","200","https://temp123-nine.vercel.app/equipment-rental/mobile-kitchen-trailers/?location=Anaktuvuk%20Pass","noindex, follow","","True"
"/equipment-rental/mobile-kitchen-trailers/anamoose-mobile-kitchen-rental/","configured_redirect","/equipment-rental/mobile-kitchen-trailers/?location=Anamoose","Equipment/Service","equipment","","","","false","true","false","","","","","","false","","","https://temp123-nine.vercel.app/equipment-rental/mobile-kitchen-trailers/anamoose-mobile-kitchen-rental/","308","/equipment-rental/mobile-kitchen-trailers/?location=Anamoose","200","https://temp123-nine.vercel.app/equipment-rental/mobile-kitchen-trailers/?location=Anamoose","noindex, follow","","True"
"/equipment-rental/mobile-kitchen-trailers/anamosa-mobile-kitchen-rental/","configured_redirect","/equipment-rental/mobile-kitchen-trailers/?location=Anamosa","Equipment/Service","equipment","","","","false","true","false","","","","","","false","","","https://temp123-nine.vercel.app/equipment-rental/mobile-kitchen-trailers/anamosa-mobile-kitchen-rental/","308","/equipment-rental/mobile-kitchen-trailers/?location=Anamosa","200","https://temp123-nine.vercel.app/equipment-rental/mobile-kitchen-trailers/?location=Anamosa","noindex, follow","","True"
"/equipment-rental/mobile-kitchen-trailers/anawalt-mobile-kitchen-rental/","configured_redirect","/equipment-rental/mobile-kitchen-trailers/?location=Anawalt","Equipment/Service","equipment","","","","false","true","false","","","","","","false","","","https://temp123-nine.vercel.app/equipment-rental/mobile-kitchen-trailers/anawalt-mobile-kitchen-rental/","308","/equipment-rental/mobile-kitchen-trailers/?location=Anawalt","200","https://temp123-nine.vercel.app/equipment-rental/mobile-kitchen-trailers/?location=Anawalt","noindex, follow","","True"
"/equipment-rental/mobile-kitchen-trailers/anchor-bay-gardens-mobile-kitchen-rental/","configured_redirect","/equipment-rental/mobile-kitchen-trailers/?location=Anchor%20Bay%20Gardens","Equipment/Service","equipment","","","","false","true","false","","","","","","false","","","https://temp123-nine.vercel.app/equipment-rental/mobile-kitchen-trailers/anchor-bay-gardens-mobile-kitchen-rental/","308","/equipment-rental/mobile-kitchen-trailers/?location=Anchor%20Bay%20Gardens","200","https://temp123-nine.vercel.app/equipment-rental/mobile-kitchen-trailers/?location=Anchor%20Bay%20Gardens","noindex, follow","","True"
"/equipment-rental/mobile-kitchen-trailers/anchor-bay-harbor-mobile-kitchen-rental/","configured_redirect","/equipment-rental/mobile-kitchen-trailers/?location=Anchor%20Bay%20Harbor","Equipment/Service","equipment","","","","false","true","false","","","","","","false","","","https://temp123-nine.vercel.app/equipment-rental/mobile-kitchen-trailers/anchor-bay-harbor-mobile-kitchen-rental/","308","/equipment-rental/mobile-kitchen-trailers/?location=Anchor%20Bay%20Harbor","200","https://temp123-nine.vercel.app/equipment-rental/mobile-kitchen-trailers/?location=Anchor%20Bay%20Harbor","noindex, follow","","True"
"/equipment-rental/mobile-kitchen-trailers/anchor-bay-mobile-kitchen-rental/","configured_redirect","/equipment-rental/mobile-kitchen-trailers/?location=Anchor%20Bay","Equipment/Service","equipment","","","","false","true","false","","","","","","false","","","https://temp123-nine.vercel.app/equipment-rental/mobile-kitchen-trailers/anchor-bay-mobile-kitchen-rental/","308","/equipment-rental/mobile-kitchen-trailers/?location=Anchor%20Bay","200","https://temp123-nine.vercel.app/equipment-rental/mobile-kitchen-trailers/?location=Anchor%20Bay","noindex, follow","","True"
"/equipment-rental/mobile-kitchen-trailers/anchor-bay-shores-mobile-kitchen-rental/","configured_redirect","/equipment-rental/mobile-kitchen-trailers/?location=Anchor%20Bay%20Shores","Equipment/Service","equipment","","","","false","true","false","","","","","","false","","","https://temp123-nine.vercel.app/equipment-rental/mobile-kitchen-trailers/anchor-bay-shores-mobile-kitchen-rental/","308","/equipment-rental/mobile-kitchen-trailers/?location=Anchor%20Bay%20Shores","200","https://temp123-nine.vercel.app/equipment-rental/mobile-kitchen-trailers/?location=Anchor%20Bay%20Shores","noindex, follow","","True"
"/equipment-rental/mobile-kitchen-trailers/anchor-mobile-kitchen-rental/","configured_redirect","/equipment-rental/mobile-kitchen-trailers/?location=Anchor","Equipment/Service","equipment","","","","false","true","false","","","","","","false","","","https://temp123-nine.vercel.app/equipment-rental/mobile-kitchen-trailers/anchor-mobile-kitchen-rental/","308","/equipment-rental/mobile-kitchen-trailers/?location=Anchor","200","https://temp123-nine.vercel.app/equipment-rental/mobile-kitchen-trailers/?location=Anchor","noindex, follow","","True"
"/equipment-rental/mobile-kitchen-trailers/anchor-point-mobile-kitchen-rental/","configured_redirect","/equipment-rental/mobile-kitchen-trailers/?location=Anchor%20Point","Equipment/Service","equipment","","","","false","true","false","","","","","","false","","","https://temp123-nine.vercel.app/equipment-rental/mobile-kitchen-trailers/anchor-point-mobile-kitchen-rental/","308","/equipment-rental/mobile-kitchen-trailers/?location=Anchor%20Point","200","https://temp123-nine.vercel.app/equipment-rental/mobile-kitchen-trailers/?location=Anchor%20Point","noindex, follow","","True"
"/equipment-rental/mobile-kitchen-trailers/anchorage-mobile-kitchen-rental/","configured_redirect","/equipment-rental/mobile-kitchen-trailers/?location=Anchorage","Equipment/Service","equipment","","","","false","true","false","","","","","","false","","","https://temp123-nine.vercel.app/equipment-rental/mobile-kitchen-trailers/anchorage-mobile-kitchen-rental/","308","/equipment-rental/mobile-kitchen-trailers/?location=Anchorage","200","https://temp123-nine.vercel.app/equipment-rental/mobile-kitchen-trailers/?location=Anchorage","noindex, follow","","True"
"/equipment-rental/mobile-kitchen-trailers/anchorville-mobile-kitchen-rental/","configured_redirect","/equipment-rental/mobile-kitchen-trailers/?location=Anchorville","Equipment/Service","equipment","","","","false","true","false","","","","","","false","","","https://temp123-nine.vercel.app/equipment-rental/mobile-kitchen-trailers/anchorville-mobile-kitchen-rental/","308","/equipment-rental/mobile-kitchen-trailers/?location=Anchorville","200","https://temp123-nine.vercel.app/equipment-rental/mobile-kitchen-trailers/?location=Anchorville","noindex, follow","","True"
"/equipment-rental/mobile-kitchen-trailers/ancient-oaks-mobile-kitchen-rental/","configured_redirect","/equipment-rental/mobile-kitchen-trailers/?location=Ancient%20Oaks","Equipment/Service","equipment","","","","false","true","false","","","","","","false","","","https://temp123-nine.vercel.app/equipment-rental/mobile-kitchen-trailers/ancient-oaks-mobile-kitchen-rental/","308","/equipment-rental/mobile-kitchen-trailers/?location=Ancient%20Oaks","200","https://temp123-nine.vercel.app/equipment-rental/mobile-kitchen-trailers/?location=Ancient%20Oaks","noindex, follow","","True"
"/equipment-rental/mobile-kitchen-trailers/ancram-mobile-kitchen-rental/","configured_redirect","/equipment-rental/mobile-kitchen-trailers/?location=Ancram","Equipment/Service","equipment","","","","false","true","false","","","","","","false","","","https://temp123-nine.vercel.app/equipment-rental/mobile-kitchen-trailers/ancram-mobile-kitchen-rental/","308","/equipment-rental/mobile-kitchen-trailers/?location=Ancram","200","https://temp123-nine.vercel.app/equipment-rental/mobile-kitchen-trailers/?location=Ancram","noindex, follow","","True"
"/equipment-rental/mobile-kitchen-trailers/andale-mobile-kitchen-rental/","configured_redirect","/equipment-rental/mobile-kitchen-trailers/?location=Andale","Equipment/Service","equipment","","","","false","true","false","","","","","","false","","","https://temp123-nine.vercel.app/equipment-rental/mobile-kitchen-trailers/andale-mobile-kitchen-rental/","308","/equipment-rental/mobile-kitchen-trailers/?location=Andale","200","https://temp123-nine.vercel.app/equipment-rental/mobile-kitchen-trailers/?location=Andale","noindex, follow","","True"
"/equipment-rental/mobile-kitchen-trailers/andalusia-mobile-kitchen-rental/","configured_redirect","/equipment-rental/mobile-kitchen-trailers/?location=Andalusia","Equipment/Service","equipment","","","","false","true","false","","","","","","false","","","https://temp123-nine.vercel.app/equipment-rental/mobile-kitchen-trailers/andalusia-mobile-kitchen-rental/","308","/equipment-rental/mobile-kitchen-trailers/?location=Andalusia","200","https://temp123-nine.vercel.app/equipment-rental/mobile-kitchen-trailers/?location=Andalusia","noindex, follow","","True"
"/equipment-rental/mobile-kitchen-trailers/anderson-island-mobile-kitchen-rental/","configured_redirect","/equipment-rental/mobile-kitchen-trailers/?location=Anderson%20Island","Equipment/Service","equipment","","","","false","true","false","","","","","","false","","","https://temp123-nine.vercel.app/equipment-rental/mobile-kitchen-trailers/anderson-island-mobile-kitchen-rental/","308","/equipment-rental/mobile-kitchen-trailers/?location=Anderson%20Island","200","https://temp123-nine.vercel.app/equipment-rental/mobile-kitchen-trailers/?location=Anderson%20Island","noindex, follow","","True"
"/equipment-rental/mobile-kitchen-trailers/anderson-mill-mobile-kitchen-rental/","configured_redirect","/equipment-rental/mobile-kitchen-trailers/?location=Anderson%20Mill","Equipment/Service","equipment","","","","false","true","false","","","","","","false","","","https://temp123-nine.vercel.app/equipment-rental/mobile-kitchen-trailers/anderson-mill-mobile-kitchen-rental/","308","/equipment-rental/mobile-kitchen-trailers/?location=Anderson%20Mill","200","https://temp123-nine.vercel.app/equipment-rental/mobile-kitchen-trailers/?location=Anderson%20Mill","noindex, follow","","True"
"/equipment-rental/mobile-kitchen-trailers/anderson-mobile-kitchen-rental/","configured_redirect","/equipment-rental/mobile-kitchen-trailers/?location=Anderson","Equipment/Service","equipment","","","","false","true","false","","","","","","false","","","https://temp123-nine.vercel.app/equipment-rental/mobile-kitchen-trailers/anderson-mobile-kitchen-rental/","308","/equipment-rental/mobile-kitchen-trailers/?location=Anderson","200","https://temp123-nine.vercel.app/equipment-rental/mobile-kitchen-trailers/?location=Anderson","noindex, follow","","True"
"/equipment-rental/mobile-kitchen-trailers/andersonville-mobile-kitchen-rental/","configured_redirect","/equipment-rental/mobile-kitchen-trailers/?location=Andersonville","Equipment/Service","equipment","","","","false","true","false","","","","","","false","","","https://temp123-nine.vercel.app/equipment-rental/mobile-kitchen-trailers/andersonville-mobile-kitchen-rental/","308","/equipment-rental/mobile-kitchen-trailers/?location=Andersonville","200","https://temp123-nine.vercel.app/equipment-rental/mobile-kitchen-trailers/?location=Andersonville","noindex, follow","","True"
"/equipment-rental/mobile-kitchen-trailers/andes-mobile-kitchen-rental/","configured_redirect","/equipment-rental/mobile-kitchen-trailers/?location=Andes","Equipment/Service","equipment","","","","false","true","false","","","","","","false","","","https://temp123-nine.vercel.app/equipment-rental/mobile-kitchen-trailers/andes-mobile-kitchen-rental/","308","/equipment-rental/mobile-kitchen-trailers/?location=Andes","200","https://temp123-nine.vercel.app/equipment-rental/mobile-kitchen-trailers/?location=Andes","noindex, follow","","True"
"/equipment-rental/mobile-kitchen-trailers/andice-mobile-kitchen-rental/","configured_redirect","/equipment-rental/mobile-kitchen-trailers/?location=Andice","Equipment/Service","equipment","","","","false","true","false","","","","","","false","","","https://temp123-nine.vercel.app/equipment-rental/mobile-kitchen-trailers/andice-mobile-kitchen-rental/","308","/equipment-rental/mobile-kitchen-trailers/?location=Andice","200","https://temp123-nine.vercel.app/equipment-rental/mobile-kitchen-trailers/?location=Andice","noindex, follow","","True"
"/equipment-rental/mobile-kitchen-trailers/andover-mobile-kitchen-rental/","configured_redirect","/equipment-rental/mobile-kitchen-trailers/?location=Andover","Equipment/Service","equipment","","","","false","true","false","","","","","","false","","","https://temp123-nine.vercel.app/equipment-rental/mobile-kitchen-trailers/andover-mobile-kitchen-rental/","308","/equipment-rental/mobile-kitchen-trailers/?location=Andover","200","https://temp123-nine.vercel.app/equipment-rental/mobile-kitchen-trailers/?location=Andover","noindex, follow","","True"
"/equipment-rental/mobile-kitchen-trailers/andres-mobile-kitchen-rental/","configured_redirect","/equipment-rental/mobile-kitchen-trailers/?location=Andres","Equipment/Service","equipment","","","","false","true","false","","","","","","false","","","https://temp123-nine.vercel.app/equipment-rental/mobile-kitchen-trailers/andres-mobile-kitchen-rental/","308","/equipment-rental/mobile-kitchen-trailers/?location=Andres","200","https://temp123-nine.vercel.app/equipment-rental/mobile-kitchen-trailers/?location=Andres","noindex, follow","","True"
"/equipment-rental/mobile-kitchen-trailers/andrew-mobile-kitchen-rental/","configured_redirect","/equipment-rental/mobile-kitchen-trailers/?location=Andrew","Equipment/Service","equipment","","","","false","true","false","","","","","","false","","","https://temp123-nine.vercel.app/equipment-rental/mobile-kitchen-trailers/andrew-mobile-kitchen-rental/","308","/equipment-rental/mobile-kitchen-trailers/?location=Andrew","200","https://temp123-nine.vercel.app/equipment-rental/mobile-kitchen-trailers/?location=Andrew","noindex, follow","","True"
"/equipment-rental/mobile-kitchen-trailers/andrews-afb-mobile-kitchen-rental/","configured_redirect","/equipment-rental/mobile-kitchen-trailers/?location=Andrews%20AFB","Equipment/Service","equipment","","","","false","true","false","","","","","","false","","","https://temp123-nine.vercel.app/equipment-rental/mobile-kitchen-trailers/andrews-afb-mobile-kitchen-rental/","308","/equipment-rental/mobile-kitchen-trailers/?location=Andrews%20AFB","200","https://temp123-nine.vercel.app/equipment-rental/mobile-kitchen-trailers/?location=Andrews%20AFB","noindex, follow","","True"
"/equipment-rental/mobile-kitchen-trailers/andrews-mobile-kitchen-rental/","configured_redirect","/equipment-rental/mobile-kitchen-trailers/?location=Andrews","Equipment/Service","equipment","","","","false","true","false","","","","","","false","","","https://temp123-nine.vercel.app/equipment-rental/mobile-kitchen-trailers/andrews-mobile-kitchen-rental/","308","/equipment-rental/mobile-kitchen-trailers/?location=Andrews","200","https://temp123-nine.vercel.app/equipment-rental/mobile-kitchen-trailers/?location=Andrews","noindex, follow","","True"
"/equipment-rental/mobile-kitchen-trailers/anegam-mobile-kitchen-rental/","configured_redirect","/equipment-rental/mobile-kitchen-trailers/?location=Anegam","Equipment/Service","equipment","","","","false","true","false","","","","","","false","","","https://temp123-nine.vercel.app/equipment-rental/mobile-kitchen-trailers/anegam-mobile-kitchen-rental/","308","/equipment-rental/mobile-kitchen-trailers/?location=Anegam","200","https://temp123-nine.vercel.app/equipment-rental/mobile-kitchen-trailers/?location=Anegam","noindex, follow","","True"
"/equipment-rental/mobile-kitchen-trailers/aneta-mobile-kitchen-rental/","configured_redirect","/equipment-rental/mobile-kitchen-trailers/?location=Aneta","Equipment/Service","equipment","","","","false","true","false","","","","","","false","","","https://temp123-nine.vercel.app/equipment-rental/mobile-kitchen-trailers/aneta-mobile-kitchen-rental/","308","/equipment-rental/mobile-kitchen-trailers/?location=Aneta","200","https://temp123-nine.vercel.app/equipment-rental/mobile-kitchen-trailers/?location=Aneta","noindex, follow","","True"
"/equipment-rental/mobile-kitchen-trailers/aneth-mobile-kitchen-rental/","configured_redirect","/equipment-rental/mobile-kitchen-trailers/?location=Aneth","Equipment/Service","equipment","","","","false","true","false","","","","","","false","","","https://temp123-nine.vercel.app/equipment-rental/mobile-kitchen-trailers/aneth-mobile-kitchen-rental/","308","/equipment-rental/mobile-kitchen-trailers/?location=Aneth","200","https://temp123-nine.vercel.app/equipment-rental/mobile-kitchen-trailers/?location=Aneth","noindex, follow","","True"
"/equipment-rental/mobile-kitchen-trailers/angel-fire-mobile-kitchen-rental/","configured_redirect","/equipment-rental/mobile-kitchen-trailers/?location=Angel%20Fire","Equipment/Service","equipment","","","","false","true","false","","","","","","false","","","https://temp123-nine.vercel.app/equipment-rental/mobile-kitchen-trailers/angel-fire-mobile-kitchen-rental/","308","/equipment-rental/mobile-kitchen-trailers/?location=Angel%20Fire","200","https://temp123-nine.vercel.app/equipment-rental/mobile-kitchen-trailers/?location=Angel%20Fire","noindex, follow","","True"
"/equipment-rental/mobile-kitchen-trailers/angel-island-mobile-kitchen-rental/","configured_redirect","/equipment-rental/mobile-kitchen-trailers/?location=Angel%20Island","Equipment/Service","equipment","","","","false","true","false","","","","","","false","","","https://temp123-nine.vercel.app/equipment-rental/mobile-kitchen-trailers/angel-island-mobile-kitchen-rental/","308","/equipment-rental/mobile-kitchen-trailers/?location=Angel%20Island","200","https://temp123-nine.vercel.app/equipment-rental/mobile-kitchen-trailers/?location=Angel%20Island","noindex, follow","","True"
"/equipment-rental/mobile-kitchen-trailers/angela-mobile-kitchen-rental/","configured_redirect","/equipment-rental/mobile-kitchen-trailers/?location=Angela","Equipment/Service","equipment","","","","false","true","false","","","","","","false","","","https://temp123-nine.vercel.app/equipment-rental/mobile-kitchen-trailers/angela-mobile-kitchen-rental/","308","/equipment-rental/mobile-kitchen-trailers/?location=Angela","200","https://temp123-nine.vercel.app/equipment-rental/mobile-kitchen-trailers/?location=Angela","noindex, follow","","True"
"/equipment-rental/mobile-kitchen-trailers/angelica-mobile-kitchen-rental/","configured_redirect","/equipment-rental/mobile-kitchen-trailers/?location=Angelica","Equipment/Service","equipment","","","","false","true","false","","","","","","false","","","https://temp123-nine.vercel.app/equipment-rental/mobile-kitchen-trailers/angelica-mobile-kitchen-rental/","308","/equipment-rental/mobile-kitchen-trailers/?location=Angelica","200","https://temp123-nine.vercel.app/equipment-rental/mobile-kitchen-trailers/?location=Angelica","noindex, follow","","True"
"/equipment-rental/mobile-kitchen-trailers/angelo-mobile-kitchen-rental/","configured_redirect","/equipment-rental/mobile-kitchen-trailers/?location=Angelo","Equipment/Service","equipment","","","","false","true","false","","","","","","false","","","https://temp123-nine.vercel.app/equipment-rental/mobile-kitchen-trailers/angelo-mobile-kitchen-rental/","308","/equipment-rental/mobile-kitchen-trailers/?location=Angelo","200","https://temp123-nine.vercel.app/equipment-rental/mobile-kitchen-trailers/?location=Angelo","noindex, follow","","True"
"/equipment-rental/mobile-kitchen-trailers/angels-camp-mobile-kitchen-rental/","configured_redirect","/equipment-rental/mobile-kitchen-trailers/?location=Angels%20Camp","Equipment/Service","equipment","","","","false","true","false","","","","","","false","","","https://temp123-nine.vercel.app/equipment-rental/mobile-kitchen-trailers/angels-camp-mobile-kitchen-rental/","308","/equipment-rental/mobile-kitchen-trailers/?location=Angels%20Camp","200","https://temp123-nine.vercel.app/equipment-rental/mobile-kitchen-trailers/?location=Angels%20Camp","noindex, follow","","True"
"/equipment-rental/mobile-kitchen-trailers/angelus-oaks-mobile-kitchen-rental/","configured_redirect","/equipment-rental/mobile-kitchen-trailers/?location=Angelus%20Oaks","Equipment/Service","equipment","","","","false","true","false","","","","","","false","","","https://temp123-nine.vercel.app/equipment-rental/mobile-kitchen-trailers/angelus-oaks-mobile-kitchen-rental/","308","/equipment-rental/mobile-kitchen-trailers/?location=Angelus%20Oaks","200","https://temp123-nine.vercel.app/equipment-rental/mobile-kitchen-trailers/?location=Angelus%20Oaks","noindex, follow","","True"
"/equipment-rental/mobile-kitchen-trailers/angie-mobile-kitchen-rental/","configured_redirect","/equipment-rental/mobile-kitchen-trailers/?location=Angie","Equipment/Service","equipment","","","","false","true","false","","","","","","false","","","https://temp123-nine.vercel.app/equipment-rental/mobile-kitchen-trailers/angie-mobile-kitchen-rental/","308","/equipment-rental/mobile-kitchen-trailers/?location=Angie","200","https://temp123-nine.vercel.app/equipment-rental/mobile-kitchen-trailers/?location=Angie","noindex, follow","","True"
"/equipment-rental/mobile-kitchen-trailers/angier-mobile-kitchen-rental/","configured_redirect","/equipment-rental/mobile-kitchen-trailers/?location=Angier","Equipment/Service","equipment","","","","false","true","false","","","","","","false","","","https://temp123-nine.vercel.app/equipment-rental/mobile-kitchen-trailers/angier-mobile-kitchen-rental/","308","/equipment-rental/mobile-kitchen-trailers/?location=Angier","200","https://temp123-nine.vercel.app/equipment-rental/mobile-kitchen-trailers/?location=Angier","noindex, follow","","True"
"/equipment-rental/mobile-kitchen-trailers/anglesea-mobile-kitchen-rental/","configured_redirect","/equipment-rental/mobile-kitchen-trailers/?location=Anglesea","Equipment/Service","equipment","","","","false","true","false","","","","","","false","","","https://temp123-nine.vercel.app/equipment-rental/mobile-kitchen-trailers/anglesea-mobile-kitchen-rental/","308","/equipment-rental/mobile-kitchen-trailers/?location=Anglesea","200","https://temp123-nine.vercel.app/equipment-rental/mobile-kitchen-trailers/?location=Anglesea","noindex, follow","","True"
"/equipment-rental/mobile-kitchen-trailers/angleton-mobile-kitchen-rental/","configured_redirect","/equipment-rental/mobile-kitchen-trailers/?location=Angleton","Equipment/Service","equipment","","","","false","true","false","","","","","","false","","","https://temp123-nine.vercel.app/equipment-rental/mobile-kitchen-trailers/angleton-mobile-kitchen-rental/","308","/equipment-rental/mobile-kitchen-trailers/?location=Angleton","200","https://temp123-nine.vercel.app/equipment-rental/mobile-kitchen-trailers/?location=Angleton","noindex, follow","","True"
"/equipment-rental/mobile-kitchen-trailers/angola-mobile-kitchen-rental/","configured_redirect","/equipment-rental/mobile-kitchen-trailers/?location=Angola","Equipment/Service","equipment","","","","false","true","false","","","","","","false","","","https://temp123-nine.vercel.app/equipment-rental/mobile-kitchen-trailers/angola-mobile-kitchen-rental/","308","/equipment-rental/mobile-kitchen-trailers/?location=Angola","200","https://temp123-nine.vercel.app/equipment-rental/mobile-kitchen-trailers/?location=Angola","noindex, follow","","True"
"/equipment-rental/mobile-kitchen-trailers/angola-on-the-lake-mobile-kitchen-rental/","configured_redirect","/equipment-rental/mobile-kitchen-trailers/?location=Angola%20on%20the%20Lake","Equipment/Service","equipment","","","","false","true","false","","","","","","false","","","https://temp123-nine.vercel.app/equipment-rental/mobile-kitchen-trailers/angola-on-the-lake-mobile-kitchen-rental/","308","/equipment-rental/mobile-kitchen-trailers/?location=Angola%20on%20the%20Lake","200","https://temp123-nine.vercel.app/equipment-rental/mobile-kitchen-trailers/?location=Angola%20on%20the%20Lake","noindex, follow","","True"
"/equipment-rental/mobile-kitchen-trailers/angoon-mobile-kitchen-rental/","configured_redirect","/equipment-rental/mobile-kitchen-trailers/?location=Angoon","Equipment/Service","equipment","","","","false","true","false","","","","","","false","","","https://temp123-nine.vercel.app/equipment-rental/mobile-kitchen-trailers/angoon-mobile-kitchen-rental/","308","/equipment-rental/mobile-kitchen-trailers/?location=Angoon","200","https://temp123-nine.vercel.app/equipment-rental/mobile-kitchen-trailers/?location=Angoon","noindex, follow","","True"
"/equipment-rental/mobile-kitchen-trailers/angora-mobile-kitchen-rental/","configured_redirect","/equipment-rental/mobile-kitchen-trailers/?location=Angora","Equipment/Service","equipment","","","","false","true","false","","","","","","false","","","https://temp123-nine.vercel.app/equipment-rental/mobile-kitchen-trailers/angora-mobile-kitchen-rental/","308","/equipment-rental/mobile-kitchen-trailers/?location=Angora","200","https://temp123-nine.vercel.app/equipment-rental/mobile-kitchen-trailers/?location=Angora","noindex, follow","","True"
"/equipment-rental/mobile-kitchen-trailers/anguilla-mobile-kitchen-rental/","configured_redirect","/equipment-rental/mobile-kitchen-trailers/?location=Anguilla","Equipment/Service","equipment","","","","false","true","false","","","","","","false","","","https://temp123-nine.vercel.app/equipment-rental/mobile-kitchen-trailers/anguilla-mobile-kitchen-rental/","308","/equipment-rental/mobile-kitchen-trailers/?location=Anguilla","200","https://temp123-nine.vercel.app/equipment-rental/mobile-kitchen-trailers/?location=Anguilla","noindex, follow","","True"
"/equipment-rental/mobile-kitchen-trailers/angus-mobile-kitchen-rental/","configured_redirect","/equipment-rental/mobile-kitchen-trailers/?location=Angus","Equipment/Service","equipment","","","","false","true","false","","","","","","false","","","https://temp123-nine.vercel.app/equipment-rental/mobile-kitchen-trailers/angus-mobile-kitchen-rental/","308","/equipment-rental/mobile-kitchen-trailers/?location=Angus","200","https://temp123-nine.vercel.app/equipment-rental/mobile-kitchen-trailers/?location=Angus","noindex, follow","","True"
"/equipment-rental/mobile-kitchen-trailers/angwin-mobile-kitchen-rental/","configured_redirect","/equipment-rental/mobile-kitchen-trailers/?location=Angwin","Equipment/Service","equipment","","","","false","true","false","","","","","","false","","","https://temp123-nine.vercel.app/equipment-rental/mobile-kitchen-trailers/angwin-mobile-kitchen-rental/","308","/equipment-rental/mobile-kitchen-trailers/?location=Angwin","200","https://temp123-nine.vercel.app/equipment-rental/mobile-kitchen-trailers/?location=Angwin","noindex, follow","","True"
"/equipment-rental/mobile-kitchen-trailers/aniak-mobile-kitchen-rental/","configured_redirect","/equipment-rental/mobile-kitchen-trailers/?location=Aniak","Equipment/Service","equipment","","","","false","true","false","","","","","","false","","","https://temp123-nine.vercel.app/equipment-rental/mobile-kitchen-trailers/aniak-mobile-kitchen-rental/","308","/equipment-rental/mobile-kitchen-trailers/?location=Aniak","200","https://temp123-nine.vercel.app/equipment-rental/mobile-kitchen-trailers/?location=Aniak","noindex, follow","","True"
"/equipment-rental/mobile-kitchen-trailers/animas-mobile-kitchen-rental/","configured_redirect","/equipment-rental/mobile-kitchen-trailers/?location=Animas","Equipment/Service","equipment","","","","false","true","false","","","","","","false","","","https://temp123-nine.vercel.app/equipment-rental/mobile-kitchen-trailers/animas-mobile-kitchen-rental/","308","/equipment-rental/mobile-kitchen-trailers/?location=Animas","200","https://temp123-nine.vercel.app/equipment-rental/mobile-kitchen-trailers/?location=Animas","noindex, follow","","True"
"/equipment-rental/mobile-kitchen-trailers/anita-mobile-kitchen-rental/","configured_redirect","/equipment-rental/mobile-kitchen-trailers/?location=Anita","Equipment/Service","equipment","","","","false","true","false","","","","","","false","","","https://temp123-nine.vercel.app/equipment-rental/mobile-kitchen-trailers/anita-mobile-kitchen-rental/","308","/equipment-rental/mobile-kitchen-trailers/?location=Anita","200","https://temp123-nine.vercel.app/equipment-rental/mobile-kitchen-trailers/?location=Anita","noindex, follow","","True"
"/equipment-rental/mobile-kitchen-trailers/aniwa-mobile-kitchen-rental/","configured_redirect","/equipment-rental/mobile-kitchen-trailers/?location=Aniwa","Equipment/Service","equipment","","","","false","true","false","","","","","","false","","","https://temp123-nine.vercel.app/equipment-rental/mobile-kitchen-trailers/aniwa-mobile-kitchen-rental/","308","/equipment-rental/mobile-kitchen-trailers/?location=Aniwa","200","https://temp123-nine.vercel.app/equipment-rental/mobile-kitchen-trailers/?location=Aniwa","noindex, follow","","True"
"/equipment-rental/mobile-kitchen-trailers/ankeny-mobile-kitchen-rental/","configured_redirect","/equipment-rental/mobile-kitchen-trailers/?location=Ankeny","Equipment/Service","equipment","","","","false","true","false","","","","","","false","","","https://temp123-nine.vercel.app/equipment-rental/mobile-kitchen-trailers/ankeny-mobile-kitchen-rental/","308","/equipment-rental/mobile-kitchen-trailers/?location=Ankeny","200","https://temp123-nine.vercel.app/equipment-rental/mobile-kitchen-trailers/?location=Ankeny","noindex, follow","","True"
"/equipment-rental/mobile-kitchen-trailers/anmoore-mobile-kitchen-rental/","configured_redirect","/equipment-rental/mobile-kitchen-trailers/?location=Anmoore","Equipment/Service","equipment","","","","false","true","false","","","","","","false","","","https://temp123-nine.vercel.app/equipment-rental/mobile-kitchen-trailers/anmoore-mobile-kitchen-rental/","308","/equipment-rental/mobile-kitchen-trailers/?location=Anmoore","200","https://temp123-nine.vercel.app/equipment-rental/mobile-kitchen-trailers/?location=Anmoore","noindex, follow","","True"
"/equipment-rental/mobile-kitchen-trailers/ann-arbor-mobile-kitchen-rental/","configured_redirect","/equipment-rental/mobile-kitchen-trailers/?location=Ann%20Arbor","Equipment/Service","equipment","","","","false","true","false","","","","","","false","","","https://temp123-nine.vercel.app/equipment-rental/mobile-kitchen-trailers/ann-arbor-mobile-kitchen-rental/","308","/equipment-rental/mobile-kitchen-trailers/?location=Ann%20Arbor","200","https://temp123-nine.vercel.app/equipment-rental/mobile-kitchen-trailers/?location=Ann%20Arbor","noindex, follow","","True"
"/equipment-rental/mobile-kitchen-trailers/anna-maria-mobile-kitchen-rental/","configured_redirect","/equipment-rental/mobile-kitchen-trailers/?location=Anna%20Maria","Equipment/Service","equipment","","","","false","true","false","","","","","","false","","","https://temp123-nine.vercel.app/equipment-rental/mobile-kitchen-trailers/anna-maria-mobile-kitchen-rental/","308","/equipment-rental/mobile-kitchen-trailers/?location=Anna%20Maria","200","https://temp123-nine.vercel.app/equipment-rental/mobile-kitchen-trailers/?location=Anna%20Maria","noindex, follow","","True"
"/equipment-rental/mobile-kitchen-trailers/anna-mobile-kitchen-rental/","configured_redirect","/equipment-rental/mobile-kitchen-trailers/?location=Anna","Equipment/Service","equipment","","","","false","true","false","","","","","","false","","","https://temp123-nine.vercel.app/equipment-rental/mobile-kitchen-trailers/anna-mobile-kitchen-rental/","308","/equipment-rental/mobile-kitchen-trailers/?location=Anna","200","https://temp123-nine.vercel.app/equipment-rental/mobile-kitchen-trailers/?location=Anna","noindex, follow","","True"
"/equipment-rental/mobile-kitchen-trailers/annabella-mobile-kitchen-rental/","configured_redirect","/equipment-rental/mobile-kitchen-trailers/?location=Annabella","Equipment/Service","equipment","","","","false","true","false","","","","","","false","","","https://temp123-nine.vercel.app/equipment-rental/mobile-kitchen-trailers/annabella-mobile-kitchen-rental/","308","/equipment-rental/mobile-kitchen-trailers/?location=Annabella","200","https://temp123-nine.vercel.app/equipment-rental/mobile-kitchen-trailers/?location=Annabella","noindex, follow","","True"
"/equipment-rental/mobile-kitchen-trailers/annada-mobile-kitchen-rental/","configured_redirect","/equipment-rental/mobile-kitchen-trailers/?location=Annada","Equipment/Service","equipment","","","","false","true","false","","","","","","false","","","https://temp123-nine.vercel.app/equipment-rental/mobile-kitchen-trailers/annada-mobile-kitchen-rental/","308","/equipment-rental/mobile-kitchen-trailers/?location=Annada","200","https://temp123-nine.vercel.app/equipment-rental/mobile-kitchen-trailers/?location=Annada","noindex, follow","","True"
"/equipment-rental/mobile-kitchen-trailers/annandale-mobile-kitchen-rental/","configured_redirect","/equipment-rental/mobile-kitchen-trailers/?location=Annandale","Equipment/Service","equipment","","","","false","true","false","","","","","","false","","","https://temp123-nine.vercel.app/equipment-rental/mobile-kitchen-trailers/annandale-mobile-kitchen-rental/","308","/equipment-rental/mobile-kitchen-trailers/?location=Annandale","200","https://temp123-nine.vercel.app/equipment-rental/mobile-kitchen-trailers/?location=Annandale","noindex, follow","","True"
"/equipment-rental/mobile-kitchen-trailers/annapolis-mobile-kitchen-rental/","configured_redirect","/equipment-rental/mobile-kitchen-trailers/?location=Annapolis","Equipment/Service","equipment","","","","false","true","false","","","","","","false","","","https://temp123-nine.vercel.app/equipment-rental/mobile-kitchen-trailers/annapolis-mobile-kitchen-rental/","308","/equipment-rental/mobile-kitchen-trailers/?location=Annapolis","200","https://temp123-nine.vercel.app/equipment-rental/mobile-kitchen-trailers/?location=Annapolis","noindex, follow","","True"
"/equipment-rental/mobile-kitchen-trailers/annawan-mobile-kitchen-rental/","configured_redirect","/equipment-rental/mobile-kitchen-trailers/?location=Annawan","Equipment/Service","equipment","","","","false","true","false","","","","","","false","","","https://temp123-nine.vercel.app/equipment-rental/mobile-kitchen-trailers/annawan-mobile-kitchen-rental/","308","/equipment-rental/mobile-kitchen-trailers/?location=Annawan","200","https://temp123-nine.vercel.app/equipment-rental/mobile-kitchen-trailers/?location=Annawan","noindex, follow","","True"
"/equipment-rental/mobile-kitchen-trailers/annetta-mobile-kitchen-rental/","configured_redirect","/equipment-rental/mobile-kitchen-trailers/?location=Annetta","Equipment/Service","equipment","","","","false","true","false","","","","","","false","","","https://temp123-nine.vercel.app/equipment-rental/mobile-kitchen-trailers/annetta-mobile-kitchen-rental/","308","/equipment-rental/mobile-kitchen-trailers/?location=Annetta","200","https://temp123-nine.vercel.app/equipment-rental/mobile-kitchen-trailers/?location=Annetta","noindex, follow","","True"
"/equipment-rental/mobile-kitchen-trailers/annetta-north-mobile-kitchen-rental/","configured_redirect","/equipment-rental/mobile-kitchen-trailers/?location=Annetta%20North","Equipment/Service","equipment","","","","false","true","false","","","","","","false","","","https://temp123-nine.vercel.app/equipment-rental/mobile-kitchen-trailers/annetta-north-mobile-kitchen-rental/","308","/equipment-rental/mobile-kitchen-trailers/?location=Annetta%20North","200","https://temp123-nine.vercel.app/equipment-rental/mobile-kitchen-trailers/?location=Annetta%20North","noindex, follow","","True"
"/equipment-rental/mobile-kitchen-trailers/annetta-south-mobile-kitchen-rental/","configured_redirect","/equipment-rental/mobile-kitchen-trailers/?location=Annetta%20South","Equipment/Service","equipment","","","","false","true","false","","","","","","false","","","https://temp123-nine.vercel.app/equipment-rental/mobile-kitchen-trailers/annetta-south-mobile-kitchen-rental/","308","/equipment-rental/mobile-kitchen-trailers/?location=Annetta%20South","200","https://temp123-nine.vercel.app/equipment-rental/mobile-kitchen-trailers/?location=Annetta%20South","noindex, follow","","True"
"/equipment-rental/mobile-kitchen-trailers/annex-mobile-kitchen-rental/","configured_redirect","/equipment-rental/mobile-kitchen-trailers/?location=Annex","Equipment/Service","equipment","","","","false","true","false","","","","","","false","","","https://temp123-nine.vercel.app/equipment-rental/mobile-kitchen-trailers/annex-mobile-kitchen-rental/","308","/equipment-rental/mobile-kitchen-trailers/?location=Annex","200","https://temp123-nine.vercel.app/equipment-rental/mobile-kitchen-trailers/?location=Annex","noindex, follow","","True"
"/equipment-rental/mobile-kitchen-trailers/anniston-mobile-kitchen-rental/","configured_redirect","/equipment-rental/mobile-kitchen-trailers/?location=Anniston","Equipment/Service","equipment","","","","false","true","false","","","","","","false","","","https://temp123-nine.vercel.app/equipment-rental/mobile-kitchen-trailers/anniston-mobile-kitchen-rental/","308","/equipment-rental/mobile-kitchen-trailers/?location=Anniston","200","https://temp123-nine.vercel.app/equipment-rental/mobile-kitchen-trailers/?location=Anniston","noindex, follow","","True"
"/equipment-rental/mobile-kitchen-trailers/annona-mobile-kitchen-rental/","configured_redirect","/equipment-rental/mobile-kitchen-trailers/?location=Annona","Equipment/Service","equipment","","","","false","true","false","","","","","","false","","","https://temp123-nine.vercel.app/equipment-rental/mobile-kitchen-trailers/annona-mobile-kitchen-rental/","308","/equipment-rental/mobile-kitchen-trailers/?location=Annona","200","https://temp123-nine.vercel.app/equipment-rental/mobile-kitchen-trailers/?location=Annona","noindex, follow","","True"
"/equipment-rental/mobile-kitchen-trailers/annsville-mobile-kitchen-rental/","configured_redirect","/equipment-rental/mobile-kitchen-trailers/?location=Annsville","Equipment/Service","equipment","","","","false","true","false","","","","","","false","","","https://temp123-nine.vercel.app/equipment-rental/mobile-kitchen-trailers/annsville-mobile-kitchen-rental/","308","/equipment-rental/mobile-kitchen-trailers/?location=Annsville","200","https://temp123-nine.vercel.app/equipment-rental/mobile-kitchen-trailers/?location=Annsville","noindex, follow","","True"
"/equipment-rental/mobile-kitchen-trailers/annville-mobile-kitchen-rental/","configured_redirect","/equipment-rental/mobile-kitchen-trailers/?location=Annville","Equipment/Service","equipment","","","","false","true","false","","","","","","false","","","https://temp123-nine.vercel.app/equipment-rental/mobile-kitchen-trailers/annville-mobile-kitchen-rental/","308","/equipment-rental/mobile-kitchen-trailers/?location=Annville","200","https://temp123-nine.vercel.app/equipment-rental/mobile-kitchen-trailers/?location=Annville","noindex, follow","","True"
"/equipment-rental/mobile-kitchen-trailers/anoka-mobile-kitchen-rental/","configured_redirect","/equipment-rental/mobile-kitchen-trailers/?location=Anoka","Equipment/Service","equipment","","","","false","true","false","","","","","","false","","","https://temp123-nine.vercel.app/equipment-rental/mobile-kitchen-trailers/anoka-mobile-kitchen-rental/","308","/equipment-rental/mobile-kitchen-trailers/?location=Anoka","200","https://temp123-nine.vercel.app/equipment-rental/mobile-kitchen-trailers/?location=Anoka","noindex, follow","","True"
"/equipment-rental/mobile-kitchen-trailers/anselmo-mobile-kitchen-rental/","configured_redirect","/equipment-rental/mobile-kitchen-trailers/?location=Anselmo","Equipment/Service","equipment","","","","false","true","false","","","","","","false","","","https://temp123-nine.vercel.app/equipment-rental/mobile-kitchen-trailers/anselmo-mobile-kitchen-rental/","308","/equipment-rental/mobile-kitchen-trailers/?location=Anselmo","200","https://temp123-nine.vercel.app/equipment-rental/mobile-kitchen-trailers/?location=Anselmo","noindex, follow","","True"
"/equipment-rental/mobile-kitchen-trailers/ansley-mobile-kitchen-rental/","configured_redirect","/equipment-rental/mobile-kitchen-trailers/?location=Ansley","Equipment/Service","equipment","","","","false","true","false","","","","","","false","","","https://temp123-nine.vercel.app/equipment-rental/mobile-kitchen-trailers/ansley-mobile-kitchen-rental/","308","/equipment-rental/mobile-kitchen-trailers/?location=Ansley","200","https://temp123-nine.vercel.app/equipment-rental/mobile-kitchen-trailers/?location=Ansley","noindex, follow","","True"
"/equipment-rental/mobile-kitchen-trailers/anson-mobile-kitchen-rental/","configured_redirect","/equipment-rental/mobile-kitchen-trailers/?location=Anson","Equipment/Service","equipment","","","","false","true","false","","","","","","false","","","https://temp123-nine.vercel.app/equipment-rental/mobile-kitchen-trailers/anson-mobile-kitchen-rental/","308","/equipment-rental/mobile-kitchen-trailers/?location=Anson","200","https://temp123-nine.vercel.app/equipment-rental/mobile-kitchen-trailers/?location=Anson","noindex, follow","","True"
"/equipment-rental/mobile-kitchen-trailers/ansonia-mobile-kitchen-rental/","configured_redirect","/equipment-rental/mobile-kitchen-trailers/?location=Ansonia","Equipment/Service","equipment","","","","false","true","false","","","","","","false","","","https://temp123-nine.vercel.app/equipment-rental/mobile-kitchen-trailers/ansonia-mobile-kitchen-rental/","308","/equipment-rental/mobile-kitchen-trailers/?location=Ansonia","200","https://temp123-nine.vercel.app/equipment-rental/mobile-kitchen-trailers/?location=Ansonia","noindex, follow","","True"
"/equipment-rental/mobile-kitchen-trailers/ansonville-mobile-kitchen-rental/","configured_redirect","/equipment-rental/mobile-kitchen-trailers/?location=Ansonville","Equipment/Service","equipment","","","","false","true","false","","","","","","false","","","https://temp123-nine.vercel.app/equipment-rental/mobile-kitchen-trailers/ansonville-mobile-kitchen-rental/","308","/equipment-rental/mobile-kitchen-trailers/?location=Ansonville","200","https://temp123-nine.vercel.app/equipment-rental/mobile-kitchen-trailers/?location=Ansonville","noindex, follow","","True"
"/equipment-rental/mobile-kitchen-trailers/ansted-mobile-kitchen-rental/","configured_redirect","/equipment-rental/mobile-kitchen-trailers/?location=Ansted","Equipment/Service","equipment","","","","false","true","false","","","","","","false","","","https://temp123-nine.vercel.app/equipment-rental/mobile-kitchen-trailers/ansted-mobile-kitchen-rental/","308","/equipment-rental/mobile-kitchen-trailers/?location=Ansted","200","https://temp123-nine.vercel.app/equipment-rental/mobile-kitchen-trailers/?location=Ansted","noindex, follow","","True"
"/equipment-rental/mobile-kitchen-trailers/antares-mobile-kitchen-rental/","configured_redirect","/equipment-rental/mobile-kitchen-trailers/?location=Antares","Equipment/Service","equipment","","","","false","true","false","","","","","","false","","","https://temp123-nine.vercel.app/equipment-rental/mobile-kitchen-trailers/antares-mobile-kitchen-rental/","308","/equipment-rental/mobile-kitchen-trailers/?location=Antares","200","https://temp123-nine.vercel.app/equipment-rental/mobile-kitchen-trailers/?location=Antares","noindex, follow","","True"
"/equipment-rental/mobile-kitchen-trailers/antelope-mobile-kitchen-rental/","configured_redirect","/equipment-rental/mobile-kitchen-trailers/?location=Antelope","Equipment/Service","equipment","","","","false","true","false","","","","","","false","","","https://temp123-nine.vercel.app/equipment-rental/mobile-kitchen-trailers/antelope-mobile-kitchen-rental/","308","/equipment-rental/mobile-kitchen-trailers/?location=Antelope","200","https://temp123-nine.vercel.app/equipment-rental/mobile-kitchen-trailers/?location=Antelope","noindex, follow","","True"
"/equipment-rental/mobile-kitchen-trailers/antelope-valley-crestview-mobile-kitchen-rental/","configured_redirect","/equipment-rental/mobile-kitchen-trailers/?location=Antelope%20Valley-Crestview","Equipment/Service","equipment","","","","false","true","false","","","","","","false","","","https://temp123-nine.vercel.app/equipment-rental/mobile-kitchen-trailers/antelope-valley-crestview-mobile-kitchen-rental/","308","/equipment-rental/mobile-kitchen-trailers/?location=Antelope%20Valley-Crestview","200","https://temp123-nine.vercel.app/equipment-rental/mobile-kitchen-trailers/?location=Antelope%20Valley-Crestview","noindex, follow","","True"
"/equipment-rental/mobile-kitchen-trailers/antelope-wells-mobile-kitchen-rental/","configured_redirect","/equipment-rental/mobile-kitchen-trailers/?location=Antelope%20Wells","Equipment/Service","equipment","","","","false","true","false","","","","","","false","","","https://temp123-nine.vercel.app/equipment-rental/mobile-kitchen-trailers/antelope-wells-mobile-kitchen-rental/","308","/equipment-rental/mobile-kitchen-trailers/?location=Antelope%20Wells","200","https://temp123-nine.vercel.app/equipment-rental/mobile-kitchen-trailers/?location=Antelope%20Wells","noindex, follow","","True"
"/equipment-rental/mobile-kitchen-trailers/anthem-mobile-kitchen-rental/","configured_redirect","/equipment-rental/mobile-kitchen-trailers/?location=Anthem","Equipment/Service","equipment","","","","false","true","false","","","","","","false","","","https://temp123-nine.vercel.app/equipment-rental/mobile-kitchen-trailers/anthem-mobile-kitchen-rental/","308","/equipment-rental/mobile-kitchen-trailers/?location=Anthem","200","https://temp123-nine.vercel.app/equipment-rental/mobile-kitchen-trailers/?location=Anthem","noindex, follow","","True"
"/equipment-rental/mobile-kitchen-trailers/anthon-mobile-kitchen-rental/","configured_redirect","/equipment-rental/mobile-kitchen-trailers/?location=Anthon","Equipment/Service","equipment","","","","false","true","false","","","","","","false","","","https://temp123-nine.vercel.app/equipment-rental/mobile-kitchen-trailers/anthon-mobile-kitchen-rental/","308","/equipment-rental/mobile-kitchen-trailers/?location=Anthon","200","https://temp123-nine.vercel.app/equipment-rental/mobile-kitchen-trailers/?location=Anthon","noindex, follow","","True"
"/equipment-rental/mobile-kitchen-trailers/anthony-mobile-kitchen-rental/","configured_redirect","/equipment-rental/mobile-kitchen-trailers/?location=Anthony","Equipment/Service","equipment","","","","false","true","false","","","","","","false","","","https://temp123-nine.vercel.app/equipment-rental/mobile-kitchen-trailers/anthony-mobile-kitchen-rental/","308","/equipment-rental/mobile-kitchen-trailers/?location=Anthony","200","https://temp123-nine.vercel.app/equipment-rental/mobile-kitchen-trailers/?location=Anthony","noindex, follow","","True"
"/equipment-rental/mobile-kitchen-trailers/anthonyville-mobile-kitchen-rental/","configured_redirect","/equipment-rental/mobile-kitchen-trailers/?location=Anthonyville","Equipment/Service","equipment","","","","false","true","false","","","","","","false","","","https://temp123-nine.vercel.app/equipment-rental/mobile-kitchen-trailers/anthonyville-mobile-kitchen-rental/","308","/equipment-rental/mobile-kitchen-trailers/?location=Anthonyville","200","https://temp123-nine.vercel.app/equipment-rental/mobile-kitchen-trailers/?location=Anthonyville","noindex, follow","","True"
"/equipment-rental/mobile-kitchen-trailers/anthoston-mobile-kitchen-rental/","configured_redirect","/equipment-rental/mobile-kitchen-trailers/?location=Anthoston","Equipment/Service","equipment","","","","false","true","false","","","","","","false","","","https://temp123-nine.vercel.app/equipment-rental/mobile-kitchen-trailers/anthoston-mobile-kitchen-rental/","308","/equipment-rental/mobile-kitchen-trailers/?location=Anthoston","200","https://temp123-nine.vercel.app/equipment-rental/mobile-kitchen-trailers/?location=Anthoston","noindex, follow","","True"
"/equipment-rental/mobile-kitchen-trailers/antietam-mobile-kitchen-rental/","configured_redirect","/equipment-rental/mobile-kitchen-trailers/?location=Antietam","Equipment/Service","equipment","","","","false","true","false","","","","","","false","","","https://temp123-nine.vercel.app/equipment-rental/mobile-kitchen-trailers/antietam-mobile-kitchen-rental/","308","/equipment-rental/mobile-kitchen-trailers/?location=Antietam","200","https://temp123-nine.vercel.app/equipment-rental/mobile-kitchen-trailers/?location=Antietam","noindex, follow","","True"
"/equipment-rental/mobile-kitchen-trailers/antigo-mobile-kitchen-rental/","configured_redirect","/equipment-rental/mobile-kitchen-trailers/?location=Antigo","Equipment/Service","equipment","","","","false","true","false","","","","","","false","","","https://temp123-nine.vercel.app/equipment-rental/mobile-kitchen-trailers/antigo-mobile-kitchen-rental/","308","/equipment-rental/mobile-kitchen-trailers/?location=Antigo","200","https://temp123-nine.vercel.app/equipment-rental/mobile-kitchen-trailers/?location=Antigo","noindex, follow","","True"
"/equipment-rental/mobile-kitchen-trailers/antimony-mobile-kitchen-rental/","configured_redirect","/equipment-rental/mobile-kitchen-trailers/?location=Antimony","Equipment/Service","equipment","","","","false","true","false","","","","","","false","","","https://temp123-nine.vercel.app/equipment-rental/mobile-kitchen-trailers/antimony-mobile-kitchen-rental/","308","/equipment-rental/mobile-kitchen-trailers/?location=Antimony","200","https://temp123-nine.vercel.app/equipment-rental/mobile-kitchen-trailers/?location=Antimony","noindex, follow","","True"
"/equipment-rental/mobile-kitchen-trailers/antioch-mobile-kitchen-rental/","configured_redirect","/equipment-rental/mobile-kitchen-trailers/?location=Antioch","Equipment/Service","equipment","","","","false","true","false","","","","","","false","","","https://temp123-nine.vercel.app/equipment-rental/mobile-kitchen-trailers/antioch-mobile-kitchen-rental/","308","/equipment-rental/mobile-kitchen-trailers/?location=Antioch","200","https://temp123-nine.vercel.app/equipment-rental/mobile-kitchen-trailers/?location=Antioch","noindex, follow","","True"
"/equipment-rental/mobile-kitchen-trailers/antler-mobile-kitchen-rental/","configured_redirect","/equipment-rental/mobile-kitchen-trailers/?location=Antler","Equipment/Service","equipment","","","","false","true","false","","","","","","false","","","https://temp123-nine.vercel.app/equipment-rental/mobile-kitchen-trailers/antler-mobile-kitchen-rental/","308","/equipment-rental/mobile-kitchen-trailers/?location=Antler","200","https://temp123-nine.vercel.app/equipment-rental/mobile-kitchen-trailers/?location=Antler","noindex, follow","","True"
"/equipment-rental/mobile-kitchen-trailers/antlers-mobile-kitchen-rental/","configured_redirect","/equipment-rental/mobile-kitchen-trailers/?location=Antlers","Equipment/Service","equipment","","","","false","true","false","","","","","","false","","","https://temp123-nine.vercel.app/equipment-rental/mobile-kitchen-trailers/antlers-mobile-kitchen-rental/","308","/equipment-rental/mobile-kitchen-trailers/?location=Antlers","200","https://temp123-nine.vercel.app/equipment-rental/mobile-kitchen-trailers/?location=Antlers","noindex, follow","","True"
"/equipment-rental/mobile-kitchen-trailers/antoine-mobile-kitchen-rental/","configured_redirect","/equipment-rental/mobile-kitchen-trailers/?location=Antoine","Equipment/Service","equipment","","","","false","true","false","","","","","","false","","","https://temp123-nine.vercel.app/equipment-rental/mobile-kitchen-trailers/antoine-mobile-kitchen-rental/","308","/equipment-rental/mobile-kitchen-trailers/?location=Antoine","200","https://temp123-nine.vercel.app/equipment-rental/mobile-kitchen-trailers/?location=Antoine","noindex, follow","","True"
"/equipment-rental/mobile-kitchen-trailers/anton-chico-mobile-kitchen-rental/","configured_redirect","/equipment-rental/mobile-kitchen-trailers/?location=Anton%20Chico","Equipment/Service","equipment","","","","false","true","false","","","","","","false","","","https://temp123-nine.vercel.app/equipment-rental/mobile-kitchen-trailers/anton-chico-mobile-kitchen-rental/","308","/equipment-rental/mobile-kitchen-trailers/?location=Anton%20Chico","200","https://temp123-nine.vercel.app/equipment-rental/mobile-kitchen-trailers/?location=Anton%20Chico","noindex, follow","","True"
"/equipment-rental/mobile-kitchen-trailers/anton-mobile-kitchen-rental/","configured_redirect","/equipment-rental/mobile-kitchen-trailers/?location=Anton","Equipment/Service","equipment","","","","false","true","false","","","","","","false","","","https://temp123-nine.vercel.app/equipment-rental/mobile-kitchen-trailers/anton-mobile-kitchen-rental/","308","/equipment-rental/mobile-kitchen-trailers/?location=Anton","200","https://temp123-nine.vercel.app/equipment-rental/mobile-kitchen-trailers/?location=Anton","noindex, follow","","True"
"/equipment-rental/mobile-kitchen-trailers/antonito-mobile-kitchen-rental/","configured_redirect","/equipment-rental/mobile-kitchen-trailers/?location=Antonito","Equipment/Service","equipment","","","","false","true","false","","","","","","false","","","https://temp123-nine.vercel.app/equipment-rental/mobile-kitchen-trailers/antonito-mobile-kitchen-rental/","308","/equipment-rental/mobile-kitchen-trailers/?location=Antonito","200","https://temp123-nine.vercel.app/equipment-rental/mobile-kitchen-trailers/?location=Antonito","noindex, follow","","True"
"/equipment-rental/mobile-kitchen-trailers/antreville-mobile-kitchen-rental/","configured_redirect","/equipment-rental/mobile-kitchen-trailers/?location=Antreville","Equipment/Service","equipment","","","","false","true","false","","","","","","false","","","https://temp123-nine.vercel.app/equipment-rental/mobile-kitchen-trailers/antreville-mobile-kitchen-rental/","308","/equipment-rental/mobile-kitchen-trailers/?location=Antreville","200","https://temp123-nine.vercel.app/equipment-rental/mobile-kitchen-trailers/?location=Antreville","noindex, follow","","True"
"/equipment-rental/mobile-kitchen-trailers/antrim-center-mobile-kitchen-rental/","configured_redirect","/equipment-rental/mobile-kitchen-trailers/?location=Antrim%20Center","Equipment/Service","equipment","","","","false","true","false","","","","","","false","","","https://temp123-nine.vercel.app/equipment-rental/mobile-kitchen-trailers/antrim-center-mobile-kitchen-rental/","308","/equipment-rental/mobile-kitchen-trailers/?location=Antrim%20Center","200","https://temp123-nine.vercel.app/equipment-rental/mobile-kitchen-trailers/?location=Antrim%20Center","noindex, follow","","True"
"/equipment-rental/mobile-kitchen-trailers/antrim-mobile-kitchen-rental/","configured_redirect","/equipment-rental/mobile-kitchen-trailers/?location=Antrim","Equipment/Service","equipment","","","","false","true","false","","","","","","false","","","https://temp123-nine.vercel.app/equipment-rental/mobile-kitchen-trailers/antrim-mobile-kitchen-rental/","308","/equipment-rental/mobile-kitchen-trailers/?location=Antrim","200","https://temp123-nine.vercel.app/equipment-rental/mobile-kitchen-trailers/?location=Antrim","noindex, follow","","True"
"/equipment-rental/mobile-kitchen-trailers/antwerp-mobile-kitchen-rental/","configured_redirect","/equipment-rental/mobile-kitchen-trailers/?location=Antwerp","Equipment/Service","equipment","","","","false","true","false","","","","","","false","","","https://temp123-nine.vercel.app/equipment-rental/mobile-kitchen-trailers/antwerp-mobile-kitchen-rental/","308","/equipment-rental/mobile-kitchen-trailers/?location=Antwerp","200","https://temp123-nine.vercel.app/equipment-rental/mobile-kitchen-trailers/?location=Antwerp","noindex, follow","","True"
"/equipment-rental/mobile-kitchen-trailers/anvik-mobile-kitchen-rental/","configured_redirect","/equipment-rental/mobile-kitchen-trailers/?location=Anvik","Equipment/Service","equipment","","","","false","true","false","","","","","","false","","","https://temp123-nine.vercel.app/equipment-rental/mobile-kitchen-trailers/anvik-mobile-kitchen-rental/","308","/equipment-rental/mobile-kitchen-trailers/?location=Anvik","200","https://temp123-nine.vercel.app/equipment-rental/mobile-kitchen-trailers/?location=Anvik","noindex, follow","","True"
"/equipment-rental/mobile-kitchen-trailers/anza-mobile-kitchen-rental/","configured_redirect","/equipment-rental/mobile-kitchen-trailers/?location=Anza","Equipment/Service","equipment","","","","false","true","false","","","","","","false","","","https://temp123-nine.vercel.app/equipment-rental/mobile-kitchen-trailers/anza-mobile-kitchen-rental/","308","/equipment-rental/mobile-kitchen-trailers/?location=Anza","200","https://temp123-nine.vercel.app/equipment-rental/mobile-kitchen-trailers/?location=Anza","noindex, follow","","True"
"/equipment-rental/mobile-kitchen-trailers/anzac-mobile-kitchen-rental/","configured_redirect","/equipment-rental/mobile-kitchen-trailers/?location=Anzac","Equipment/Service","equipment","","","","false","true","false","","","","","","false","","","https://temp123-nine.vercel.app/equipment-rental/mobile-kitchen-trailers/anzac-mobile-kitchen-rental/","308","/equipment-rental/mobile-kitchen-trailers/?location=Anzac","200","https://temp123-nine.vercel.app/equipment-rental/mobile-kitchen-trailers/?location=Anzac","noindex, follow","","True"
"/equipment-rental/mobile-kitchen-trailers/anzac-village-mobile-kitchen-rental/","configured_redirect","/equipment-rental/mobile-kitchen-trailers/?location=Anzac%20Village","Equipment/Service","equipment","","","","false","true","false","","","","","","false","","","https://temp123-nine.vercel.app/equipment-rental/mobile-kitchen-trailers/anzac-village-mobile-kitchen-rental/","308","/equipment-rental/mobile-kitchen-trailers/?location=Anzac%20Village","200","https://temp123-nine.vercel.app/equipment-rental/mobile-kitchen-trailers/?location=Anzac%20Village","noindex, follow","","True"
"/equipment-rental/mobile-kitchen-trailers/apache-creek-mobile-kitchen-rental/","configured_redirect","/equipment-rental/mobile-kitchen-trailers/?location=Apache%20Creek","Equipment/Service","equipment","","","","false","true","false","","","","","","false","","","https://temp123-nine.vercel.app/equipment-rental/mobile-kitchen-trailers/apache-creek-mobile-kitchen-rental/","308","/equipment-rental/mobile-kitchen-trailers/?location=Apache%20Creek","200","https://temp123-nine.vercel.app/equipment-rental/mobile-kitchen-trailers/?location=Apache%20Creek","noindex, follow","","True"
"/equipment-rental/mobile-kitchen-trailers/apache-junction-mobile-kitchen-rental/","configured_redirect","/equipment-rental/mobile-kitchen-trailers/?location=Apache%20Junction","Equipment/Service","equipment","","","","false","true","false","","","","","","false","","","https://temp123-nine.vercel.app/equipment-rental/mobile-kitchen-trailers/apache-junction-mobile-kitchen-rental/","308","/equipment-rental/mobile-kitchen-trailers/?location=Apache%20Junction","200","https://temp123-nine.vercel.app/equipment-rental/mobile-kitchen-trailers/?location=Apache%20Junction","noindex, follow","","True"
"/equipment-rental/mobile-kitchen-trailers/apache-mobile-kitchen-rental/","configured_redirect","/equipment-rental/mobile-kitchen-trailers/?location=Apache","Equipment/Service","equipment","","","","false","true","false","","","","","","false","","","https://temp123-nine.vercel.app/equipment-rental/mobile-kitchen-trailers/apache-mobile-kitchen-rental/","308","/equipment-rental/mobile-kitchen-trailers/?location=Apache","200","https://temp123-nine.vercel.app/equipment-rental/mobile-kitchen-trailers/?location=Apache","noindex, follow","","True"
"/equipment-rental/mobile-kitchen-trailers/apalachicola-mobile-kitchen-rental/","configured_redirect","/equipment-rental/mobile-kitchen-trailers/?location=Apalachicola","Equipment/Service","equipment","","","","false","true","false","","","","","","false","","","https://temp123-nine.vercel.app/equipment-rental/mobile-kitchen-trailers/apalachicola-mobile-kitchen-rental/","308","/equipment-rental/mobile-kitchen-trailers/?location=Apalachicola","200","https://temp123-nine.vercel.app/equipment-rental/mobile-kitchen-trailers/?location=Apalachicola","noindex, follow","","True"
"/equipment-rental/mobile-kitchen-trailers/apalachin-mobile-kitchen-rental/","configured_redirect","/equipment-rental/mobile-kitchen-trailers/?location=Apalachin","Equipment/Service","equipment","","","","false","true","false","","","","","","false","","","https://temp123-nine.vercel.app/equipment-rental/mobile-kitchen-trailers/apalachin-mobile-kitchen-rental/","308","/equipment-rental/mobile-kitchen-trailers/?location=Apalachin","200","https://temp123-nine.vercel.app/equipment-rental/mobile-kitchen-trailers/?location=Apalachin","noindex, follow","","True"
"/equipment-rental/mobile-kitchen-trailers/apex-mobile-kitchen-rental/","configured_redirect","/equipment-rental/mobile-kitchen-trailers/?location=Apex","Equipment/Service","equipment","","","","false","true","false","","","","","","false","","","https://temp123-nine.vercel.app/equipment-rental/mobile-kitchen-trailers/apex-mobile-kitchen-rental/","308","/equipment-rental/mobile-kitchen-trailers/?location=Apex","200","https://temp123-nine.vercel.app/equipment-rental/mobile-kitchen-trailers/?location=Apex","noindex, follow","","True"
"/equipment-rental/mobile-kitchen-trailers/apison-mobile-kitchen-rental/","configured_redirect","/equipment-rental/mobile-kitchen-trailers/?location=Apison","Equipment/Service","equipment","","","","false","true","false","","","","","","false","","","https://temp123-nine.vercel.app/equipment-rental/mobile-kitchen-trailers/apison-mobile-kitchen-rental/","308","/equipment-rental/mobile-kitchen-trailers/?location=Apison","200","https://temp123-nine.vercel.app/equipment-rental/mobile-kitchen-trailers/?location=Apison","noindex, follow","","True"
"/equipment-rental/mobile-kitchen-trailers/aplin-beach-mobile-kitchen-rental/","configured_redirect","/equipment-rental/mobile-kitchen-trailers/?location=Aplin%20Beach","Equipment/Service","equipment","","","","false","true","false","","","","","","false","","","https://temp123-nine.vercel.app/equipment-rental/mobile-kitchen-trailers/aplin-beach-mobile-kitchen-rental/","308","/equipment-rental/mobile-kitchen-trailers/?location=Aplin%20Beach","200","https://temp123-nine.vercel.app/equipment-rental/mobile-kitchen-trailers/?location=Aplin%20Beach","noindex, follow","","True"
"/equipment-rental/mobile-kitchen-trailers/aplington-mobile-kitchen-rental/","configured_redirect","/equipment-rental/mobile-kitchen-trailers/?location=Aplington","Equipment/Service","equipment","","","","false","true","false","","","","","","false","","","https://temp123-nine.vercel.app/equipment-rental/mobile-kitchen-trailers/aplington-mobile-kitchen-rental/","308","/equipment-rental/mobile-kitchen-trailers/?location=Aplington","200","https://temp123-nine.vercel.app/equipment-rental/mobile-kitchen-trailers/?location=Aplington","noindex, follow","","True"
"/equipment-rental/mobile-kitchen-trailers/apollo-beach-mobile-kitchen-rental/","configured_redirect","/equipment-rental/mobile-kitchen-trailers/?location=Apollo%20Beach","Equipment/Service","equipment","","","","false","true","false","","","","","","false","","","https://temp123-nine.vercel.app/equipment-rental/mobile-kitchen-trailers/apollo-beach-mobile-kitchen-rental/","308","/equipment-rental/mobile-kitchen-trailers/?location=Apollo%20Beach","200","https://temp123-nine.vercel.app/equipment-rental/mobile-kitchen-trailers/?location=Apollo%20Beach","noindex, follow","","True"
"/equipment-rental/mobile-kitchen-trailers/apollo-mobile-kitchen-rental/","configured_redirect","/equipment-rental/mobile-kitchen-trailers/?location=Apollo","Equipment/Service","equipment","","","","false","true","false","","","","","","false","","","https://temp123-nine.vercel.app/equipment-rental/mobile-kitchen-trailers/apollo-mobile-kitchen-rental/","308","/equipment-rental/mobile-kitchen-trailers/?location=Apollo","200","https://temp123-nine.vercel.app/equipment-rental/mobile-kitchen-trailers/?location=Apollo","noindex, follow","","True"
"/equipment-rental/mobile-kitchen-trailers/apopka-mobile-kitchen-rental/","configured_redirect","/equipment-rental/mobile-kitchen-trailers/?location=Apopka","Equipment/Service","equipment","","","","false","true","false","","","","","","false","","","https://temp123-nine.vercel.app/equipment-rental/mobile-kitchen-trailers/apopka-mobile-kitchen-rental/","308","/equipment-rental/mobile-kitchen-trailers/?location=Apopka","200","https://temp123-nine.vercel.app/equipment-rental/mobile-kitchen-trailers/?location=Apopka","noindex, follow","","True"
"/equipment-rental/mobile-kitchen-trailers/appalachia-mobile-kitchen-rental/","configured_redirect","/equipment-rental/mobile-kitchen-trailers/?location=Appalachia","Equipment/Service","equipment","","","","false","true","false","","","","","","false","","","https://temp123-nine.vercel.app/equipment-rental/mobile-kitchen-trailers/appalachia-mobile-kitchen-rental/","308","/equipment-rental/mobile-kitchen-trailers/?location=Appalachia","200","https://temp123-nine.vercel.app/equipment-rental/mobile-kitchen-trailers/?location=Appalachia","noindex, follow","","True"
"/equipment-rental/mobile-kitchen-trailers/apple-canyon-lake-mobile-kitchen-rental/","configured_redirect","/equipment-rental/mobile-kitchen-trailers/?location=Apple%20Canyon%20Lake","Equipment/Service","equipment","","","","false","true","false","","","","","","false","","","https://temp123-nine.vercel.app/equipment-rental/mobile-kitchen-trailers/apple-canyon-lake-mobile-kitchen-rental/","308","/equipment-rental/mobile-kitchen-trailers/?location=Apple%20Canyon%20Lake","200","https://temp123-nine.vercel.app/equipment-rental/mobile-kitchen-trailers/?location=Apple%20Canyon%20Lake","noindex, follow","","True"
"/equipment-rental/mobile-kitchen-trailers/apple-creek-mobile-kitchen-rental/","configured_redirect","/equipment-rental/mobile-kitchen-trailers/?location=Apple%20Creek","Equipment/Service","equipment","","","","false","true","false","","","","","","false","","","https://temp123-nine.vercel.app/equipment-rental/mobile-kitchen-trailers/apple-creek-mobile-kitchen-rental/","308","/equipment-rental/mobile-kitchen-trailers/?location=Apple%20Creek","200","https://temp123-nine.vercel.app/equipment-rental/mobile-kitchen-trailers/?location=Apple%20Creek","noindex, follow","","True"
"/equipment-rental/mobile-kitchen-trailers/apple-grove-mobile-kitchen-rental/","configured_redirect","/equipment-rental/mobile-kitchen-trailers/?location=Apple%20Grove","Equipment/Service","equipment","","","","false","true","false","","","","","","false","","","https://temp123-nine.vercel.app/equipment-rental/mobile-kitchen-trailers/apple-grove-mobile-kitchen-rental/","308","/equipment-rental/mobile-kitchen-trailers/?location=Apple%20Grove","200","https://temp123-nine.vercel.app/equipment-rental/mobile-kitchen-trailers/?location=Apple%20Grove","noindex, follow","","True"
"/equipment-rental/mobile-kitchen-trailers/apple-mountain-lake-mobile-kitchen-rental/","configured_redirect","/equipment-rental/mobile-kitchen-trailers/?location=Apple%20Mountain%20Lake","Equipment/Service","equipment","","","","false","true","false","","","","","","false","","","https://temp123-nine.vercel.app/equipment-rental/mobile-kitchen-trailers/apple-mountain-lake-mobile-kitchen-rental/","308","/equipment-rental/mobile-kitchen-trailers/?location=Apple%20Mountain%20Lake","200","https://temp123-nine.vercel.app/equipment-rental/mobile-kitchen-trailers/?location=Apple%20Mountain%20Lake","noindex, follow","","True"
"/equipment-rental/mobile-kitchen-trailers/apple-river-mobile-kitchen-rental/","configured_redirect","/equipment-rental/mobile-kitchen-trailers/?location=Apple%20River","Equipment/Service","equipment","","","","false","true","false","","","","","","false","","","https://temp123-nine.vercel.app/equipment-rental/mobile-kitchen-trailers/apple-river-mobile-kitchen-rental/","308","/equipment-rental/mobile-kitchen-trailers/?location=Apple%20River","200","https://temp123-nine.vercel.app/equipment-rental/mobile-kitchen-trailers/?location=Apple%20River","noindex, follow","","True"
"/equipment-rental/mobile-kitchen-trailers/apple-springs-mobile-kitchen-rental/","configured_redirect","/equipment-rental/mobile-kitchen-trailers/?location=Apple%20Springs","Equipment/Service","equipment","","","","false","true","false","","","","","","false","","","https://temp123-nine.vercel.app/equipment-rental/mobile-kitchen-trailers/apple-springs-mobile-kitchen-rental/","308","/equipment-rental/mobile-kitchen-trailers/?location=Apple%20Springs","200","https://temp123-nine.vercel.app/equipment-rental/mobile-kitchen-trailers/?location=Apple%20Springs","noindex, follow","","True"
"/equipment-rental/mobile-kitchen-trailers/apple-valley-mobile-kitchen-rental/","configured_redirect","/equipment-rental/mobile-kitchen-trailers/?location=Apple%20Valley","Equipment/Service","equipment","","","","false","true","false","","","","","","false","","","https://temp123-nine.vercel.app/equipment-rental/mobile-kitchen-trailers/apple-valley-mobile-kitchen-rental/","308","/equipment-rental/mobile-kitchen-trailers/?location=Apple%20Valley","200","https://temp123-nine.vercel.app/equipment-rental/mobile-kitchen-trailers/?location=Apple%20Valley","noindex, follow","","True"
"/equipment-rental/mobile-kitchen-trailers/appleby-mobile-kitchen-rental/","configured_redirect","/equipment-rental/mobile-kitchen-trailers/?location=Appleby","Equipment/Service","equipment","","","","false","true","false","","","","","","false","","","https://temp123-nine.vercel.app/equipment-rental/mobile-kitchen-trailers/appleby-mobile-kitchen-rental/","308","/equipment-rental/mobile-kitchen-trailers/?location=Appleby","200","https://temp123-nine.vercel.app/equipment-rental/mobile-kitchen-trailers/?location=Appleby","noindex, follow","","True"
"/equipment-rental/mobile-kitchen-trailers/applegate-mobile-kitchen-rental/","configured_redirect","/equipment-rental/mobile-kitchen-trailers/?location=Applegate","Equipment/Service","equipment","","","","false","true","false","","","","","","false","","","https://temp123-nine.vercel.app/equipment-rental/mobile-kitchen-trailers/applegate-mobile-kitchen-rental/","308","/equipment-rental/mobile-kitchen-trailers/?location=Applegate","200","https://temp123-nine.vercel.app/equipment-rental/mobile-kitchen-trailers/?location=Applegate","noindex, follow","","True"
"/equipment-rental/mobile-kitchen-trailers/appleton-city-mobile-kitchen-rental/","configured_redirect","/equipment-rental/mobile-kitchen-trailers/?location=Appleton%20City","Equipment/Service","equipment","","","","false","true","false","","","","","","false","","","https://temp123-nine.vercel.app/equipment-rental/mobile-kitchen-trailers/appleton-city-mobile-kitchen-rental/","308","/equipment-rental/mobile-kitchen-trailers/?location=Appleton%20City","200","https://temp123-nine.vercel.app/equipment-rental/mobile-kitchen-trailers/?location=Appleton%20City","noindex, follow","","True"
"/equipment-rental/mobile-kitchen-trailers/appleton-mobile-kitchen-rental/","configured_redirect","/equipment-rental/mobile-kitchen-trailers/?location=Appleton","Equipment/Service","equipment","","","","false","true","false","","","","","","false","","","https://temp123-nine.vercel.app/equipment-rental/mobile-kitchen-trailers/appleton-mobile-kitchen-rental/","308","/equipment-rental/mobile-kitchen-trailers/?location=Appleton","200","https://temp123-nine.vercel.app/equipment-rental/mobile-kitchen-trailers/?location=Appleton","noindex, follow","","True"
"/equipment-rental/mobile-kitchen-trailers/applewold-mobile-kitchen-rental/","configured_redirect","/equipment-rental/mobile-kitchen-trailers/?location=Applewold","Equipment/Service","equipment","","","","false","true","false","","","","","","false","","","https://temp123-nine.vercel.app/equipment-rental/mobile-kitchen-trailers/applewold-mobile-kitchen-rental/","308","/equipment-rental/mobile-kitchen-trailers/?location=Applewold","200","https://temp123-nine.vercel.app/equipment-rental/mobile-kitchen-trailers/?location=Applewold","noindex, follow","","True"
"/equipment-rental/mobile-kitchen-trailers/applewood-mobile-kitchen-rental/","configured_redirect","/equipment-rental/mobile-kitchen-trailers/?location=Applewood","Equipment/Service","equipment","","","","false","true","false","","","","","","false","","","https://temp123-nine.vercel.app/equipment-rental/mobile-kitchen-trailers/applewood-mobile-kitchen-rental/","308","/equipment-rental/mobile-kitchen-trailers/?location=Applewood","200","https://temp123-nine.vercel.app/equipment-rental/mobile-kitchen-trailers/?location=Applewood","noindex, follow","","True"
"/equipment-rental/mobile-kitchen-trailers/appling-mobile-kitchen-rental/","configured_redirect","/equipment-rental/mobile-kitchen-trailers/?location=Appling","Equipment/Service","equipment","","","","false","true","false","","","","","","false","","","https://temp123-nine.vercel.app/equipment-rental/mobile-kitchen-trailers/appling-mobile-kitchen-rental/","308","/equipment-rental/mobile-kitchen-trailers/?location=Appling","200","https://temp123-nine.vercel.app/equipment-rental/mobile-kitchen-trailers/?location=Appling","noindex, follow","","True"
"/equipment-rental/mobile-kitchen-trailers/appomattox-mobile-kitchen-rental/","configured_redirect","/equipment-rental/mobile-kitchen-trailers/?location=Appomattox","Equipment/Service","equipment","","","","false","true","false","","","","","","false","","","https://temp123-nine.vercel.app/equipment-rental/mobile-kitchen-trailers/appomattox-mobile-kitchen-rental/","308","/equipment-rental/mobile-kitchen-trailers/?location=Appomattox","200","https://temp123-nine.vercel.app/equipment-rental/mobile-kitchen-trailers/?location=Appomattox","noindex, follow","","True"
"/equipment-rental/mobile-kitchen-trailers/aptos-hills-larkin-valley-mobile-kitchen-rental/","configured_redirect","/equipment-rental/mobile-kitchen-trailers/?location=Aptos%20Hills-Larkin%20Valley","Equipment/Service","equipment","","","","false","true","false","","","","","","false","","","https://temp123-nine.vercel.app/equipment-rental/mobile-kitchen-trailers/aptos-hills-larkin-valley-mobile-kitchen-rental/","308","/equipment-rental/mobile-kitchen-trailers/?location=Aptos%20Hills-Larkin%20Valley","200","https://temp123-nine.vercel.app/equipment-rental/mobile-kitchen-trailers/?location=Aptos%20Hills-Larkin%20Valley","noindex, follow","","True"
"/equipment-rental/mobile-kitchen-trailers/aptos-mobile-kitchen-rental/","configured_redirect","/equipment-rental/mobile-kitchen-trailers/?location=Aptos","Equipment/Service","equipment","","","","false","true","false","","","","","","false","","","https://temp123-nine.vercel.app/equipment-rental/mobile-kitchen-trailers/aptos-mobile-kitchen-rental/","308","/equipment-rental/mobile-kitchen-trailers/?location=Aptos","200","https://temp123-nine.vercel.app/equipment-rental/mobile-kitchen-trailers/?location=Aptos","noindex, follow","","True"
"/equipment-rental/mobile-kitchen-trailers/apulia-mobile-kitchen-rental/","configured_redirect","/equipment-rental/mobile-kitchen-trailers/?location=Apulia","Equipment/Service","equipment","","","","false","true","false","","","","","","false","","","https://temp123-nine.vercel.app/equipment-rental/mobile-kitchen-trailers/apulia-mobile-kitchen-rental/","308","/equipment-rental/mobile-kitchen-trailers/?location=Apulia","200","https://temp123-nine.vercel.app/equipment-rental/mobile-kitchen-trailers/?location=Apulia","noindex, follow","","True"
"/equipment-rental/mobile-kitchen-trailers/aqua-park-mobile-kitchen-rental/","configured_redirect","/equipment-rental/mobile-kitchen-trailers/?location=Aqua%20Park","Equipment/Service","equipment","","","","false","true","false","","","","","","false","","","https://temp123-nine.vercel.app/equipment-rental/mobile-kitchen-trailers/aqua-park-mobile-kitchen-rental/","308","/equipment-rental/mobile-kitchen-trailers/?location=Aqua%20Park","200","https://temp123-nine.vercel.app/equipment-rental/mobile-kitchen-trailers/?location=Aqua%20Park","noindex, follow","","True"
"/equipment-rental/mobile-kitchen-trailers/aquadale-mobile-kitchen-rental/","configured_redirect","/equipment-rental/mobile-kitchen-trailers/?location=Aquadale","Equipment/Service","equipment","","","","false","true","false","","","","","","false","","","https://temp123-nine.vercel.app/equipment-rental/mobile-kitchen-trailers/aquadale-mobile-kitchen-rental/","308","/equipment-rental/mobile-kitchen-trailers/?location=Aquadale","200","https://temp123-nine.vercel.app/equipment-rental/mobile-kitchen-trailers/?location=Aquadale","noindex, follow","","True"
"/equipment-rental/mobile-kitchen-trailers/aquasco-mobile-kitchen-rental/","configured_redirect","/equipment-rental/mobile-kitchen-trailers/?location=Aquasco","Equipment/Service","equipment","","","","false","true","false","","","","","","false","","","https://temp123-nine.vercel.app/equipment-rental/mobile-kitchen-trailers/aquasco-mobile-kitchen-rental/","308","/equipment-rental/mobile-kitchen-trailers/?location=Aquasco","200","https://temp123-nine.vercel.app/equipment-rental/mobile-kitchen-trailers/?location=Aquasco","noindex, follow","","True"
"/equipment-rental/mobile-kitchen-trailers/aquebogue-mobile-kitchen-rental/","configured_redirect","/equipment-rental/mobile-kitchen-trailers/?location=Aquebogue","Equipment/Service","equipment","","","","false","true","false","","","","","","false","","","https://temp123-nine.vercel.app/equipment-rental/mobile-kitchen-trailers/aquebogue-mobile-kitchen-rental/","308","/equipment-rental/mobile-kitchen-trailers/?location=Aquebogue","200","https://temp123-nine.vercel.app/equipment-rental/mobile-kitchen-trailers/?location=Aquebogue","noindex, follow","","True"
"/equipment-rental/mobile-kitchen-trailers/aquia-harbour-mobile-kitchen-rental/","configured_redirect","/equipment-rental/mobile-kitchen-trailers/?location=Aquia%20Harbour","Equipment/Service","equipment","","","","false","true","false","","","","","","false","","","https://temp123-nine.vercel.app/equipment-rental/mobile-kitchen-trailers/aquia-harbour-mobile-kitchen-rental/","308","/equipment-rental/mobile-kitchen-trailers/?location=Aquia%20Harbour","200","https://temp123-nine.vercel.app/equipment-rental/mobile-kitchen-trailers/?location=Aquia%20Harbour","noindex, follow","","True"
"/equipment-rental/mobile-kitchen-trailers/aquilla-mobile-kitchen-rental/","configured_redirect","/equipment-rental/mobile-kitchen-trailers/?location=Aquilla","Equipment/Service","equipment","","","","false","true","false","","","","","","false","","","https://temp123-nine.vercel.app/equipment-rental/mobile-kitchen-trailers/aquilla-mobile-kitchen-rental/","308","/equipment-rental/mobile-kitchen-trailers/?location=Aquilla","200","https://temp123-nine.vercel.app/equipment-rental/mobile-kitchen-trailers/?location=Aquilla","noindex, follow","","True"
"/equipment-rental/mobile-kitchen-trailers/arab-mobile-kitchen-rental/","configured_redirect","/equipment-rental/mobile-kitchen-trailers/?location=Arab","Equipment/Service","equipment","","","","false","true","false","","","","","","false","","","https://temp123-nine.vercel.app/equipment-rental/mobile-kitchen-trailers/arab-mobile-kitchen-rental/","308","/equipment-rental/mobile-kitchen-trailers/?location=Arab","200","https://temp123-nine.vercel.app/equipment-rental/mobile-kitchen-trailers/?location=Arab","noindex, follow","","True"
"/equipment-rental/mobile-kitchen-trailers/arabi-mobile-kitchen-rental/","configured_redirect","/equipment-rental/mobile-kitchen-trailers/?location=Arabi","Equipment/Service","equipment","","","","false","true","false","","","","","","false","","","https://temp123-nine.vercel.app/equipment-rental/mobile-kitchen-trailers/arabi-mobile-kitchen-rental/","308","/equipment-rental/mobile-kitchen-trailers/?location=Arabi","200","https://temp123-nine.vercel.app/equipment-rental/mobile-kitchen-trailers/?location=Arabi","noindex, follow","","True"
"/equipment-rental/mobile-kitchen-trailers/aragon-mobile-kitchen-rental/","configured_redirect","/equipment-rental/mobile-kitchen-trailers/?location=Aragon","Equipment/Service","equipment","","","","false","true","false","","","","","","false","","","https://temp123-nine.vercel.app/equipment-rental/mobile-kitchen-trailers/aragon-mobile-kitchen-rental/","308","/equipment-rental/mobile-kitchen-trailers/?location=Aragon","200","https://temp123-nine.vercel.app/equipment-rental/mobile-kitchen-trailers/?location=Aragon","noindex, follow","","True"
"/equipment-rental/mobile-kitchen-trailers/aransas-pass-mobile-kitchen-rental/","configured_redirect","/equipment-rental/mobile-kitchen-trailers/?location=Aransas%20Pass","Equipment/Service","equipment","","","","false","true","false","","","","","","false","","","https://temp123-nine.vercel.app/equipment-rental/mobile-kitchen-trailers/aransas-pass-mobile-kitchen-rental/","308","/equipment-rental/mobile-kitchen-trailers/?location=Aransas%20Pass","200","https://temp123-nine.vercel.app/equipment-rental/mobile-kitchen-trailers/?location=Aransas%20Pass","noindex, follow","","True"
"/equipment-rental/mobile-kitchen-trailers/arapaho-mobile-kitchen-rental/","configured_redirect","/equipment-rental/mobile-kitchen-trailers/?location=Arapaho","Equipment/Service","equipment","","","","false","true","false","","","","","","false","","","https://temp123-nine.vercel.app/equipment-rental/mobile-kitchen-trailers/arapaho-mobile-kitchen-rental/","308","/equipment-rental/mobile-kitchen-trailers/?location=Arapaho","200","https://temp123-nine.vercel.app/equipment-rental/mobile-kitchen-trailers/?location=Arapaho","noindex, follow","","True"
"/equipment-rental/mobile-kitchen-trailers/arapahoe-mobile-kitchen-rental/","configured_redirect","/equipment-rental/mobile-kitchen-trailers/?location=Arapahoe","Equipment/Service","equipment","","","","false","true","false","","","","","","false","","","https://temp123-nine.vercel.app/equipment-rental/mobile-kitchen-trailers/arapahoe-mobile-kitchen-rental/","308","/equipment-rental/mobile-kitchen-trailers/?location=Arapahoe","200","https://temp123-nine.vercel.app/equipment-rental/mobile-kitchen-trailers/?location=Arapahoe","noindex, follow","","True"
"/equipment-rental/mobile-kitchen-trailers/arbela-mobile-kitchen-rental/","configured_redirect","/equipment-rental/mobile-kitchen-trailers/?location=Arbela","Equipment/Service","equipment","","","","false","true","false","","","","","","false","","","https://temp123-nine.vercel.app/equipment-rental/mobile-kitchen-trailers/arbela-mobile-kitchen-rental/","308","/equipment-rental/mobile-kitchen-trailers/?location=Arbela","200","https://temp123-nine.vercel.app/equipment-rental/mobile-kitchen-trailers/?location=Arbela","noindex, follow","","True"
"/equipment-rental/mobile-kitchen-trailers/arboles-mobile-kitchen-rental/","configured_redirect","/equipment-rental/mobile-kitchen-trailers/?location=Arboles","Equipment/Service","equipment","","","","false","true","false","","","","","","false","","","https://temp123-nine.vercel.app/equipment-rental/mobile-kitchen-trailers/arboles-mobile-kitchen-rental/","308","/equipment-rental/mobile-kitchen-trailers/?location=Arboles","200","https://temp123-nine.vercel.app/equipment-rental/mobile-kitchen-trailers/?location=Arboles","noindex, follow","","True"
"/equipment-rental/mobile-kitchen-trailers/arbon-valley-mobile-kitchen-rental/","configured_redirect","/equipment-rental/mobile-kitchen-trailers/?location=Arbon%20Valley","Equipment/Service","equipment","","","","false","true","false","","","","","","false","","","https://temp123-nine.vercel.app/equipment-rental/mobile-kitchen-trailers/arbon-valley-mobile-kitchen-rental/","308","/equipment-rental/mobile-kitchen-trailers/?location=Arbon%20Valley","200","https://temp123-nine.vercel.app/equipment-rental/mobile-kitchen-trailers/?location=Arbon%20Valley","noindex, follow","","True"
"/equipment-rental/mobile-kitchen-trailers/arbor-vitae-mobile-kitchen-rental/","configured_redirect","/equipment-rental/mobile-kitchen-trailers/?location=Arbor%20Vitae","Equipment/Service","equipment","","","","false","true","false","","","","","","false","","","https://temp123-nine.vercel.app/equipment-rental/mobile-kitchen-trailers/arbor-vitae-mobile-kitchen-rental/","308","/equipment-rental/mobile-kitchen-trailers/?location=Arbor%20Vitae","200","https://temp123-nine.vercel.app/equipment-rental/mobile-kitchen-trailers/?location=Arbor%20Vitae","noindex, follow","","True"
"/equipment-rental/mobile-kitchen-trailers/arbovale-mobile-kitchen-rental/","configured_redirect","/equipment-rental/mobile-kitchen-trailers/?location=Arbovale","Equipment/Service","equipment","","","","false","true","false","","","","","","false","","","https://temp123-nine.vercel.app/equipment-rental/mobile-kitchen-trailers/arbovale-mobile-kitchen-rental/","308","/equipment-rental/mobile-kitchen-trailers/?location=Arbovale","200","https://temp123-nine.vercel.app/equipment-rental/mobile-kitchen-trailers/?location=Arbovale","noindex, follow","","True"
"/equipment-rental/mobile-kitchen-trailers/arbuckle-mobile-kitchen-rental/","configured_redirect","/equipment-rental/mobile-kitchen-trailers/?location=Arbuckle","Equipment/Service","equipment","","","","false","true","false","","","","","","false","","","https://temp123-nine.vercel.app/equipment-rental/mobile-kitchen-trailers/arbuckle-mobile-kitchen-rental/","308","/equipment-rental/mobile-kitchen-trailers/?location=Arbuckle","200","https://temp123-nine.vercel.app/equipment-rental/mobile-kitchen-trailers/?location=Arbuckle","noindex, follow","","True"
"/equipment-rental/mobile-kitchen-trailers/arbutus-beach-mobile-kitchen-rental/","configured_redirect","/equipment-rental/mobile-kitchen-trailers/?location=Arbutus%20Beach","Equipment/Service","equipment","","","","false","true","false","","","","","","false","","","https://temp123-nine.vercel.app/equipment-rental/mobile-kitchen-trailers/arbutus-beach-mobile-kitchen-rental/","308","/equipment-rental/mobile-kitchen-trailers/?location=Arbutus%20Beach","200","https://temp123-nine.vercel.app/equipment-rental/mobile-kitchen-trailers/?location=Arbutus%20Beach","noindex, follow","","True"
"/equipment-rental/mobile-kitchen-trailers/arbutus-mobile-kitchen-rental/","configured_redirect","/equipment-rental/mobile-kitchen-trailers/?location=Arbutus","Equipment/Service","equipment","","","","false","true","false","","","","","","false","","","https://temp123-nine.vercel.app/equipment-rental/mobile-kitchen-trailers/arbutus-mobile-kitchen-rental/","308","/equipment-rental/mobile-kitchen-trailers/?location=Arbutus","200","https://temp123-nine.vercel.app/equipment-rental/mobile-kitchen-trailers/?location=Arbutus","noindex, follow","","True"
"/equipment-rental/mobile-kitchen-trailers/arbyrd-mobile-kitchen-rental/","configured_redirect","/equipment-rental/mobile-kitchen-trailers/?location=Arbyrd","Equipment/Service","equipment","","","","false","true","false","","","","","","false","","","https://temp123-nine.vercel.app/equipment-rental/mobile-kitchen-trailers/arbyrd-mobile-kitchen-rental/","308","/equipment-rental/mobile-kitchen-trailers/?location=Arbyrd","200","https://temp123-nine.vercel.app/equipment-rental/mobile-kitchen-trailers/?location=Arbyrd","noindex, follow","","True"
"/equipment-rental/mobile-kitchen-trailers/arcade-mobile-kitchen-rental/","configured_redirect","/equipment-rental/mobile-kitchen-trailers/?location=Arcade","Equipment/Service","equipment","","","","false","true","false","","","","","","false","","","https://temp123-nine.vercel.app/equipment-rental/mobile-kitchen-trailers/arcade-mobile-kitchen-rental/","308","/equipment-rental/mobile-kitchen-trailers/?location=Arcade","200","https://temp123-nine.vercel.app/equipment-rental/mobile-kitchen-trailers/?location=Arcade","noindex, follow","","True"
"/equipment-rental/mobile-kitchen-trailers/arcadia-lakes-mobile-kitchen-rental/","configured_redirect","/equipment-rental/mobile-kitchen-trailers/?location=Arcadia%20Lakes","Equipment/Service","equipment","","","","false","true","false","","","","","","false","","","https://temp123-nine.vercel.app/equipment-rental/mobile-kitchen-trailers/arcadia-lakes-mobile-kitchen-rental/","308","/equipment-rental/mobile-kitchen-trailers/?location=Arcadia%20Lakes","200","https://temp123-nine.vercel.app/equipment-rental/mobile-kitchen-trailers/?location=Arcadia%20Lakes","noindex, follow","","True"
"/equipment-rental/mobile-kitchen-trailers/arcadia-mobile-kitchen-rental/","configured_redirect","/equipment-rental/mobile-kitchen-trailers/?location=Arcadia","Equipment/Service","equipment","","","","false","true","false","","","","","","false","","","https://temp123-nine.vercel.app/equipment-rental/mobile-kitchen-trailers/arcadia-mobile-kitchen-rental/","308","/equipment-rental/mobile-kitchen-trailers/?location=Arcadia","200","https://temp123-nine.vercel.app/equipment-rental/mobile-kitchen-trailers/?location=Arcadia","noindex, follow","","True"
"/equipment-rental/mobile-kitchen-trailers/arcanum-mobile-kitchen-rental/","configured_redirect","/equipment-rental/mobile-kitchen-trailers/?location=Arcanum","Equipment/Service","equipment","","","","false","true","false","","","","","","false","","","https://temp123-nine.vercel.app/equipment-rental/mobile-kitchen-trailers/arcanum-mobile-kitchen-rental/","308","/equipment-rental/mobile-kitchen-trailers/?location=Arcanum","200","https://temp123-nine.vercel.app/equipment-rental/mobile-kitchen-trailers/?location=Arcanum","noindex, follow","","True"
"/equipment-rental/mobile-kitchen-trailers/arcata-mobile-kitchen-rental/","configured_redirect","/equipment-rental/mobile-kitchen-trailers/?location=Arcata","Equipment/Service","equipment","","","","false","true","false","","","","","","false","","","https://temp123-nine.vercel.app/equipment-rental/mobile-kitchen-trailers/arcata-mobile-kitchen-rental/","308","/equipment-rental/mobile-kitchen-trailers/?location=Arcata","200","https://temp123-nine.vercel.app/equipment-rental/mobile-kitchen-trailers/?location=Arcata","noindex, follow","","True"
"/equipment-rental/mobile-kitchen-trailers/archbald-mobile-kitchen-rental/","configured_redirect","/equipment-rental/mobile-kitchen-trailers/?location=Archbald","Equipment/Service","equipment","","","","false","true","false","","","","","","false","","","https://temp123-nine.vercel.app/equipment-rental/mobile-kitchen-trailers/archbald-mobile-kitchen-rental/","308","/equipment-rental/mobile-kitchen-trailers/?location=Archbald","200","https://temp123-nine.vercel.app/equipment-rental/mobile-kitchen-trailers/?location=Archbald","noindex, follow","","True"
"/equipment-rental/mobile-kitchen-trailers/archbold-mobile-kitchen-rental/","configured_redirect","/equipment-rental/mobile-kitchen-trailers/?location=Archbold","Equipment/Service","equipment","","","","false","true","false","","","","","","false","","","https://temp123-nine.vercel.app/equipment-rental/mobile-kitchen-trailers/archbold-mobile-kitchen-rental/","308","/equipment-rental/mobile-kitchen-trailers/?location=Archbold","200","https://temp123-nine.vercel.app/equipment-rental/mobile-kitchen-trailers/?location=Archbold","noindex, follow","","True"
"/equipment-rental/mobile-kitchen-trailers/archdale-mobile-kitchen-rental/","configured_redirect","/equipment-rental/mobile-kitchen-trailers/?location=Archdale","Equipment/Service","equipment","","","","false","true","false","","","","","","false","","","https://temp123-nine.vercel.app/equipment-rental/mobile-kitchen-trailers/archdale-mobile-kitchen-rental/","308","/equipment-rental/mobile-kitchen-trailers/?location=Archdale","200","https://temp123-nine.vercel.app/equipment-rental/mobile-kitchen-trailers/?location=Archdale","noindex, follow","","True"
"/equipment-rental/mobile-kitchen-trailers/archer-city-mobile-kitchen-rental/","configured_redirect","/equipment-rental/mobile-kitchen-trailers/?location=Archer%20City","Equipment/Service","equipment","","","","false","true","false","","","","","","false","","","https://temp123-nine.vercel.app/equipment-rental/mobile-kitchen-trailers/archer-city-mobile-kitchen-rental/","308","/equipment-rental/mobile-kitchen-trailers/?location=Archer%20City","200","https://temp123-nine.vercel.app/equipment-rental/mobile-kitchen-trailers/?location=Archer%20City","noindex, follow","","True"
"/equipment-rental/mobile-kitchen-trailers/archer-lodge-mobile-kitchen-rental/","configured_redirect","/equipment-rental/mobile-kitchen-trailers/?location=Archer%20Lodge","Equipment/Service","equipment","","","","false","true","false","","","","","","false","","","https://temp123-nine.vercel.app/equipment-rental/mobile-kitchen-trailers/archer-lodge-mobile-kitchen-rental/","308","/equipment-rental/mobile-kitchen-trailers/?location=Archer%20Lodge","200","https://temp123-nine.vercel.app/equipment-rental/mobile-kitchen-trailers/?location=Archer%20Lodge","noindex, follow","","True"
"/equipment-rental/mobile-kitchen-trailers/archer-mobile-kitchen-rental/","configured_redirect","/equipment-rental/mobile-kitchen-trailers/?location=Archer","Equipment/Service","equipment","","","","false","true","false","","","","","","false","","","https://temp123-nine.vercel.app/equipment-rental/mobile-kitchen-trailers/archer-mobile-kitchen-rental/","308","/equipment-rental/mobile-kitchen-trailers/?location=Archer","200","https://temp123-nine.vercel.app/equipment-rental/mobile-kitchen-trailers/?location=Archer","noindex, follow","","True"
"/equipment-rental/mobile-kitchen-trailers/archie-mobile-kitchen-rental/","configured_redirect","/equipment-rental/mobile-kitchen-trailers/?location=Archie","Equipment/Service","equipment","","","","false","true","false","","","","","","false","","","https://temp123-nine.vercel.app/equipment-rental/mobile-kitchen-trailers/archie-mobile-kitchen-rental/","308","/equipment-rental/mobile-kitchen-trailers/?location=Archie","200","https://temp123-nine.vercel.app/equipment-rental/mobile-kitchen-trailers/?location=Archie","noindex, follow","","True"
"/equipment-rental/mobile-kitchen-trailers/arco-mobile-kitchen-rental/","configured_redirect","/equipment-rental/mobile-kitchen-trailers/?location=Arco","Equipment/Service","equipment","","","","false","true","false","","","","","","false","","","https://temp123-nine.vercel.app/equipment-rental/mobile-kitchen-trailers/arco-mobile-kitchen-rental/","308","/equipment-rental/mobile-kitchen-trailers/?location=Arco","200","https://temp123-nine.vercel.app/equipment-rental/mobile-kitchen-trailers/?location=Arco","noindex, follow","","True"
"/equipment-rental/mobile-kitchen-trailers/arcola-mobile-kitchen-rental/","configured_redirect","/equipment-rental/mobile-kitchen-trailers/?location=Arcola","Equipment/Service","equipment","","","","false","true","false","","","","","","false","","","https://temp123-nine.vercel.app/equipment-rental/mobile-kitchen-trailers/arcola-mobile-kitchen-rental/","308","/equipment-rental/mobile-kitchen-trailers/?location=Arcola","200","https://temp123-nine.vercel.app/equipment-rental/mobile-kitchen-trailers/?location=Arcola","noindex, follow","","True"
"/equipment-rental/mobile-kitchen-trailers/arctic-village-mobile-kitchen-rental/","configured_redirect","/equipment-rental/mobile-kitchen-trailers/?location=Arctic%20Village","Equipment/Service","equipment","","","","false","true","false","","","","","","false","","","https://temp123-nine.vercel.app/equipment-rental/mobile-kitchen-trailers/arctic-village-mobile-kitchen-rental/","308","/equipment-rental/mobile-kitchen-trailers/?location=Arctic%20Village","200","https://temp123-nine.vercel.app/equipment-rental/mobile-kitchen-trailers/?location=Arctic%20Village","noindex, follow","","True"
"/equipment-rental/mobile-kitchen-trailers/arden-arcade-mobile-kitchen-rental/","configured_redirect","/equipment-rental/mobile-kitchen-trailers/?location=Arden-Arcade","Equipment/Service","equipment","","","","false","true","false","","","","","","false","","","https://temp123-nine.vercel.app/equipment-rental/mobile-kitchen-trailers/arden-arcade-mobile-kitchen-rental/","308","/equipment-rental/mobile-kitchen-trailers/?location=Arden-Arcade","200","https://temp123-nine.vercel.app/equipment-rental/mobile-kitchen-trailers/?location=Arden-Arcade","noindex, follow","","True"
"/equipment-rental/mobile-kitchen-trailers/arden-hills-mobile-kitchen-rental/","configured_redirect","/equipment-rental/mobile-kitchen-trailers/?location=Arden%20Hills","Equipment/Service","equipment","","","","false","true","false","","","","","","false","","","https://temp123-nine.vercel.app/equipment-rental/mobile-kitchen-trailers/arden-hills-mobile-kitchen-rental/","308","/equipment-rental/mobile-kitchen-trailers/?location=Arden%20Hills","200","https://temp123-nine.vercel.app/equipment-rental/mobile-kitchen-trailers/?location=Arden%20Hills","noindex, follow","","True"
"/equipment-rental/mobile-kitchen-trailers/arden-mobile-kitchen-rental/","configured_redirect","/equipment-rental/mobile-kitchen-trailers/?location=Arden","Equipment/Service","equipment","","","","false","true","false","","","","","","false","","","https://temp123-nine.vercel.app/equipment-rental/mobile-kitchen-trailers/arden-mobile-kitchen-rental/","308","/equipment-rental/mobile-kitchen-trailers/?location=Arden","200","https://temp123-nine.vercel.app/equipment-rental/mobile-kitchen-trailers/?location=Arden","noindex, follow","","True"
"/equipment-rental/mobile-kitchen-trailers/arden-on-the-severn-mobile-kitchen-rental/","configured_redirect","/equipment-rental/mobile-kitchen-trailers/?location=Arden%20on%20the%20Severn","Equipment/Service","equipment","","","","false","true","false","","","","","","false","","","https://temp123-nine.vercel.app/equipment-rental/mobile-kitchen-trailers/arden-on-the-severn-mobile-kitchen-rental/","308","/equipment-rental/mobile-kitchen-trailers/?location=Arden%20on%20the%20Severn","200","https://temp123-nine.vercel.app/equipment-rental/mobile-kitchen-trailers/?location=Arden%20on%20the%20Severn","noindex, follow","","True"
"/equipment-rental/mobile-kitchen-trailers/ardencroft-mobile-kitchen-rental/","configured_redirect","/equipment-rental/mobile-kitchen-trailers/?location=Ardencroft","Equipment/Service","equipment","","","","false","true","false","","","","","","false","","","https://temp123-nine.vercel.app/equipment-rental/mobile-kitchen-trailers/ardencroft-mobile-kitchen-rental/","308","/equipment-rental/mobile-kitchen-trailers/?location=Ardencroft","200","https://temp123-nine.vercel.app/equipment-rental/mobile-kitchen-trailers/?location=Ardencroft","noindex, follow","","True"
"/equipment-rental/mobile-kitchen-trailers/ardentown-mobile-kitchen-rental/","configured_redirect","/equipment-rental/mobile-kitchen-trailers/?location=Ardentown","Equipment/Service","equipment","","","","false","true","false","","","","","","false","","","https://temp123-nine.vercel.app/equipment-rental/mobile-kitchen-trailers/ardentown-mobile-kitchen-rental/","308","/equipment-rental/mobile-kitchen-trailers/?location=Ardentown","200","https://temp123-nine.vercel.app/equipment-rental/mobile-kitchen-trailers/?location=Ardentown","noindex, follow","","True"
"/equipment-rental/mobile-kitchen-trailers/ardmore-mobile-kitchen-rental/","configured_redirect","/equipment-rental/mobile-kitchen-trailers/?location=Ardmore","Equipment/Service","equipment","","","","false","true","false","","","","","","false","","","https://temp123-nine.vercel.app/equipment-rental/mobile-kitchen-trailers/ardmore-mobile-kitchen-rental/","308","/equipment-rental/mobile-kitchen-trailers/?location=Ardmore","200","https://temp123-nine.vercel.app/equipment-rental/mobile-kitchen-trailers/?location=Ardmore","noindex, follow","","True"
"/equipment-rental/mobile-kitchen-trailers/ardoch-mobile-kitchen-rental/","configured_redirect","/equipment-rental/mobile-kitchen-trailers/?location=Ardoch","Equipment/Service","equipment","","","","false","true","false","","","","","","false","","","https://temp123-nine.vercel.app/equipment-rental/mobile-kitchen-trailers/ardoch-mobile-kitchen-rental/","308","/equipment-rental/mobile-kitchen-trailers/?location=Ardoch","200","https://temp123-nine.vercel.app/equipment-rental/mobile-kitchen-trailers/?location=Ardoch","noindex, follow","","True"
"/equipment-rental/mobile-kitchen-trailers/ardsley-mobile-kitchen-rental/","configured_redirect","/equipment-rental/mobile-kitchen-trailers/?location=Ardsley","Equipment/Service","equipment","","","","false","true","false","","","","","","false","","","https://temp123-nine.vercel.app/equipment-rental/mobile-kitchen-trailers/ardsley-mobile-kitchen-rental/","308","/equipment-rental/mobile-kitchen-trailers/?location=Ardsley","200","https://temp123-nine.vercel.app/equipment-rental/mobile-kitchen-trailers/?location=Ardsley","noindex, follow","","True"
"/equipment-rental/mobile-kitchen-trailers/ardsley-on-hudson-mobile-kitchen-rental/","configured_redirect","/equipment-rental/mobile-kitchen-trailers/?location=Ardsley-on-Hudson","Equipment/Service","equipment","","","","false","true","false","","","","","","false","","","https://temp123-nine.vercel.app/equipment-rental/mobile-kitchen-trailers/ardsley-on-hudson-mobile-kitchen-rental/","308","/equipment-rental/mobile-kitchen-trailers/?location=Ardsley-on-Hudson","200","https://temp123-nine.vercel.app/equipment-rental/mobile-kitchen-trailers/?location=Ardsley-on-Hudson","noindex, follow","","True"
"/equipment-rental/mobile-kitchen-trailers/aredale-mobile-kitchen-rental/","configured_redirect","/equipment-rental/mobile-kitchen-trailers/?location=Aredale","Equipment/Service","equipment","","","","false","true","false","","","","","","false","","","https://temp123-nine.vercel.app/equipment-rental/mobile-kitchen-trailers/aredale-mobile-kitchen-rental/","308","/equipment-rental/mobile-kitchen-trailers/?location=Aredale","200","https://temp123-nine.vercel.app/equipment-rental/mobile-kitchen-trailers/?location=Aredale","noindex, follow","","True"
"/equipment-rental/mobile-kitchen-trailers/arena-mobile-kitchen-rental/","configured_redirect","/equipment-rental/mobile-kitchen-trailers/?location=Arena","Equipment/Service","equipment","","","","false","true","false","","","","","","false","","","https://temp123-nine.vercel.app/equipment-rental/mobile-kitchen-trailers/arena-mobile-kitchen-rental/","308","/equipment-rental/mobile-kitchen-trailers/?location=Arena","200","https://temp123-nine.vercel.app/equipment-rental/mobile-kitchen-trailers/?location=Arena","noindex, follow","","True"
"/equipment-rental/mobile-kitchen-trailers/arenas-valley-mobile-kitchen-rental/","configured_redirect","/equipment-rental/mobile-kitchen-trailers/?location=Arenas%20Valley","Equipment/Service","equipment","","","","false","true","false","","","","","","false","","","https://temp123-nine.vercel.app/equipment-rental/mobile-kitchen-trailers/arenas-valley-mobile-kitchen-rental/","308","/equipment-rental/mobile-kitchen-trailers/?location=Arenas%20Valley","200","https://temp123-nine.vercel.app/equipment-rental/mobile-kitchen-trailers/?location=Arenas%20Valley","noindex, follow","","True"
"/equipment-rental/mobile-kitchen-trailers/arendtsville-mobile-kitchen-rental/","configured_redirect","/equipment-rental/mobile-kitchen-trailers/?location=Arendtsville","Equipment/Service","equipment","","","","false","true","false","","","","","","false","","","https://temp123-nine.vercel.app/equipment-rental/mobile-kitchen-trailers/arendtsville-mobile-kitchen-rental/","308","/equipment-rental/mobile-kitchen-trailers/?location=Arendtsville","200","https://temp123-nine.vercel.app/equipment-rental/mobile-kitchen-trailers/?location=Arendtsville","noindex, follow","","True"
"/equipment-rental/mobile-kitchen-trailers/arenzville-mobile-kitchen-rental/","configured_redirect","/equipment-rental/mobile-kitchen-trailers/?location=Arenzville","Equipment/Service","equipment","","","","false","true","false","","","","","","false","","","https://temp123-nine.vercel.app/equipment-rental/mobile-kitchen-trailers/arenzville-mobile-kitchen-rental/","308","/equipment-rental/mobile-kitchen-trailers/?location=Arenzville","200","https://temp123-nine.vercel.app/equipment-rental/mobile-kitchen-trailers/?location=Arenzville","noindex, follow","","True"
"/equipment-rental/mobile-kitchen-trailers/argenta-mobile-kitchen-rental/","configured_redirect","/equipment-rental/mobile-kitchen-trailers/?location=Argenta","Equipment/Service","equipment","","","","false","true","false","","","","","","false","","","https://temp123-nine.vercel.app/equipment-rental/mobile-kitchen-trailers/argenta-mobile-kitchen-rental/","308","/equipment-rental/mobile-kitchen-trailers/?location=Argenta","200","https://temp123-nine.vercel.app/equipment-rental/mobile-kitchen-trailers/?location=Argenta","noindex, follow","","True"
"/equipment-rental/mobile-kitchen-trailers/argentine-mobile-kitchen-rental/","configured_redirect","/equipment-rental/mobile-kitchen-trailers/?location=Argentine","Equipment/Service","equipment","","","","false","true","false","","","","","","false","","","https://temp123-nine.vercel.app/equipment-rental/mobile-kitchen-trailers/argentine-mobile-kitchen-rental/","308","/equipment-rental/mobile-kitchen-trailers/?location=Argentine","200","https://temp123-nine.vercel.app/equipment-rental/mobile-kitchen-trailers/?location=Argentine","noindex, follow","","True"
"/equipment-rental/mobile-kitchen-trailers/argillite-mobile-kitchen-rental/","configured_redirect","/equipment-rental/mobile-kitchen-trailers/?location=Argillite","Equipment/Service","equipment","","","","false","true","false","","","","","","false","","","https://temp123-nine.vercel.app/equipment-rental/mobile-kitchen-trailers/argillite-mobile-kitchen-rental/","308","/equipment-rental/mobile-kitchen-trailers/?location=Argillite","200","https://temp123-nine.vercel.app/equipment-rental/mobile-kitchen-trailers/?location=Argillite","noindex, follow","","True"
"/equipment-rental/mobile-kitchen-trailers/argo-mobile-kitchen-rental/","configured_redirect","/equipment-rental/mobile-kitchen-trailers/?location=Argo","Equipment/Service","equipment","","","","false","true","false","","","","","","false","","","https://temp123-nine.vercel.app/equipment-rental/mobile-kitchen-trailers/argo-mobile-kitchen-rental/","308","/equipment-rental/mobile-kitchen-trailers/?location=Argo","200","https://temp123-nine.vercel.app/equipment-rental/mobile-kitchen-trailers/?location=Argo","noindex, follow","","True"
"/equipment-rental/mobile-kitchen-trailers/argonia-mobile-kitchen-rental/","configured_redirect","/equipment-rental/mobile-kitchen-trailers/?location=Argonia","Equipment/Service","equipment","","","","false","true","false","","","","","","false","","","https://temp123-nine.vercel.app/equipment-rental/mobile-kitchen-trailers/argonia-mobile-kitchen-rental/","308","/equipment-rental/mobile-kitchen-trailers/?location=Argonia","200","https://temp123-nine.vercel.app/equipment-rental/mobile-kitchen-trailers/?location=Argonia","noindex, follow","","True"
"/equipment-rental/mobile-kitchen-trailers/argonne-mobile-kitchen-rental/","configured_redirect","/equipment-rental/mobile-kitchen-trailers/?location=Argonne","Equipment/Service","equipment","","","","false","true","false","","","","","","false","","","https://temp123-nine.vercel.app/equipment-rental/mobile-kitchen-trailers/argonne-mobile-kitchen-rental/","308","/equipment-rental/mobile-kitchen-trailers/?location=Argonne","200","https://temp123-nine.vercel.app/equipment-rental/mobile-kitchen-trailers/?location=Argonne","noindex, follow","","True"
"/equipment-rental/mobile-kitchen-trailers/argos-mobile-kitchen-rental/","configured_redirect","/equipment-rental/mobile-kitchen-trailers/?location=Argos","Equipment/Service","equipment","","","","false","true","false","","","","","","false","","","https://temp123-nine.vercel.app/equipment-rental/mobile-kitchen-trailers/argos-mobile-kitchen-rental/","308","/equipment-rental/mobile-kitchen-trailers/?location=Argos","200","https://temp123-nine.vercel.app/equipment-rental/mobile-kitchen-trailers/?location=Argos","noindex, follow","","True"
"/equipment-rental/mobile-kitchen-trailers/argusville-mobile-kitchen-rental/","configured_redirect","/equipment-rental/mobile-kitchen-trailers/?location=Argusville","Equipment/Service","equipment","","","","false","true","false","","","","","","false","","","https://temp123-nine.vercel.app/equipment-rental/mobile-kitchen-trailers/argusville-mobile-kitchen-rental/","308","/equipment-rental/mobile-kitchen-trailers/?location=Argusville","200","https://temp123-nine.vercel.app/equipment-rental/mobile-kitchen-trailers/?location=Argusville","noindex, follow","","True"
"/equipment-rental/mobile-kitchen-trailers/argyle-mobile-kitchen-rental/","configured_redirect","/equipment-rental/mobile-kitchen-trailers/?location=Argyle","Equipment/Service","equipment","","","","false","true","false","","","","","","false","","","https://temp123-nine.vercel.app/equipment-rental/mobile-kitchen-trailers/argyle-mobile-kitchen-rental/","308","/equipment-rental/mobile-kitchen-trailers/?location=Argyle","200","https://temp123-nine.vercel.app/equipment-rental/mobile-kitchen-trailers/?location=Argyle","noindex, follow","","True"
"/equipment-rental/mobile-kitchen-trailers/arial-mobile-kitchen-rental/","configured_redirect","/equipment-rental/mobile-kitchen-trailers/?location=Arial","Equipment/Service","equipment","","","","false","true","false","","","","","","false","","","https://temp123-nine.vercel.app/equipment-rental/mobile-kitchen-trailers/arial-mobile-kitchen-rental/","308","/equipment-rental/mobile-kitchen-trailers/?location=Arial","200","https://temp123-nine.vercel.app/equipment-rental/mobile-kitchen-trailers/?location=Arial","noindex, follow","","True"
"/equipment-rental/mobile-kitchen-trailers/arietta-mobile-kitchen-rental/","configured_redirect","/equipment-rental/mobile-kitchen-trailers/?location=Arietta","Equipment/Service","equipment","","","","false","true","false","","","","","","false","","","https://temp123-nine.vercel.app/equipment-rental/mobile-kitchen-trailers/arietta-mobile-kitchen-rental/","308","/equipment-rental/mobile-kitchen-trailers/?location=Arietta","200","https://temp123-nine.vercel.app/equipment-rental/mobile-kitchen-trailers/?location=Arietta","noindex, follow","","True"
"/equipment-rental/mobile-kitchen-trailers/arimo-mobile-kitchen-rental/","configured_redirect","/equipment-rental/mobile-kitchen-trailers/?location=Arimo","Equipment/Service","equipment","","","","false","true","false","","","","","","false","","","https://temp123-nine.vercel.app/equipment-rental/mobile-kitchen-trailers/arimo-mobile-kitchen-rental/","308","/equipment-rental/mobile-kitchen-trailers/?location=Arimo","200","https://temp123-nine.vercel.app/equipment-rental/mobile-kitchen-trailers/?location=Arimo","noindex, follow","","True"
"/equipment-rental/mobile-kitchen-trailers/arion-mobile-kitchen-rental/","configured_redirect","/equipment-rental/mobile-kitchen-trailers/?location=Arion","Equipment/Service","equipment","","","","false","true","false","","","","","","false","","","https://temp123-nine.vercel.app/equipment-rental/mobile-kitchen-trailers/arion-mobile-kitchen-rental/","308","/equipment-rental/mobile-kitchen-trailers/?location=Arion","200","https://temp123-nine.vercel.app/equipment-rental/mobile-kitchen-trailers/?location=Arion","noindex, follow","","True"
"/equipment-rental/mobile-kitchen-trailers/aripeka-mobile-kitchen-rental/","configured_redirect","/equipment-rental/mobile-kitchen-trailers/?location=Aripeka","Equipment/Service","equipment","","","","false","true","false","","","","","","false","","","https://temp123-nine.vercel.app/equipment-rental/mobile-kitchen-trailers/aripeka-mobile-kitchen-rental/","308","/equipment-rental/mobile-kitchen-trailers/?location=Aripeka","200","https://temp123-nine.vercel.app/equipment-rental/mobile-kitchen-trailers/?location=Aripeka","noindex, follow","","True"
"/equipment-rental/mobile-kitchen-trailers/arispe-mobile-kitchen-rental/","configured_redirect","/equipment-rental/mobile-kitchen-trailers/?location=Arispe","Equipment/Service","equipment","","","","false","true","false","","","","","","false","","","https://temp123-nine.vercel.app/equipment-rental/mobile-kitchen-trailers/arispe-mobile-kitchen-rental/","308","/equipment-rental/mobile-kitchen-trailers/?location=Arispe","200","https://temp123-nine.vercel.app/equipment-rental/mobile-kitchen-trailers/?location=Arispe","noindex, follow","","True"
"/equipment-rental/mobile-kitchen-trailers/aristes-mobile-kitchen-rental/","configured_redirect","/equipment-rental/mobile-kitchen-trailers/?location=Aristes","Equipment/Service","equipment","","","","false","true","false","","","","","","false","","","https://temp123-nine.vercel.app/equipment-rental/mobile-kitchen-trailers/aristes-mobile-kitchen-rental/","308","/equipment-rental/mobile-kitchen-trailers/?location=Aristes","200","https://temp123-nine.vercel.app/equipment-rental/mobile-kitchen-trailers/?location=Aristes","noindex, follow","","True"
"/equipment-rental/mobile-kitchen-trailers/aristocrat-ranchettes-mobile-kitchen-rental/","configured_redirect","/equipment-rental/mobile-kitchen-trailers/?location=Aristocrat%20Ranchettes","Equipment/Service","equipment","","","","false","true","false","","","","","","false","","","https://temp123-nine.vercel.app/equipment-rental/mobile-kitchen-trailers/aristocrat-ranchettes-mobile-kitchen-rental/","308","/equipment-rental/mobile-kitchen-trailers/?location=Aristocrat%20Ranchettes","200","https://temp123-nine.vercel.app/equipment-rental/mobile-kitchen-trailers/?location=Aristocrat%20Ranchettes","noindex, follow","","True"
"/equipment-rental/mobile-kitchen-trailers/ariton-mobile-kitchen-rental/","configured_redirect","/equipment-rental/mobile-kitchen-trailers/?location=Ariton","Equipment/Service","equipment","","","","false","true","false","","","","","","false","","","https://temp123-nine.vercel.app/equipment-rental/mobile-kitchen-trailers/ariton-mobile-kitchen-rental/","308","/equipment-rental/mobile-kitchen-trailers/?location=Ariton","200","https://temp123-nine.vercel.app/equipment-rental/mobile-kitchen-trailers/?location=Ariton","noindex, follow","","True"
"/equipment-rental/mobile-kitchen-trailers/arivaca-junction-mobile-kitchen-rental/","configured_redirect","/equipment-rental/mobile-kitchen-trailers/?location=Arivaca%20Junction","Equipment/Service","equipment","","","","false","true","false","","","","","","false","","","https://temp123-nine.vercel.app/equipment-rental/mobile-kitchen-trailers/arivaca-junction-mobile-kitchen-rental/","308","/equipment-rental/mobile-kitchen-trailers/?location=Arivaca%20Junction","200","https://temp123-nine.vercel.app/equipment-rental/mobile-kitchen-trailers/?location=Arivaca%20Junction","noindex, follow","","True"
"/equipment-rental/mobile-kitchen-trailers/arivaca-mobile-kitchen-rental/","configured_redirect","/equipment-rental/mobile-kitchen-trailers/?location=Arivaca","Equipment/Service","equipment","","","","false","true","false","","","","","","false","","","https://temp123-nine.vercel.app/equipment-rental/mobile-kitchen-trailers/arivaca-mobile-kitchen-rental/","308","/equipment-rental/mobile-kitchen-trailers/?location=Arivaca","200","https://temp123-nine.vercel.app/equipment-rental/mobile-kitchen-trailers/?location=Arivaca","noindex, follow","","True"
"/equipment-rental/mobile-kitchen-trailers/arizona-city-mobile-kitchen-rental/","configured_redirect","/equipment-rental/mobile-kitchen-trailers/?location=Arizona%20City","Equipment/Service","equipment","","","","false","true","false","","","","","","false","","","https://temp123-nine.vercel.app/equipment-rental/mobile-kitchen-trailers/arizona-city-mobile-kitchen-rental/","308","/equipment-rental/mobile-kitchen-trailers/?location=Arizona%20City","200","https://temp123-nine.vercel.app/equipment-rental/mobile-kitchen-trailers/?location=Arizona%20City","noindex, follow","","True"
"/equipment-rental/mobile-kitchen-trailers/arizona-village-mobile-kitchen-rental/","configured_redirect","/equipment-rental/mobile-kitchen-trailers/?location=Arizona%20Village","Equipment/Service","equipment","","","","false","true","false","","","","","","false","","","https://temp123-nine.vercel.app/equipment-rental/mobile-kitchen-trailers/arizona-village-mobile-kitchen-rental/","308","/equipment-rental/mobile-kitchen-trailers/?location=Arizona%20Village","200","https://temp123-nine.vercel.app/equipment-rental/mobile-kitchen-trailers/?location=Arizona%20Village","noindex, follow","","True"
"/equipment-rental/mobile-kitchen-trailers/arjay-mobile-kitchen-rental/","configured_redirect","/equipment-rental/mobile-kitchen-trailers/?location=Arjay","Equipment/Service","equipment","","","","false","true","false","","","","","","false","","","https://temp123-nine.vercel.app/equipment-rental/mobile-kitchen-trailers/arjay-mobile-kitchen-rental/","308","/equipment-rental/mobile-kitchen-trailers/?location=Arjay","200","https://temp123-nine.vercel.app/equipment-rental/mobile-kitchen-trailers/?location=Arjay","noindex, follow","","True"
"/equipment-rental/mobile-kitchen-trailers/arkadelphia-mobile-kitchen-rental/","configured_redirect","/equipment-rental/mobile-kitchen-trailers/?location=Arkadelphia","Equipment/Service","equipment","","","","false","true","false","","","","","","false","","","https://temp123-nine.vercel.app/equipment-rental/mobile-kitchen-trailers/arkadelphia-mobile-kitchen-rental/","308","/equipment-rental/mobile-kitchen-trailers/?location=Arkadelphia","200","https://temp123-nine.vercel.app/equipment-rental/mobile-kitchen-trailers/?location=Arkadelphia","noindex, follow","","True"
"/equipment-rental/mobile-kitchen-trailers/arkansas-city-mobile-kitchen-rental/","configured_redirect","/equipment-rental/mobile-kitchen-trailers/?location=Arkansas%20City","Equipment/Service","equipment","","","","false","true","false","","","","","","false","","","https://temp123-nine.vercel.app/equipment-rental/mobile-kitchen-trailers/arkansas-city-mobile-kitchen-rental/","308","/equipment-rental/mobile-kitchen-trailers/?location=Arkansas%20City","200","https://temp123-nine.vercel.app/equipment-rental/mobile-kitchen-trailers/?location=Arkansas%20City","noindex, follow","","True"
"/equipment-rental/mobile-kitchen-trailers/arkansaw-mobile-kitchen-rental/","configured_redirect","/equipment-rental/mobile-kitchen-trailers/?location=Arkansaw","Equipment/Service","equipment","","","","false","true","false","","","","","","false","","","https://temp123-nine.vercel.app/equipment-rental/mobile-kitchen-trailers/arkansaw-mobile-kitchen-rental/","308","/equipment-rental/mobile-kitchen-trailers/?location=Arkansaw","200","https://temp123-nine.vercel.app/equipment-rental/mobile-kitchen-trailers/?location=Arkansaw","noindex, follow","","True"
"/equipment-rental/mobile-kitchen-trailers/arkdale-mobile-kitchen-rental/","configured_redirect","/equipment-rental/mobile-kitchen-trailers/?location=Arkdale","Equipment/Service","equipment","","","","false","true","false","","","","","","false","","","https://temp123-nine.vercel.app/equipment-rental/mobile-kitchen-trailers/arkdale-mobile-kitchen-rental/","308","/equipment-rental/mobile-kitchen-trailers/?location=Arkdale","200","https://temp123-nine.vercel.app/equipment-rental/mobile-kitchen-trailers/?location=Arkdale","noindex, follow","","True"
"/equipment-rental/mobile-kitchen-trailers/arkoe-mobile-kitchen-rental/","configured_redirect","/equipment-rental/mobile-kitchen-trailers/?location=Arkoe","Equipment/Service","equipment","","","","false","true","false","","","","","","false","","","https://temp123-nine.vercel.app/equipment-rental/mobile-kitchen-trailers/arkoe-mobile-kitchen-rental/","308","/equipment-rental/mobile-kitchen-trailers/?location=Arkoe","200","https://temp123-nine.vercel.app/equipment-rental/mobile-kitchen-trailers/?location=Arkoe","noindex, follow","","True"
"/equipment-rental/mobile-kitchen-trailers/arkoma-mobile-kitchen-rental/","configured_redirect","/equipment-rental/mobile-kitchen-trailers/?location=Arkoma","Equipment/Service","equipment","","","","false","true","false","","","","","","false","","","https://temp123-nine.vercel.app/equipment-rental/mobile-kitchen-trailers/arkoma-mobile-kitchen-rental/","308","/equipment-rental/mobile-kitchen-trailers/?location=Arkoma","200","https://temp123-nine.vercel.app/equipment-rental/mobile-kitchen-trailers/?location=Arkoma","noindex, follow","","True"
"/equipment-rental/mobile-kitchen-trailers/arkport-mobile-kitchen-rental/","configured_redirect","/equipment-rental/mobile-kitchen-trailers/?location=Arkport","Equipment/Service","equipment","","","","false","true","false","","","","","","false","","","https://temp123-nine.vercel.app/equipment-rental/mobile-kitchen-trailers/arkport-mobile-kitchen-rental/","308","/equipment-rental/mobile-kitchen-trailers/?location=Arkport","200","https://temp123-nine.vercel.app/equipment-rental/mobile-kitchen-trailers/?location=Arkport","noindex, follow","","True"
"/equipment-rental/mobile-kitchen-trailers/arkwright-mobile-kitchen-rental/","configured_redirect","/equipment-rental/mobile-kitchen-trailers/?location=Arkwright","Equipment/Service","equipment","","","","false","true","false","","","","","","false","","","https://temp123-nine.vercel.app/equipment-rental/mobile-kitchen-trailers/arkwright-mobile-kitchen-rental/","308","/equipment-rental/mobile-kitchen-trailers/?location=Arkwright","200","https://temp123-nine.vercel.app/equipment-rental/mobile-kitchen-trailers/?location=Arkwright","noindex, follow","","True"
"/equipment-rental/mobile-kitchen-trailers/arland-mobile-kitchen-rental/","configured_redirect","/equipment-rental/mobile-kitchen-trailers/?location=Arland","Equipment/Service","equipment","","","","false","true","false","","","","","","false","","","https://temp123-nine.vercel.app/equipment-rental/mobile-kitchen-trailers/arland-mobile-kitchen-rental/","308","/equipment-rental/mobile-kitchen-trailers/?location=Arland","200","https://temp123-nine.vercel.app/equipment-rental/mobile-kitchen-trailers/?location=Arland","noindex, follow","","True"
"/equipment-rental/mobile-kitchen-trailers/arlanza-mobile-kitchen-rental/","configured_redirect","/equipment-rental/mobile-kitchen-trailers/?location=Arlanza","Equipment/Service","equipment","","","","false","true","false","","","","","","false","","","https://temp123-nine.vercel.app/equipment-rental/mobile-kitchen-trailers/arlanza-mobile-kitchen-rental/","308","/equipment-rental/mobile-kitchen-trailers/?location=Arlanza","200","https://temp123-nine.vercel.app/equipment-rental/mobile-kitchen-trailers/?location=Arlanza","noindex, follow","","True"
"/equipment-rental/mobile-kitchen-trailers/arlee-mobile-kitchen-rental/","configured_redirect","/equipment-rental/mobile-kitchen-trailers/?location=Arlee","Equipment/Service","equipment","","","","false","true","false","","","","","","false","","","https://temp123-nine.vercel.app/equipment-rental/mobile-kitchen-trailers/arlee-mobile-kitchen-rental/","308","/equipment-rental/mobile-kitchen-trailers/?location=Arlee","200","https://temp123-nine.vercel.app/equipment-rental/mobile-kitchen-trailers/?location=Arlee","noindex, follow","","True"
"/equipment-rental/mobile-kitchen-trailers/arley-mobile-kitchen-rental/","configured_redirect","/equipment-rental/mobile-kitchen-trailers/?location=Arley","Equipment/Service","equipment","","","","false","true","false","","","","","","false","","","https://temp123-nine.vercel.app/equipment-rental/mobile-kitchen-trailers/arley-mobile-kitchen-rental/","308","/equipment-rental/mobile-kitchen-trailers/?location=Arley","200","https://temp123-nine.vercel.app/equipment-rental/mobile-kitchen-trailers/?location=Arley","noindex, follow","","True"
"/equipment-rental/mobile-kitchen-trailers/arlington-heights-mobile-kitchen-rental/","configured_redirect","/equipment-rental/mobile-kitchen-trailers/?location=Arlington%20Heights","Equipment/Service","equipment","","","","false","true","false","","","","","","false","","","https://temp123-nine.vercel.app/equipment-rental/mobile-kitchen-trailers/arlington-heights-mobile-kitchen-rental/","308","/equipment-rental/mobile-kitchen-trailers/?location=Arlington%20Heights","200","https://temp123-nine.vercel.app/equipment-rental/mobile-kitchen-trailers/?location=Arlington%20Heights","noindex, follow","","True"
"/equipment-rental/mobile-kitchen-trailers/arlington-mobile-kitchen-rental/","configured_redirect","/equipment-rental/mobile-kitchen-trailers/?location=Arlington","Equipment/Service","equipment","","","","false","true","false","","","","","","false","","","https://temp123-nine.vercel.app/equipment-rental/mobile-kitchen-trailers/arlington-mobile-kitchen-rental/","308","/equipment-rental/mobile-kitchen-trailers/?location=Arlington","200","https://temp123-nine.vercel.app/equipment-rental/mobile-kitchen-trailers/?location=Arlington","noindex, follow","","True"
"/equipment-rental/mobile-kitchen-trailers/arma-mobile-kitchen-rental/","configured_redirect","/equipment-rental/mobile-kitchen-trailers/?location=Arma","Equipment/Service","equipment","","","","false","true","false","","","","","","false","","","https://temp123-nine.vercel.app/equipment-rental/mobile-kitchen-trailers/arma-mobile-kitchen-rental/","308","/equipment-rental/mobile-kitchen-trailers/?location=Arma","200","https://temp123-nine.vercel.app/equipment-rental/mobile-kitchen-trailers/?location=Arma","noindex, follow","","True"
"/equipment-rental/mobile-kitchen-trailers/armada-mobile-kitchen-rental/","configured_redirect","/equipment-rental/mobile-kitchen-trailers/?location=Armada","Equipment/Service","equipment","","","","false","true","false","","","","","","false","","","https://temp123-nine.vercel.app/equipment-rental/mobile-kitchen-trailers/armada-mobile-kitchen-rental/","308","/equipment-rental/mobile-kitchen-trailers/?location=Armada","200","https://temp123-nine.vercel.app/equipment-rental/mobile-kitchen-trailers/?location=Armada","noindex, follow","","True"
"/equipment-rental/mobile-kitchen-trailers/armagh-mobile-kitchen-rental/","configured_redirect","/equipment-rental/mobile-kitchen-trailers/?location=Armagh","Equipment/Service","equipment","","","","false","true","false","","","","","","false","","","https://temp123-nine.vercel.app/equipment-rental/mobile-kitchen-trailers/armagh-mobile-kitchen-rental/","308","/equipment-rental/mobile-kitchen-trailers/?location=Armagh","200","https://temp123-nine.vercel.app/equipment-rental/mobile-kitchen-trailers/?location=Armagh","noindex, follow","","True"
"/equipment-rental/mobile-kitchen-trailers/armilda-mobile-kitchen-rental/","configured_redirect","/equipment-rental/mobile-kitchen-trailers/?location=Armilda","Equipment/Service","equipment","","","","false","true","false","","","","","","false","","","https://temp123-nine.vercel.app/equipment-rental/mobile-kitchen-trailers/armilda-mobile-kitchen-rental/","308","/equipment-rental/mobile-kitchen-trailers/?location=Armilda","200","https://temp123-nine.vercel.app/equipment-rental/mobile-kitchen-trailers/?location=Armilda","noindex, follow","","True"
"/equipment-rental/mobile-kitchen-trailers/armington-mobile-kitchen-rental/","configured_redirect","/equipment-rental/mobile-kitchen-trailers/?location=Armington","Equipment/Service","equipment","","","","false","true","false","","","","","","false","","","https://temp123-nine.vercel.app/equipment-rental/mobile-kitchen-trailers/armington-mobile-kitchen-rental/","308","/equipment-rental/mobile-kitchen-trailers/?location=Armington","200","https://temp123-nine.vercel.app/equipment-rental/mobile-kitchen-trailers/?location=Armington","noindex, follow","","True"
"/equipment-rental/mobile-kitchen-trailers/arminto-mobile-kitchen-rental/","configured_redirect","/equipment-rental/mobile-kitchen-trailers/?location=Arminto","Equipment/Service","equipment","","","","false","true","false","","","","","","false","","","https://temp123-nine.vercel.app/equipment-rental/mobile-kitchen-trailers/arminto-mobile-kitchen-rental/","308","/equipment-rental/mobile-kitchen-trailers/?location=Arminto","200","https://temp123-nine.vercel.app/equipment-rental/mobile-kitchen-trailers/?location=Arminto","noindex, follow","","True"
"/equipment-rental/mobile-kitchen-trailers/armona-mobile-kitchen-rental/","configured_redirect","/equipment-rental/mobile-kitchen-trailers/?location=Armona","Equipment/Service","equipment","","","","false","true","false","","","","","","false","","","https://temp123-nine.vercel.app/equipment-rental/mobile-kitchen-trailers/armona-mobile-kitchen-rental/","308","/equipment-rental/mobile-kitchen-trailers/?location=Armona","200","https://temp123-nine.vercel.app/equipment-rental/mobile-kitchen-trailers/?location=Armona","noindex, follow","","True"
"/equipment-rental/mobile-kitchen-trailers/armonk-mobile-kitchen-rental/","configured_redirect","/equipment-rental/mobile-kitchen-trailers/?location=Armonk","Equipment/Service","equipment","","","","false","true","false","","","","","","false","","","https://temp123-nine.vercel.app/equipment-rental/mobile-kitchen-trailers/armonk-mobile-kitchen-rental/","308","/equipment-rental/mobile-kitchen-trailers/?location=Armonk","200","https://temp123-nine.vercel.app/equipment-rental/mobile-kitchen-trailers/?location=Armonk","noindex, follow","","True"
"/equipment-rental/mobile-kitchen-trailers/armour-mobile-kitchen-rental/","configured_redirect","/equipment-rental/mobile-kitchen-trailers/?location=Armour","Equipment/Service","equipment","","","","false","true","false","","","","","","false","","","https://temp123-nine.vercel.app/equipment-rental/mobile-kitchen-trailers/armour-mobile-kitchen-rental/","308","/equipment-rental/mobile-kitchen-trailers/?location=Armour","200","https://temp123-nine.vercel.app/equipment-rental/mobile-kitchen-trailers/?location=Armour","noindex, follow","","True"
"/equipment-rental/mobile-kitchen-trailers/armstrong-creek-mobile-kitchen-rental/","configured_redirect","/equipment-rental/mobile-kitchen-trailers/?location=Armstrong%20Creek","Equipment/Service","equipment","","","","false","true","false","","","","","","false","","","https://temp123-nine.vercel.app/equipment-rental/mobile-kitchen-trailers/armstrong-creek-mobile-kitchen-rental/","308","/equipment-rental/mobile-kitchen-trailers/?location=Armstrong%20Creek","200","https://temp123-nine.vercel.app/equipment-rental/mobile-kitchen-trailers/?location=Armstrong%20Creek","noindex, follow","","True"
"/equipment-rental/mobile-kitchen-trailers/armstrong-mobile-kitchen-rental/","configured_redirect","/equipment-rental/mobile-kitchen-trailers/?location=Armstrong","Equipment/Service","equipment","","","","false","true","false","","","","","","false","","","https://temp123-nine.vercel.app/equipment-rental/mobile-kitchen-trailers/armstrong-mobile-kitchen-rental/","308","/equipment-rental/mobile-kitchen-trailers/?location=Armstrong","200","https://temp123-nine.vercel.app/equipment-rental/mobile-kitchen-trailers/?location=Armstrong","noindex, follow","","True"
"/equipment-rental/mobile-kitchen-trailers/arn-mobile-kitchen-rental/","configured_redirect","/equipment-rental/mobile-kitchen-trailers/?location=Arn","Equipment/Service","equipment","","","","false","true","false","","","","","","false","","","https://temp123-nine.vercel.app/equipment-rental/mobile-kitchen-trailers/arn-mobile-kitchen-rental/","308","/equipment-rental/mobile-kitchen-trailers/?location=Arn","200","https://temp123-nine.vercel.app/equipment-rental/mobile-kitchen-trailers/?location=Arn","noindex, follow","","True"
"/equipment-rental/mobile-kitchen-trailers/arnaudville-mobile-kitchen-rental/","configured_redirect","/equipment-rental/mobile-kitchen-trailers/?location=Arnaudville","Equipment/Service","equipment","","","","false","true","false","","","","","","false","","","https://temp123-nine.vercel.app/equipment-rental/mobile-kitchen-trailers/arnaudville-mobile-kitchen-rental/","308","/equipment-rental/mobile-kitchen-trailers/?location=Arnaudville","200","https://temp123-nine.vercel.app/equipment-rental/mobile-kitchen-trailers/?location=Arnaudville","noindex, follow","","True"
"/equipment-rental/mobile-kitchen-trailers/arnegard-mobile-kitchen-rental/","configured_redirect","/equipment-rental/mobile-kitchen-trailers/?location=Arnegard","Equipment/Service","equipment","","","","false","true","false","","","","","","false","","","https://temp123-nine.vercel.app/equipment-rental/mobile-kitchen-trailers/arnegard-mobile-kitchen-rental/","308","/equipment-rental/mobile-kitchen-trailers/?location=Arnegard","200","https://temp123-nine.vercel.app/equipment-rental/mobile-kitchen-trailers/?location=Arnegard","noindex, follow","","True"
"/equipment-rental/mobile-kitchen-trailers/arnett-mobile-kitchen-rental/","configured_redirect","/equipment-rental/mobile-kitchen-trailers/?location=Arnett","Equipment/Service","equipment","","","","false","true","false","","","","","","false","","","https://temp123-nine.vercel.app/equipment-rental/mobile-kitchen-trailers/arnett-mobile-kitchen-rental/","308","/equipment-rental/mobile-kitchen-trailers/?location=Arnett","200","https://temp123-nine.vercel.app/equipment-rental/mobile-kitchen-trailers/?location=Arnett","noindex, follow","","True"
"/equipment-rental/mobile-kitchen-trailers/arnheim-mobile-kitchen-rental/","configured_redirect","/equipment-rental/mobile-kitchen-trailers/?location=Arnheim","Equipment/Service","equipment","","","","false","true","false","","","","","","false","","","https://temp123-nine.vercel.app/equipment-rental/mobile-kitchen-trailers/arnheim-mobile-kitchen-rental/","308","/equipment-rental/mobile-kitchen-trailers/?location=Arnheim","200","https://temp123-nine.vercel.app/equipment-rental/mobile-kitchen-trailers/?location=Arnheim","noindex, follow","","True"
"/equipment-rental/mobile-kitchen-trailers/arnold-city-mobile-kitchen-rental/","configured_redirect","/equipment-rental/mobile-kitchen-trailers/?location=Arnold%20City","Equipment/Service","equipment","","","","false","true","false","","","","","","false","","","https://temp123-nine.vercel.app/equipment-rental/mobile-kitchen-trailers/arnold-city-mobile-kitchen-rental/","308","/equipment-rental/mobile-kitchen-trailers/?location=Arnold%20City","200","https://temp123-nine.vercel.app/equipment-rental/mobile-kitchen-trailers/?location=Arnold%20City","noindex, follow","","True"
"/equipment-rental/mobile-kitchen-trailers/arnold-line-mobile-kitchen-rental/","configured_redirect","/equipment-rental/mobile-kitchen-trailers/?location=Arnold%20Line","Equipment/Service","equipment","","","","false","true","false","","","","","","false","","","https://temp123-nine.vercel.app/equipment-rental/mobile-kitchen-trailers/arnold-line-mobile-kitchen-rental/","308","/equipment-rental/mobile-kitchen-trailers/?location=Arnold%20Line","200","https://temp123-nine.vercel.app/equipment-rental/mobile-kitchen-trailers/?location=Arnold%20Line","noindex, follow","","True"
"/equipment-rental/mobile-kitchen-trailers/arnold-mobile-kitchen-rental/","configured_redirect","/equipment-rental/mobile-kitchen-trailers/?location=Arnold","Equipment/Service","equipment","","","","false","true","false","","","","","","false","","","https://temp123-nine.vercel.app/equipment-rental/mobile-kitchen-trailers/arnold-mobile-kitchen-rental/","308","/equipment-rental/mobile-kitchen-trailers/?location=Arnold","200","https://temp123-nine.vercel.app/equipment-rental/mobile-kitchen-trailers/?location=Arnold","noindex, follow","","True"
"/equipment-rental/mobile-kitchen-trailers/arnolds-park-mobile-kitchen-rental/","configured_redirect","/equipment-rental/mobile-kitchen-trailers/?location=Arnolds%20Park","Equipment/Service","equipment","","","","false","true","false","","","","","","false","","","https://temp123-nine.vercel.app/equipment-rental/mobile-kitchen-trailers/arnolds-park-mobile-kitchen-rental/","308","/equipment-rental/mobile-kitchen-trailers/?location=Arnolds%20Park","200","https://temp123-nine.vercel.app/equipment-rental/mobile-kitchen-trailers/?location=Arnolds%20Park","noindex, follow","","True"
"/equipment-rental/mobile-kitchen-trailers/arnoldsville-mobile-kitchen-rental/","configured_redirect","/equipment-rental/mobile-kitchen-trailers/?location=Arnoldsville","Equipment/Service","equipment","","","","false","true","false","","","","","","false","","","https://temp123-nine.vercel.app/equipment-rental/mobile-kitchen-trailers/arnoldsville-mobile-kitchen-rental/","308","/equipment-rental/mobile-kitchen-trailers/?location=Arnoldsville","200","https://temp123-nine.vercel.app/equipment-rental/mobile-kitchen-trailers/?location=Arnoldsville","noindex, follow","","True"
"/equipment-rental/mobile-kitchen-trailers/arnot-mobile-kitchen-rental/","configured_redirect","/equipment-rental/mobile-kitchen-trailers/?location=Arnot","Equipment/Service","equipment","","","","false","true","false","","","","","","false","","","https://temp123-nine.vercel.app/equipment-rental/mobile-kitchen-trailers/arnot-mobile-kitchen-rental/","308","/equipment-rental/mobile-kitchen-trailers/?location=Arnot","200","https://temp123-nine.vercel.app/equipment-rental/mobile-kitchen-trailers/?location=Arnot","noindex, follow","","True"
"/equipment-rental/mobile-kitchen-trailers/aroma-park-mobile-kitchen-rental/","configured_redirect","/equipment-rental/mobile-kitchen-trailers/?location=Aroma%20Park","Equipment/Service","equipment","","","","false","true","false","","","","","","false","","","https://temp123-nine.vercel.app/equipment-rental/mobile-kitchen-trailers/aroma-park-mobile-kitchen-rental/","308","/equipment-rental/mobile-kitchen-trailers/?location=Aroma%20Park","200","https://temp123-nine.vercel.app/equipment-rental/mobile-kitchen-trailers/?location=Aroma%20Park","noindex, follow","","True"
"/equipment-rental/mobile-kitchen-trailers/aromas-mobile-kitchen-rental/","configured_redirect","/equipment-rental/mobile-kitchen-trailers/?location=Aromas","Equipment/Service","equipment","","","","false","true","false","","","","","","false","","","https://temp123-nine.vercel.app/equipment-rental/mobile-kitchen-trailers/aromas-mobile-kitchen-rental/","308","/equipment-rental/mobile-kitchen-trailers/?location=Aromas","200","https://temp123-nine.vercel.app/equipment-rental/mobile-kitchen-trailers/?location=Aromas","noindex, follow","","True"
"/equipment-rental/mobile-kitchen-trailers/arona-mobile-kitchen-rental/","configured_redirect","/equipment-rental/mobile-kitchen-trailers/?location=Arona","Equipment/Service","equipment","","","","false","true","false","","","","","","false","","","https://temp123-nine.vercel.app/equipment-rental/mobile-kitchen-trailers/arona-mobile-kitchen-rental/","308","/equipment-rental/mobile-kitchen-trailers/?location=Arona","200","https://temp123-nine.vercel.app/equipment-rental/mobile-kitchen-trailers/?location=Arona","noindex, follow","","True"
"/equipment-rental/mobile-kitchen-trailers/arp-mobile-kitchen-rental/","configured_redirect","/equipment-rental/mobile-kitchen-trailers/?location=Arp","Equipment/Service","equipment","","","","false","true","false","","","","","","false","","","https://temp123-nine.vercel.app/equipment-rental/mobile-kitchen-trailers/arp-mobile-kitchen-rental/","308","/equipment-rental/mobile-kitchen-trailers/?location=Arp","200","https://temp123-nine.vercel.app/equipment-rental/mobile-kitchen-trailers/?location=Arp","noindex, follow","","True"
"/equipment-rental/mobile-kitchen-trailers/arpelar-mobile-kitchen-rental/","configured_redirect","/equipment-rental/mobile-kitchen-trailers/?location=Arpelar","Equipment/Service","equipment","","","","false","true","false","","","","","","false","","","https://temp123-nine.vercel.app/equipment-rental/mobile-kitchen-trailers/arpelar-mobile-kitchen-rental/","308","/equipment-rental/mobile-kitchen-trailers/?location=Arpelar","200","https://temp123-nine.vercel.app/equipment-rental/mobile-kitchen-trailers/?location=Arpelar","noindex, follow","","True"
"/equipment-rental/mobile-kitchen-trailers/arpin-mobile-kitchen-rental/","configured_redirect","/equipment-rental/mobile-kitchen-trailers/?location=Arpin","Equipment/Service","equipment","","","","false","true","false","","","","","","false","","","https://temp123-nine.vercel.app/equipment-rental/mobile-kitchen-trailers/arpin-mobile-kitchen-rental/","308","/equipment-rental/mobile-kitchen-trailers/?location=Arpin","200","https://temp123-nine.vercel.app/equipment-rental/mobile-kitchen-trailers/?location=Arpin","noindex, follow","","True"
"/equipment-rental/mobile-kitchen-trailers/arrey-mobile-kitchen-rental/","configured_redirect","/equipment-rental/mobile-kitchen-trailers/?location=Arrey","Equipment/Service","equipment","","","","false","true","false","","","","","","false","","","https://temp123-nine.vercel.app/equipment-rental/mobile-kitchen-trailers/arrey-mobile-kitchen-rental/","308","/equipment-rental/mobile-kitchen-trailers/?location=Arrey","200","https://temp123-nine.vercel.app/equipment-rental/mobile-kitchen-trailers/?location=Arrey","noindex, follow","","True"
"/equipment-rental/mobile-kitchen-trailers/arriba-mobile-kitchen-rental/","configured_redirect","/equipment-rental/mobile-kitchen-trailers/?location=Arriba","Equipment/Service","equipment","","","","false","true","false","","","","","","false","","","https://temp123-nine.vercel.app/equipment-rental/mobile-kitchen-trailers/arriba-mobile-kitchen-rental/","308","/equipment-rental/mobile-kitchen-trailers/?location=Arriba","200","https://temp123-nine.vercel.app/equipment-rental/mobile-kitchen-trailers/?location=Arriba","noindex, follow","","True"
"/equipment-rental/mobile-kitchen-trailers/arrington-mobile-kitchen-rental/","configured_redirect","/equipment-rental/mobile-kitchen-trailers/?location=Arrington","Equipment/Service","equipment","","","","false","true","false","","","","","","false","","","https://temp123-nine.vercel.app/equipment-rental/mobile-kitchen-trailers/arrington-mobile-kitchen-rental/","308","/equipment-rental/mobile-kitchen-trailers/?location=Arrington","200","https://temp123-nine.vercel.app/equipment-rental/mobile-kitchen-trailers/?location=Arrington","noindex, follow","","True"
"/equipment-rental/mobile-kitchen-trailers/arrochar-mobile-kitchen-rental/","configured_redirect","/equipment-rental/mobile-kitchen-trailers/?location=Arrochar","Equipment/Service","equipment","","","","false","true","false","","","","","","false","","","https://temp123-nine.vercel.app/equipment-rental/mobile-kitchen-trailers/arrochar-mobile-kitchen-rental/","308","/equipment-rental/mobile-kitchen-trailers/?location=Arrochar","200","https://temp123-nine.vercel.app/equipment-rental/mobile-kitchen-trailers/?location=Arrochar","noindex, follow","","True"
"/equipment-rental/mobile-kitchen-trailers/arrow-point-mobile-kitchen-rental/","configured_redirect","/equipment-rental/mobile-kitchen-trailers/?location=Arrow%20Point","Equipment/Service","equipment","","","","false","true","false","","","","","","false","","","https://temp123-nine.vercel.app/equipment-rental/mobile-kitchen-trailers/arrow-point-mobile-kitchen-rental/","308","/equipment-rental/mobile-kitchen-trailers/?location=Arrow%20Point","200","https://temp123-nine.vercel.app/equipment-rental/mobile-kitchen-trailers/?location=Arrow%20Point","noindex, follow","","True"
"/equipment-rental/mobile-kitchen-trailers/arrow-rock-mobile-kitchen-rental/","configured_redirect","/equipment-rental/mobile-kitchen-trailers/?location=Arrow%20Rock","Equipment/Service","equipment","","","","false","true","false","","","","","","false","","","https://temp123-nine.vercel.app/equipment-rental/mobile-kitchen-trailers/arrow-rock-mobile-kitchen-rental/","308","/equipment-rental/mobile-kitchen-trailers/?location=Arrow%20Rock","200","https://temp123-nine.vercel.app/equipment-rental/mobile-kitchen-trailers/?location=Arrow%20Rock","noindex, follow","","True"
"/equipment-rental/mobile-kitchen-trailers/arrowbear-lake-mobile-kitchen-rental/","configured_redirect","/equipment-rental/mobile-kitchen-trailers/?location=Arrowbear%20Lake","Equipment/Service","equipment","","","","false","true","false","","","","","","false","","","https://temp123-nine.vercel.app/equipment-rental/mobile-kitchen-trailers/arrowbear-lake-mobile-kitchen-rental/","308","/equipment-rental/mobile-kitchen-trailers/?location=Arrowbear%20Lake","200","https://temp123-nine.vercel.app/equipment-rental/mobile-kitchen-trailers/?location=Arrowbear%20Lake","noindex, follow","","True"
"/equipment-rental/mobile-kitchen-trailers/arrowhead-springs-mobile-kitchen-rental/","configured_redirect","/equipment-rental/mobile-kitchen-trailers/?location=Arrowhead%20Springs","Equipment/Service","equipment","","","","false","true","false","","","","","","false","","","https://temp123-nine.vercel.app/equipment-rental/mobile-kitchen-trailers/arrowhead-springs-mobile-kitchen-rental/","308","/equipment-rental/mobile-kitchen-trailers/?location=Arrowhead%20Springs","200","https://temp123-nine.vercel.app/equipment-rental/mobile-kitchen-trailers/?location=Arrowhead%20Springs","noindex, follow","","True"
"/equipment-rental/mobile-kitchen-trailers/arrowsic-mobile-kitchen-rental/","configured_redirect","/equipment-rental/mobile-kitchen-trailers/?location=Arrowsic","Equipment/Service","equipment","","","","false","true","false","","","","","","false","","","https://temp123-nine.vercel.app/equipment-rental/mobile-kitchen-trailers/arrowsic-mobile-kitchen-rental/","308","/equipment-rental/mobile-kitchen-trailers/?location=Arrowsic","200","https://temp123-nine.vercel.app/equipment-rental/mobile-kitchen-trailers/?location=Arrowsic","noindex, follow","","True"
"/equipment-rental/mobile-kitchen-trailers/arrowsmith-mobile-kitchen-rental/","configured_redirect","/equipment-rental/mobile-kitchen-trailers/?location=Arrowsmith","Equipment/Service","equipment","","","","false","true","false","","","","","","false","","","https://temp123-nine.vercel.app/equipment-rental/mobile-kitchen-trailers/arrowsmith-mobile-kitchen-rental/","308","/equipment-rental/mobile-kitchen-trailers/?location=Arrowsmith","200","https://temp123-nine.vercel.app/equipment-rental/mobile-kitchen-trailers/?location=Arrowsmith","noindex, follow","","True"
"/equipment-rental/mobile-kitchen-trailers/arroyo-alto-mobile-kitchen-rental/","configured_redirect","/equipment-rental/mobile-kitchen-trailers/?location=Arroyo%20Alto","Equipment/Service","equipment","","","","false","true","false","","","","","","false","","","https://temp123-nine.vercel.app/equipment-rental/mobile-kitchen-trailers/arroyo-alto-mobile-kitchen-rental/","308","/equipment-rental/mobile-kitchen-trailers/?location=Arroyo%20Alto","200","https://temp123-nine.vercel.app/equipment-rental/mobile-kitchen-trailers/?location=Arroyo%20Alto","noindex, follow","","True"
"/equipment-rental/mobile-kitchen-trailers/arroyo-colorado-estates-colonia-mobile-kitchen-rental/","configured_redirect","/equipment-rental/mobile-kitchen-trailers/?location=Arroyo%20Colorado%20Estates%20Colonia","Equipment/Service","equipment","","","","false","true","false","","","","","","false","","","https://temp123-nine.vercel.app/equipment-rental/mobile-kitchen-trailers/arroyo-colorado-estates-colonia-mobile-kitchen-rental/","308","/equipment-rental/mobile-kitchen-trailers/?location=Arroyo%20Colorado%20Estates%20Colonia","200","https://temp123-nine.vercel.app/equipment-rental/mobile-kitchen-trailers/?location=Arroyo%20Colorado%20Estates%20Colonia","noindex, follow","","True"
"/equipment-rental/mobile-kitchen-trailers/arroyo-gardens-la-tina-ranch-mobile-kitchen-rental/","configured_redirect","/equipment-rental/mobile-kitchen-trailers/?location=Arroyo%20Gardens-La%20Tina%20Ranch","Equipment/Service","equipment","","","","false","true","false","","","","","","false","","","https://temp123-nine.vercel.app/equipment-rental/mobile-kitchen-trailers/arroyo-gardens-la-tina-ranch-mobile-kitchen-rental/","308","/equipment-rental/mobile-kitchen-trailers/?location=Arroyo%20Gardens-La%20Tina%20Ranch","200","https://temp123-nine.vercel.app/equipment-rental/mobile-kitchen-trailers/?location=Arroyo%20Gardens-La%20Tina%20Ranch","noindex, follow","","True"
"/equipment-rental/mobile-kitchen-trailers/arroyo-gardens-mobile-kitchen-rental/","configured_redirect","/equipment-rental/mobile-kitchen-trailers/?location=Arroyo%20Gardens","Equipment/Service","equipment","","","","false","true","false","","","","","","false","","","https://temp123-nine.vercel.app/equipment-rental/mobile-kitchen-trailers/arroyo-gardens-mobile-kitchen-rental/","308","/equipment-rental/mobile-kitchen-trailers/?location=Arroyo%20Gardens","200","https://temp123-nine.vercel.app/equipment-rental/mobile-kitchen-trailers/?location=Arroyo%20Gardens","noindex, follow","","True"
"/equipment-rental/mobile-kitchen-trailers/arroyo-grande-mobile-kitchen-rental/","configured_redirect","/equipment-rental/mobile-kitchen-trailers/?location=Arroyo%20Grande","Equipment/Service","equipment","","","","false","true","false","","","","","","false","","","https://temp123-nine.vercel.app/equipment-rental/mobile-kitchen-trailers/arroyo-grande-mobile-kitchen-rental/","308","/equipment-rental/mobile-kitchen-trailers/?location=Arroyo%20Grande","200","https://temp123-nine.vercel.app/equipment-rental/mobile-kitchen-trailers/?location=Arroyo%20Grande","noindex, follow","","True"
"/equipment-rental/mobile-kitchen-trailers/arroyo-hondo-mobile-kitchen-rental/","configured_redirect","/equipment-rental/mobile-kitchen-trailers/?location=Arroyo%20Hondo","Equipment/Service","equipment","","","","false","true","false","","","","","","false","","","https://temp123-nine.vercel.app/equipment-rental/mobile-kitchen-trailers/arroyo-hondo-mobile-kitchen-rental/","308","/equipment-rental/mobile-kitchen-trailers/?location=Arroyo%20Hondo","200","https://temp123-nine.vercel.app/equipment-rental/mobile-kitchen-trailers/?location=Arroyo%20Hondo","noindex, follow","","True"
"/equipment-rental/mobile-office-trailers/","rendered_page","","Equipment/Service","equipment","","","","true","true","true","Mobile Office Trailers | Temporary123","1","Mobile office trailers Rental","","noindex,follow","false","5","false","https://temp123-nine.vercel.app/equipment-rental/mobile-office-trailers/","200","","200","https://temp123-nine.vercel.app/equipment-rental/mobile-office-trailers/","noindex, follow","","False"
"/equipment-rental/mobile-sleep-trailers/","rendered_page","","Equipment/Service","equipment","","","","true","false","true","Mobile sleep trailers | Temporary123","1","Sleeper Bunk Bed Trailer Rental","","noindex,follow","false","649","false","https://temp123-nine.vercel.app/equipment-rental/mobile-sleep-trailers/","200","","200","https://temp123-nine.vercel.app/equipment-rental/mobile-sleep-trailers/","noindex, follow","","False"
"/equipment-rental/modular-buildings/","rendered_page","","Equipment/Service","equipment","","","","true","true","true","Modular buildings | Temporary123","1","Modular buildings Rental","","noindex,follow","false","1","false","https://temp123-nine.vercel.app/equipment-rental/modular-buildings/","200","","200","https://temp123-nine.vercel.app/equipment-rental/modular-buildings/","noindex, follow","","False"
"/equipment-rental/modular-command-center-trailers/","rendered_page","","Equipment/Service","equipment","","","","true","true","true","Modular Command Center Trailers | Temporary123","1","Military command center trailers Rental","","noindex,follow","false","2","false","https://temp123-nine.vercel.app/equipment-rental/modular-command-center-trailers/","200","","200","https://temp123-nine.vercel.app/equipment-rental/modular-command-center-trailers/","noindex, follow","","False"
"/equipment-rental/multi-trailer/","configured_redirect","/equipment-rental/","Equipment/Service","redirected-service","","","","False","False","False","","","","","","False","","","https://temp123-nine.vercel.app/equipment-rental/multi-trailer/","308","/equipment-rental/","Not followed","","","","True"
"/equipment-rental/port-potties-and-port-johns/","configured_redirect","/equipment-rental/restroom-trailers/","Equipment/Service","redirected-service","","","","False","False","False","","","","","","False","","","https://temp123-nine.vercel.app/equipment-rental/port-potties-and-port-johns/","308","/equipment-rental/restroom-trailers/","Not followed","","","","True"
"/equipment-rental/ramp-rental/","configured_redirect","/equipment-rental/ramp-rentals/","Equipment/Service","redirected-service","","","","False","False","False","","","","","","False","","","https://temp123-nine.vercel.app/equipment-rental/ramp-rental/","308","/equipment-rental/ramp-rentals/","Not followed","","","","True"
"/equipment-rental/ramp-rentals/","rendered_page","","Equipment/Service","equipment","","","","true","true","true","Ramp Rentals | Temporary123","1","Ramp rentals","","noindex,follow","false","7","false","https://temp123-nine.vercel.app/equipment-rental/ramp-rentals/","200","","200","https://temp123-nine.vercel.app/equipment-rental/ramp-rentals/","noindex, follow","","False"
"/equipment-rental/refrigerated-containers/","rendered_page","","Equipment/Service","equipment","","","","true","false","true","40ft Refrigerated Container Rental | Temporary123","1","40ft Refrigerated Container Rental","","noindex,follow","false","649","false","https://temp123-nine.vercel.app/equipment-rental/refrigerated-containers/","200","","200","https://temp123-nine.vercel.app/equipment-rental/refrigerated-containers/","noindex, follow","","False"
"/equipment-rental/refrigeration/","rendered_page","","Equipment/Service","equipment","","","","true","true","true","Refrigeration | Temporary123","1","Refrigerated Trailer Rental","","noindex,follow","false","649","false","https://temp123-nine.vercel.app/equipment-rental/refrigeration/","200","","200","https://temp123-nine.vercel.app/equipment-rental/refrigeration/","noindex, follow","","False"
"/equipment-rental/restroom-trailers/","rendered_page","","Equipment/Service","equipment","","","","true","true","true","Restroom Trailers Rental in USA | Temporary123","1","Restroom Trailer Rental","","noindex,follow","false","649","false","https://temp123-nine.vercel.app/equipment-rental/restroom-trailers/","200","","200","https://temp123-nine.vercel.app/equipment-rental/restroom-trailers/","noindex, follow","","False"
"/equipment-rental/restroom-trailers/portable-restroom-trailers-in-:location/","configured_redirect","/equipment-rental/restroom-trailers/","Equipment/Service","redirected-service","","","","False","False","False","","","","","","False","","","https://temp123-nine.vercel.app/equipment-rental/restroom-trailers/portable-restroom-trailers-in-:location/","308","/equipment-rental/restroom-trailers/","Not followed","","","","True"
"/equipment-rental/security-camera-trailers/","rendered_page","","Equipment/Service","equipment","","","","true","true","true","Security Camera Trailers | Temporary123","1","Security camera trailers Rental","","noindex,follow","false","2","false","https://temp123-nine.vercel.app/equipment-rental/security-camera-trailers/","200","","200","https://temp123-nine.vercel.app/equipment-rental/security-camera-trailers/","noindex, follow","","False"
"/equipment-rental/shower-trailer/","rendered_page","","Equipment/Service","equipment","","","","true","true","true","Shower Trailer Rental in USA | Temporary123","1","Emergency Shower Trailer Rental","","noindex,follow","false","649","false","https://temp123-nine.vercel.app/equipment-rental/shower-trailer/","200","","200","https://temp123-nine.vercel.app/equipment-rental/shower-trailer/","noindex, follow","","False"
"/equipment-rental/shower-trailer/portable-shower-trailers-in-:location/","configured_redirect","/equipment-rental/shower-trailer/","Equipment/Service","redirected-service","","","","False","False","False","","","","","","False","","","https://temp123-nine.vercel.app/equipment-rental/shower-trailer/portable-shower-trailers-in-:location/","308","/equipment-rental/shower-trailer/","Not followed","","","","True"
"/equipment-rental/sleeper-trailers/","configured_redirect","/equipment-rental/mobile-sleep-trailers/","Equipment/Service","redirected-service","","","","False","False","False","","","","","","False","","","https://temp123-nine.vercel.app/equipment-rental/sleeper-trailers/","308","/equipment-rental/mobile-sleep-trailers/","Not followed","","","","True"
"/equipment-rental/stair-rental/","configured_redirect","/equipment-rental/stair-rentals/","Equipment/Service","redirected-service","","","","False","False","False","","","","","","False","","","https://temp123-nine.vercel.app/equipment-rental/stair-rental/","308","/equipment-rental/stair-rentals/","Not followed","","","","True"
"/equipment-rental/stair-rentals/","rendered_page","","Equipment/Service","equipment","","","","true","true","true","Stair Rentals | Temporary123","1","Stair rentals","","noindex,follow","false","7","false","https://temp123-nine.vercel.app/equipment-rental/stair-rentals/","200","","200","https://temp123-nine.vercel.app/equipment-rental/stair-rentals/","noindex, follow","","False"
"/equipment-rental/tent-structures/","rendered_page","","Equipment/Service","equipment","","","","true","true","true","Tent Structures | Temporary123","1","Tent rentals","","noindex,follow","false","7","false","https://temp123-nine.vercel.app/equipment-rental/tent-structures/","200","","200","https://temp123-nine.vercel.app/equipment-rental/tent-structures/","noindex, follow","","False"
"/equipment-rental/waste-container/","configured_redirect","/equipment-rental/fencing-barricades-trash-receptacles/","Equipment/Service","redirected-service","","","","False","False","False","","","","","","False","","","https://temp123-nine.vercel.app/equipment-rental/waste-container/","308","/equipment-rental/fencing-barricades-trash-receptacles/","Not followed","","","","True"
"/equipment-rental/wastewater-and-freshwater-container/","rendered_page","","Equipment/Service","equipment","","","","true","true","true","Wastewater and Freshwater Container | Temporary123","1","Wastewater & freshwater containers Rental","","noindex,follow","false","4","false","https://temp123-nine.vercel.app/equipment-rental/wastewater-and-freshwater-container/","200","","200","https://temp123-nine.vercel.app/equipment-rental/wastewater-and-freshwater-container/","noindex, follow","","False"
"/facility-management-and-base-operations-support/","rendered_page","","Other","imported-source","","","","true","true","true","Facility Management and Base Operations Support | Temporary123","1","Facility Management and Base Operations Support","","noindex,follow","false","1","false","https://temp123-nine.vercel.app/facility-management-and-base-operations-support/","200","","200","https://temp123-nine.vercel.app/facility-management-and-base-operations-support/","noindex, follow","","False"
"/fencing-barricades-trash-receptacles/","configured_redirect","/equipment-rental/fencing-barricades-trash-receptacles/","Other","redirected-route","","","","False","False","False","","","","","","False","","","https://temp123-nine.vercel.app/fencing-barricades-trash-receptacles/","308","/equipment-rental/fencing-barricades-trash-receptacles/","Not followed","","","","True"
"/food-services-2/","rendered_page","","Other","industry","","","","true","true","true","Food Service Kitchen Trailer Lease: Temporary Facilities to Rent or Lease | Temporary123","1","Food Service Kitchen Trailer Lease","","noindex,follow","false","6","false","https://temp123-nine.vercel.app/food-services-2/","200","","200","https://temp123-nine.vercel.app/food-services-2/","noindex, follow","","False"
"/generator-trailers/","configured_redirect","/equipment-rental/generator-trailers/","Other","redirected-route","","","","False","False","False","","","","","","False","","","https://temp123-nine.vercel.app/generator-trailers/","308","/equipment-rental/generator-trailers/","Not followed","","","","True"
"/government-and-non-government/","rendered_page","","Other","imported-source","","","","true","true","true","Acquired Government and Non-Goverment Approvals | Temporary123","1","Acquired Government and Non-Goverment Approvals","","noindex,follow","false","1","false","https://temp123-nine.vercel.app/government-and-non-government/","200","","200","https://temp123-nine.vercel.app/government-and-non-government/","noindex, follow","","False"
"/government/","rendered_page","","Other","industry","","","","true","true","true","Government Temporary Facilities Rental: Temporary Facilities to Rent or Lease | Temporary123","1","Government Temporary Facilities Rental","","noindex,follow","false","649","false","https://temp123-nine.vercel.app/government/","200","","200","https://temp123-nine.vercel.app/government/","noindex, follow","","False"
"/government/correctional-facilities/","rendered_page","","Other","industry","","","","true","true","true","Correctional Facilities | Temporary123","1","Correctional Facilities","","noindex,follow","false","4","false","https://temp123-nine.vercel.app/government/correctional-facilities/","200","","200","https://temp123-nine.vercel.app/government/correctional-facilities/","noindex, follow","","False"
"/government/hospitals/","rendered_page","","Other","industry","","","","true","true","true","Hospitals | Temporary123","1","Hospitals","","noindex,follow","false","4","false","https://temp123-nine.vercel.app/government/hospitals/","200","","200","https://temp123-nine.vercel.app/government/hospitals/","noindex, follow","","False"
"/government/military-kitchen/","rendered_page","","Other","industry","","","","true","true","true","Military Kitchen | Temporary123","1","Military Kitchen","","noindex,follow","false","4","false","https://temp123-nine.vercel.app/government/military-kitchen/","200","","200","https://temp123-nine.vercel.app/government/military-kitchen/","noindex, follow","","False"
"/gsa-schedule/","rendered_page","","Utility","utility","","","","true","true","true","GSA Schedule | Temporary123","1","GSA Schedule","","noindex,follow","false","649","false","https://temp123-nine.vercel.app/gsa-schedule/","200","","200","https://temp123-nine.vercel.app/gsa-schedule/","noindex, follow","","False"
"/handwashing-stations/","configured_redirect","/equipment-rental/handwashing-stations/","Other","redirected-route","","","","False","False","False","","","","","","False","","","https://temp123-nine.vercel.app/handwashing-stations/","308","/equipment-rental/handwashing-stations/","Not followed","","","","True"
"/hospitality/","rendered_page","","Other","imported-source","","","","true","true","true","Hospitality | Temporary123","1","Hospitality","","noindex,follow","false","1","false","https://temp123-nine.vercel.app/hospitality/","200","","200","https://temp123-nine.vercel.app/hospitality/","noindex, follow","","False"
"/houston-texas-mobile-kitchen-rental/","configured_redirect","/equipment-rental/mobile-kitchen-trailers/","Other","redirected-route","","","","False","False","False","","","","","","False","","","https://temp123-nine.vercel.app/houston-texas-mobile-kitchen-rental/","308","/equipment-rental/mobile-kitchen-trailers/","Not followed","","","","True"
"/industries/","rendered_page","","Other","industry","","","","true","false","true","Industries & Project Solutions | Temporary123","1","Facilities shaped around your industry.","","noindex,follow","false","649","false","https://temp123-nine.vercel.app/industries/","200","","200","https://temp123-nine.vercel.app/industries/","noindex, follow","","False"
"/inventory/laundry-trailers/","configured_redirect","/equipment-rental/laundry-trailers/","Other","redirected-route","","","","False","False","False","","","","","","False","","","https://temp123-nine.vercel.app/inventory/laundry-trailers/","308","/equipment-rental/laundry-trailers/","Not followed","","","","True"
"/man-camp-rental/","rendered_page","","Other","imported-source","","","","true","true","true","Man Camp Rental | Workforce Housing for Remote Sites | Temporary123","1","Man Camp Rental | Workforce Housing for Remote Sites","","noindex,follow","false","1","false","https://temp123-nine.vercel.app/man-camp-rental/","200","","200","https://temp123-nine.vercel.app/man-camp-rental/","noindex, follow","","False"
"/man-camps-for-rent/","rendered_page","","Other","industry","","","","true","true","true","Construction Trailer Rental & Base Camp Facilities: Temporary Facilities to Rent or Lease | Temporary123","1","Construction Trailer Rental & Base Camp Facilities","","noindex,follow","false","8","false","https://temp123-nine.vercel.app/man-camps-for-rent/","200","","200","https://temp123-nine.vercel.app/man-camps-for-rent/","noindex, follow","","False"
"/military-command-center-trailers/","configured_redirect","/equipment-rental/modular-command-center-trailers/","Other","redirected-route","","","","False","False","False","","","","","","False","","","https://temp123-nine.vercel.app/military-command-center-trailers/","308","/equipment-rental/modular-command-center-trailers/","Not followed","","","","True"
"/mining-man-camp-rentals/","rendered_page","","Other","imported-source","","","","true","true","true","Mining Man Camp Rentals | Workforce Housing for Mining Operations | Temporary123","1","Mining Man Camp Rentals | Workforce Housing for Mining Operations","","noindex,follow","false","1","false","https://temp123-nine.vercel.app/mining-man-camp-rentals/","200","","200","https://temp123-nine.vercel.app/mining-man-camp-rentals/","noindex, follow","","False"
"/mobile-command-trailers/","configured_redirect","/equipment-rental/modular-command-center-trailers/","Other","redirected-route","","","","False","False","False","","","","","","False","","","https://temp123-nine.vercel.app/mobile-command-trailers/","308","/equipment-rental/modular-command-center-trailers/","Not followed","","","","True"
"/mobile-crew-camps/","configured_redirect","/equipment-rental/mobile-crew-camps/","Other","redirected-route","","","","False","False","False","","","","","","False","","","https://temp123-nine.vercel.app/mobile-crew-camps/","308","/equipment-rental/mobile-crew-camps/","Not followed","","","","True"
"/mobile-kitchen-trailer-rental/","rendered_page","","Other","imported-source","","","","true","true","true","Mobile Kitchen Trailer Rental | Temporary123","1","Mobile Kitchen Trailer Rental","","noindex,follow","false","1","false","https://temp123-nine.vercel.app/mobile-kitchen-trailer-rental/","200","","200","https://temp123-nine.vercel.app/mobile-kitchen-trailer-rental/","noindex, follow","","False"
"/mobile-kitchen-trailers/","configured_redirect","/equipment-rental/mobile-kitchen-trailers/","Other","redirected-route","","","","False","False","False","","","","","","False","","","https://temp123-nine.vercel.app/mobile-kitchen-trailers/","308","/equipment-rental/mobile-kitchen-trailers/","Not followed","","","","True"
"/mobile-man-camp-for-lease/","rendered_page","","Other","imported-source","","","","true","true","true","Mobile Man Camp for Lease | Flexible Workforce Housing Solutions | Temporary123","1","Mobile Man Camp for Lease | Flexible Workforce Housing Solutions","","noindex,follow","false","1","false","https://temp123-nine.vercel.app/mobile-man-camp-for-lease/","200","","200","https://temp123-nine.vercel.app/mobile-man-camp-for-lease/","noindex, follow","","False"
"/mobile-office-trailers/","configured_redirect","/equipment-rental/mobile-office-trailers/","Other","redirected-route","","","","False","False","False","","","","","","False","","","https://temp123-nine.vercel.app/mobile-office-trailers/","308","/equipment-rental/mobile-office-trailers/","Not followed","","","","True"
"/mobile-sleep-trailers/","configured_redirect","/equipment-rental/mobile-sleep-trailers/","Other","redirected-route","","","","False","False","False","","","","","","False","","","https://temp123-nine.vercel.app/mobile-sleep-trailers/","308","/equipment-rental/mobile-sleep-trailers/","Not followed","","","","True"
"/mobile-staffing/","rendered_page","","Other","imported-source","","","","true","true","true","Mobile Staffing | Temporary123","1","Mobile Staffing","","noindex,follow","false","1","false","https://temp123-nine.vercel.app/mobile-staffing/","200","","200","https://temp123-nine.vercel.app/mobile-staffing/","noindex, follow","","False"
"/mobile-units-for-disaster-relief-special-events/","rendered_page","","Other","imported-source","","","","true","true","true","Mobile Units for Disaster Relief & Special Events | Temporary123","1","Mobile Units for Disaster Relief & Special Events","","noindex,follow","false","1","false","https://temp123-nine.vercel.app/mobile-units-for-disaster-relief-special-events/","200","","200","https://temp123-nine.vercel.app/mobile-units-for-disaster-relief-special-events/","noindex, follow","","False"
"/modular-buildings/","configured_redirect","/equipment-rental/modular-buildings/","Other","redirected-route","","","","False","False","False","","","","","","False","","","https://temp123-nine.vercel.app/modular-buildings/","308","/equipment-rental/modular-buildings/","Not followed","","","","True"
"/modular-kitchen-facilities/","rendered_page","","Other","imported-source","","","","true","true","true","Modular Kitchen Facilities | Temporary123","1","Modular Kitchen Facilities","","noindex,follow","false","1","false","https://temp123-nine.vercel.app/modular-kitchen-facilities/","200","","200","https://temp123-nine.vercel.app/modular-kitchen-facilities/","noindex, follow","","False"
"/modular-temporary-camp-facilities/","configured_redirect","/man-camps-for-rent/","Other","redirected-route","","","","False","False","False","","","","","","False","","","https://temp123-nine.vercel.app/modular-temporary-camp-facilities/","308","/man-camps-for-rent/","Not followed","","","","True"
"/modular-temporary-workforce-housing-facilities/","configured_redirect","/man-camps-for-rent/","Other","redirected-route","","","","False","False","False","","","","","","False","","","https://temp123-nine.vercel.app/modular-temporary-workforce-housing-facilities/","308","/man-camps-for-rent/","Not followed","","","","True"
"/oilfield-man-camp-rentals/","rendered_page","","Other","imported-source","","","","true","true","true","Oilfield Man Camp Rentals | Workforce Housing for Oilfield Projects | Temporary123","1","Oilfield Man Camp Rentals | Workforce Housing for Oilfield Projects","","noindex,follow","false","1","false","https://temp123-nine.vercel.app/oilfield-man-camp-rentals/","200","","200","https://temp123-nine.vercel.app/oilfield-man-camp-rentals/","noindex, follow","","False"
"/planning-tool/","configured_redirect","/planning/","Other","imported-source","","","","false","true","false","","","","","","false","","","https://temp123-nine.vercel.app/planning-tool/","308","/planning/","200","https://temp123-nine.vercel.app/planning/","noindex, follow","","True"
"/planning/","rendered_page","","Utility","utility","","","","true","false","true","Plan Your Temporary Facilities | Temporary123","1","Bring the essentials.We’ll take it from there.","","noindex,follow","false","649","false","https://temp123-nine.vercel.app/planning/","200","","200","https://temp123-nine.vercel.app/planning/","noindex, follow","","False"
"/portable-dishwashing-trailer-rental/","rendered_page","","Equipment/Service","service","","","","true","true","true","Portable Dishwashing Trailer Rental | Temporary123","1","Dishwashing Trailer Rental","","noindex,follow","false","649","false","https://temp123-nine.vercel.app/portable-dishwashing-trailer-rental/","200","","200","https://temp123-nine.vercel.app/portable-dishwashing-trailer-rental/","noindex, follow","","False"
"/portable-man-camps-for-rent/","rendered_page","","Other","imported-source","","","","true","true","true","Portable Man Camps for Rent | Flexible Workforce Housing Solutions | Temporary123","1","Portable Man Camps for Rent | Flexible Workforce Housing Solutions","","noindex,follow","false","1","false","https://temp123-nine.vercel.app/portable-man-camps-for-rent/","200","","200","https://temp123-nine.vercel.app/portable-man-camps-for-rent/","noindex, follow","","False"
"/privacy/","rendered_page","","Utility","utility","","","","true","false","true","Privacy | Temporary123","1","Privacy","","noindex,follow","false","649","false","https://temp123-nine.vercel.app/privacy/","200","","200","https://temp123-nine.vercel.app/privacy/","noindex, follow","","False"
"/ramp-rentals/","configured_redirect","/equipment-rental/ramp-rentals/","Other","redirected-route","","","","False","False","False","","","","","","False","","","https://temp123-nine.vercel.app/ramp-rentals/","308","/equipment-rental/ramp-rentals/","Not followed","","","","True"
"/refrigerated-containers/","configured_redirect","/equipment-rental/refrigerated-containers/","Other","redirected-route","","","","False","False","False","","","","","","False","","","https://temp123-nine.vercel.app/refrigerated-containers/","308","/equipment-rental/refrigerated-containers/","Not followed","","","","True"
"/refrigeration-trailers/","configured_redirect","/equipment-rental/refrigeration/","Other","redirected-route","","","","False","False","False","","","","","","False","","","https://temp123-nine.vercel.app/refrigeration-trailers/","308","/equipment-rental/refrigeration/","Not followed","","","","True"
"/remote-basecamp-housing-service-company/","configured_redirect","/man-camps-for-rent/","Other","redirected-route","","","","False","False","False","","","","","","False","","","https://temp123-nine.vercel.app/remote-basecamp-housing-service-company/","308","/man-camps-for-rent/","Not followed","","","","True"
"/remote-basecamp-temporary-housing-rent-mobile-trailers-modular-buildings-restroom-shower-laundry-dining-temporary-building-rentals/","rendered_page","","Other","imported-source","","","","true","true","true","Remote Basecamp Temporary Housing, Mobile Trailers & Modular Building Rentals | Temporary123","1","Remote Basecamp Temporary Housing, Mobile Trailers & Modular Building Rentals","","noindex,follow","false","1","false","https://temp123-nine.vercel.app/remote-basecamp-temporary-housing-rent-mobile-trailers-modular-buildings-restroom-shower-laundry-dining-temporary-building-rentals/","200","","200","https://temp123-nine.vercel.app/remote-basecamp-temporary-housing-rent-mobile-trailers-modular-buildings-restroom-shower-laundry-dining-temporary-building-rentals/","noindex, follow","","False"
"/remote-containerized-military-berthing-solution-for-rent/","rendered_page","","Other","imported-source","","","","true","true","true","Containerized Sleeper Units Rental | Temporary123","1","Containerized Sleeper Units Rental","","noindex,follow","false","649","false","https://temp123-nine.vercel.app/remote-containerized-military-berthing-solution-for-rent/","200","","200","https://temp123-nine.vercel.app/remote-containerized-military-berthing-solution-for-rent/","noindex, follow","","False"
"/remote-containerized-military-berthing-solution/","configured_redirect","/remote-containerized-military-berthing-solution-for-rent/","Other","redirected-route","","","","False","False","False","","","","","","False","","","https://temp123-nine.vercel.app/remote-containerized-military-berthing-solution/","308","/remote-containerized-military-berthing-solution-for-rent/","Not followed","","","","True"
"/remote-housing-facilities/","configured_redirect","/man-camps-for-rent/","Other","redirected-route","","","","False","False","False","","","","","","False","","","https://temp123-nine.vercel.app/remote-housing-facilities/","308","/man-camps-for-rent/","Not followed","","","","True"
"/remote-man-camp-for-rent/","rendered_page","","Other","imported-source","","","","true","true","true","Remote Man Camp for Rent | Workforce Housing for Remote Locations | Temporary123","1","Remote Man Camp for Rent | Workforce Housing for Remote Locations","","noindex,follow","false","1","false","https://temp123-nine.vercel.app/remote-man-camp-for-rent/","200","","200","https://temp123-nine.vercel.app/remote-man-camp-for-rent/","noindex, follow","","False"
"/remote-man-camp-rental/","rendered_page","","Other","imported-source","","","","true","true","true","Remote Man Camp Rental | Workforce Housing for Remote Job Sites | Temporary123","1","Remote Man Camp Rental | Workforce Housing for Remote Job Sites","","noindex,follow","false","1","false","https://temp123-nine.vercel.app/remote-man-camp-rental/","200","","200","https://temp123-nine.vercel.app/remote-man-camp-rental/","noindex, follow","","False"
"/remote-temporary-workforce-housing-facilities-rental/","configured_redirect","/man-camps-for-rent/","Other","redirected-route","","","","False","False","False","","","","","","False","","","https://temp123-nine.vercel.app/remote-temporary-workforce-housing-facilities-rental/","308","/man-camps-for-rent/","Not followed","","","","True"
"/remote-workforce-house-company-in-:location/","configured_redirect","/man-camps-for-rent/","Other","redirected-route","","","","False","False","False","","","","","","False","","","https://temp123-nine.vercel.app/remote-workforce-house-company-in-:location/","308","/man-camps-for-rent/","Not followed","","","","True"
"/remote-workforce-housing-facilities/","configured_redirect","/man-camps-for-rent/","Other","redirected-route","","","","False","False","False","","","","","","False","","","https://temp123-nine.vercel.app/remote-workforce-housing-facilities/","308","/man-camps-for-rent/","Not followed","","","","True"
"/remote-workforce-housing-in-:location/","configured_redirect","/man-camps-for-rent/","Other","redirected-route","","","","False","False","False","","","","","","False","","","https://temp123-nine.vercel.app/remote-workforce-housing-in-:location/","308","/man-camps-for-rent/","Not followed","","","","True"
"/remote-workforce-housing-rentals-in-:location/","configured_redirect","/man-camps-for-rent/","Other","redirected-route","","","","False","False","False","","","","","","False","","","https://temp123-nine.vercel.app/remote-workforce-housing-rentals-in-:location/","308","/man-camps-for-rent/","Not followed","","","","True"
"/remote-workforce-housing-services-in-:location/","configured_redirect","/man-camps-for-rent/","Other","redirected-route","","","","False","False","False","","","","","","False","","","https://temp123-nine.vercel.app/remote-workforce-housing-services-in-:location/","308","/man-camps-for-rent/","Not followed","","","","True"
"/rental-calculator/","rendered_page","","Calculator","calculator","","","","true","false","true","Nationwide Temporary Facility Rental and Delivery Calculator | Temporary123","1","Nationwide Temporary Facility Rental and Delivery Calculator","","noindex,follow","false","649","false","https://temp123-nine.vercel.app/rental-calculator/","200","","200","https://temp123-nine.vercel.app/rental-calculator/","noindex, follow","","False"
"/restroom-trailer-rental/","rendered_page","","Other","imported-source","","","","true","true","true","Restroom Trailer Rental | Temporary123","1","Restroom Trailer Rental","","noindex,follow","false","1","false","https://temp123-nine.vercel.app/restroom-trailer-rental/","200","","200","https://temp123-nine.vercel.app/restroom-trailer-rental/","noindex, follow","","False"
"/restroom-trailers/","configured_redirect","/equipment-rental/restroom-trailers/","Other","redirected-route","","","","False","False","False","","","","","","False","","","https://temp123-nine.vercel.app/restroom-trailers/","308","/equipment-rental/restroom-trailers/","Not followed","","","","True"
"/security-camera-trailers/","configured_redirect","/equipment-rental/security-camera-trailers/","Other","redirected-route","","","","False","False","False","","","","","","False","","","https://temp123-nine.vercel.app/security-camera-trailers/","308","/equipment-rental/security-camera-trailers/","Not followed","","","","True"
"/service-areas/","rendered_page","","Location","location-hub","","","","true","false","true","USA Temporary Facilities Rental Service Areas | Temporary123","1","USA Temporary Facilities Rental Service Areas","","noindex,follow","false","649","false","https://temp123-nine.vercel.app/service-areas/","200","","200","https://temp123-nine.vercel.app/service-areas/","noindex, follow","","False"
"/service-areas/alabama/","rendered_page","","Location","state","","","","true","false","true","Alabama Emergency Shower Trailer Rental | Temporary123","1","Alabama Emergency Shower Trailer Rental","","noindex,follow","false","10","false","https://temp123-nine.vercel.app/service-areas/alabama/","200","","200","https://temp123-nine.vercel.app/service-areas/alabama/","noindex, follow","","False"
"/service-areas/alabama/central-alabama/","rendered_page","","Location","region","Alabama","Central Alabama","","true","false","true","Central Alabama Sleeper Bunkbed Trailer Rental | Temporary123","1","Central Alabama Sleeper Bunkbed Trailer Rental","","noindex,follow","false","7","false","https://temp123-nine.vercel.app/service-areas/alabama/central-alabama/","200","","200","https://temp123-nine.vercel.app/service-areas/alabama/central-alabama/","noindex, follow","","False"
"/service-areas/alabama/central-alabama/cities/","rendered_page","","Location","regional-city-directory","","","","true","false","true","Central Alabama Facility Rental Locations | Temporary123","1","Central Alabama Facility Rental Locations","","noindex,follow","false","1","false","https://temp123-nine.vercel.app/service-areas/alabama/central-alabama/cities/","200","","200","https://temp123-nine.vercel.app/service-areas/alabama/central-alabama/cities/","noindex, follow","","False"
"/service-areas/alabama/gulf-coast/","rendered_page","","Location","region","Alabama","Gulf Coast","","true","false","true","Gulf Coast, Alabama Mobile Trailer Lease | Temporary123","1","Gulf Coast, Alabama Mobile Trailer Lease","","noindex,follow","false","7","false","https://temp123-nine.vercel.app/service-areas/alabama/gulf-coast/","200","","200","https://temp123-nine.vercel.app/service-areas/alabama/gulf-coast/","noindex, follow","","False"
"/service-areas/alabama/gulf-coast/cities/","rendered_page","","Location","regional-city-directory","","","","true","false","true","Gulf Coast, Alabama Facility Rental Locations | Temporary123","1","Gulf Coast, Alabama Facility Rental Locations","","noindex,follow","false","1","false","https://temp123-nine.vercel.app/service-areas/alabama/gulf-coast/cities/","200","","200","https://temp123-nine.vercel.app/service-areas/alabama/gulf-coast/cities/","noindex, follow","","False"
"/service-areas/alabama/north-alabama/","rendered_page","","Location","region","Alabama","North Alabama","","true","false","true","North Alabama Emergency Shower Trailer Rental | Temporary123","1","North Alabama Emergency Shower Trailer Rental","","noindex,follow","false","7","false","https://temp123-nine.vercel.app/service-areas/alabama/north-alabama/","200","","200","https://temp123-nine.vercel.app/service-areas/alabama/north-alabama/","noindex, follow","","False"
"/service-areas/alabama/north-alabama/cities/","rendered_page","","Location","regional-city-directory","","","","true","false","true","North Alabama Facility Rental Locations | Temporary123","1","North Alabama Facility Rental Locations","","noindex,follow","false","1","false","https://temp123-nine.vercel.app/service-areas/alabama/north-alabama/cities/","200","","200","https://temp123-nine.vercel.app/service-areas/alabama/north-alabama/cities/","noindex, follow","","False"
"/service-areas/alabama/wiregrass/","rendered_page","","Location","region","Alabama","Wiregrass","","true","false","true","Wiregrass, Alabama Portable Facilities Rental | Temporary123","1","Wiregrass, Alabama Portable Facilities Rental","","noindex,follow","false","7","false","https://temp123-nine.vercel.app/service-areas/alabama/wiregrass/","200","","200","https://temp123-nine.vercel.app/service-areas/alabama/wiregrass/","noindex, follow","","False"
"/service-areas/alabama/wiregrass/cities/","rendered_page","","Location","regional-city-directory","","","","true","false","true","Wiregrass, Alabama Facility Rental Locations | Temporary123","1","Wiregrass, Alabama Facility Rental Locations","","noindex,follow","false","1","false","https://temp123-nine.vercel.app/service-areas/alabama/wiregrass/cities/","200","","200","https://temp123-nine.vercel.app/service-areas/alabama/wiregrass/cities/","noindex, follow","","False"
"/service-areas/alaska/","rendered_page","","Location","state","","","","true","false","true","Alaska Emergency Shower Trailer Rental | Temporary123","1","Alaska Emergency Shower Trailer Rental","","noindex,follow","false","12","false","https://temp123-nine.vercel.app/service-areas/alaska/","200","","200","https://temp123-nine.vercel.app/service-areas/alaska/","noindex, follow","","False"
"/service-areas/alaska/arctic/","rendered_page","","Location","region","Alaska","Arctic","","true","false","true","Arctic, Alaska Emergency Trailer Rental | Temporary123","1","Arctic, Alaska Emergency Trailer Rental","","noindex,follow","false","7","false","https://temp123-nine.vercel.app/service-areas/alaska/arctic/","200","","200","https://temp123-nine.vercel.app/service-areas/alaska/arctic/","noindex, follow","","False"
"/service-areas/alaska/arctic/cities/","rendered_page","","Location","regional-city-directory","","","","true","false","true","Arctic, Alaska Facility Rental Locations | Temporary123","1","Arctic, Alaska Facility Rental Locations","","noindex,follow","false","1","false","https://temp123-nine.vercel.app/service-areas/alaska/arctic/cities/","200","","200","https://temp123-nine.vercel.app/service-areas/alaska/arctic/cities/","noindex, follow","","False"
"/service-areas/alaska/interior/","rendered_page","","Location","region","Alaska","Interior","","true","false","true","Interior, Alaska Sleeper Bunkbed Trailer Rental | Temporary123","1","Interior, Alaska Sleeper Bunkbed Trailer Rental","","noindex,follow","false","7","false","https://temp123-nine.vercel.app/service-areas/alaska/interior/","200","","200","https://temp123-nine.vercel.app/service-areas/alaska/interior/","noindex, follow","","False"
"/service-areas/alaska/interior/cities/","rendered_page","","Location","regional-city-directory","","","","true","false","true","Interior, Alaska Facility Rental Locations | Temporary123","1","Interior, Alaska Facility Rental Locations","","noindex,follow","false","1","false","https://temp123-nine.vercel.app/service-areas/alaska/interior/cities/","200","","200","https://temp123-nine.vercel.app/service-areas/alaska/interior/cities/","noindex, follow","","False"
"/service-areas/alaska/southcentral/","rendered_page","","Location","region","Alaska","Southcentral","","true","false","true","Southcentral, Alaska Emergency Shower Trailer Rental | Temporary123","1","Southcentral, Alaska Emergency Shower Trailer Rental","","noindex,follow","false","7","false","https://temp123-nine.vercel.app/service-areas/alaska/southcentral/","200","","200","https://temp123-nine.vercel.app/service-areas/alaska/southcentral/","noindex, follow","","False"
"/service-areas/alaska/southcentral/cities/","rendered_page","","Location","regional-city-directory","","","","true","false","true","Southcentral, Alaska Facility Rental Locations | Temporary123","1","Southcentral, Alaska Facility Rental Locations","","noindex,follow","false","1","false","https://temp123-nine.vercel.app/service-areas/alaska/southcentral/cities/","200","","200","https://temp123-nine.vercel.app/service-areas/alaska/southcentral/cities/","noindex, follow","","False"
"/service-areas/alaska/southeast/","rendered_page","","Location","region","Alaska","Southeast","","true","false","true","Southeast, Alaska Portable Facilities Rental | Temporary123","1","Southeast, Alaska Portable Facilities Rental","","noindex,follow","false","7","false","https://temp123-nine.vercel.app/service-areas/alaska/southeast/","200","","200","https://temp123-nine.vercel.app/service-areas/alaska/southeast/","noindex, follow","","False"
"/service-areas/alaska/southeast/cities/","rendered_page","","Location","regional-city-directory","","","","true","false","true","Southeast, Alaska Facility Rental Locations | Temporary123","1","Southeast, Alaska Facility Rental Locations","","noindex,follow","false","1","false","https://temp123-nine.vercel.app/service-areas/alaska/southeast/cities/","200","","200","https://temp123-nine.vercel.app/service-areas/alaska/southeast/cities/","noindex, follow","","False"
"/service-areas/alaska/southwest/","rendered_page","","Location","region","Alaska","Southwest","","true","false","true","Southwest, Alaska Mobile Trailer Lease | Temporary123","1","Southwest, Alaska Mobile Trailer Lease","","noindex,follow","false","7","false","https://temp123-nine.vercel.app/service-areas/alaska/southwest/","200","","200","https://temp123-nine.vercel.app/service-areas/alaska/southwest/","noindex, follow","","False"
"/service-areas/alaska/southwest/cities/","rendered_page","","Location","regional-city-directory","","","","true","false","true","Southwest, Alaska Facility Rental Locations | Temporary123","1","Southwest, Alaska Facility Rental Locations","","noindex,follow","false","1","false","https://temp123-nine.vercel.app/service-areas/alaska/southwest/cities/","200","","200","https://temp123-nine.vercel.app/service-areas/alaska/southwest/cities/","noindex, follow","","False"
"/service-areas/arizona/","rendered_page","","Location","state","","","","true","false","true","Arizona Temporary Facilities Lease | Temporary123","1","Arizona Temporary Facilities Lease","","noindex,follow","false","8","false","https://temp123-nine.vercel.app/service-areas/arizona/","200","","200","https://temp123-nine.vercel.app/service-areas/arizona/","noindex, follow","","False"
"/service-areas/arizona/northern-arizona/","rendered_page","","Location","region","Arizona","Northern Arizona","","true","false","true","Northern Arizona Temporary Facilities Lease | Temporary123","1","Northern Arizona Temporary Facilities Lease","","noindex,follow","false","6","false","https://temp123-nine.vercel.app/service-areas/arizona/northern-arizona/","200","","200","https://temp123-nine.vercel.app/service-areas/arizona/northern-arizona/","noindex, follow","","False"
"/service-areas/arizona/northern-arizona/cities/","rendered_page","","Location","regional-city-directory","","","","true","false","true","Northern Arizona Facility Rental Locations | Temporary123","1","Northern Arizona Facility Rental Locations","","noindex,follow","false","1","false","https://temp123-nine.vercel.app/service-areas/arizona/northern-arizona/cities/","200","","200","https://temp123-nine.vercel.app/service-areas/arizona/northern-arizona/cities/","noindex, follow","","False"
"/service-areas/arizona/phoenix-area/","rendered_page","","Location","region","Arizona","Phoenix area","","true","false","true","Phoenix area, Arizona Emergency Shower Trailer Rental | Temporary123","1","Phoenix area, Arizona Emergency Shower Trailer Rental","","noindex,follow","false","6","false","https://temp123-nine.vercel.app/service-areas/arizona/phoenix-area/","200","","200","https://temp123-nine.vercel.app/service-areas/arizona/phoenix-area/","noindex, follow","","False"
"/service-areas/arizona/phoenix-area/cities/","rendered_page","","Location","regional-city-directory","","","","true","false","true","Phoenix area, Arizona Facility Rental Locations | Temporary123","1","Phoenix area, Arizona Facility Rental Locations","","noindex,follow","false","1","false","https://temp123-nine.vercel.app/service-areas/arizona/phoenix-area/cities/","200","","200","https://temp123-nine.vercel.app/service-areas/arizona/phoenix-area/cities/","noindex, follow","","False"
"/service-areas/arizona/southern-arizona/","rendered_page","","Location","region","Arizona","Southern Arizona","","true","false","true","Southern Arizona Sleeper Bunkbed Trailer Rental | Temporary123","1","Southern Arizona Sleeper Bunkbed Trailer Rental","","noindex,follow","false","6","false","https://temp123-nine.vercel.app/service-areas/arizona/southern-arizona/","200","","200","https://temp123-nine.vercel.app/service-areas/arizona/southern-arizona/","noindex, follow","","False"
"/service-areas/arizona/southern-arizona/cities/","rendered_page","","Location","regional-city-directory","","","","true","false","true","Southern Arizona Facility Rental Locations | Temporary123","1","Southern Arizona Facility Rental Locations","","noindex,follow","false","1","false","https://temp123-nine.vercel.app/service-areas/arizona/southern-arizona/cities/","200","","200","https://temp123-nine.vercel.app/service-areas/arizona/southern-arizona/cities/","noindex, follow","","False"
"/service-areas/arkansas/","rendered_page","","Location","state","","","","true","false","true","Arkansas Mobile Trailer Lease | Temporary123","1","Arkansas Mobile Trailer Lease","","noindex,follow","false","10","false","https://temp123-nine.vercel.app/service-areas/arkansas/","200","","200","https://temp123-nine.vercel.app/service-areas/arkansas/","noindex, follow","","False"
"/service-areas/arkansas/arkansas-river-valley/","rendered_page","","Location","region","Arkansas","Arkansas River Valley","","true","false","true","Arkansas River Valley Emergency Trailer Rental | Temporary123","1","Arkansas River Valley Emergency Trailer Rental","","noindex,follow","false","7","false","https://temp123-nine.vercel.app/service-areas/arkansas/arkansas-river-valley/","200","","200","https://temp123-nine.vercel.app/service-areas/arkansas/arkansas-river-valley/","noindex, follow","","False"
"/service-areas/arkansas/arkansas-river-valley/cities/","rendered_page","","Location","regional-city-directory","","","","true","false","true","Arkansas River Valley Facility Rental Locations | Temporary123","1","Arkansas River Valley Facility Rental Locations","","noindex,follow","false","1","false","https://temp123-nine.vercel.app/service-areas/arkansas/arkansas-river-valley/cities/","200","","200","https://temp123-nine.vercel.app/service-areas/arkansas/arkansas-river-valley/cities/","noindex, follow","","False"
"/service-areas/arkansas/delta/","rendered_page","","Location","region","Arkansas","Delta","","true","false","true","Delta, Arkansas Shower and Restroom Trailer Rental | Temporary123","1","Delta, Arkansas Shower and Restroom Trailer Rental","","noindex,follow","false","7","false","https://temp123-nine.vercel.app/service-areas/arkansas/delta/","200","","200","https://temp123-nine.vercel.app/service-areas/arkansas/delta/","noindex, follow","","False"
"/service-areas/arkansas/delta/cities/","rendered_page","","Location","regional-city-directory","","","","true","false","true","Delta, Arkansas Facility Rental Locations | Temporary123","1","Delta, Arkansas Facility Rental Locations","","noindex,follow","false","1","false","https://temp123-nine.vercel.app/service-areas/arkansas/delta/cities/","200","","200","https://temp123-nine.vercel.app/service-areas/arkansas/delta/cities/","noindex, follow","","False"
"/service-areas/arkansas/ozarks/","rendered_page","","Location","region","Arkansas","Ozarks","","true","false","true","Ozarks, Arkansas Mobile Trailer Lease | Temporary123","1","Ozarks, Arkansas Mobile Trailer Lease","","noindex,follow","false","7","false","https://temp123-nine.vercel.app/service-areas/arkansas/ozarks/","200","","200","https://temp123-nine.vercel.app/service-areas/arkansas/ozarks/","noindex, follow","","False"
"/service-areas/arkansas/ozarks/cities/","rendered_page","","Location","regional-city-directory","","","","true","false","true","Ozarks, Arkansas Facility Rental Locations | Temporary123","1","Ozarks, Arkansas Facility Rental Locations","","noindex,follow","false","1","false","https://temp123-nine.vercel.app/service-areas/arkansas/ozarks/cities/","200","","200","https://temp123-nine.vercel.app/service-areas/arkansas/ozarks/cities/","noindex, follow","","False"
"/service-areas/arkansas/southwest-arkansas/","rendered_page","","Location","region","Arkansas","Southwest Arkansas","","true","false","true","Southwest Arkansas Mobile Kitchen Trailer Rental | Temporary123","1","Southwest Arkansas Mobile Kitchen Trailer Rental","","noindex,follow","false","7","false","https://temp123-nine.vercel.app/service-areas/arkansas/southwest-arkansas/","200","","200","https://temp123-nine.vercel.app/service-areas/arkansas/southwest-arkansas/","noindex, follow","","False"
"/service-areas/arkansas/southwest-arkansas/cities/","rendered_page","","Location","regional-city-directory","","","","true","false","true","Southwest Arkansas Facility Rental Locations | Temporary123","1","Southwest Arkansas Facility Rental Locations","","noindex,follow","false","1","false","https://temp123-nine.vercel.app/service-areas/arkansas/southwest-arkansas/cities/","200","","200","https://temp123-nine.vercel.app/service-areas/arkansas/southwest-arkansas/cities/","noindex, follow","","False"
"/service-areas/california/","rendered_page","","Location","state","","","","true","false","true","California Shower and Restroom Trailer Rental | Temporary123","1","California Shower and Restroom Trailer Rental","","noindex,follow","false","14","false","https://temp123-nine.vercel.app/service-areas/california/","200","","200","https://temp123-nine.vercel.app/service-areas/california/","noindex, follow","","False"
"/service-areas/california/bay-area/","rendered_page","","Location","region","California","Bay Area","","true","false","true","Bay Area, California Mobile Kitchen Trailer Rental | Temporary123","1","Bay Area, California Mobile Kitchen Trailer Rental","","noindex,follow","false","7","false","https://temp123-nine.vercel.app/service-areas/california/bay-area/","200","","200","https://temp123-nine.vercel.app/service-areas/california/bay-area/","noindex, follow","","False"
"/service-areas/california/bay-area/cities/","rendered_page","","Location","regional-city-directory","","","","true","false","true","Bay Area, California Facility Rental Locations | Temporary123","1","Bay Area, California Facility Rental Locations","","noindex,follow","false","1","false","https://temp123-nine.vercel.app/service-areas/california/bay-area/cities/","200","","200","https://temp123-nine.vercel.app/service-areas/california/bay-area/cities/","noindex, follow","","False"
"/service-areas/california/central-valley/","rendered_page","","Location","region","California","Central Valley","","true","false","true","Central Valley, California Temporary Facilities Lease | Temporary123","1","Central Valley, California Temporary Facilities Lease","","noindex,follow","false","7","false","https://temp123-nine.vercel.app/service-areas/california/central-valley/","200","","200","https://temp123-nine.vercel.app/service-areas/california/central-valley/","noindex, follow","","False"
"/service-areas/california/central-valley/cities/","rendered_page","","Location","regional-city-directory","","","","true","false","true","Central Valley, California Facility Rental Locations | Temporary123","1","Central Valley, California Facility Rental Locations","","noindex,follow","false","1","false","https://temp123-nine.vercel.app/service-areas/california/central-valley/cities/","200","","200","https://temp123-nine.vercel.app/service-areas/california/central-valley/cities/","noindex, follow","","False"
"/service-areas/california/inland-empire/","rendered_page","","Location","region","California","Inland Empire","","true","false","true","Inland Empire, California Sleeper Bunkbed Trailer Rental | Temporary123","1","Inland Empire, California Sleeper Bunkbed Trailer Rental","","noindex,follow","false","7","false","https://temp123-nine.vercel.app/service-areas/california/inland-empire/","200","","200","https://temp123-nine.vercel.app/service-areas/california/inland-empire/","noindex, follow","","False"
"/service-areas/california/inland-empire/cities/","rendered_page","","Location","regional-city-directory","","","","true","false","true","Inland Empire, California Facility Rental Locations | Temporary123","1","Inland Empire, California Facility Rental Locations","","noindex,follow","false","1","false","https://temp123-nine.vercel.app/service-areas/california/inland-empire/cities/","200","","200","https://temp123-nine.vercel.app/service-areas/california/inland-empire/cities/","noindex, follow","","False"
"/service-areas/california/los-angeles-basin/","rendered_page","","Location","region","California","Los Angeles Basin","","true","false","true","Los Angeles Basin, California Emergency Shower Trailer Rental | Temporary123","1","Los Angeles Basin, California Emergency Shower Trailer Rental","","noindex,follow","false","7","false","https://temp123-nine.vercel.app/service-areas/california/los-angeles-basin/","200","","200","https://temp123-nine.vercel.app/service-areas/california/los-angeles-basin/","noindex, follow","","False"
"/service-areas/california/los-angeles-basin/cities/","rendered_page","","Location","regional-city-directory","","","","true","false","true","Los Angeles Basin, California Facility Rental Locations | Temporary123","1","Los Angeles Basin, California Facility Rental Locations","","noindex,follow","false","1","false","https://temp123-nine.vercel.app/service-areas/california/los-angeles-basin/cities/","200","","200","https://temp123-nine.vercel.app/service-areas/california/los-angeles-basin/cities/","noindex, follow","","False"
"/service-areas/california/north-coast/","rendered_page","","Location","region","California","North Coast","","true","false","true","North Coast, California Shower and Restroom Trailer Rental | Temporary123","1","North Coast, California Shower and Restroom Trailer Rental","","noindex,follow","false","7","false","https://temp123-nine.vercel.app/service-areas/california/north-coast/","200","","200","https://temp123-nine.vercel.app/service-areas/california/north-coast/","noindex, follow","","False"
"/service-areas/california/north-coast/cities/","rendered_page","","Location","regional-city-directory","","","","true","false","true","North Coast, California Facility Rental Locations | Temporary123","1","North Coast, California Facility Rental Locations","","noindex,follow","false","1","false","https://temp123-nine.vercel.app/service-areas/california/north-coast/cities/","200","","200","https://temp123-nine.vercel.app/service-areas/california/north-coast/cities/","noindex, follow","","False"
"/service-areas/california/san-diego/","rendered_page","","Location","region","California","San Diego","","true","false","true","San Diego, California Portable Facilities Rental | Temporary123","1","San Diego, California Portable Facilities Rental","","noindex,follow","false","7","false","https://temp123-nine.vercel.app/service-areas/california/san-diego/","200","","200","https://temp123-nine.vercel.app/service-areas/california/san-diego/","noindex, follow","","False"
"/service-areas/california/san-diego/cities/","rendered_page","","Location","regional-city-directory","","","","true","false","true","San Diego, California Facility Rental Locations | Temporary123","1","San Diego, California Facility Rental Locations","","noindex,follow","false","1","false","https://temp123-nine.vercel.app/service-areas/california/san-diego/cities/","200","","200","https://temp123-nine.vercel.app/service-areas/california/san-diego/cities/","noindex, follow","","False"
"/service-areas/colorado/","rendered_page","","Location","state","","","","true","false","true","Colorado Mobile Kitchen Trailer Rental | Temporary123","1","Colorado Mobile Kitchen Trailer Rental","","noindex,follow","false","10","false","https://temp123-nine.vercel.app/service-areas/colorado/","200","","200","https://temp123-nine.vercel.app/service-areas/colorado/","noindex, follow","","False"
"/service-areas/colorado/eastern-plains/","rendered_page","","Location","region","Colorado","Eastern Plains","","true","false","true","Eastern Plains, Colorado Emergency Shower Trailer Rental | Temporary123","1","Eastern Plains, Colorado Emergency Shower Trailer Rental","","noindex,follow","false","7","false","https://temp123-nine.vercel.app/service-areas/colorado/eastern-plains/","200","","200","https://temp123-nine.vercel.app/service-areas/colorado/eastern-plains/","noindex, follow","","False"
"/service-areas/colorado/eastern-plains/cities/","rendered_page","","Location","regional-city-directory","","","","true","false","true","Eastern Plains, Colorado Facility Rental Locations | Temporary123","1","Eastern Plains, Colorado Facility Rental Locations","","noindex,follow","false","1","false","https://temp123-nine.vercel.app/service-areas/colorado/eastern-plains/cities/","200","","200","https://temp123-nine.vercel.app/service-areas/colorado/eastern-plains/cities/","noindex, follow","","False"
"/service-areas/colorado/front-range/","rendered_page","","Location","region","Colorado","Front Range","","true","false","true","Front Range, Colorado Mobile Kitchen Trailer Rental | Temporary123","1","Front Range, Colorado Mobile Kitchen Trailer Rental","","noindex,follow","false","7","false","https://temp123-nine.vercel.app/service-areas/colorado/front-range/","200","","200","https://temp123-nine.vercel.app/service-areas/colorado/front-range/","noindex, follow","","False"
"/service-areas/colorado/front-range/cities/","rendered_page","","Location","regional-city-directory","","","","true","false","true","Front Range, Colorado Facility Rental Locations | Temporary123","1","Front Range, Colorado Facility Rental Locations","","noindex,follow","false","1","false","https://temp123-nine.vercel.app/service-areas/colorado/front-range/cities/","200","","200","https://temp123-nine.vercel.app/service-areas/colorado/front-range/cities/","noindex, follow","","False"
"/service-areas/colorado/san-luis-valley/","rendered_page","","Location","region","Colorado","San Luis Valley","","true","false","true","San Luis Valley, Colorado Sleeper Bunkbed Trailer Rental | Temporary123","1","San Luis Valley, Colorado Sleeper Bunkbed Trailer Rental","","noindex,follow","false","7","false","https://temp123-nine.vercel.app/service-areas/colorado/san-luis-valley/","200","","200","https://temp123-nine.vercel.app/service-areas/colorado/san-luis-valley/","noindex, follow","","False"
"/service-areas/colorado/san-luis-valley/cities/","rendered_page","","Location","regional-city-directory","","","","true","false","true","San Luis Valley, Colorado Facility Rental Locations | Temporary123","1","San Luis Valley, Colorado Facility Rental Locations","","noindex,follow","false","1","false","https://temp123-nine.vercel.app/service-areas/colorado/san-luis-valley/cities/","200","","200","https://temp123-nine.vercel.app/service-areas/colorado/san-luis-valley/cities/","noindex, follow","","False"
"/service-areas/colorado/western-slope/","rendered_page","","Location","region","Colorado","Western Slope","","true","false","true","Western Slope, Colorado Temporary Facilities Lease | Temporary123","1","Western Slope, Colorado Temporary Facilities Lease","","noindex,follow","false","7","false","https://temp123-nine.vercel.app/service-areas/colorado/western-slope/","200","","200","https://temp123-nine.vercel.app/service-areas/colorado/western-slope/","noindex, follow","","False"
"/service-areas/colorado/western-slope/cities/","rendered_page","","Location","regional-city-directory","","","","true","false","true","Western Slope, Colorado Facility Rental Locations | Temporary123","1","Western Slope, Colorado Facility Rental Locations","","noindex,follow","false","1","false","https://temp123-nine.vercel.app/service-areas/colorado/western-slope/cities/","200","","200","https://temp123-nine.vercel.app/service-areas/colorado/western-slope/cities/","noindex, follow","","False"
"/service-areas/connecticut/","rendered_page","","Location","state","","","","true","false","true","Connecticut Portable Facilities Rental | Temporary123","1","Connecticut Portable Facilities Rental","","noindex,follow","false","10","false","https://temp123-nine.vercel.app/service-areas/connecticut/","200","","200","https://temp123-nine.vercel.app/service-areas/connecticut/","noindex, follow","","False"
"/service-areas/connecticut/connecticut-river-valley/","rendered_page","","Location","region","Connecticut","Connecticut River Valley","","true","false","true","Connecticut River Valley Emergency Trailer Rental | Temporary123","1","Connecticut River Valley Emergency Trailer Rental","","noindex,follow","false","7","false","https://temp123-nine.vercel.app/service-areas/connecticut/connecticut-river-valley/","200","","200","https://temp123-nine.vercel.app/service-areas/connecticut/connecticut-river-valley/","noindex, follow","","False"
"/service-areas/connecticut/connecticut-river-valley/cities/","rendered_page","","Location","regional-city-directory","","","","true","false","true","Connecticut River Valley Facility Rental Locations | Temporary123","1","Connecticut River Valley Facility Rental Locations","","noindex,follow","false","1","false","https://temp123-nine.vercel.app/service-areas/connecticut/connecticut-river-valley/cities/","200","","200","https://temp123-nine.vercel.app/service-areas/connecticut/connecticut-river-valley/cities/","noindex, follow","","False"
"/service-areas/connecticut/connecticut-shoreline/","rendered_page","","Location","region","Connecticut","Connecticut Shoreline","","true","false","true","Connecticut Shoreline Shower and Restroom Trailer Rental | Temporary123","1","Connecticut Shoreline Shower and Restroom Trailer Rental","","noindex,follow","false","7","false","https://temp123-nine.vercel.app/service-areas/connecticut/connecticut-shoreline/","200","","200","https://temp123-nine.vercel.app/service-areas/connecticut/connecticut-shoreline/","noindex, follow","","False"
"/service-areas/connecticut/connecticut-shoreline/cities/","rendered_page","","Location","regional-city-directory","","","","true","false","true","Connecticut Shoreline Facility Rental Locations | Temporary123","1","Connecticut Shoreline Facility Rental Locations","","noindex,follow","false","1","false","https://temp123-nine.vercel.app/service-areas/connecticut/connecticut-shoreline/cities/","200","","200","https://temp123-nine.vercel.app/service-areas/connecticut/connecticut-shoreline/cities/","noindex, follow","","False"
"/service-areas/connecticut/greater-hartford/","rendered_page","","Location","region","Connecticut","Greater Hartford","","true","false","true","Greater Hartford, Connecticut Mobile Trailer Lease | Temporary123","1","Greater Hartford, Connecticut Mobile Trailer Lease","","noindex,follow","false","7","false","https://temp123-nine.vercel.app/service-areas/connecticut/greater-hartford/","200","","200","https://temp123-nine.vercel.app/service-areas/connecticut/greater-hartford/","noindex, follow","","False"
"/service-areas/connecticut/greater-hartford/cities/","rendered_page","","Location","regional-city-directory","","","","true","false","true","Greater Hartford, Connecticut Facility Rental Locations | Temporary123","1","Greater Hartford, Connecticut Facility Rental Locations","","noindex,follow","false","1","false","https://temp123-nine.vercel.app/service-areas/connecticut/greater-hartford/cities/","200","","200","https://temp123-nine.vercel.app/service-areas/connecticut/greater-hartford/cities/","noindex, follow","","False"
"/service-areas/connecticut/litchfield-hills/","rendered_page","","Location","region","Connecticut","Litchfield Hills","","true","false","true","Litchfield Hills, Connecticut Portable Facilities Rental | Temporary123","1","Litchfield Hills, Connecticut Portable Facilities Rental","","noindex,follow","false","7","false","https://temp123-nine.vercel.app/service-areas/connecticut/litchfield-hills/","200","","200","https://temp123-nine.vercel.app/service-areas/connecticut/litchfield-hills/","noindex, follow","","False"
"/service-areas/connecticut/litchfield-hills/cities/","rendered_page","","Location","regional-city-directory","","","","true","false","true","Litchfield Hills, Connecticut Facility Rental Locations | Temporary123","1","Litchfield Hills, Connecticut Facility Rental Locations","","noindex,follow","false","1","false","https://temp123-nine.vercel.app/service-areas/connecticut/litchfield-hills/cities/","200","","200","https://temp123-nine.vercel.app/service-areas/connecticut/litchfield-hills/cities/","noindex, follow","","False"
"/service-areas/delaware/","rendered_page","","Location","state","","","","true","false","true","Delaware Emergency Shower Trailer Rental | Temporary123","1","Delaware Emergency Shower Trailer Rental","","noindex,follow","false","8","false","https://temp123-nine.vercel.app/service-areas/delaware/","200","","200","https://temp123-nine.vercel.app/service-areas/delaware/","noindex, follow","","False"
"/service-areas/delaware/central-delaware/","rendered_page","","Location","region","Delaware","Central Delaware","","true","false","true","Central Delaware Sleeper Bunkbed Trailer Rental | Temporary123","1","Central Delaware Sleeper Bunkbed Trailer Rental","","noindex,follow","false","6","false","https://temp123-nine.vercel.app/service-areas/delaware/central-delaware/","200","","200","https://temp123-nine.vercel.app/service-areas/delaware/central-delaware/","noindex, follow","","False"
"/service-areas/delaware/central-delaware/cities/","rendered_page","","Location","regional-city-directory","","","","true","false","true","Central Delaware Facility Rental Locations | Temporary123","1","Central Delaware Facility Rental Locations","","noindex,follow","false","1","false","https://temp123-nine.vercel.app/service-areas/delaware/central-delaware/cities/","200","","200","https://temp123-nine.vercel.app/service-areas/delaware/central-delaware/cities/","noindex, follow","","False"
"/service-areas/delaware/delaware-beaches/","rendered_page","","Location","region","Delaware","Delaware Beaches","","true","false","true","Delaware Beaches Portable Facilities Rental | Temporary123","1","Delaware Beaches Portable Facilities Rental","","noindex,follow","false","6","false","https://temp123-nine.vercel.app/service-areas/delaware/delaware-beaches/","200","","200","https://temp123-nine.vercel.app/service-areas/delaware/delaware-beaches/","noindex, follow","","False"
"/service-areas/delaware/delaware-beaches/cities/","rendered_page","","Location","regional-city-directory","","","","true","false","true","Delaware Beaches Facility Rental Locations | Temporary123","1","Delaware Beaches Facility Rental Locations","","noindex,follow","false","1","false","https://temp123-nine.vercel.app/service-areas/delaware/delaware-beaches/cities/","200","","200","https://temp123-nine.vercel.app/service-areas/delaware/delaware-beaches/cities/","noindex, follow","","False"
"/service-areas/delaware/northern-delaware/","rendered_page","","Location","region","Delaware","Northern Delaware","","true","false","true","Northern Delaware Emergency Shower Trailer Rental | Temporary123","1","Northern Delaware Emergency Shower Trailer Rental","","noindex,follow","false","6","false","https://temp123-nine.vercel.app/service-areas/delaware/northern-delaware/","200","","200","https://temp123-nine.vercel.app/service-areas/delaware/northern-delaware/","noindex, follow","","False"
"/service-areas/delaware/northern-delaware/cities/","rendered_page","","Location","regional-city-directory","","","","true","false","true","Northern Delaware Facility Rental Locations | Temporary123","1","Northern Delaware Facility Rental Locations","","noindex,follow","false","1","false","https://temp123-nine.vercel.app/service-areas/delaware/northern-delaware/cities/","200","","200","https://temp123-nine.vercel.app/service-areas/delaware/northern-delaware/cities/","noindex, follow","","False"
"/service-areas/florida/","rendered_page","","Location","state","","","","true","false","true","Florida Emergency Trailer Rental | Temporary123","1","Florida Emergency Trailer Rental","","noindex,follow","false","12","false","https://temp123-nine.vercel.app/service-areas/florida/","200","","200","https://temp123-nine.vercel.app/service-areas/florida/","noindex, follow","","False"
"/service-areas/florida/central-florida/","rendered_page","","Location","region","Florida","Central Florida","","true","false","true","Central Florida Mobile Kitchen Trailer Rental | Temporary123","1","Central Florida Mobile Kitchen Trailer Rental","","noindex,follow","false","7","false","https://temp123-nine.vercel.app/service-areas/florida/central-florida/","200","","200","https://temp123-nine.vercel.app/service-areas/florida/central-florida/","noindex, follow","","False"
"/service-areas/florida/central-florida/cities/","rendered_page","","Location","regional-city-directory","","","","true","false","true","Central Florida Facility Rental Locations | Temporary123","1","Central Florida Facility Rental Locations","","noindex,follow","false","1","false","https://temp123-nine.vercel.app/service-areas/florida/central-florida/cities/","200","","200","https://temp123-nine.vercel.app/service-areas/florida/central-florida/cities/","noindex, follow","","False"
"/service-areas/florida/florida-keys/","rendered_page","","Location","region","Florida","Florida Keys","","true","false","true","Florida Keys Emergency Shower Trailer Rental | Temporary123","1","Florida Keys Emergency Shower Trailer Rental","","noindex,follow","false","7","false","https://temp123-nine.vercel.app/service-areas/florida/florida-keys/","200","","200","https://temp123-nine.vercel.app/service-areas/florida/florida-keys/","noindex, follow","","False"
"/service-areas/florida/florida-keys/cities/","rendered_page","","Location","regional-city-directory","","","","true","false","true","Florida Keys Facility Rental Locations | Temporary123","1","Florida Keys Facility Rental Locations","","noindex,follow","false","1","false","https://temp123-nine.vercel.app/service-areas/florida/florida-keys/cities/","200","","200","https://temp123-nine.vercel.app/service-areas/florida/florida-keys/cities/","noindex, follow","","False"
"/service-areas/florida/north-florida/","rendered_page","","Location","region","Florida","North Florida","","true","false","true","North Florida Shower and Restroom Trailer Rental | Temporary123","1","North Florida Shower and Restroom Trailer Rental","","noindex,follow","false","7","false","https://temp123-nine.vercel.app/service-areas/florida/north-florida/","200","","200","https://temp123-nine.vercel.app/service-areas/florida/north-florida/","noindex, follow","","False"
"/service-areas/florida/north-florida/cities/","rendered_page","","Location","regional-city-directory","","","","true","false","true","North Florida Facility Rental Locations | Temporary123","1","North Florida Facility Rental Locations","","noindex,follow","false","1","false","https://temp123-nine.vercel.app/service-areas/florida/north-florida/cities/","200","","200","https://temp123-nine.vercel.app/service-areas/florida/north-florida/cities/","noindex, follow","","False"
"/service-areas/florida/panhandle/","rendered_page","","Location","region","Florida","Panhandle","","true","false","true","Panhandle, Florida Emergency Trailer Rental | Temporary123","1","Panhandle, Florida Emergency Trailer Rental","","noindex,follow","false","7","false","https://temp123-nine.vercel.app/service-areas/florida/panhandle/","200","","200","https://temp123-nine.vercel.app/service-areas/florida/panhandle/","noindex, follow","","False"
"/service-areas/florida/panhandle/cities/","rendered_page","","Location","regional-city-directory","","","","true","false","true","Panhandle, Florida Facility Rental Locations | Temporary123","1","Panhandle, Florida Facility Rental Locations","","noindex,follow","false","1","false","https://temp123-nine.vercel.app/service-areas/florida/panhandle/cities/","200","","200","https://temp123-nine.vercel.app/service-areas/florida/panhandle/cities/","noindex, follow","","False"
"/service-areas/florida/south-florida/","rendered_page","","Location","region","Florida","South Florida","","true","false","true","South Florida Temporary Facilities Lease | Temporary123","1","South Florida Temporary Facilities Lease","","noindex,follow","false","7","false","https://temp123-nine.vercel.app/service-areas/florida/south-florida/","200","","200","https://temp123-nine.vercel.app/service-areas/florida/south-florida/","noindex, follow","","False"
"/service-areas/florida/south-florida/cities/","rendered_page","","Location","regional-city-directory","","","","true","false","true","South Florida Facility Rental Locations | Temporary123","1","South Florida Facility Rental Locations","","noindex,follow","false","1","false","https://temp123-nine.vercel.app/service-areas/florida/south-florida/cities/","200","","200","https://temp123-nine.vercel.app/service-areas/florida/south-florida/cities/","noindex, follow","","False"
"/service-areas/georgia/","rendered_page","","Location","state","","","","true","false","true","Georgia Shower and Restroom Trailer Rental | Temporary123","1","Georgia Shower and Restroom Trailer Rental","","noindex,follow","false","12","false","https://temp123-nine.vercel.app/service-areas/georgia/","200","","200","https://temp123-nine.vercel.app/service-areas/georgia/","noindex, follow","","False"
"/service-areas/georgia/central-georgia/","rendered_page","","Location","region","Georgia","Central Georgia","","true","false","true","Central Georgia Temporary Facilities Lease | Temporary123","1","Central Georgia Temporary Facilities Lease","","noindex,follow","false","7","false","https://temp123-nine.vercel.app/service-areas/georgia/central-georgia/","200","","200","https://temp123-nine.vercel.app/service-areas/georgia/central-georgia/","noindex, follow","","False"
"/service-areas/georgia/central-georgia/cities/","rendered_page","","Location","regional-city-directory","","","","true","false","true","Central Georgia Facility Rental Locations | Temporary123","1","Central Georgia Facility Rental Locations","","noindex,follow","false","1","false","https://temp123-nine.vercel.app/service-areas/georgia/central-georgia/cities/","200","","200","https://temp123-nine.vercel.app/service-areas/georgia/central-georgia/cities/","noindex, follow","","False"
"/service-areas/georgia/coastal-georgia/","rendered_page","","Location","region","Georgia","Coastal Georgia","","true","false","true","Coastal Georgia Emergency Shower Trailer Rental | Temporary123","1","Coastal Georgia Emergency Shower Trailer Rental","","noindex,follow","false","7","false","https://temp123-nine.vercel.app/service-areas/georgia/coastal-georgia/","200","","200","https://temp123-nine.vercel.app/service-areas/georgia/coastal-georgia/","noindex, follow","","False"
"/service-areas/georgia/coastal-georgia/cities/","rendered_page","","Location","regional-city-directory","","","","true","false","true","Coastal Georgia Facility Rental Locations | Temporary123","1","Coastal Georgia Facility Rental Locations","","noindex,follow","false","1","false","https://temp123-nine.vercel.app/service-areas/georgia/coastal-georgia/cities/","200","","200","https://temp123-nine.vercel.app/service-areas/georgia/coastal-georgia/cities/","noindex, follow","","False"
"/service-areas/georgia/metro-atlanta/","rendered_page","","Location","region","Georgia","Metro Atlanta","","true","false","true","Metro Atlanta, Georgia Mobile Kitchen Trailer Rental | Temporary123","1","Metro Atlanta, Georgia Mobile Kitchen Trailer Rental","","noindex,follow","false","7","false","https://temp123-nine.vercel.app/service-areas/georgia/metro-atlanta/","200","","200","https://temp123-nine.vercel.app/service-areas/georgia/metro-atlanta/","noindex, follow","","False"
"/service-areas/georgia/metro-atlanta/cities/","rendered_page","","Location","regional-city-directory","","","","true","false","true","Metro Atlanta, Georgia Facility Rental Locations | Temporary123","1","Metro Atlanta, Georgia Facility Rental Locations","","noindex,follow","false","1","false","https://temp123-nine.vercel.app/service-areas/georgia/metro-atlanta/cities/","200","","200","https://temp123-nine.vercel.app/service-areas/georgia/metro-atlanta/cities/","noindex, follow","","False"
"/service-areas/georgia/north-georgia/","rendered_page","","Location","region","Georgia","North Georgia","","true","false","true","North Georgia Shower and Restroom Trailer Rental | Temporary123","1","North Georgia Shower and Restroom Trailer Rental","","noindex,follow","false","7","false","https://temp123-nine.vercel.app/service-areas/georgia/north-georgia/","200","","200","https://temp123-nine.vercel.app/service-areas/georgia/north-georgia/","noindex, follow","","False"
"/service-areas/georgia/north-georgia/cities/","rendered_page","","Location","regional-city-directory","","","","true","false","true","North Georgia Facility Rental Locations | Temporary123","1","North Georgia Facility Rental Locations","","noindex,follow","false","1","false","https://temp123-nine.vercel.app/service-areas/georgia/north-georgia/cities/","200","","200","https://temp123-nine.vercel.app/service-areas/georgia/north-georgia/cities/","noindex, follow","","False"
"/service-areas/georgia/south-georgia/","rendered_page","","Location","region","Georgia","South Georgia","","true","false","true","South Georgia Sleeper Bunkbed Trailer Rental | Temporary123","1","South Georgia Sleeper Bunkbed Trailer Rental","","noindex,follow","false","7","false","https://temp123-nine.vercel.app/service-areas/georgia/south-georgia/","200","","200","https://temp123-nine.vercel.app/service-areas/georgia/south-georgia/","noindex, follow","","False"
"/service-areas/georgia/south-georgia/cities/","rendered_page","","Location","regional-city-directory","","","","true","false","true","South Georgia Facility Rental Locations | Temporary123","1","South Georgia Facility Rental Locations","","noindex,follow","false","1","false","https://temp123-nine.vercel.app/service-areas/georgia/south-georgia/cities/","200","","200","https://temp123-nine.vercel.app/service-areas/georgia/south-georgia/cities/","noindex, follow","","False"
"/service-areas/hawaii/","rendered_page","","Location","state","","","","true","false","true","Hawaii Emergency Shower Trailer Rental | Temporary123","1","Hawaii Emergency Shower Trailer Rental","","noindex,follow","false","10","false","https://temp123-nine.vercel.app/service-areas/hawaii/","200","","200","https://temp123-nine.vercel.app/service-areas/hawaii/","noindex, follow","","False"
"/service-areas/hawaii/hawaii-island/","rendered_page","","Location","region","Hawaii","Hawaii Island","","true","false","true","Hawaii Island Portable Facilities Rental | Temporary123","1","Hawaii Island Portable Facilities Rental","","noindex,follow","false","7","false","https://temp123-nine.vercel.app/service-areas/hawaii/hawaii-island/","200","","200","https://temp123-nine.vercel.app/service-areas/hawaii/hawaii-island/","noindex, follow","","False"
"/service-areas/hawaii/hawaii-island/cities/","rendered_page","","Location","regional-city-directory","","","","true","false","true","Hawaii Island Facility Rental Locations | Temporary123","1","Hawaii Island Facility Rental Locations","","noindex,follow","false","1","false","https://temp123-nine.vercel.app/service-areas/hawaii/hawaii-island/cities/","200","","200","https://temp123-nine.vercel.app/service-areas/hawaii/hawaii-island/cities/","noindex, follow","","False"
"/service-areas/hawaii/kauai/","rendered_page","","Location","region","Hawaii","Kauai","","true","false","true","Kauai, Hawaii Mobile Trailer Lease | Temporary123","1","Kauai, Hawaii Mobile Trailer Lease","","noindex,follow","false","7","false","https://temp123-nine.vercel.app/service-areas/hawaii/kauai/","200","","200","https://temp123-nine.vercel.app/service-areas/hawaii/kauai/","noindex, follow","","False"
"/service-areas/hawaii/kauai/cities/","rendered_page","","Location","regional-city-directory","","","","true","false","true","Kauai, Hawaii Facility Rental Locations | Temporary123","1","Kauai, Hawaii Facility Rental Locations","","noindex,follow","false","1","false","https://temp123-nine.vercel.app/service-areas/hawaii/kauai/cities/","200","","200","https://temp123-nine.vercel.app/service-areas/hawaii/kauai/cities/","noindex, follow","","False"
"/service-areas/hawaii/maui-county/","rendered_page","","Location","region","Hawaii","Maui County","","true","false","true","Maui County, Hawaii Sleeper Bunkbed Trailer Rental | Temporary123","1","Maui County, Hawaii Sleeper Bunkbed Trailer Rental","","noindex,follow","false","7","false","https://temp123-nine.vercel.app/service-areas/hawaii/maui-county/","200","","200","https://temp123-nine.vercel.app/service-areas/hawaii/maui-county/","noindex, follow","","False"
"/service-areas/hawaii/maui-county/cities/","rendered_page","","Location","regional-city-directory","","","","true","false","true","Maui County, Hawaii Facility Rental Locations | Temporary123","1","Maui County, Hawaii Facility Rental Locations","","noindex,follow","false","1","false","https://temp123-nine.vercel.app/service-areas/hawaii/maui-county/cities/","200","","200","https://temp123-nine.vercel.app/service-areas/hawaii/maui-county/cities/","noindex, follow","","False"
"/service-areas/hawaii/oahu/","rendered_page","","Location","region","Hawaii","Oahu","","true","false","true","Oahu, Hawaii Emergency Shower Trailer Rental | Temporary123","1","Oahu, Hawaii Emergency Shower Trailer Rental","","noindex,follow","false","7","false","https://temp123-nine.vercel.app/service-areas/hawaii/oahu/","200","","200","https://temp123-nine.vercel.app/service-areas/hawaii/oahu/","noindex, follow","","False"
"/service-areas/hawaii/oahu/cities/","rendered_page","","Location","regional-city-directory","","","","true","false","true","Oahu, Hawaii Facility Rental Locations | Temporary123","1","Oahu, Hawaii Facility Rental Locations","","noindex,follow","false","1","false","https://temp123-nine.vercel.app/service-areas/hawaii/oahu/cities/","200","","200","https://temp123-nine.vercel.app/service-areas/hawaii/oahu/cities/","noindex, follow","","False"
"/service-areas/idaho/","rendered_page","","Location","state","","","","true","false","true","Idaho Emergency Trailer Rental | Temporary123","1","Idaho Emergency Trailer Rental","","noindex,follow","false","10","false","https://temp123-nine.vercel.app/service-areas/idaho/","200","","200","https://temp123-nine.vercel.app/service-areas/idaho/","noindex, follow","","False"
"/service-areas/idaho/central-mountains/","rendered_page","","Location","region","Idaho","Central Mountains","","true","false","true","Central Mountains, Idaho Mobile Kitchen Trailer Rental | Temporary123","1","Central Mountains, Idaho Mobile Kitchen Trailer Rental","","noindex,follow","false","7","false","https://temp123-nine.vercel.app/service-areas/idaho/central-mountains/","200","","200","https://temp123-nine.vercel.app/service-areas/idaho/central-mountains/","noindex, follow","","False"
"/service-areas/idaho/central-mountains/cities/","rendered_page","","Location","regional-city-directory","","","","true","false","true","Central Mountains, Idaho Facility Rental Locations | Temporary123","1","Central Mountains, Idaho Facility Rental Locations","","noindex,follow","false","1","false","https://temp123-nine.vercel.app/service-areas/idaho/central-mountains/cities/","200","","200","https://temp123-nine.vercel.app/service-areas/idaho/central-mountains/cities/","noindex, follow","","False"
"/service-areas/idaho/eastern-idaho/","rendered_page","","Location","region","Idaho","Eastern Idaho","","true","false","true","Eastern Idaho Temporary Facilities Lease | Temporary123","1","Eastern Idaho Temporary Facilities Lease","","noindex,follow","false","7","false","https://temp123-nine.vercel.app/service-areas/idaho/eastern-idaho/","200","","200","https://temp123-nine.vercel.app/service-areas/idaho/eastern-idaho/","noindex, follow","","False"
"/service-areas/idaho/eastern-idaho/cities/","rendered_page","","Location","regional-city-directory","","","","true","false","true","Eastern Idaho Facility Rental Locations | Temporary123","1","Eastern Idaho Facility Rental Locations","","noindex,follow","false","1","false","https://temp123-nine.vercel.app/service-areas/idaho/eastern-idaho/cities/","200","","200","https://temp123-nine.vercel.app/service-areas/idaho/eastern-idaho/cities/","noindex, follow","","False"
"/service-areas/idaho/north-idaho/","rendered_page","","Location","region","Idaho","North Idaho","","true","false","true","North Idaho Emergency Trailer Rental | Temporary123","1","North Idaho Emergency Trailer Rental","","noindex,follow","false","7","false","https://temp123-nine.vercel.app/service-areas/idaho/north-idaho/","200","","200","https://temp123-nine.vercel.app/service-areas/idaho/north-idaho/","noindex, follow","","False"
"/service-areas/idaho/north-idaho/cities/","rendered_page","","Location","regional-city-directory","","","","true","false","true","North Idaho Facility Rental Locations | Temporary123","1","North Idaho Facility Rental Locations","","noindex,follow","false","1","false","https://temp123-nine.vercel.app/service-areas/idaho/north-idaho/cities/","200","","200","https://temp123-nine.vercel.app/service-areas/idaho/north-idaho/cities/","noindex, follow","","False"
"/service-areas/idaho/southwest-idaho/","rendered_page","","Location","region","Idaho","Southwest Idaho","","true","false","true","Southwest Idaho Shower and Restroom Trailer Rental | Temporary123","1","Southwest Idaho Shower and Restroom Trailer Rental","","noindex,follow","false","7","false","https://temp123-nine.vercel.app/service-areas/idaho/southwest-idaho/","200","","200","https://temp123-nine.vercel.app/service-areas/idaho/southwest-idaho/","noindex, follow","","False"
"/service-areas/idaho/southwest-idaho/cities/","rendered_page","","Location","regional-city-directory","","","","true","false","true","Southwest Idaho Facility Rental Locations | Temporary123","1","Southwest Idaho Facility Rental Locations","","noindex,follow","false","1","false","https://temp123-nine.vercel.app/service-areas/idaho/southwest-idaho/cities/","200","","200","https://temp123-nine.vercel.app/service-areas/idaho/southwest-idaho/cities/","noindex, follow","","False"
"/service-areas/illinois/","rendered_page","","Location","state","","","","true","false","true","Illinois Emergency Shower Trailer Rental | Temporary123","1","Illinois Emergency Shower Trailer Rental","","noindex,follow","false","10","false","https://temp123-nine.vercel.app/service-areas/illinois/","200","","200","https://temp123-nine.vercel.app/service-areas/illinois/","noindex, follow","","False"
"/service-areas/illinois/central-illinois/","rendered_page","","Location","region","Illinois","Central Illinois","","true","false","true","Central Illinois Portable Facilities Rental | Temporary123","1","Central Illinois Portable Facilities Rental","","noindex,follow","false","7","false","https://temp123-nine.vercel.app/service-areas/illinois/central-illinois/","200","","200","https://temp123-nine.vercel.app/service-areas/illinois/central-illinois/","noindex, follow","","False"
"/service-areas/illinois/central-illinois/cities/","rendered_page","","Location","regional-city-directory","","","","true","false","true","Central Illinois Facility Rental Locations | Temporary123","1","Central Illinois Facility Rental Locations","","noindex,follow","false","1","false","https://temp123-nine.vercel.app/service-areas/illinois/central-illinois/cities/","200","","200","https://temp123-nine.vercel.app/service-areas/illinois/central-illinois/cities/","noindex, follow","","False"
"/service-areas/illinois/chicago-area/","rendered_page","","Location","region","Illinois","Chicago area","","true","false","true","Chicago area, Illinois Emergency Shower Trailer Rental | Temporary123","1","Chicago area, Illinois Emergency Shower Trailer Rental","","noindex,follow","false","8","false","https://temp123-nine.vercel.app/service-areas/illinois/chicago-area/","200","","200","https://temp123-nine.vercel.app/service-areas/illinois/chicago-area/","noindex, follow","","False"
"/service-areas/illinois/chicago-area/cities/","rendered_page","","Location","regional-city-directory","","","","true","false","true","Chicago area, Illinois Facility Rental Locations | Temporary123","1","Chicago area, Illinois Facility Rental Locations","","noindex,follow","false","1","false","https://temp123-nine.vercel.app/service-areas/illinois/chicago-area/cities/","200","","200","https://temp123-nine.vercel.app/service-areas/illinois/chicago-area/cities/","noindex, follow","","False"
"/service-areas/illinois/northern-illinois/","rendered_page","","Location","region","Illinois","Northern Illinois","","true","false","true","Northern Illinois Sleeper Bunkbed Trailer Rental | Temporary123","1","Northern Illinois Sleeper Bunkbed Trailer Rental","","noindex,follow","false","7","false","https://temp123-nine.vercel.app/service-areas/illinois/northern-illinois/","200","","200","https://temp123-nine.vercel.app/service-areas/illinois/northern-illinois/","noindex, follow","","False"
"/service-areas/illinois/northern-illinois/cities/","rendered_page","","Location","regional-city-directory","","","","true","false","true","Northern Illinois Facility Rental Locations | Temporary123","1","Northern Illinois Facility Rental Locations","","noindex,follow","false","1","false","https://temp123-nine.vercel.app/service-areas/illinois/northern-illinois/cities/","200","","200","https://temp123-nine.vercel.app/service-areas/illinois/northern-illinois/cities/","noindex, follow","","False"
"/service-areas/illinois/southern-illinois/","rendered_page","","Location","region","Illinois","Southern Illinois","","true","false","true","Southern Illinois Mobile Trailer Lease | Temporary123","1","Southern Illinois Mobile Trailer Lease","","noindex,follow","false","7","false","https://temp123-nine.vercel.app/service-areas/illinois/southern-illinois/","200","","200","https://temp123-nine.vercel.app/service-areas/illinois/southern-illinois/","noindex, follow","","False"
"/service-areas/illinois/southern-illinois/cities/","rendered_page","","Location","regional-city-directory","","","","true","false","true","Southern Illinois Facility Rental Locations | Temporary123","1","Southern Illinois Facility Rental Locations","","noindex,follow","false","1","false","https://temp123-nine.vercel.app/service-areas/illinois/southern-illinois/cities/","200","","200","https://temp123-nine.vercel.app/service-areas/illinois/southern-illinois/cities/","noindex, follow","","False"
"/service-areas/indiana/","rendered_page","","Location","state","","","","true","false","true","Indiana Sleeper Bunkbed Trailer Rental | Temporary123","1","Indiana Sleeper Bunkbed Trailer Rental","","noindex,follow","false","8","false","https://temp123-nine.vercel.app/service-areas/indiana/","200","","200","https://temp123-nine.vercel.app/service-areas/indiana/","noindex, follow","","False"
"/service-areas/indiana/central-indiana/","rendered_page","","Location","region","Indiana","Central Indiana","","true","false","true","Central Indiana Portable Facilities Rental | Temporary123","1","Central Indiana Portable Facilities Rental","","noindex,follow","false","6","false","https://temp123-nine.vercel.app/service-areas/indiana/central-indiana/","200","","200","https://temp123-nine.vercel.app/service-areas/indiana/central-indiana/","noindex, follow","","False"
"/service-areas/indiana/central-indiana/cities/","rendered_page","","Location","regional-city-directory","","","","true","false","true","Central Indiana Facility Rental Locations | Temporary123","1","Central Indiana Facility Rental Locations","","noindex,follow","false","1","false","https://temp123-nine.vercel.app/service-areas/indiana/central-indiana/cities/","200","","200","https://temp123-nine.vercel.app/service-areas/indiana/central-indiana/cities/","noindex, follow","","False"
"/service-areas/indiana/northern-indiana/","rendered_page","","Location","region","Indiana","Northern Indiana","","true","false","true","Northern Indiana Sleeper Bunkbed Trailer Rental | Temporary123","1","Northern Indiana Sleeper Bunkbed Trailer Rental","","noindex,follow","false","6","false","https://temp123-nine.vercel.app/service-areas/indiana/northern-indiana/","200","","200","https://temp123-nine.vercel.app/service-areas/indiana/northern-indiana/","noindex, follow","","False"
"/service-areas/indiana/northern-indiana/cities/","rendered_page","","Location","regional-city-directory","","","","true","false","true","Northern Indiana Facility Rental Locations | Temporary123","1","Northern Indiana Facility Rental Locations","","noindex,follow","false","1","false","https://temp123-nine.vercel.app/service-areas/indiana/northern-indiana/cities/","200","","200","https://temp123-nine.vercel.app/service-areas/indiana/northern-indiana/cities/","noindex, follow","","False"
"/service-areas/indiana/southern-indiana/","rendered_page","","Location","region","Indiana","Southern Indiana","","true","false","true","Southern Indiana Mobile Trailer Lease | Temporary123","1","Southern Indiana Mobile Trailer Lease","","noindex,follow","false","6","false","https://temp123-nine.vercel.app/service-areas/indiana/southern-indiana/","200","","200","https://temp123-nine.vercel.app/service-areas/indiana/southern-indiana/","noindex, follow","","False"
"/service-areas/indiana/southern-indiana/cities/","rendered_page","","Location","regional-city-directory","","","","true","false","true","Southern Indiana Facility Rental Locations | Temporary123","1","Southern Indiana Facility Rental Locations","","noindex,follow","false","1","false","https://temp123-nine.vercel.app/service-areas/indiana/southern-indiana/cities/","200","","200","https://temp123-nine.vercel.app/service-areas/indiana/southern-indiana/cities/","noindex, follow","","False"
"/service-areas/iowa/","rendered_page","","Location","state","","","","true","false","true","Iowa Shower and Restroom Trailer Rental | Temporary123","1","Iowa Shower and Restroom Trailer Rental","","noindex,follow","false","10","false","https://temp123-nine.vercel.app/service-areas/iowa/","200","","200","https://temp123-nine.vercel.app/service-areas/iowa/","noindex, follow","","False"
"/service-areas/iowa/central-iowa/","rendered_page","","Location","region","Iowa","Central Iowa","","true","false","true","Central Iowa Mobile Kitchen Trailer Rental | Temporary123","1","Central Iowa Mobile Kitchen Trailer Rental","","noindex,follow","false","7","false","https://temp123-nine.vercel.app/service-areas/iowa/central-iowa/","200","","200","https://temp123-nine.vercel.app/service-areas/iowa/central-iowa/","noindex, follow","","False"
"/service-areas/iowa/central-iowa/cities/","rendered_page","","Location","regional-city-directory","","","","true","false","true","Central Iowa Facility Rental Locations | Temporary123","1","Central Iowa Facility Rental Locations","","noindex,follow","false","1","false","https://temp123-nine.vercel.app/service-areas/iowa/central-iowa/cities/","200","","200","https://temp123-nine.vercel.app/service-areas/iowa/central-iowa/cities/","noindex, follow","","False"
"/service-areas/iowa/northeast-iowa/","rendered_page","","Location","region","Iowa","Northeast Iowa","","true","false","true","Northeast Iowa Temporary Facilities Lease | Temporary123","1","Northeast Iowa Temporary Facilities Lease","","noindex,follow","false","7","false","https://temp123-nine.vercel.app/service-areas/iowa/northeast-iowa/","200","","200","https://temp123-nine.vercel.app/service-areas/iowa/northeast-iowa/","noindex, follow","","False"
"/service-areas/iowa/northeast-iowa/cities/","rendered_page","","Location","regional-city-directory","","","","true","false","true","Northeast Iowa Facility Rental Locations | Temporary123","1","Northeast Iowa Facility Rental Locations","","noindex,follow","false","1","false","https://temp123-nine.vercel.app/service-areas/iowa/northeast-iowa/cities/","200","","200","https://temp123-nine.vercel.app/service-areas/iowa/northeast-iowa/cities/","noindex, follow","","False"
"/service-areas/iowa/northwest-iowa/","rendered_page","","Location","region","Iowa","Northwest Iowa","","true","false","true","Northwest Iowa Shower and Restroom Trailer Rental | Temporary123","1","Northwest Iowa Shower and Restroom Trailer Rental","","noindex,follow","false","7","false","https://temp123-nine.vercel.app/service-areas/iowa/northwest-iowa/","200","","200","https://temp123-nine.vercel.app/service-areas/iowa/northwest-iowa/","noindex, follow","","False"
"/service-areas/iowa/northwest-iowa/cities/","rendered_page","","Location","regional-city-directory","","","","true","false","true","Northwest Iowa Facility Rental Locations | Temporary123","1","Northwest Iowa Facility Rental Locations","","noindex,follow","false","1","false","https://temp123-nine.vercel.app/service-areas/iowa/northwest-iowa/cities/","200","","200","https://temp123-nine.vercel.app/service-areas/iowa/northwest-iowa/cities/","noindex, follow","","False"
"/service-areas/iowa/southern-iowa/","rendered_page","","Location","region","Iowa","Southern Iowa","","true","false","true","Southern Iowa Emergency Shower Trailer Rental | Temporary123","1","Southern Iowa Emergency Shower Trailer Rental","","noindex,follow","false","7","false","https://temp123-nine.vercel.app/service-areas/iowa/southern-iowa/","200","","200","https://temp123-nine.vercel.app/service-areas/iowa/southern-iowa/","noindex, follow","","False"
"/service-areas/iowa/southern-iowa/cities/","rendered_page","","Location","regional-city-directory","","","","true","false","true","Southern Iowa Facility Rental Locations | Temporary123","1","Southern Iowa Facility Rental Locations","","noindex,follow","false","1","false","https://temp123-nine.vercel.app/service-areas/iowa/southern-iowa/cities/","200","","200","https://temp123-nine.vercel.app/service-areas/iowa/southern-iowa/cities/","noindex, follow","","False"
"/service-areas/kansas/","rendered_page","","Location","state","","","","true","false","true","Kansas Portable Facilities Rental | Temporary123","1","Kansas Portable Facilities Rental","","noindex,follow","false","12","false","https://temp123-nine.vercel.app/service-areas/kansas/","200","","200","https://temp123-nine.vercel.app/service-areas/kansas/","noindex, follow","","False"
"/service-areas/kansas/kansas-city-area/","rendered_page","","Location","region","Kansas","Kansas City area","","true","false","true","Kansas City area Emergency Trailer Rental | Temporary123","1","Kansas City area Emergency Trailer Rental","","noindex,follow","false","7","false","https://temp123-nine.vercel.app/service-areas/kansas/kansas-city-area/","200","","200","https://temp123-nine.vercel.app/service-areas/kansas/kansas-city-area/","noindex, follow","","False"
"/service-areas/kansas/kansas-city-area/cities/","rendered_page","","Location","regional-city-directory","","","","true","false","true","Kansas City area Facility Rental Locations | Temporary123","1","Kansas City area Facility Rental Locations","","noindex,follow","false","1","false","https://temp123-nine.vercel.app/service-areas/kansas/kansas-city-area/cities/","200","","200","https://temp123-nine.vercel.app/service-areas/kansas/kansas-city-area/cities/","noindex, follow","","False"
"/service-areas/kansas/north-central-kansas/","rendered_page","","Location","region","Kansas","North Central Kansas","","true","false","true","North Central Kansas Mobile Trailer Lease | Temporary123","1","North Central Kansas Mobile Trailer Lease","","noindex,follow","false","7","false","https://temp123-nine.vercel.app/service-areas/kansas/north-central-kansas/","200","","200","https://temp123-nine.vercel.app/service-areas/kansas/north-central-kansas/","noindex, follow","","False"
"/service-areas/kansas/north-central-kansas/cities/","rendered_page","","Location","regional-city-directory","","","","true","false","true","North Central Kansas Facility Rental Locations | Temporary123","1","North Central Kansas Facility Rental Locations","","noindex,follow","false","1","false","https://temp123-nine.vercel.app/service-areas/kansas/north-central-kansas/cities/","200","","200","https://temp123-nine.vercel.app/service-areas/kansas/north-central-kansas/cities/","noindex, follow","","False"
"/service-areas/kansas/south-central-kansas/","rendered_page","","Location","region","Kansas","South Central Kansas","","true","false","true","South Central Kansas Shower and Restroom Trailer Rental | Temporary123","1","South Central Kansas Shower and Restroom Trailer Rental","","noindex,follow","false","7","false","https://temp123-nine.vercel.app/service-areas/kansas/south-central-kansas/","200","","200","https://temp123-nine.vercel.app/service-areas/kansas/south-central-kansas/","noindex, follow","","False"
"/service-areas/kansas/south-central-kansas/cities/","rendered_page","","Location","regional-city-directory","","","","true","false","true","South Central Kansas Facility Rental Locations | Temporary123","1","South Central Kansas Facility Rental Locations","","noindex,follow","false","1","false","https://temp123-nine.vercel.app/service-areas/kansas/south-central-kansas/cities/","200","","200","https://temp123-nine.vercel.app/service-areas/kansas/south-central-kansas/cities/","noindex, follow","","False"
"/service-areas/kansas/southeast-kansas/","rendered_page","","Location","region","Kansas","Southeast Kansas","","true","false","true","Southeast Kansas Mobile Kitchen Trailer Rental | Temporary123","1","Southeast Kansas Mobile Kitchen Trailer Rental","","noindex,follow","false","7","false","https://temp123-nine.vercel.app/service-areas/kansas/southeast-kansas/","200","","200","https://temp123-nine.vercel.app/service-areas/kansas/southeast-kansas/","noindex, follow","","False"
"/service-areas/kansas/southeast-kansas/cities/","rendered_page","","Location","regional-city-directory","","","","true","false","true","Southeast Kansas Facility Rental Locations | Temporary123","1","Southeast Kansas Facility Rental Locations","","noindex,follow","false","1","false","https://temp123-nine.vercel.app/service-areas/kansas/southeast-kansas/cities/","200","","200","https://temp123-nine.vercel.app/service-areas/kansas/southeast-kansas/cities/","noindex, follow","","False"
"/service-areas/kansas/western-kansas/","rendered_page","","Location","region","Kansas","Western Kansas","","true","false","true","Western Kansas Portable Facilities Rental | Temporary123","1","Western Kansas Portable Facilities Rental","","noindex,follow","false","7","false","https://temp123-nine.vercel.app/service-areas/kansas/western-kansas/","200","","200","https://temp123-nine.vercel.app/service-areas/kansas/western-kansas/","noindex, follow","","False"
"/service-areas/kansas/western-kansas/cities/","rendered_page","","Location","regional-city-directory","","","","true","false","true","Western Kansas Facility Rental Locations | Temporary123","1","Western Kansas Facility Rental Locations","","noindex,follow","false","1","false","https://temp123-nine.vercel.app/service-areas/kansas/western-kansas/cities/","200","","200","https://temp123-nine.vercel.app/service-areas/kansas/western-kansas/cities/","noindex, follow","","False"
"/service-areas/kentucky/","rendered_page","","Location","state","","","","true","false","true","Kentucky Sleeper Bunkbed Trailer Rental | Temporary123","1","Kentucky Sleeper Bunkbed Trailer Rental","","noindex,follow","false","10","false","https://temp123-nine.vercel.app/service-areas/kentucky/","200","","200","https://temp123-nine.vercel.app/service-areas/kentucky/","noindex, follow","","False"
"/service-areas/kentucky/bluegrass-region/","rendered_page","","Location","region","Kentucky","Bluegrass region","","true","false","true","Bluegrass region, Kentucky Portable Facilities Rental | Temporary123","1","Bluegrass region, Kentucky Portable Facilities Rental","","noindex,follow","false","7","false","https://temp123-nine.vercel.app/service-areas/kentucky/bluegrass-region/","200","","200","https://temp123-nine.vercel.app/service-areas/kentucky/bluegrass-region/","noindex, follow","","False"
"/service-areas/kentucky/bluegrass-region/cities/","rendered_page","","Location","regional-city-directory","","","","true","false","true","Bluegrass region, Kentucky Facility Rental Locations | Temporary123","1","Bluegrass region, Kentucky Facility Rental Locations","","noindex,follow","false","1","false","https://temp123-nine.vercel.app/service-areas/kentucky/bluegrass-region/cities/","200","","200","https://temp123-nine.vercel.app/service-areas/kentucky/bluegrass-region/cities/","noindex, follow","","False"
"/service-areas/kentucky/eastern-kentucky/","rendered_page","","Location","region","Kentucky","Eastern Kentucky","","true","false","true","Eastern Kentucky Mobile Trailer Lease | Temporary123","1","Eastern Kentucky Mobile Trailer Lease","","noindex,follow","false","7","false","https://temp123-nine.vercel.app/service-areas/kentucky/eastern-kentucky/","200","","200","https://temp123-nine.vercel.app/service-areas/kentucky/eastern-kentucky/","noindex, follow","","False"
"/service-areas/kentucky/eastern-kentucky/cities/","rendered_page","","Location","regional-city-directory","","","","true","false","true","Eastern Kentucky Facility Rental Locations | Temporary123","1","Eastern Kentucky Facility Rental Locations","","noindex,follow","false","1","false","https://temp123-nine.vercel.app/service-areas/kentucky/eastern-kentucky/cities/","200","","200","https://temp123-nine.vercel.app/service-areas/kentucky/eastern-kentucky/cities/","noindex, follow","","False"
"/service-areas/kentucky/south-central-kentucky/","rendered_page","","Location","region","Kentucky","South Central Kentucky","","true","false","true","South Central Kentucky Emergency Trailer Rental | Temporary123","1","South Central Kentucky Emergency Trailer Rental","","noindex,follow","false","8","false","https://temp123-nine.vercel.app/service-areas/kentucky/south-central-kentucky/","200","","200","https://temp123-nine.vercel.app/service-areas/kentucky/south-central-kentucky/","noindex, follow","","False"
"/service-areas/kentucky/south-central-kentucky/cities/","rendered_page","","Location","regional-city-directory","","","","true","false","true","South Central Kentucky Facility Rental Locations | Temporary123","1","South Central Kentucky Facility Rental Locations","","noindex,follow","false","1","false","https://temp123-nine.vercel.app/service-areas/kentucky/south-central-kentucky/cities/","200","","200","https://temp123-nine.vercel.app/service-areas/kentucky/south-central-kentucky/cities/","noindex, follow","","False"
"/service-areas/kentucky/western-coalfields/","rendered_page","","Location","region","Kentucky","Western Coalfields","","true","false","true","Western Coalfields, Kentucky Sleeper Bunkbed Trailer Rental | Temporary123","1","Western Coalfields, Kentucky Sleeper Bunkbed Trailer Rental","","noindex,follow","false","7","false","https://temp123-nine.vercel.app/service-areas/kentucky/western-coalfields/","200","","200","https://temp123-nine.vercel.app/service-areas/kentucky/western-coalfields/","noindex, follow","","False"
"/service-areas/kentucky/western-coalfields/cities/","rendered_page","","Location","regional-city-directory","","","","true","false","true","Western Coalfields, Kentucky Facility Rental Locations | Temporary123","1","Western Coalfields, Kentucky Facility Rental Locations","","noindex,follow","false","1","false","https://temp123-nine.vercel.app/service-areas/kentucky/western-coalfields/cities/","200","","200","https://temp123-nine.vercel.app/service-areas/kentucky/western-coalfields/cities/","noindex, follow","","False"
"/service-areas/louisiana/","rendered_page","","Location","state","","","","true","false","true","Louisiana Mobile Kitchen Trailer Rental | Temporary123","1","Louisiana Mobile Kitchen Trailer Rental","","noindex,follow","false","12","false","https://temp123-nine.vercel.app/service-areas/louisiana/","200","","200","https://temp123-nine.vercel.app/service-areas/louisiana/","noindex, follow","","False"
"/service-areas/louisiana/acadiana/","rendered_page","","Location","region","Louisiana","Acadiana","","true","false","true","Acadiana, Louisiana Temporary Facilities Lease | Temporary123","1","Acadiana, Louisiana Temporary Facilities Lease","","noindex,follow","false","7","false","https://temp123-nine.vercel.app/service-areas/louisiana/acadiana/","200","","200","https://temp123-nine.vercel.app/service-areas/louisiana/acadiana/","noindex, follow","","False"
"/service-areas/louisiana/acadiana/cities/","rendered_page","","Location","regional-city-directory","","","","true","false","true","Acadiana, Louisiana Facility Rental Locations | Temporary123","1","Acadiana, Louisiana Facility Rental Locations","","noindex,follow","false","1","false","https://temp123-nine.vercel.app/service-areas/louisiana/acadiana/cities/","200","","200","https://temp123-nine.vercel.app/service-areas/louisiana/acadiana/cities/","noindex, follow","","False"
"/service-areas/louisiana/capital-region/","rendered_page","","Location","region","Louisiana","Capital Region","","true","false","true","Capital Region, Louisiana Emergency Shower Trailer Rental | Temporary123","1","Capital Region, Louisiana Emergency Shower Trailer Rental","","noindex,follow","false","7","false","https://temp123-nine.vercel.app/service-areas/louisiana/capital-region/","200","","200","https://temp123-nine.vercel.app/service-areas/louisiana/capital-region/","noindex, follow","","False"
"/service-areas/louisiana/capital-region/cities/","rendered_page","","Location","regional-city-directory","","","","true","false","true","Capital Region, Louisiana Facility Rental Locations | Temporary123","1","Capital Region, Louisiana Facility Rental Locations","","noindex,follow","false","1","false","https://temp123-nine.vercel.app/service-areas/louisiana/capital-region/cities/","200","","200","https://temp123-nine.vercel.app/service-areas/louisiana/capital-region/cities/","noindex, follow","","False"
"/service-areas/louisiana/greater-new-orleans/","rendered_page","","Location","region","Louisiana","Greater New Orleans","","true","false","true","Greater New Orleans, Louisiana Sleeper Bunkbed Trailer Rental | Temporary123","1","Greater New Orleans, Louisiana Sleeper Bunkbed Trailer Rental","","noindex,follow","false","7","false","https://temp123-nine.vercel.app/service-areas/louisiana/greater-new-orleans/","200","","200","https://temp123-nine.vercel.app/service-areas/louisiana/greater-new-orleans/","noindex, follow","","False"
"/service-areas/louisiana/greater-new-orleans/cities/","rendered_page","","Location","regional-city-directory","","","","true","false","true","Greater New Orleans, Louisiana Facility Rental Locations | Temporary123","1","Greater New Orleans, Louisiana Facility Rental Locations","","noindex,follow","false","1","false","https://temp123-nine.vercel.app/service-areas/louisiana/greater-new-orleans/cities/","200","","200","https://temp123-nine.vercel.app/service-areas/louisiana/greater-new-orleans/cities/","noindex, follow","","False"
"/service-areas/louisiana/north-louisiana/","rendered_page","","Location","region","Louisiana","North Louisiana","","true","false","true","North Louisiana Mobile Kitchen Trailer Rental | Temporary123","1","North Louisiana Mobile Kitchen Trailer Rental","","noindex,follow","false","7","false","https://temp123-nine.vercel.app/service-areas/louisiana/north-louisiana/","200","","200","https://temp123-nine.vercel.app/service-areas/louisiana/north-louisiana/","noindex, follow","","False"
"/service-areas/louisiana/north-louisiana/cities/","rendered_page","","Location","regional-city-directory","","","","true","false","true","North Louisiana Facility Rental Locations | Temporary123","1","North Louisiana Facility Rental Locations","","noindex,follow","false","1","false","https://temp123-nine.vercel.app/service-areas/louisiana/north-louisiana/cities/","200","","200","https://temp123-nine.vercel.app/service-areas/louisiana/north-louisiana/cities/","noindex, follow","","False"
"/service-areas/louisiana/river-parishes/","rendered_page","","Location","region","Louisiana","River Parishes","","true","false","true","River Parishes, Louisiana Portable Facilities Rental | Temporary123","1","River Parishes, Louisiana Portable Facilities Rental","","noindex,follow","false","7","false","https://temp123-nine.vercel.app/service-areas/louisiana/river-parishes/","200","","200","https://temp123-nine.vercel.app/service-areas/louisiana/river-parishes/","noindex, follow","","False"
"/service-areas/louisiana/river-parishes/cities/","rendered_page","","Location","regional-city-directory","","","","true","false","true","River Parishes, Louisiana Facility Rental Locations | Temporary123","1","River Parishes, Louisiana Facility Rental Locations","","noindex,follow","false","1","false","https://temp123-nine.vercel.app/service-areas/louisiana/river-parishes/cities/","200","","200","https://temp123-nine.vercel.app/service-areas/louisiana/river-parishes/cities/","noindex, follow","","False"
"/service-areas/maine/","rendered_page","","Location","state","","","","true","false","true","Maine Mobile Trailer Lease | Temporary123","1","Maine Mobile Trailer Lease","","noindex,follow","false","14","false","https://temp123-nine.vercel.app/service-areas/maine/","200","","200","https://temp123-nine.vercel.app/service-areas/maine/","noindex, follow","","False"
"/service-areas/maine/aroostook-county/","rendered_page","","Location","region","Maine","Aroostook County","","true","false","true","Aroostook County, Maine Mobile Trailer Lease | Temporary123","1","Aroostook County, Maine Mobile Trailer Lease","","noindex,follow","false","7","false","https://temp123-nine.vercel.app/service-areas/maine/aroostook-county/","200","","200","https://temp123-nine.vercel.app/service-areas/maine/aroostook-county/","noindex, follow","","False"
"/service-areas/maine/aroostook-county/cities/","rendered_page","","Location","regional-city-directory","","","","true","false","true","Aroostook County, Maine Facility Rental Locations | Temporary123","1","Aroostook County, Maine Facility Rental Locations","","noindex,follow","false","1","false","https://temp123-nine.vercel.app/service-areas/maine/aroostook-county/cities/","200","","200","https://temp123-nine.vercel.app/service-areas/maine/aroostook-county/cities/","noindex, follow","","False"
"/service-areas/maine/downeast-and-acadia/","rendered_page","","Location","region","Maine","DownEast and Acadia","","true","false","true","DownEast and Acadia, Maine Temporary Facilities Lease | Temporary123","1","DownEast and Acadia, Maine Temporary Facilities Lease","","noindex,follow","false","7","false","https://temp123-nine.vercel.app/service-areas/maine/downeast-and-acadia/","200","","200","https://temp123-nine.vercel.app/service-areas/maine/downeast-and-acadia/","noindex, follow","","False"
"/service-areas/maine/downeast-and-acadia/cities/","rendered_page","","Location","regional-city-directory","","","","true","false","true","DownEast and Acadia, Maine Facility Rental Locations | Temporary123","1","DownEast and Acadia, Maine Facility Rental Locations","","noindex,follow","false","1","false","https://temp123-nine.vercel.app/service-areas/maine/downeast-and-acadia/cities/","200","","200","https://temp123-nine.vercel.app/service-areas/maine/downeast-and-acadia/cities/","noindex, follow","","False"
"/service-areas/maine/highlands/","rendered_page","","Location","region","Maine","Highlands","","true","false","true","Highlands, Maine Emergency Trailer Rental | Temporary123","1","Highlands, Maine Emergency Trailer Rental","","noindex,follow","false","7","false","https://temp123-nine.vercel.app/service-areas/maine/highlands/","200","","200","https://temp123-nine.vercel.app/service-areas/maine/highlands/","noindex, follow","","False"
"/service-areas/maine/highlands/cities/","rendered_page","","Location","regional-city-directory","","","","true","false","true","Highlands, Maine Facility Rental Locations | Temporary123","1","Highlands, Maine Facility Rental Locations","","noindex,follow","false","1","false","https://temp123-nine.vercel.app/service-areas/maine/highlands/cities/","200","","200","https://temp123-nine.vercel.app/service-areas/maine/highlands/cities/","noindex, follow","","False"
"/service-areas/maine/midcoast/","rendered_page","","Location","region","Maine","Midcoast","","true","false","true","Midcoast, Maine Mobile Kitchen Trailer Rental | Temporary123","1","Midcoast, Maine Mobile Kitchen Trailer Rental","","noindex,follow","false","7","false","https://temp123-nine.vercel.app/service-areas/maine/midcoast/","200","","200","https://temp123-nine.vercel.app/service-areas/maine/midcoast/","noindex, follow","","False"
"/service-areas/maine/midcoast/cities/","rendered_page","","Location","regional-city-directory","","","","true","false","true","Midcoast, Maine Facility Rental Locations | Temporary123","1","Midcoast, Maine Facility Rental Locations","","noindex,follow","false","1","false","https://temp123-nine.vercel.app/service-areas/maine/midcoast/cities/","200","","200","https://temp123-nine.vercel.app/service-areas/maine/midcoast/cities/","noindex, follow","","False"
"/service-areas/maine/southern-coast/","rendered_page","","Location","region","Maine","Southern Coast","","true","false","true","Southern Coast, Maine Emergency Shower Trailer Rental | Temporary123","1","Southern Coast, Maine Emergency Shower Trailer Rental","","noindex,follow","false","7","false","https://temp123-nine.vercel.app/service-areas/maine/southern-coast/","200","","200","https://temp123-nine.vercel.app/service-areas/maine/southern-coast/","noindex, follow","","False"
"/service-areas/maine/southern-coast/cities/","rendered_page","","Location","regional-city-directory","","","","true","false","true","Southern Coast, Maine Facility Rental Locations | Temporary123","1","Southern Coast, Maine Facility Rental Locations","","noindex,follow","false","1","false","https://temp123-nine.vercel.app/service-areas/maine/southern-coast/cities/","200","","200","https://temp123-nine.vercel.app/service-areas/maine/southern-coast/cities/","noindex, follow","","False"
"/service-areas/maine/western-lakes-and-mountains/","rendered_page","","Location","region","Maine","Western Lakes and Mountains","","true","false","true","Western Lakes and Mountains, Maine Shower and Restroom Trailer Rental | Temporary123","1","Western Lakes and Mountains, Maine Shower and Restroom Trailer Rental","","noindex,follow","false","7","false","https://temp123-nine.vercel.app/service-areas/maine/western-lakes-and-mountains/","200","","200","https://temp123-nine.vercel.app/service-areas/maine/western-lakes-and-mountains/","noindex, follow","","False"
"/service-areas/maine/western-lakes-and-mountains/cities/","rendered_page","","Location","regional-city-directory","","","","true","false","true","Western Lakes and Mountains, Maine Facility Rental Locations | Temporary123","1","Western Lakes and Mountains, Maine Facility Rental Locations","","noindex,follow","false","1","false","https://temp123-nine.vercel.app/service-areas/maine/western-lakes-and-mountains/cities/","200","","200","https://temp123-nine.vercel.app/service-areas/maine/western-lakes-and-mountains/cities/","noindex, follow","","False"
"/service-areas/maryland/","rendered_page","","Location","state","","","","true","false","true","Maryland Mobile Trailer Lease | Temporary123","1","Maryland Mobile Trailer Lease","","noindex,follow","false","12","false","https://temp123-nine.vercel.app/service-areas/maryland/","200","","200","https://temp123-nine.vercel.app/service-areas/maryland/","noindex, follow","","False"
"/service-areas/maryland/capital-region/","rendered_page","","Location","region","Maryland","Capital Region","","true","false","true","Capital Region, Maryland Emergency Trailer Rental | Temporary123","1","Capital Region, Maryland Emergency Trailer Rental","","noindex,follow","false","7","false","https://temp123-nine.vercel.app/service-areas/maryland/capital-region/","200","","200","https://temp123-nine.vercel.app/service-areas/maryland/capital-region/","noindex, follow","","False"
"/service-areas/maryland/capital-region/cities/","rendered_page","","Location","regional-city-directory","","","","true","false","true","Capital Region, Maryland Facility Rental Locations | Temporary123","1","Capital Region, Maryland Facility Rental Locations","","noindex,follow","false","1","false","https://temp123-nine.vercel.app/service-areas/maryland/capital-region/cities/","200","","200","https://temp123-nine.vercel.app/service-areas/maryland/capital-region/cities/","noindex, follow","","False"
"/service-areas/maryland/central-maryland/","rendered_page","","Location","region","Maryland","Central Maryland","","true","false","true","Central Maryland Shower and Restroom Trailer Rental | Temporary123","1","Central Maryland Shower and Restroom Trailer Rental","","noindex,follow","false","7","false","https://temp123-nine.vercel.app/service-areas/maryland/central-maryland/","200","","200","https://temp123-nine.vercel.app/service-areas/maryland/central-maryland/","noindex, follow","","False"
"/service-areas/maryland/central-maryland/cities/","rendered_page","","Location","regional-city-directory","","","","true","false","true","Central Maryland Facility Rental Locations | Temporary123","1","Central Maryland Facility Rental Locations","","noindex,follow","false","1","false","https://temp123-nine.vercel.app/service-areas/maryland/central-maryland/cities/","200","","200","https://temp123-nine.vercel.app/service-areas/maryland/central-maryland/cities/","noindex, follow","","False"
"/service-areas/maryland/eastern-shore/","rendered_page","","Location","region","Maryland","Eastern Shore","","true","false","true","Eastern Shore, Maryland Mobile Kitchen Trailer Rental | Temporary123","1","Eastern Shore, Maryland Mobile Kitchen Trailer Rental","","noindex,follow","false","9","false","https://temp123-nine.vercel.app/service-areas/maryland/eastern-shore/","200","","200","https://temp123-nine.vercel.app/service-areas/maryland/eastern-shore/","noindex, follow","","False"
"/service-areas/maryland/eastern-shore/cities/","rendered_page","","Location","regional-city-directory","","","","true","false","true","Eastern Shore, Maryland Facility Rental Locations | Temporary123","1","Eastern Shore, Maryland Facility Rental Locations","","noindex,follow","false","1","false","https://temp123-nine.vercel.app/service-areas/maryland/eastern-shore/cities/","200","","200","https://temp123-nine.vercel.app/service-areas/maryland/eastern-shore/cities/","noindex, follow","","False"
"/service-areas/maryland/southern-maryland/","rendered_page","","Location","region","Maryland","Southern Maryland","","true","false","true","Southern Maryland Temporary Facilities Lease | Temporary123","1","Southern Maryland Temporary Facilities Lease","","noindex,follow","false","7","false","https://temp123-nine.vercel.app/service-areas/maryland/southern-maryland/","200","","200","https://temp123-nine.vercel.app/service-areas/maryland/southern-maryland/","noindex, follow","","False"
"/service-areas/maryland/southern-maryland/cities/","rendered_page","","Location","regional-city-directory","","","","true","false","true","Southern Maryland Facility Rental Locations | Temporary123","1","Southern Maryland Facility Rental Locations","","noindex,follow","false","1","false","https://temp123-nine.vercel.app/service-areas/maryland/southern-maryland/cities/","200","","200","https://temp123-nine.vercel.app/service-areas/maryland/southern-maryland/cities/","noindex, follow","","False"
"/service-areas/maryland/western-maryland/","rendered_page","","Location","region","Maryland","Western Maryland","","true","false","true","Western Maryland Mobile Trailer Lease | Temporary123","1","Western Maryland Mobile Trailer Lease","","noindex,follow","false","7","false","https://temp123-nine.vercel.app/service-areas/maryland/western-maryland/","200","","200","https://temp123-nine.vercel.app/service-areas/maryland/western-maryland/","noindex, follow","","False"
"/service-areas/maryland/western-maryland/cities/","rendered_page","","Location","regional-city-directory","","","","true","false","true","Western Maryland Facility Rental Locations | Temporary123","1","Western Maryland Facility Rental Locations","","noindex,follow","false","1","false","https://temp123-nine.vercel.app/service-areas/maryland/western-maryland/cities/","200","","200","https://temp123-nine.vercel.app/service-areas/maryland/western-maryland/cities/","noindex, follow","","False"
"/service-areas/massachusetts/","rendered_page","","Location","state","","","","true","false","true","Massachusetts Shower and Restroom Trailer Rental | Temporary123","1","Massachusetts Shower and Restroom Trailer Rental","","noindex,follow","false","12","false","https://temp123-nine.vercel.app/service-areas/massachusetts/","200","","200","https://temp123-nine.vercel.app/service-areas/massachusetts/","noindex, follow","","False"
"/service-areas/massachusetts/berkshires/","rendered_page","","Location","region","Massachusetts","Berkshires","","true","false","true","Berkshires, Massachusetts Shower and Restroom Trailer Rental | Temporary123","1","Berkshires, Massachusetts Shower and Restroom Trailer Rental","","noindex,follow","false","7","false","https://temp123-nine.vercel.app/service-areas/massachusetts/berkshires/","200","","200","https://temp123-nine.vercel.app/service-areas/massachusetts/berkshires/","noindex, follow","","False"
"/service-areas/massachusetts/berkshires/cities/","rendered_page","","Location","regional-city-directory","","","","true","false","true","Berkshires, Massachusetts Facility Rental Locations | Temporary123","1","Berkshires, Massachusetts Facility Rental Locations","","noindex,follow","false","1","false","https://temp123-nine.vercel.app/service-areas/massachusetts/berkshires/cities/","200","","200","https://temp123-nine.vercel.app/service-areas/massachusetts/berkshires/cities/","noindex, follow","","False"
"/service-areas/massachusetts/central-massachusetts/","rendered_page","","Location","region","Massachusetts","Central Massachusetts","","true","false","true","Central Massachusetts Mobile Kitchen Trailer Rental | Temporary123","1","Central Massachusetts Mobile Kitchen Trailer Rental","","noindex,follow","false","7","false","https://temp123-nine.vercel.app/service-areas/massachusetts/central-massachusetts/","200","","200","https://temp123-nine.vercel.app/service-areas/massachusetts/central-massachusetts/","noindex, follow","","False"
"/service-areas/massachusetts/central-massachusetts/cities/","rendered_page","","Location","regional-city-directory","","","","true","false","true","Central Massachusetts Facility Rental Locations | Temporary123","1","Central Massachusetts Facility Rental Locations","","noindex,follow","false","1","false","https://temp123-nine.vercel.app/service-areas/massachusetts/central-massachusetts/cities/","200","","200","https://temp123-nine.vercel.app/service-areas/massachusetts/central-massachusetts/cities/","noindex, follow","","False"
"/service-areas/massachusetts/greater-boston/","rendered_page","","Location","region","Massachusetts","Greater Boston","","true","false","true","Greater Boston, Massachusetts Temporary Facilities Lease | Temporary123","1","Greater Boston, Massachusetts Temporary Facilities Lease","","noindex,follow","false","7","false","https://temp123-nine.vercel.app/service-areas/massachusetts/greater-boston/","200","","200","https://temp123-nine.vercel.app/service-areas/massachusetts/greater-boston/","noindex, follow","","False"
"/service-areas/massachusetts/greater-boston/cities/","rendered_page","","Location","regional-city-directory","","","","true","false","true","Greater Boston, Massachusetts Facility Rental Locations | Temporary123","1","Greater Boston, Massachusetts Facility Rental Locations","","noindex,follow","false","1","false","https://temp123-nine.vercel.app/service-areas/massachusetts/greater-boston/cities/","200","","200","https://temp123-nine.vercel.app/service-areas/massachusetts/greater-boston/cities/","noindex, follow","","False"
"/service-areas/massachusetts/north-shore/","rendered_page","","Location","region","Massachusetts","North Shore","","true","false","true","North Shore, Massachusetts Emergency Shower Trailer Rental | Temporary123","1","North Shore, Massachusetts Emergency Shower Trailer Rental","","noindex,follow","false","7","false","https://temp123-nine.vercel.app/service-areas/massachusetts/north-shore/","200","","200","https://temp123-nine.vercel.app/service-areas/massachusetts/north-shore/","noindex, follow","","False"
"/service-areas/massachusetts/north-shore/cities/","rendered_page","","Location","regional-city-directory","","","","true","false","true","North Shore, Massachusetts Facility Rental Locations | Temporary123","1","North Shore, Massachusetts Facility Rental Locations","","noindex,follow","false","1","false","https://temp123-nine.vercel.app/service-areas/massachusetts/north-shore/cities/","200","","200","https://temp123-nine.vercel.app/service-areas/massachusetts/north-shore/cities/","noindex, follow","","False"
"/service-areas/massachusetts/south-shore-and-cape-cod/","rendered_page","","Location","region","Massachusetts","South Shore and Cape Cod","","true","false","true","South Shore and Cape Cod, Massachusetts Sleeper Bunkbed Trailer Rental | Temporary123","1","South Shore and Cape Cod, Massachusetts Sleeper Bunkbed Trailer Rental","","noindex,follow","false","7","false","https://temp123-nine.vercel.app/service-areas/massachusetts/south-shore-and-cape-cod/","200","","200","https://temp123-nine.vercel.app/service-areas/massachusetts/south-shore-and-cape-cod/","noindex, follow","","False"
"/service-areas/massachusetts/south-shore-and-cape-cod/cities/","rendered_page","","Location","regional-city-directory","","","","true","false","true","South Shore and Cape Cod, Massachusetts Facility Rental Locations | Temporary123","1","South Shore and Cape Cod, Massachusetts Facility Rental Locations","","noindex,follow","false","1","false","https://temp123-nine.vercel.app/service-areas/massachusetts/south-shore-and-cape-cod/cities/","200","","200","https://temp123-nine.vercel.app/service-areas/massachusetts/south-shore-and-cape-cod/cities/","noindex, follow","","False"
"/service-areas/michigan/","rendered_page","","Location","state","","","","true","false","true","Michigan Sleeper Bunkbed Trailer Rental | Temporary123","1","Michigan Sleeper Bunkbed Trailer Rental","","noindex,follow","false","12","false","https://temp123-nine.vercel.app/service-areas/michigan/","200","","200","https://temp123-nine.vercel.app/service-areas/michigan/","noindex, follow","","False"
"/service-areas/michigan/mid-michigan/","rendered_page","","Location","region","Michigan","Mid Michigan","","true","false","true","Mid Michigan Emergency Trailer Rental | Temporary123","1","Mid Michigan Emergency Trailer Rental","","noindex,follow","false","7","false","https://temp123-nine.vercel.app/service-areas/michigan/mid-michigan/","200","","200","https://temp123-nine.vercel.app/service-areas/michigan/mid-michigan/","noindex, follow","","False"
"/service-areas/michigan/mid-michigan/cities/","rendered_page","","Location","regional-city-directory","","","","true","false","true","Mid Michigan Facility Rental Locations | Temporary123","1","Mid Michigan Facility Rental Locations","","noindex,follow","false","1","false","https://temp123-nine.vercel.app/service-areas/michigan/mid-michigan/cities/","200","","200","https://temp123-nine.vercel.app/service-areas/michigan/mid-michigan/cities/","noindex, follow","","False"
"/service-areas/michigan/northern-lower-peninsula/","rendered_page","","Location","region","Michigan","Northern Lower Peninsula","","true","false","true","Northern Lower Peninsula, Michigan Portable Facilities Rental | Temporary123","1","Northern Lower Peninsula, Michigan Portable Facilities Rental","","noindex,follow","false","7","false","https://temp123-nine.vercel.app/service-areas/michigan/northern-lower-peninsula/","200","","200","https://temp123-nine.vercel.app/service-areas/michigan/northern-lower-peninsula/","noindex, follow","","False"
"/service-areas/michigan/northern-lower-peninsula/cities/","rendered_page","","Location","regional-city-directory","","","","true","false","true","Northern Lower Peninsula, Michigan Facility Rental Locations | Temporary123","1","Northern Lower Peninsula, Michigan Facility Rental Locations","","noindex,follow","false","1","false","https://temp123-nine.vercel.app/service-areas/michigan/northern-lower-peninsula/cities/","200","","200","https://temp123-nine.vercel.app/service-areas/michigan/northern-lower-peninsula/cities/","noindex, follow","","False"
"/service-areas/michigan/southeast-michigan/","rendered_page","","Location","region","Michigan","Southeast Michigan","","true","false","true","Southeast Michigan Shower and Restroom Trailer Rental | Temporary123","1","Southeast Michigan Shower and Restroom Trailer Rental","","noindex,follow","false","7","false","https://temp123-nine.vercel.app/service-areas/michigan/southeast-michigan/","200","","200","https://temp123-nine.vercel.app/service-areas/michigan/southeast-michigan/","noindex, follow","","False"
"/service-areas/michigan/southeast-michigan/cities/","rendered_page","","Location","regional-city-directory","","","","true","false","true","Southeast Michigan Facility Rental Locations | Temporary123","1","Southeast Michigan Facility Rental Locations","","noindex,follow","false","1","false","https://temp123-nine.vercel.app/service-areas/michigan/southeast-michigan/cities/","200","","200","https://temp123-nine.vercel.app/service-areas/michigan/southeast-michigan/cities/","noindex, follow","","False"
"/service-areas/michigan/upper-peninsula/","rendered_page","","Location","region","Michigan","Upper Peninsula","","true","false","true","Upper Peninsula, Michigan Sleeper Bunkbed Trailer Rental | Temporary123","1","Upper Peninsula, Michigan Sleeper Bunkbed Trailer Rental","","noindex,follow","false","7","false","https://temp123-nine.vercel.app/service-areas/michigan/upper-peninsula/","200","","200","https://temp123-nine.vercel.app/service-areas/michigan/upper-peninsula/","noindex, follow","","False"
"/service-areas/michigan/upper-peninsula/cities/","rendered_page","","Location","regional-city-directory","","","","true","false","true","Upper Peninsula, Michigan Facility Rental Locations | Temporary123","1","Upper Peninsula, Michigan Facility Rental Locations","","noindex,follow","false","1","false","https://temp123-nine.vercel.app/service-areas/michigan/upper-peninsula/cities/","200","","200","https://temp123-nine.vercel.app/service-areas/michigan/upper-peninsula/cities/","noindex, follow","","False"
"/service-areas/michigan/west-michigan/","rendered_page","","Location","region","Michigan","West Michigan","","true","false","true","West Michigan Mobile Trailer Lease | Temporary123","1","West Michigan Mobile Trailer Lease","","noindex,follow","false","7","false","https://temp123-nine.vercel.app/service-areas/michigan/west-michigan/","200","","200","https://temp123-nine.vercel.app/service-areas/michigan/west-michigan/","noindex, follow","","False"
"/service-areas/michigan/west-michigan/cities/","rendered_page","","Location","regional-city-directory","","","","true","false","true","West Michigan Facility Rental Locations | Temporary123","1","West Michigan Facility Rental Locations","","noindex,follow","false","1","false","https://temp123-nine.vercel.app/service-areas/michigan/west-michigan/cities/","200","","200","https://temp123-nine.vercel.app/service-areas/michigan/west-michigan/cities/","noindex, follow","","False"
"/service-areas/minnesota/","rendered_page","","Location","state","","","","true","false","true","Minnesota Sleeper Bunkbed Trailer Rental | Temporary123","1","Minnesota Sleeper Bunkbed Trailer Rental","","noindex,follow","false","12","false","https://temp123-nine.vercel.app/service-areas/minnesota/","200","","200","https://temp123-nine.vercel.app/service-areas/minnesota/","noindex, follow","","False"
"/service-areas/minnesota/central-minnesota/","rendered_page","","Location","region","Minnesota","Central Minnesota","","true","false","true","Central Minnesota Mobile Trailer Lease | Temporary123","1","Central Minnesota Mobile Trailer Lease","","noindex,follow","false","7","false","https://temp123-nine.vercel.app/service-areas/minnesota/central-minnesota/","200","","200","https://temp123-nine.vercel.app/service-areas/minnesota/central-minnesota/","noindex, follow","","False"
"/service-areas/minnesota/central-minnesota/cities/","rendered_page","","Location","regional-city-directory","","","","true","false","true","Central Minnesota Facility Rental Locations | Temporary123","1","Central Minnesota Facility Rental Locations","","noindex,follow","false","1","false","https://temp123-nine.vercel.app/service-areas/minnesota/central-minnesota/cities/","200","","200","https://temp123-nine.vercel.app/service-areas/minnesota/central-minnesota/cities/","noindex, follow","","False"
"/service-areas/minnesota/northeast-minnesota/","rendered_page","","Location","region","Minnesota","Northeast Minnesota","","true","false","true","Northeast Minnesota Portable Facilities Rental | Temporary123","1","Northeast Minnesota Portable Facilities Rental","","noindex,follow","false","7","false","https://temp123-nine.vercel.app/service-areas/minnesota/northeast-minnesota/","200","","200","https://temp123-nine.vercel.app/service-areas/minnesota/northeast-minnesota/","noindex, follow","","False"
"/service-areas/minnesota/northeast-minnesota/cities/","rendered_page","","Location","regional-city-directory","","","","true","false","true","Northeast Minnesota Facility Rental Locations | Temporary123","1","Northeast Minnesota Facility Rental Locations","","noindex,follow","false","1","false","https://temp123-nine.vercel.app/service-areas/minnesota/northeast-minnesota/cities/","200","","200","https://temp123-nine.vercel.app/service-areas/minnesota/northeast-minnesota/cities/","noindex, follow","","False"
"/service-areas/minnesota/northwest-minnesota/","rendered_page","","Location","region","Minnesota","Northwest Minnesota","","true","false","true","Northwest Minnesota Sleeper Bunkbed Trailer Rental | Temporary123","1","Northwest Minnesota Sleeper Bunkbed Trailer Rental","","noindex,follow","false","7","false","https://temp123-nine.vercel.app/service-areas/minnesota/northwest-minnesota/","200","","200","https://temp123-nine.vercel.app/service-areas/minnesota/northwest-minnesota/","noindex, follow","","False"
"/service-areas/minnesota/northwest-minnesota/cities/","rendered_page","","Location","regional-city-directory","","","","true","false","true","Northwest Minnesota Facility Rental Locations | Temporary123","1","Northwest Minnesota Facility Rental Locations","","noindex,follow","false","1","false","https://temp123-nine.vercel.app/service-areas/minnesota/northwest-minnesota/cities/","200","","200","https://temp123-nine.vercel.app/service-areas/minnesota/northwest-minnesota/cities/","noindex, follow","","False"
"/service-areas/minnesota/southern-minnesota/","rendered_page","","Location","region","Minnesota","Southern Minnesota","","true","false","true","Southern Minnesota Shower and Restroom Trailer Rental | Temporary123","1","Southern Minnesota Shower and Restroom Trailer Rental","","noindex,follow","false","7","false","https://temp123-nine.vercel.app/service-areas/minnesota/southern-minnesota/","200","","200","https://temp123-nine.vercel.app/service-areas/minnesota/southern-minnesota/","noindex, follow","","False"
"/service-areas/minnesota/southern-minnesota/cities/","rendered_page","","Location","regional-city-directory","","","","true","false","true","Southern Minnesota Facility Rental Locations | Temporary123","1","Southern Minnesota Facility Rental Locations","","noindex,follow","false","1","false","https://temp123-nine.vercel.app/service-areas/minnesota/southern-minnesota/cities/","200","","200","https://temp123-nine.vercel.app/service-areas/minnesota/southern-minnesota/cities/","noindex, follow","","False"
"/service-areas/minnesota/twin-cities/","rendered_page","","Location","region","Minnesota","Twin Cities","","true","false","true","Twin Cities, Minnesota Emergency Trailer Rental | Temporary123","1","Twin Cities, Minnesota Emergency Trailer Rental","","noindex,follow","false","7","false","https://temp123-nine.vercel.app/service-areas/minnesota/twin-cities/","200","","200","https://temp123-nine.vercel.app/service-areas/minnesota/twin-cities/","noindex, follow","","False"
"/service-areas/minnesota/twin-cities/cities/","rendered_page","","Location","regional-city-directory","","","","true","false","true","Twin Cities, Minnesota Facility Rental Locations | Temporary123","1","Twin Cities, Minnesota Facility Rental Locations","","noindex,follow","false","1","false","https://temp123-nine.vercel.app/service-areas/minnesota/twin-cities/cities/","200","","200","https://temp123-nine.vercel.app/service-areas/minnesota/twin-cities/cities/","noindex, follow","","False"
"/service-areas/mississippi/","rendered_page","","Location","state","","","","true","false","true","Mississippi Emergency Trailer Rental | Temporary123","1","Mississippi Emergency Trailer Rental","","noindex,follow","false","12","false","https://temp123-nine.vercel.app/service-areas/mississippi/","200","","200","https://temp123-nine.vercel.app/service-areas/mississippi/","noindex, follow","","False"
"/service-areas/mississippi/central-mississippi/","rendered_page","","Location","region","Mississippi","Central Mississippi","","true","false","true","Central Mississippi Mobile Kitchen Trailer Rental | Temporary123","1","Central Mississippi Mobile Kitchen Trailer Rental","","noindex,follow","false","7","false","https://temp123-nine.vercel.app/service-areas/mississippi/central-mississippi/","200","","200","https://temp123-nine.vercel.app/service-areas/mississippi/central-mississippi/","noindex, follow","","False"
"/service-areas/mississippi/central-mississippi/cities/","rendered_page","","Location","regional-city-directory","","","","true","false","true","Central Mississippi Facility Rental Locations | Temporary123","1","Central Mississippi Facility Rental Locations","","noindex,follow","false","1","false","https://temp123-nine.vercel.app/service-areas/mississippi/central-mississippi/cities/","200","","200","https://temp123-nine.vercel.app/service-areas/mississippi/central-mississippi/cities/","noindex, follow","","False"
"/service-areas/mississippi/delta/","rendered_page","","Location","region","Mississippi","Delta","","true","false","true","Delta, Mississippi Emergency Trailer Rental | Temporary123","1","Delta, Mississippi Emergency Trailer Rental","","noindex,follow","false","7","false","https://temp123-nine.vercel.app/service-areas/mississippi/delta/","200","","200","https://temp123-nine.vercel.app/service-areas/mississippi/delta/","noindex, follow","","False"
"/service-areas/mississippi/delta/cities/","rendered_page","","Location","regional-city-directory","","","","true","false","true","Delta, Mississippi Facility Rental Locations | Temporary123","1","Delta, Mississippi Facility Rental Locations","","noindex,follow","false","1","false","https://temp123-nine.vercel.app/service-areas/mississippi/delta/cities/","200","","200","https://temp123-nine.vercel.app/service-areas/mississippi/delta/cities/","noindex, follow","","False"
"/service-areas/mississippi/gulf-coast/","rendered_page","","Location","region","Mississippi","Gulf Coast","","true","false","true","Gulf Coast, Mississippi Emergency Shower Trailer Rental | Temporary123","1","Gulf Coast, Mississippi Emergency Shower Trailer Rental","","noindex,follow","false","7","false","https://temp123-nine.vercel.app/service-areas/mississippi/gulf-coast/","200","","200","https://temp123-nine.vercel.app/service-areas/mississippi/gulf-coast/","noindex, follow","","False"
"/service-areas/mississippi/gulf-coast/cities/","rendered_page","","Location","regional-city-directory","","","","true","false","true","Gulf Coast, Mississippi Facility Rental Locations | Temporary123","1","Gulf Coast, Mississippi Facility Rental Locations","","noindex,follow","false","1","false","https://temp123-nine.vercel.app/service-areas/mississippi/gulf-coast/cities/","200","","200","https://temp123-nine.vercel.app/service-areas/mississippi/gulf-coast/cities/","noindex, follow","","False"
"/service-areas/mississippi/hills/","rendered_page","","Location","region","Mississippi","Hills","","true","false","true","Hills, Mississippi Shower and Restroom Trailer Rental | Temporary123","1","Hills, Mississippi Shower and Restroom Trailer Rental","","noindex,follow","false","7","false","https://temp123-nine.vercel.app/service-areas/mississippi/hills/","200","","200","https://temp123-nine.vercel.app/service-areas/mississippi/hills/","noindex, follow","","False"
"/service-areas/mississippi/hills/cities/","rendered_page","","Location","regional-city-directory","","","","true","false","true","Hills, Mississippi Facility Rental Locations | Temporary123","1","Hills, Mississippi Facility Rental Locations","","noindex,follow","false","1","false","https://temp123-nine.vercel.app/service-areas/mississippi/hills/cities/","200","","200","https://temp123-nine.vercel.app/service-areas/mississippi/hills/cities/","noindex, follow","","False"
"/service-areas/mississippi/pine-belt/","rendered_page","","Location","region","Mississippi","Pine Belt","","true","false","true","Pine Belt, Mississippi Temporary Facilities Lease | Temporary123","1","Pine Belt, Mississippi Temporary Facilities Lease","","noindex,follow","false","7","false","https://temp123-nine.vercel.app/service-areas/mississippi/pine-belt/","200","","200","https://temp123-nine.vercel.app/service-areas/mississippi/pine-belt/","noindex, follow","","False"
"/service-areas/mississippi/pine-belt/cities/","rendered_page","","Location","regional-city-directory","","","","true","false","true","Pine Belt, Mississippi Facility Rental Locations | Temporary123","1","Pine Belt, Mississippi Facility Rental Locations","","noindex,follow","false","1","false","https://temp123-nine.vercel.app/service-areas/mississippi/pine-belt/cities/","200","","200","https://temp123-nine.vercel.app/service-areas/mississippi/pine-belt/cities/","noindex, follow","","False"
"/service-areas/missouri/","rendered_page","","Location","state","","","","true","false","true","Missouri Mobile Kitchen Trailer Rental | Temporary123","1","Missouri Mobile Kitchen Trailer Rental","","noindex,follow","false","14","false","https://temp123-nine.vercel.app/service-areas/missouri/","200","","200","https://temp123-nine.vercel.app/service-areas/missouri/","noindex, follow","","False"
"/service-areas/missouri/central-missouri/","rendered_page","","Location","region","Missouri","Central Missouri","","true","false","true","Central Missouri Emergency Shower Trailer Rental | Temporary123","1","Central Missouri Emergency Shower Trailer Rental","","noindex,follow","false","7","false","https://temp123-nine.vercel.app/service-areas/missouri/central-missouri/","200","","200","https://temp123-nine.vercel.app/service-areas/missouri/central-missouri/","noindex, follow","","False"
"/service-areas/missouri/central-missouri/cities/","rendered_page","","Location","regional-city-directory","","","","true","false","true","Central Missouri Facility Rental Locations | Temporary123","1","Central Missouri Facility Rental Locations","","noindex,follow","false","1","false","https://temp123-nine.vercel.app/service-areas/missouri/central-missouri/cities/","200","","200","https://temp123-nine.vercel.app/service-areas/missouri/central-missouri/cities/","noindex, follow","","False"
"/service-areas/missouri/kansas-city-area/","rendered_page","","Location","region","Missouri","Kansas City area","","true","false","true","Kansas City area, Missouri Temporary Facilities Lease | Temporary123","1","Kansas City area, Missouri Temporary Facilities Lease","","noindex,follow","false","7","false","https://temp123-nine.vercel.app/service-areas/missouri/kansas-city-area/","200","","200","https://temp123-nine.vercel.app/service-areas/missouri/kansas-city-area/","noindex, follow","","False"
"/service-areas/missouri/kansas-city-area/cities/","rendered_page","","Location","regional-city-directory","","","","true","false","true","Kansas City area, Missouri Facility Rental Locations | Temporary123","1","Kansas City area, Missouri Facility Rental Locations","","noindex,follow","false","1","false","https://temp123-nine.vercel.app/service-areas/missouri/kansas-city-area/cities/","200","","200","https://temp123-nine.vercel.app/service-areas/missouri/kansas-city-area/cities/","noindex, follow","","False"
"/service-areas/missouri/northwest-missouri/","rendered_page","","Location","region","Missouri","Northwest Missouri","","true","false","true","Northwest Missouri Mobile Kitchen Trailer Rental | Temporary123","1","Northwest Missouri Mobile Kitchen Trailer Rental","","noindex,follow","false","7","false","https://temp123-nine.vercel.app/service-areas/missouri/northwest-missouri/","200","","200","https://temp123-nine.vercel.app/service-areas/missouri/northwest-missouri/","noindex, follow","","False"
"/service-areas/missouri/northwest-missouri/cities/","rendered_page","","Location","regional-city-directory","","","","true","false","true","Northwest Missouri Facility Rental Locations | Temporary123","1","Northwest Missouri Facility Rental Locations","","noindex,follow","false","1","false","https://temp123-nine.vercel.app/service-areas/missouri/northwest-missouri/cities/","200","","200","https://temp123-nine.vercel.app/service-areas/missouri/northwest-missouri/cities/","noindex, follow","","False"
"/service-areas/missouri/ozarks/","rendered_page","","Location","region","Missouri","Ozarks","","true","false","true","Ozarks, Missouri Sleeper Bunkbed Trailer Rental | Temporary123","1","Ozarks, Missouri Sleeper Bunkbed Trailer Rental","","noindex,follow","false","7","false","https://temp123-nine.vercel.app/service-areas/missouri/ozarks/","200","","200","https://temp123-nine.vercel.app/service-areas/missouri/ozarks/","noindex, follow","","False"
"/service-areas/missouri/ozarks/cities/","rendered_page","","Location","regional-city-directory","","","","true","false","true","Ozarks, Missouri Facility Rental Locations | Temporary123","1","Ozarks, Missouri Facility Rental Locations","","noindex,follow","false","1","false","https://temp123-nine.vercel.app/service-areas/missouri/ozarks/cities/","200","","200","https://temp123-nine.vercel.app/service-areas/missouri/ozarks/cities/","noindex, follow","","False"
"/service-areas/missouri/southeast-missouri/","rendered_page","","Location","region","Missouri","Southeast Missouri","","true","false","true","Southeast Missouri Mobile Trailer Lease | Temporary123","1","Southeast Missouri Mobile Trailer Lease","","noindex,follow","false","7","false","https://temp123-nine.vercel.app/service-areas/missouri/southeast-missouri/","200","","200","https://temp123-nine.vercel.app/service-areas/missouri/southeast-missouri/","noindex, follow","","False"
"/service-areas/missouri/southeast-missouri/cities/","rendered_page","","Location","regional-city-directory","","","","true","false","true","Southeast Missouri Facility Rental Locations | Temporary123","1","Southeast Missouri Facility Rental Locations","","noindex,follow","false","1","false","https://temp123-nine.vercel.app/service-areas/missouri/southeast-missouri/cities/","200","","200","https://temp123-nine.vercel.app/service-areas/missouri/southeast-missouri/cities/","noindex, follow","","False"
"/service-areas/missouri/st-louis-area/","rendered_page","","Location","region","Missouri","St. Louis area","","true","false","true","St. Louis area, Missouri Portable Facilities Rental | Temporary123","1","St. Louis area, Missouri Portable Facilities Rental","","noindex,follow","false","7","false","https://temp123-nine.vercel.app/service-areas/missouri/st-louis-area/","200","","200","https://temp123-nine.vercel.app/service-areas/missouri/st-louis-area/","noindex, follow","","False"
"/service-areas/missouri/st-louis-area/cities/","rendered_page","","Location","regional-city-directory","","","","true","false","true","St. Louis area, Missouri Facility Rental Locations | Temporary123","1","St. Louis area, Missouri Facility Rental Locations","","noindex,follow","false","1","false","https://temp123-nine.vercel.app/service-areas/missouri/st-louis-area/cities/","200","","200","https://temp123-nine.vercel.app/service-areas/missouri/st-louis-area/cities/","noindex, follow","","False"
"/service-areas/montana/","rendered_page","","Location","state","","","","true","false","true","Montana Mobile Trailer Lease | Temporary123","1","Montana Mobile Trailer Lease","","noindex,follow","false","12","false","https://temp123-nine.vercel.app/service-areas/montana/","200","","200","https://temp123-nine.vercel.app/service-areas/montana/","noindex, follow","","False"
"/service-areas/montana/central-montana/","rendered_page","","Location","region","Montana","Central Montana","","true","false","true","Central Montana Emergency Trailer Rental | Temporary123","1","Central Montana Emergency Trailer Rental","","noindex,follow","false","7","false","https://temp123-nine.vercel.app/service-areas/montana/central-montana/","200","","200","https://temp123-nine.vercel.app/service-areas/montana/central-montana/","noindex, follow","","False"
"/service-areas/montana/central-montana/cities/","rendered_page","","Location","regional-city-directory","","","","true","false","true","Central Montana Facility Rental Locations | Temporary123","1","Central Montana Facility Rental Locations","","noindex,follow","false","1","false","https://temp123-nine.vercel.app/service-areas/montana/central-montana/cities/","200","","200","https://temp123-nine.vercel.app/service-areas/montana/central-montana/cities/","noindex, follow","","False"
"/service-areas/montana/glacier-country/","rendered_page","","Location","region","Montana","Glacier Country","","true","false","true","Glacier Country, Montana Mobile Trailer Lease | Temporary123","1","Glacier Country, Montana Mobile Trailer Lease","","noindex,follow","false","7","false","https://temp123-nine.vercel.app/service-areas/montana/glacier-country/","200","","200","https://temp123-nine.vercel.app/service-areas/montana/glacier-country/","noindex, follow","","False"
"/service-areas/montana/glacier-country/cities/","rendered_page","","Location","regional-city-directory","","","","true","false","true","Glacier Country, Montana Facility Rental Locations | Temporary123","1","Glacier Country, Montana Facility Rental Locations","","noindex,follow","false","1","false","https://temp123-nine.vercel.app/service-areas/montana/glacier-country/cities/","200","","200","https://temp123-nine.vercel.app/service-areas/montana/glacier-country/cities/","noindex, follow","","False"
"/service-areas/montana/missouri-river-country/","rendered_page","","Location","region","Montana","Missouri River Country","","true","false","true","Missouri River Country, Montana Mobile Kitchen Trailer Rental | Temporary123","1","Missouri River Country, Montana Mobile Kitchen Trailer Rental","","noindex,follow","false","7","false","https://temp123-nine.vercel.app/service-areas/montana/missouri-river-country/","200","","200","https://temp123-nine.vercel.app/service-areas/montana/missouri-river-country/","noindex, follow","","False"
"/service-areas/montana/missouri-river-country/cities/","rendered_page","","Location","regional-city-directory","","","","true","false","true","Missouri River Country, Montana Facility Rental Locations | Temporary123","1","Missouri River Country, Montana Facility Rental Locations","","noindex,follow","false","1","false","https://temp123-nine.vercel.app/service-areas/montana/missouri-river-country/cities/","200","","200","https://temp123-nine.vercel.app/service-areas/montana/missouri-river-country/cities/","noindex, follow","","False"
"/service-areas/montana/southeast-montana/","rendered_page","","Location","region","Montana","Southeast Montana","","true","false","true","Southeast Montana Temporary Facilities Lease | Temporary123","1","Southeast Montana Temporary Facilities Lease","","noindex,follow","false","7","false","https://temp123-nine.vercel.app/service-areas/montana/southeast-montana/","200","","200","https://temp123-nine.vercel.app/service-areas/montana/southeast-montana/","noindex, follow","","False"
"/service-areas/montana/southeast-montana/cities/","rendered_page","","Location","regional-city-directory","","","","true","false","true","Southeast Montana Facility Rental Locations | Temporary123","1","Southeast Montana Facility Rental Locations","","noindex,follow","false","1","false","https://temp123-nine.vercel.app/service-areas/montana/southeast-montana/cities/","200","","200","https://temp123-nine.vercel.app/service-areas/montana/southeast-montana/cities/","noindex, follow","","False"
"/service-areas/montana/yellowstone-country/","rendered_page","","Location","region","Montana","Yellowstone Country","","true","false","true","Yellowstone Country, Montana Shower and Restroom Trailer Rental | Temporary123","1","Yellowstone Country, Montana Shower and Restroom Trailer Rental","","noindex,follow","false","7","false","https://temp123-nine.vercel.app/service-areas/montana/yellowstone-country/","200","","200","https://temp123-nine.vercel.app/service-areas/montana/yellowstone-country/","noindex, follow","","False"
"/service-areas/montana/yellowstone-country/cities/","rendered_page","","Location","regional-city-directory","","","","true","false","true","Yellowstone Country, Montana Facility Rental Locations | Temporary123","1","Yellowstone Country, Montana Facility Rental Locations","","noindex,follow","false","1","false","https://temp123-nine.vercel.app/service-areas/montana/yellowstone-country/cities/","200","","200","https://temp123-nine.vercel.app/service-areas/montana/yellowstone-country/cities/","noindex, follow","","False"
"/service-areas/nebraska/","rendered_page","","Location","state","","","","true","false","true","Nebraska Emergency Trailer Rental | Temporary123","1","Nebraska Emergency Trailer Rental","","noindex,follow","false","12","false","https://temp123-nine.vercel.app/service-areas/nebraska/","200","","200","https://temp123-nine.vercel.app/service-areas/nebraska/","noindex, follow","","False"
"/service-areas/nebraska/central-nebraska/","rendered_page","","Location","region","Nebraska","Central Nebraska","","true","false","true","Central Nebraska Mobile Kitchen Trailer Rental | Temporary123","1","Central Nebraska Mobile Kitchen Trailer Rental","","noindex,follow","false","7","false","https://temp123-nine.vercel.app/service-areas/nebraska/central-nebraska/","200","","200","https://temp123-nine.vercel.app/service-areas/nebraska/central-nebraska/","noindex, follow","","False"
"/service-areas/nebraska/central-nebraska/cities/","rendered_page","","Location","regional-city-directory","","","","true","false","true","Central Nebraska Facility Rental Locations | Temporary123","1","Central Nebraska Facility Rental Locations","","noindex,follow","false","1","false","https://temp123-nine.vercel.app/service-areas/nebraska/central-nebraska/cities/","200","","200","https://temp123-nine.vercel.app/service-areas/nebraska/central-nebraska/cities/","noindex, follow","","False"
"/service-areas/nebraska/lincoln-and-omaha-corridor/","rendered_page","","Location","region","Nebraska","Lincoln and Omaha corridor","","true","false","true","Lincoln and Omaha corridor, Nebraska Emergency Shower Trailer Rental | Temporary123","1","Lincoln and Omaha corridor, Nebraska Emergency Shower Trailer Rental","","noindex,follow","false","7","false","https://temp123-nine.vercel.app/service-areas/nebraska/lincoln-and-omaha-corridor/","200","","200","https://temp123-nine.vercel.app/service-areas/nebraska/lincoln-and-omaha-corridor/","noindex, follow","","False"
"/service-areas/nebraska/lincoln-and-omaha-corridor/cities/","rendered_page","","Location","regional-city-directory","","","","true","false","true","Lincoln and Omaha corridor, Nebraska Facility Rental Locations | Temporary123","1","Lincoln and Omaha corridor, Nebraska Facility Rental Locations","","noindex,follow","false","1","false","https://temp123-nine.vercel.app/service-areas/nebraska/lincoln-and-omaha-corridor/cities/","200","","200","https://temp123-nine.vercel.app/service-areas/nebraska/lincoln-and-omaha-corridor/cities/","noindex, follow","","False"
"/service-areas/nebraska/northeast-nebraska/","rendered_page","","Location","region","Nebraska","Northeast Nebraska","","true","false","true","Northeast Nebraska Temporary Facilities Lease | Temporary123","1","Northeast Nebraska Temporary Facilities Lease","","noindex,follow","false","7","false","https://temp123-nine.vercel.app/service-areas/nebraska/northeast-nebraska/","200","","200","https://temp123-nine.vercel.app/service-areas/nebraska/northeast-nebraska/","noindex, follow","","False"
"/service-areas/nebraska/northeast-nebraska/cities/","rendered_page","","Location","regional-city-directory","","","","true","false","true","Northeast Nebraska Facility Rental Locations | Temporary123","1","Northeast Nebraska Facility Rental Locations","","noindex,follow","false","1","false","https://temp123-nine.vercel.app/service-areas/nebraska/northeast-nebraska/cities/","200","","200","https://temp123-nine.vercel.app/service-areas/nebraska/northeast-nebraska/cities/","noindex, follow","","False"
"/service-areas/nebraska/panhandle/","rendered_page","","Location","region","Nebraska","Panhandle","","true","false","true","Panhandle, Nebraska Emergency Trailer Rental | Temporary123","1","Panhandle, Nebraska Emergency Trailer Rental","","noindex,follow","false","7","false","https://temp123-nine.vercel.app/service-areas/nebraska/panhandle/","200","","200","https://temp123-nine.vercel.app/service-areas/nebraska/panhandle/","noindex, follow","","False"
"/service-areas/nebraska/panhandle/cities/","rendered_page","","Location","regional-city-directory","","","","true","false","true","Panhandle, Nebraska Facility Rental Locations | Temporary123","1","Panhandle, Nebraska Facility Rental Locations","","noindex,follow","false","1","false","https://temp123-nine.vercel.app/service-areas/nebraska/panhandle/cities/","200","","200","https://temp123-nine.vercel.app/service-areas/nebraska/panhandle/cities/","noindex, follow","","False"
"/service-areas/nebraska/sandhills/","rendered_page","","Location","region","Nebraska","Sandhills","","true","false","true","Sandhills, Nebraska Shower and Restroom Trailer Rental | Temporary123","1","Sandhills, Nebraska Shower and Restroom Trailer Rental","","noindex,follow","false","7","false","https://temp123-nine.vercel.app/service-areas/nebraska/sandhills/","200","","200","https://temp123-nine.vercel.app/service-areas/nebraska/sandhills/","noindex, follow","","False"
"/service-areas/nebraska/sandhills/cities/","rendered_page","","Location","regional-city-directory","","","","true","false","true","Sandhills, Nebraska Facility Rental Locations | Temporary123","1","Sandhills, Nebraska Facility Rental Locations","","noindex,follow","false","1","false","https://temp123-nine.vercel.app/service-areas/nebraska/sandhills/cities/","200","","200","https://temp123-nine.vercel.app/service-areas/nebraska/sandhills/cities/","noindex, follow","","False"
"/service-areas/nevada/","rendered_page","","Location","state","","","","true","false","true","Nevada Emergency Trailer Rental | Temporary123","1","Nevada Emergency Trailer Rental","","noindex,follow","false","12","false","https://temp123-nine.vercel.app/service-areas/nevada/","200","","200","https://temp123-nine.vercel.app/service-areas/nevada/","noindex, follow","","False"
"/service-areas/nevada/central-nevada/","rendered_page","","Location","region","Nevada","Central Nevada","","true","false","true","Central Nevada Mobile Kitchen Trailer Rental | Temporary123","1","Central Nevada Mobile Kitchen Trailer Rental","","noindex,follow","false","7","false","https://temp123-nine.vercel.app/service-areas/nevada/central-nevada/","200","","200","https://temp123-nine.vercel.app/service-areas/nevada/central-nevada/","noindex, follow","","False"
"/service-areas/nevada/central-nevada/cities/","rendered_page","","Location","regional-city-directory","","","","true","false","true","Central Nevada Facility Rental Locations | Temporary123","1","Central Nevada Facility Rental Locations","","noindex,follow","false","1","false","https://temp123-nine.vercel.app/service-areas/nevada/central-nevada/cities/","200","","200","https://temp123-nine.vercel.app/service-areas/nevada/central-nevada/cities/","noindex, follow","","False"
"/service-areas/nevada/las-vegas-valley/","rendered_page","","Location","region","Nevada","Las Vegas Valley","","true","false","true","Las Vegas Valley, Nevada Temporary Facilities Lease | Temporary123","1","Las Vegas Valley, Nevada Temporary Facilities Lease","","noindex,follow","false","8","false","https://temp123-nine.vercel.app/service-areas/nevada/las-vegas-valley/","200","","200","https://temp123-nine.vercel.app/service-areas/nevada/las-vegas-valley/","noindex, follow","","False"
"/service-areas/nevada/las-vegas-valley/cities/","rendered_page","","Location","regional-city-directory","","","","true","false","true","Las Vegas Valley, Nevada Facility Rental Locations | Temporary123","1","Las Vegas Valley, Nevada Facility Rental Locations","","noindex,follow","false","1","false","https://temp123-nine.vercel.app/service-areas/nevada/las-vegas-valley/cities/","200","","200","https://temp123-nine.vercel.app/service-areas/nevada/las-vegas-valley/cities/","noindex, follow","","False"
"/service-areas/nevada/northern-nevada/","rendered_page","","Location","region","Nevada","Northern Nevada","","true","false","true","Northern Nevada Emergency Trailer Rental | Temporary123","1","Northern Nevada Emergency Trailer Rental","","noindex,follow","false","7","false","https://temp123-nine.vercel.app/service-areas/nevada/northern-nevada/","200","","200","https://temp123-nine.vercel.app/service-areas/nevada/northern-nevada/","noindex, follow","","False"
"/service-areas/nevada/northern-nevada/cities/","rendered_page","","Location","regional-city-directory","","","","true","false","true","Northern Nevada Facility Rental Locations | Temporary123","1","Northern Nevada Facility Rental Locations","","noindex,follow","false","1","false","https://temp123-nine.vercel.app/service-areas/nevada/northern-nevada/cities/","200","","200","https://temp123-nine.vercel.app/service-areas/nevada/northern-nevada/cities/","noindex, follow","","False"
"/service-areas/nevada/reno-tahoe/","rendered_page","","Location","region","Nevada","Reno Tahoe","","true","false","true","Reno Tahoe, Nevada Shower and Restroom Trailer Rental | Temporary123","1","Reno Tahoe, Nevada Shower and Restroom Trailer Rental","","noindex,follow","false","7","false","https://temp123-nine.vercel.app/service-areas/nevada/reno-tahoe/","200","","200","https://temp123-nine.vercel.app/service-areas/nevada/reno-tahoe/","noindex, follow","","False"
"/service-areas/nevada/reno-tahoe/cities/","rendered_page","","Location","regional-city-directory","","","","true","false","true","Reno Tahoe, Nevada Facility Rental Locations | Temporary123","1","Reno Tahoe, Nevada Facility Rental Locations","","noindex,follow","false","1","false","https://temp123-nine.vercel.app/service-areas/nevada/reno-tahoe/cities/","200","","200","https://temp123-nine.vercel.app/service-areas/nevada/reno-tahoe/cities/","noindex, follow","","False"
"/service-areas/nevada/southern-nevada/","rendered_page","","Location","region","Nevada","Southern Nevada","","true","false","true","Southern Nevada Emergency Shower Trailer Rental | Temporary123","1","Southern Nevada Emergency Shower Trailer Rental","","noindex,follow","false","7","false","https://temp123-nine.vercel.app/service-areas/nevada/southern-nevada/","200","","200","https://temp123-nine.vercel.app/service-areas/nevada/southern-nevada/","noindex, follow","","False"
"/service-areas/nevada/southern-nevada/cities/","rendered_page","","Location","regional-city-directory","","","","true","false","true","Southern Nevada Facility Rental Locations | Temporary123","1","Southern Nevada Facility Rental Locations","","noindex,follow","false","1","false","https://temp123-nine.vercel.app/service-areas/nevada/southern-nevada/cities/","200","","200","https://temp123-nine.vercel.app/service-areas/nevada/southern-nevada/cities/","noindex, follow","","False"
"/service-areas/new-hampshire/","rendered_page","","Location","state","","","","true","false","true","New Hampshire Portable Facilities Rental | Temporary123","1","New Hampshire Portable Facilities Rental","","noindex,follow","false","14","false","https://temp123-nine.vercel.app/service-areas/new-hampshire/","200","","200","https://temp123-nine.vercel.app/service-areas/new-hampshire/","noindex, follow","","False"
"/service-areas/new-hampshire/dartmouth-lake-sunapee/","rendered_page","","Location","region","New Hampshire","Dartmouth Lake Sunapee","","true","false","true","Dartmouth Lake Sunapee, New Hampshire Shower and Restroom Trailer Rental | Temporary123","1","Dartmouth Lake Sunapee, New Hampshire Shower and Restroom Trailer Rental","","noindex,follow","false","7","false","https://temp123-nine.vercel.app/service-areas/new-hampshire/dartmouth-lake-sunapee/","200","","200","https://temp123-nine.vercel.app/service-areas/new-hampshire/dartmouth-lake-sunapee/","noindex, follow","","False"
"/service-areas/new-hampshire/dartmouth-lake-sunapee/cities/","rendered_page","","Location","regional-city-directory","","","","true","false","true","Dartmouth Lake Sunapee, New Hampshire Facility Rental Locations | Temporary123","1","Dartmouth Lake Sunapee, New Hampshire Facility Rental Locations","","noindex,follow","false","1","false","https://temp123-nine.vercel.app/service-areas/new-hampshire/dartmouth-lake-sunapee/cities/","200","","200","https://temp123-nine.vercel.app/service-areas/new-hampshire/dartmouth-lake-sunapee/cities/","noindex, follow","","False"
"/service-areas/new-hampshire/great-north-woods/","rendered_page","","Location","region","New Hampshire","Great North Woods","","true","false","true","Great North Woods, New Hampshire Portable Facilities Rental | Temporary123","1","Great North Woods, New Hampshire Portable Facilities Rental","","noindex,follow","false","7","false","https://temp123-nine.vercel.app/service-areas/new-hampshire/great-north-woods/","200","","200","https://temp123-nine.vercel.app/service-areas/new-hampshire/great-north-woods/","noindex, follow","","False"
"/service-areas/new-hampshire/great-north-woods/cities/","rendered_page","","Location","regional-city-directory","","","","true","false","true","Great North Woods, New Hampshire Facility Rental Locations | Temporary123","1","Great North Woods, New Hampshire Facility Rental Locations","","noindex,follow","false","1","false","https://temp123-nine.vercel.app/service-areas/new-hampshire/great-north-woods/cities/","200","","200","https://temp123-nine.vercel.app/service-areas/new-hampshire/great-north-woods/cities/","noindex, follow","","False"
"/service-areas/new-hampshire/lakes-region/","rendered_page","","Location","region","New Hampshire","Lakes Region","","true","false","true","Lakes Region, New Hampshire Emergency Trailer Rental | Temporary123","1","Lakes Region, New Hampshire Emergency Trailer Rental","","noindex,follow","false","7","false","https://temp123-nine.vercel.app/service-areas/new-hampshire/lakes-region/","200","","200","https://temp123-nine.vercel.app/service-areas/new-hampshire/lakes-region/","noindex, follow","","False"
"/service-areas/new-hampshire/lakes-region/cities/","rendered_page","","Location","regional-city-directory","","","","true","false","true","Lakes Region, New Hampshire Facility Rental Locations | Temporary123","1","Lakes Region, New Hampshire Facility Rental Locations","","noindex,follow","false","1","false","https://temp123-nine.vercel.app/service-areas/new-hampshire/lakes-region/cities/","200","","200","https://temp123-nine.vercel.app/service-areas/new-hampshire/lakes-region/cities/","noindex, follow","","False"
"/service-areas/new-hampshire/merrimack-valley/","rendered_page","","Location","region","New Hampshire","Merrimack Valley","","true","false","true","Merrimack Valley, New Hampshire Mobile Kitchen Trailer Rental | Temporary123","1","Merrimack Valley, New Hampshire Mobile Kitchen Trailer Rental","","noindex,follow","false","7","false","https://temp123-nine.vercel.app/service-areas/new-hampshire/merrimack-valley/","200","","200","https://temp123-nine.vercel.app/service-areas/new-hampshire/merrimack-valley/","noindex, follow","","False"
"/service-areas/new-hampshire/merrimack-valley/cities/","rendered_page","","Location","regional-city-directory","","","","true","false","true","Merrimack Valley, New Hampshire Facility Rental Locations | Temporary123","1","Merrimack Valley, New Hampshire Facility Rental Locations","","noindex,follow","false","1","false","https://temp123-nine.vercel.app/service-areas/new-hampshire/merrimack-valley/cities/","200","","200","https://temp123-nine.vercel.app/service-areas/new-hampshire/merrimack-valley/cities/","noindex, follow","","False"
"/service-areas/new-hampshire/seacoast/","rendered_page","","Location","region","New Hampshire","Seacoast","","true","false","true","Seacoast, New Hampshire Temporary Facilities Lease | Temporary123","1","Seacoast, New Hampshire Temporary Facilities Lease","","noindex,follow","false","7","false","https://temp123-nine.vercel.app/service-areas/new-hampshire/seacoast/","200","","200","https://temp123-nine.vercel.app/service-areas/new-hampshire/seacoast/","noindex, follow","","False"
"/service-areas/new-hampshire/seacoast/cities/","rendered_page","","Location","regional-city-directory","","","","true","false","true","Seacoast, New Hampshire Facility Rental Locations | Temporary123","1","Seacoast, New Hampshire Facility Rental Locations","","noindex,follow","false","1","false","https://temp123-nine.vercel.app/service-areas/new-hampshire/seacoast/cities/","200","","200","https://temp123-nine.vercel.app/service-areas/new-hampshire/seacoast/cities/","noindex, follow","","False"
"/service-areas/new-hampshire/white-mountains/","rendered_page","","Location","region","New Hampshire","White Mountains","","true","false","true","White Mountains, New Hampshire Mobile Trailer Lease | Temporary123","1","White Mountains, New Hampshire Mobile Trailer Lease","","noindex,follow","false","7","false","https://temp123-nine.vercel.app/service-areas/new-hampshire/white-mountains/","200","","200","https://temp123-nine.vercel.app/service-areas/new-hampshire/white-mountains/","noindex, follow","","False"
"/service-areas/new-hampshire/white-mountains/cities/","rendered_page","","Location","regional-city-directory","","","","true","false","true","White Mountains, New Hampshire Facility Rental Locations | Temporary123","1","White Mountains, New Hampshire Facility Rental Locations","","noindex,follow","false","1","false","https://temp123-nine.vercel.app/service-areas/new-hampshire/white-mountains/cities/","200","","200","https://temp123-nine.vercel.app/service-areas/new-hampshire/white-mountains/cities/","noindex, follow","","False"
"/service-areas/new-jersey/","rendered_page","","Location","state","","","","true","false","true","New Jersey Shower and Restroom Trailer Rental | Temporary123","1","New Jersey Shower and Restroom Trailer Rental","","noindex,follow","false","14","false","https://temp123-nine.vercel.app/service-areas/new-jersey/","200","","200","https://temp123-nine.vercel.app/service-areas/new-jersey/","noindex, follow","","False"
"/service-areas/new-jersey/central-jersey/","rendered_page","","Location","region","New Jersey","Central Jersey","","true","false","true","Central Jersey, New Jersey Temporary Facilities Lease | Temporary123","1","Central Jersey, New Jersey Temporary Facilities Lease","","noindex,follow","false","7","false","https://temp123-nine.vercel.app/service-areas/new-jersey/central-jersey/","200","","200","https://temp123-nine.vercel.app/service-areas/new-jersey/central-jersey/","noindex, follow","","False"
"/service-areas/new-jersey/central-jersey/cities/","rendered_page","","Location","regional-city-directory","","","","true","false","true","Central Jersey, New Jersey Facility Rental Locations | Temporary123","1","Central Jersey, New Jersey Facility Rental Locations","","noindex,follow","false","1","false","https://temp123-nine.vercel.app/service-areas/new-jersey/central-jersey/cities/","200","","200","https://temp123-nine.vercel.app/service-areas/new-jersey/central-jersey/cities/","noindex, follow","","False"
"/service-areas/new-jersey/delaware-river-region/","rendered_page","","Location","region","New Jersey","Delaware River Region","","true","false","true","Delaware River Region, New Jersey Sleeper Bunkbed Trailer Rental | Temporary123","1","Delaware River Region, New Jersey Sleeper Bunkbed Trailer Rental","","noindex,follow","false","7","false","https://temp123-nine.vercel.app/service-areas/new-jersey/delaware-river-region/","200","","200","https://temp123-nine.vercel.app/service-areas/new-jersey/delaware-river-region/","noindex, follow","","False"
"/service-areas/new-jersey/delaware-river-region/cities/","rendered_page","","Location","regional-city-directory","","","","true","false","true","Delaware River Region, New Jersey Facility Rental Locations | Temporary123","1","Delaware River Region, New Jersey Facility Rental Locations","","noindex,follow","false","1","false","https://temp123-nine.vercel.app/service-areas/new-jersey/delaware-river-region/cities/","200","","200","https://temp123-nine.vercel.app/service-areas/new-jersey/delaware-river-region/cities/","noindex, follow","","False"
"/service-areas/new-jersey/gateway-region/","rendered_page","","Location","region","New Jersey","Gateway Region","","true","false","true","Gateway Region, New Jersey Mobile Kitchen Trailer Rental | Temporary123","1","Gateway Region, New Jersey Mobile Kitchen Trailer Rental","","noindex,follow","false","7","false","https://temp123-nine.vercel.app/service-areas/new-jersey/gateway-region/","200","","200","https://temp123-nine.vercel.app/service-areas/new-jersey/gateway-region/","noindex, follow","","False"
"/service-areas/new-jersey/gateway-region/cities/","rendered_page","","Location","regional-city-directory","","","","true","false","true","Gateway Region, New Jersey Facility Rental Locations | Temporary123","1","Gateway Region, New Jersey Facility Rental Locations","","noindex,follow","false","1","false","https://temp123-nine.vercel.app/service-areas/new-jersey/gateway-region/cities/","200","","200","https://temp123-nine.vercel.app/service-areas/new-jersey/gateway-region/cities/","noindex, follow","","False"
"/service-areas/new-jersey/shore-region/","rendered_page","","Location","region","New Jersey","Shore Region","","true","false","true","Shore Region, New Jersey Emergency Shower Trailer Rental | Temporary123","1","Shore Region, New Jersey Emergency Shower Trailer Rental","","noindex,follow","false","7","false","https://temp123-nine.vercel.app/service-areas/new-jersey/shore-region/","200","","200","https://temp123-nine.vercel.app/service-areas/new-jersey/shore-region/","noindex, follow","","False"
"/service-areas/new-jersey/shore-region/cities/","rendered_page","","Location","regional-city-directory","","","","true","false","true","Shore Region, New Jersey Facility Rental Locations | Temporary123","1","Shore Region, New Jersey Facility Rental Locations","","noindex,follow","false","1","false","https://temp123-nine.vercel.app/service-areas/new-jersey/shore-region/cities/","200","","200","https://temp123-nine.vercel.app/service-areas/new-jersey/shore-region/cities/","noindex, follow","","False"
"/service-areas/new-jersey/skylands/","rendered_page","","Location","region","New Jersey","Skylands","","true","false","true","Skylands, New Jersey Shower and Restroom Trailer Rental | Temporary123","1","Skylands, New Jersey Shower and Restroom Trailer Rental","","noindex,follow","false","7","false","https://temp123-nine.vercel.app/service-areas/new-jersey/skylands/","200","","200","https://temp123-nine.vercel.app/service-areas/new-jersey/skylands/","noindex, follow","","False"
"/service-areas/new-jersey/skylands/cities/","rendered_page","","Location","regional-city-directory","","","","true","false","true","Skylands, New Jersey Facility Rental Locations | Temporary123","1","Skylands, New Jersey Facility Rental Locations","","noindex,follow","false","1","false","https://temp123-nine.vercel.app/service-areas/new-jersey/skylands/cities/","200","","200","https://temp123-nine.vercel.app/service-areas/new-jersey/skylands/cities/","noindex, follow","","False"
"/service-areas/new-jersey/southern-shore/","rendered_page","","Location","region","New Jersey","Southern Shore","","true","false","true","Southern Shore, New Jersey Portable Facilities Rental | Temporary123","1","Southern Shore, New Jersey Portable Facilities Rental","","noindex,follow","false","7","false","https://temp123-nine.vercel.app/service-areas/new-jersey/southern-shore/","200","","200","https://temp123-nine.vercel.app/service-areas/new-jersey/southern-shore/","noindex, follow","","False"
"/service-areas/new-jersey/southern-shore/cities/","rendered_page","","Location","regional-city-directory","","","","true","false","true","Southern Shore, New Jersey Facility Rental Locations | Temporary123","1","Southern Shore, New Jersey Facility Rental Locations","","noindex,follow","false","1","false","https://temp123-nine.vercel.app/service-areas/new-jersey/southern-shore/cities/","200","","200","https://temp123-nine.vercel.app/service-areas/new-jersey/southern-shore/cities/","noindex, follow","","False"
"/service-areas/new-mexico/","rendered_page","","Location","state","","","","true","false","true","New Mexico Portable Facilities Rental | Temporary123","1","New Mexico Portable Facilities Rental","","noindex,follow","false","12","false","https://temp123-nine.vercel.app/service-areas/new-mexico/","200","","200","https://temp123-nine.vercel.app/service-areas/new-mexico/","noindex, follow","","False"
"/service-areas/new-mexico/albuquerque-area/","rendered_page","","Location","region","New Mexico","Albuquerque area","","true","false","true","Albuquerque area, New Mexico Emergency Trailer Rental | Temporary123","1","Albuquerque area, New Mexico Emergency Trailer Rental","","noindex,follow","false","7","false","https://temp123-nine.vercel.app/service-areas/new-mexico/albuquerque-area/","200","","200","https://temp123-nine.vercel.app/service-areas/new-mexico/albuquerque-area/","noindex, follow","","False"
"/service-areas/new-mexico/albuquerque-area/cities/","rendered_page","","Location","regional-city-directory","","","","true","false","true","Albuquerque area, New Mexico Facility Rental Locations | Temporary123","1","Albuquerque area, New Mexico Facility Rental Locations","","noindex,follow","false","1","false","https://temp123-nine.vercel.app/service-areas/new-mexico/albuquerque-area/cities/","200","","200","https://temp123-nine.vercel.app/service-areas/new-mexico/albuquerque-area/cities/","noindex, follow","","False"
"/service-areas/new-mexico/north-central-new-mexico/","rendered_page","","Location","region","New Mexico","North Central New Mexico","","true","false","true","North Central New Mexico Portable Facilities Rental | Temporary123","1","North Central New Mexico Portable Facilities Rental","","noindex,follow","false","7","false","https://temp123-nine.vercel.app/service-areas/new-mexico/north-central-new-mexico/","200","","200","https://temp123-nine.vercel.app/service-areas/new-mexico/north-central-new-mexico/","noindex, follow","","False"
"/service-areas/new-mexico/north-central-new-mexico/cities/","rendered_page","","Location","regional-city-directory","","","","true","false","true","North Central New Mexico Facility Rental Locations | Temporary123","1","North Central New Mexico Facility Rental Locations","","noindex,follow","false","1","false","https://temp123-nine.vercel.app/service-areas/new-mexico/north-central-new-mexico/cities/","200","","200","https://temp123-nine.vercel.app/service-areas/new-mexico/north-central-new-mexico/cities/","noindex, follow","","False"
"/service-areas/new-mexico/northeast-new-mexico/","rendered_page","","Location","region","New Mexico","Northeast New Mexico","","true","false","true","Northeast New Mexico Mobile Trailer Lease | Temporary123","1","Northeast New Mexico Mobile Trailer Lease","","noindex,follow","false","7","false","https://temp123-nine.vercel.app/service-areas/new-mexico/northeast-new-mexico/","200","","200","https://temp123-nine.vercel.app/service-areas/new-mexico/northeast-new-mexico/","noindex, follow","","False"
"/service-areas/new-mexico/northeast-new-mexico/cities/","rendered_page","","Location","regional-city-directory","","","","true","false","true","Northeast New Mexico Facility Rental Locations | Temporary123","1","Northeast New Mexico Facility Rental Locations","","noindex,follow","false","1","false","https://temp123-nine.vercel.app/service-areas/new-mexico/northeast-new-mexico/cities/","200","","200","https://temp123-nine.vercel.app/service-areas/new-mexico/northeast-new-mexico/cities/","noindex, follow","","False"
"/service-areas/new-mexico/southeast-new-mexico/","rendered_page","","Location","region","New Mexico","Southeast New Mexico","","true","false","true","Southeast New Mexico Shower and Restroom Trailer Rental | Temporary123","1","Southeast New Mexico Shower and Restroom Trailer Rental","","noindex,follow","false","7","false","https://temp123-nine.vercel.app/service-areas/new-mexico/southeast-new-mexico/","200","","200","https://temp123-nine.vercel.app/service-areas/new-mexico/southeast-new-mexico/","noindex, follow","","False"
"/service-areas/new-mexico/southeast-new-mexico/cities/","rendered_page","","Location","regional-city-directory","","","","true","false","true","Southeast New Mexico Facility Rental Locations | Temporary123","1","Southeast New Mexico Facility Rental Locations","","noindex,follow","false","1","false","https://temp123-nine.vercel.app/service-areas/new-mexico/southeast-new-mexico/cities/","200","","200","https://temp123-nine.vercel.app/service-areas/new-mexico/southeast-new-mexico/cities/","noindex, follow","","False"
"/service-areas/new-mexico/southwest-new-mexico/","rendered_page","","Location","region","New Mexico","Southwest New Mexico","","true","false","true","Southwest New Mexico Mobile Kitchen Trailer Rental | Temporary123","1","Southwest New Mexico Mobile Kitchen Trailer Rental","","noindex,follow","false","8","false","https://temp123-nine.vercel.app/service-areas/new-mexico/southwest-new-mexico/","200","","200","https://temp123-nine.vercel.app/service-areas/new-mexico/southwest-new-mexico/","noindex, follow","","False"
"/service-areas/new-mexico/southwest-new-mexico/cities/","rendered_page","","Location","regional-city-directory","","","","true","false","true","Southwest New Mexico Facility Rental Locations | Temporary123","1","Southwest New Mexico Facility Rental Locations","","noindex,follow","false","1","false","https://temp123-nine.vercel.app/service-areas/new-mexico/southwest-new-mexico/cities/","200","","200","https://temp123-nine.vercel.app/service-areas/new-mexico/southwest-new-mexico/cities/","noindex, follow","","False"
"/service-areas/new-york/","rendered_page","","Location","state","","","","true","false","true","New York Emergency Trailer Rental | Temporary123","1","New York Emergency Trailer Rental","","noindex,follow","false","16","false","https://temp123-nine.vercel.app/service-areas/new-york/","200","","200","https://temp123-nine.vercel.app/service-areas/new-york/","noindex, follow","","False"
"/service-areas/new-york/capital-region/","rendered_page","","Location","region","New York","Capital Region","","true","false","true","Capital Region, New York Shower and Restroom Trailer Rental | Temporary123","1","Capital Region, New York Shower and Restroom Trailer Rental","","noindex,follow","false","7","false","https://temp123-nine.vercel.app/service-areas/new-york/capital-region/","200","","200","https://temp123-nine.vercel.app/service-areas/new-york/capital-region/","noindex, follow","","False"
"/service-areas/new-york/capital-region/cities/","rendered_page","","Location","regional-city-directory","","","","true","false","true","Capital Region, New York Facility Rental Locations | Temporary123","1","Capital Region, New York Facility Rental Locations","","noindex,follow","false","1","false","https://temp123-nine.vercel.app/service-areas/new-york/capital-region/cities/","200","","200","https://temp123-nine.vercel.app/service-areas/new-york/capital-region/cities/","noindex, follow","","False"
"/service-areas/new-york/central-new-york/","rendered_page","","Location","region","New York","Central New York","","true","false","true","Central New York Mobile Kitchen Trailer Rental | Temporary123","1","Central New York Mobile Kitchen Trailer Rental","","noindex,follow","false","7","false","https://temp123-nine.vercel.app/service-areas/new-york/central-new-york/","200","","200","https://temp123-nine.vercel.app/service-areas/new-york/central-new-york/","noindex, follow","","False"
"/service-areas/new-york/central-new-york/cities/","rendered_page","","Location","regional-city-directory","","","","true","false","true","Central New York Facility Rental Locations | Temporary123","1","Central New York Facility Rental Locations","","noindex,follow","false","1","false","https://temp123-nine.vercel.app/service-areas/new-york/central-new-york/cities/","200","","200","https://temp123-nine.vercel.app/service-areas/new-york/central-new-york/cities/","noindex, follow","","False"
"/service-areas/new-york/finger-lakes/","rendered_page","","Location","region","New York","Finger Lakes","","true","false","true","Finger Lakes, New York Temporary Facilities Lease | Temporary123","1","Finger Lakes, New York Temporary Facilities Lease","","noindex,follow","false","7","false","https://temp123-nine.vercel.app/service-areas/new-york/finger-lakes/","200","","200","https://temp123-nine.vercel.app/service-areas/new-york/finger-lakes/","noindex, follow","","False"
"/service-areas/new-york/finger-lakes/cities/","rendered_page","","Location","regional-city-directory","","","","true","false","true","Finger Lakes, New York Facility Rental Locations | Temporary123","1","Finger Lakes, New York Facility Rental Locations","","noindex,follow","false","1","false","https://temp123-nine.vercel.app/service-areas/new-york/finger-lakes/cities/","200","","200","https://temp123-nine.vercel.app/service-areas/new-york/finger-lakes/cities/","noindex, follow","","False"
"/service-areas/new-york/hudson-valley/","rendered_page","","Location","region","New York","Hudson Valley","","true","false","true","Hudson Valley, New York Sleeper Bunkbed Trailer Rental | Temporary123","1","Hudson Valley, New York Sleeper Bunkbed Trailer Rental","","noindex,follow","false","7","false","https://temp123-nine.vercel.app/service-areas/new-york/hudson-valley/","200","","200","https://temp123-nine.vercel.app/service-areas/new-york/hudson-valley/","noindex, follow","","False"
"/service-areas/new-york/hudson-valley/cities/","rendered_page","","Location","regional-city-directory","","","","true","false","true","Hudson Valley, New York Facility Rental Locations | Temporary123","1","Hudson Valley, New York Facility Rental Locations","","noindex,follow","false","1","false","https://temp123-nine.vercel.app/service-areas/new-york/hudson-valley/cities/","200","","200","https://temp123-nine.vercel.app/service-areas/new-york/hudson-valley/cities/","noindex, follow","","False"
"/service-areas/new-york/new-york-city-and-long-island/","rendered_page","","Location","region","New York","New York City and Long Island","","true","false","true","New York City and Long Island Portable Facilities Rental | Temporary123","1","New York City and Long Island Portable Facilities Rental","","noindex,follow","false","7","false","https://temp123-nine.vercel.app/service-areas/new-york/new-york-city-and-long-island/","200","","200","https://temp123-nine.vercel.app/service-areas/new-york/new-york-city-and-long-island/","noindex, follow","","False"
"/service-areas/new-york/new-york-city-and-long-island/cities/","rendered_page","","Location","regional-city-directory","","","","true","false","true","New York City and Long Island Facility Rental Locations | Temporary123","1","New York City and Long Island Facility Rental Locations","","noindex,follow","false","1","false","https://temp123-nine.vercel.app/service-areas/new-york/new-york-city-and-long-island/cities/","200","","200","https://temp123-nine.vercel.app/service-areas/new-york/new-york-city-and-long-island/cities/","noindex, follow","","False"
"/service-areas/new-york/north-country/","rendered_page","","Location","region","New York","North Country","","true","false","true","North Country, New York Emergency Trailer Rental | Temporary123","1","North Country, New York Emergency Trailer Rental","","noindex,follow","false","7","false","https://temp123-nine.vercel.app/service-areas/new-york/north-country/","200","","200","https://temp123-nine.vercel.app/service-areas/new-york/north-country/","noindex, follow","","False"
"/service-areas/new-york/north-country/cities/","rendered_page","","Location","regional-city-directory","","","","true","false","true","North Country, New York Facility Rental Locations | Temporary123","1","North Country, New York Facility Rental Locations","","noindex,follow","false","1","false","https://temp123-nine.vercel.app/service-areas/new-york/north-country/cities/","200","","200","https://temp123-nine.vercel.app/service-areas/new-york/north-country/cities/","noindex, follow","","False"
"/service-areas/new-york/western-new-york/","rendered_page","","Location","region","New York","Western New York","","true","false","true","Western New York Emergency Shower Trailer Rental | Temporary123","1","Western New York Emergency Shower Trailer Rental","","noindex,follow","false","7","false","https://temp123-nine.vercel.app/service-areas/new-york/western-new-york/","200","","200","https://temp123-nine.vercel.app/service-areas/new-york/western-new-york/","noindex, follow","","False"
"/service-areas/new-york/western-new-york/cities/","rendered_page","","Location","regional-city-directory","","","","true","false","true","Western New York Facility Rental Locations | Temporary123","1","Western New York Facility Rental Locations","","noindex,follow","false","1","false","https://temp123-nine.vercel.app/service-areas/new-york/western-new-york/cities/","200","","200","https://temp123-nine.vercel.app/service-areas/new-york/western-new-york/cities/","noindex, follow","","False"
"/service-areas/north-carolina/","rendered_page","","Location","state","","","","true","false","true","North Carolina Mobile Trailer Lease | Temporary123","1","North Carolina Mobile Trailer Lease","","noindex,follow","false","14","false","https://temp123-nine.vercel.app/service-areas/north-carolina/","200","","200","https://temp123-nine.vercel.app/service-areas/north-carolina/","noindex, follow","","False"
"/service-areas/north-carolina/charlotte-region/","rendered_page","","Location","region","North Carolina","Charlotte region","","true","false","true","Charlotte region, North Carolina Shower and Restroom Trailer Rental | Temporary123","1","Charlotte region, North Carolina Shower and Restroom Trailer Rental","","noindex,follow","false","7","false","https://temp123-nine.vercel.app/service-areas/north-carolina/charlotte-region/","200","","200","https://temp123-nine.vercel.app/service-areas/north-carolina/charlotte-region/","noindex, follow","","False"
"/service-areas/north-carolina/charlotte-region/cities/","rendered_page","","Location","regional-city-directory","","","","true","false","true","Charlotte region, North Carolina Facility Rental Locations | Temporary123","1","Charlotte region, North Carolina Facility Rental Locations","","noindex,follow","false","1","false","https://temp123-nine.vercel.app/service-areas/north-carolina/charlotte-region/cities/","200","","200","https://temp123-nine.vercel.app/service-areas/north-carolina/charlotte-region/cities/","noindex, follow","","False"
"/service-areas/north-carolina/coastal-plain/","rendered_page","","Location","region","North Carolina","Coastal Plain","","true","false","true","Coastal Plain, North Carolina Temporary Facilities Lease | Temporary123","1","Coastal Plain, North Carolina Temporary Facilities Lease","","noindex,follow","false","7","false","https://temp123-nine.vercel.app/service-areas/north-carolina/coastal-plain/","200","","200","https://temp123-nine.vercel.app/service-areas/north-carolina/coastal-plain/","noindex, follow","","False"
"/service-areas/north-carolina/coastal-plain/cities/","rendered_page","","Location","regional-city-directory","","","","true","false","true","Coastal Plain, North Carolina Facility Rental Locations | Temporary123","1","Coastal Plain, North Carolina Facility Rental Locations","","noindex,follow","false","1","false","https://temp123-nine.vercel.app/service-areas/north-carolina/coastal-plain/cities/","200","","200","https://temp123-nine.vercel.app/service-areas/north-carolina/coastal-plain/cities/","noindex, follow","","False"
"/service-areas/north-carolina/mountains/","rendered_page","","Location","region","North Carolina","Mountains","","true","false","true","Mountains, North Carolina Mobile Trailer Lease | Temporary123","1","Mountains, North Carolina Mobile Trailer Lease","","noindex,follow","false","7","false","https://temp123-nine.vercel.app/service-areas/north-carolina/mountains/","200","","200","https://temp123-nine.vercel.app/service-areas/north-carolina/mountains/","noindex, follow","","False"
"/service-areas/north-carolina/mountains/cities/","rendered_page","","Location","regional-city-directory","","","","true","false","true","Mountains, North Carolina Facility Rental Locations | Temporary123","1","Mountains, North Carolina Facility Rental Locations","","noindex,follow","false","1","false","https://temp123-nine.vercel.app/service-areas/north-carolina/mountains/cities/","200","","200","https://temp123-nine.vercel.app/service-areas/north-carolina/mountains/cities/","noindex, follow","","False"
"/service-areas/north-carolina/outer-banks/","rendered_page","","Location","region","North Carolina","Outer Banks","","true","false","true","Outer Banks, North Carolina Emergency Shower Trailer Rental | Temporary123","1","Outer Banks, North Carolina Emergency Shower Trailer Rental","","noindex,follow","false","7","false","https://temp123-nine.vercel.app/service-areas/north-carolina/outer-banks/","200","","200","https://temp123-nine.vercel.app/service-areas/north-carolina/outer-banks/","noindex, follow","","False"
"/service-areas/north-carolina/outer-banks/cities/","rendered_page","","Location","regional-city-directory","","","","true","false","true","Outer Banks, North Carolina Facility Rental Locations | Temporary123","1","Outer Banks, North Carolina Facility Rental Locations","","noindex,follow","false","1","false","https://temp123-nine.vercel.app/service-areas/north-carolina/outer-banks/cities/","200","","200","https://temp123-nine.vercel.app/service-areas/north-carolina/outer-banks/cities/","noindex, follow","","False"
"/service-areas/north-carolina/piedmont-triad/","rendered_page","","Location","region","North Carolina","Piedmont Triad","","true","false","true","Piedmont Triad, North Carolina Emergency Trailer Rental | Temporary123","1","Piedmont Triad, North Carolina Emergency Trailer Rental","","noindex,follow","false","7","false","https://temp123-nine.vercel.app/service-areas/north-carolina/piedmont-triad/","200","","200","https://temp123-nine.vercel.app/service-areas/north-carolina/piedmont-triad/","noindex, follow","","False"
"/service-areas/north-carolina/piedmont-triad/cities/","rendered_page","","Location","regional-city-directory","","","","true","false","true","Piedmont Triad, North Carolina Facility Rental Locations | Temporary123","1","Piedmont Triad, North Carolina Facility Rental Locations","","noindex,follow","false","1","false","https://temp123-nine.vercel.app/service-areas/north-carolina/piedmont-triad/cities/","200","","200","https://temp123-nine.vercel.app/service-areas/north-carolina/piedmont-triad/cities/","noindex, follow","","False"
"/service-areas/north-carolina/research-triangle/","rendered_page","","Location","region","North Carolina","Research Triangle","","true","false","true","Research Triangle, North Carolina Mobile Kitchen Trailer Rental | Temporary123","1","Research Triangle, North Carolina Mobile Kitchen Trailer Rental","","noindex,follow","false","7","false","https://temp123-nine.vercel.app/service-areas/north-carolina/research-triangle/","200","","200","https://temp123-nine.vercel.app/service-areas/north-carolina/research-triangle/","noindex, follow","","False"
"/service-areas/north-carolina/research-triangle/cities/","rendered_page","","Location","regional-city-directory","","","","true","false","true","Research Triangle, North Carolina Facility Rental Locations | Temporary123","1","Research Triangle, North Carolina Facility Rental Locations","","noindex,follow","false","1","false","https://temp123-nine.vercel.app/service-areas/north-carolina/research-triangle/cities/","200","","200","https://temp123-nine.vercel.app/service-areas/north-carolina/research-triangle/cities/","noindex, follow","","False"
"/service-areas/north-dakota/","rendered_page","","Location","state","","","","true","false","true","North Dakota Mobile Kitchen Trailer Rental | Temporary123","1","North Dakota Mobile Kitchen Trailer Rental","","noindex,follow","false","10","false","https://temp123-nine.vercel.app/service-areas/north-dakota/","200","","200","https://temp123-nine.vercel.app/service-areas/north-dakota/","noindex, follow","","False"
"/service-areas/north-dakota/north-central-north-dakota/","rendered_page","","Location","region","North Dakota","North Central North Dakota","","true","false","true","North Central North Dakota Temporary Facilities Lease | Temporary123","1","North Central North Dakota Temporary Facilities Lease","","noindex,follow","false","7","false","https://temp123-nine.vercel.app/service-areas/north-dakota/north-central-north-dakota/","200","","200","https://temp123-nine.vercel.app/service-areas/north-dakota/north-central-north-dakota/","noindex, follow","","False"
"/service-areas/north-dakota/north-central-north-dakota/cities/","rendered_page","","Location","regional-city-directory","","","","true","false","true","North Central North Dakota Facility Rental Locations | Temporary123","1","North Central North Dakota Facility Rental Locations","","noindex,follow","false","1","false","https://temp123-nine.vercel.app/service-areas/north-dakota/north-central-north-dakota/cities/","200","","200","https://temp123-nine.vercel.app/service-areas/north-dakota/north-central-north-dakota/cities/","noindex, follow","","False"
"/service-areas/north-dakota/red-river-valley/","rendered_page","","Location","region","North Dakota","Red River Valley","","true","false","true","Red River Valley, North Dakota Emergency Shower Trailer Rental | Temporary123","1","Red River Valley, North Dakota Emergency Shower Trailer Rental","","noindex,follow","false","7","false","https://temp123-nine.vercel.app/service-areas/north-dakota/red-river-valley/","200","","200","https://temp123-nine.vercel.app/service-areas/north-dakota/red-river-valley/","noindex, follow","","False"
"/service-areas/north-dakota/red-river-valley/cities/","rendered_page","","Location","regional-city-directory","","","","true","false","true","Red River Valley, North Dakota Facility Rental Locations | Temporary123","1","Red River Valley, North Dakota Facility Rental Locations","","noindex,follow","false","1","false","https://temp123-nine.vercel.app/service-areas/north-dakota/red-river-valley/cities/","200","","200","https://temp123-nine.vercel.app/service-areas/north-dakota/red-river-valley/cities/","noindex, follow","","False"
"/service-areas/north-dakota/south-central-north-dakota/","rendered_page","","Location","region","North Dakota","South Central North Dakota","","true","false","true","South Central North Dakota Sleeper Bunkbed Trailer Rental | Temporary123","1","South Central North Dakota Sleeper Bunkbed Trailer Rental","","noindex,follow","false","7","false","https://temp123-nine.vercel.app/service-areas/north-dakota/south-central-north-dakota/","200","","200","https://temp123-nine.vercel.app/service-areas/north-dakota/south-central-north-dakota/","noindex, follow","","False"
"/service-areas/north-dakota/south-central-north-dakota/cities/","rendered_page","","Location","regional-city-directory","","","","true","false","true","South Central North Dakota Facility Rental Locations | Temporary123","1","South Central North Dakota Facility Rental Locations","","noindex,follow","false","1","false","https://temp123-nine.vercel.app/service-areas/north-dakota/south-central-north-dakota/cities/","200","","200","https://temp123-nine.vercel.app/service-areas/north-dakota/south-central-north-dakota/cities/","noindex, follow","","False"
"/service-areas/north-dakota/western-north-dakota/","rendered_page","","Location","region","North Dakota","Western North Dakota","","true","false","true","Western North Dakota Mobile Kitchen Trailer Rental | Temporary123","1","Western North Dakota Mobile Kitchen Trailer Rental","","noindex,follow","false","7","false","https://temp123-nine.vercel.app/service-areas/north-dakota/western-north-dakota/","200","","200","https://temp123-nine.vercel.app/service-areas/north-dakota/western-north-dakota/","noindex, follow","","False"
"/service-areas/north-dakota/western-north-dakota/cities/","rendered_page","","Location","regional-city-directory","","","","true","false","true","Western North Dakota Facility Rental Locations | Temporary123","1","Western North Dakota Facility Rental Locations","","noindex,follow","false","1","false","https://temp123-nine.vercel.app/service-areas/north-dakota/western-north-dakota/cities/","200","","200","https://temp123-nine.vercel.app/service-areas/north-dakota/western-north-dakota/cities/","noindex, follow","","False"
"/service-areas/ohio/","rendered_page","","Location","state","","","","true","false","true","Ohio Emergency Trailer Rental | Temporary123","1","Ohio Emergency Trailer Rental","","noindex,follow","false","12","false","https://temp123-nine.vercel.app/service-areas/ohio/","200","","200","https://temp123-nine.vercel.app/service-areas/ohio/","noindex, follow","","False"
"/service-areas/ohio/central-ohio/","rendered_page","","Location","region","Ohio","Central Ohio","","true","false","true","Central Ohio Mobile Kitchen Trailer Rental | Temporary123","1","Central Ohio Mobile Kitchen Trailer Rental","","noindex,follow","false","7","false","https://temp123-nine.vercel.app/service-areas/ohio/central-ohio/","200","","200","https://temp123-nine.vercel.app/service-areas/ohio/central-ohio/","noindex, follow","","False"
"/service-areas/ohio/central-ohio/cities/","rendered_page","","Location","regional-city-directory","","","","true","false","true","Central Ohio Facility Rental Locations | Temporary123","1","Central Ohio Facility Rental Locations","","noindex,follow","false","1","false","https://temp123-nine.vercel.app/service-areas/ohio/central-ohio/cities/","200","","200","https://temp123-nine.vercel.app/service-areas/ohio/central-ohio/cities/","noindex, follow","","False"
"/service-areas/ohio/northeast-ohio/","rendered_page","","Location","region","Ohio","Northeast Ohio","","true","false","true","Northeast Ohio Emergency Trailer Rental | Temporary123","1","Northeast Ohio Emergency Trailer Rental","","noindex,follow","false","7","false","https://temp123-nine.vercel.app/service-areas/ohio/northeast-ohio/","200","","200","https://temp123-nine.vercel.app/service-areas/ohio/northeast-ohio/","noindex, follow","","False"
"/service-areas/ohio/northeast-ohio/cities/","rendered_page","","Location","regional-city-directory","","","","true","false","true","Northeast Ohio Facility Rental Locations | Temporary123","1","Northeast Ohio Facility Rental Locations","","noindex,follow","false","1","false","https://temp123-nine.vercel.app/service-areas/ohio/northeast-ohio/cities/","200","","200","https://temp123-nine.vercel.app/service-areas/ohio/northeast-ohio/cities/","noindex, follow","","False"
"/service-areas/ohio/northwest-ohio/","rendered_page","","Location","region","Ohio","Northwest Ohio","","true","false","true","Northwest Ohio Shower and Restroom Trailer Rental | Temporary123","1","Northwest Ohio Shower and Restroom Trailer Rental","","noindex,follow","false","7","false","https://temp123-nine.vercel.app/service-areas/ohio/northwest-ohio/","200","","200","https://temp123-nine.vercel.app/service-areas/ohio/northwest-ohio/","noindex, follow","","False"
"/service-areas/ohio/northwest-ohio/cities/","rendered_page","","Location","regional-city-directory","","","","true","false","true","Northwest Ohio Facility Rental Locations | Temporary123","1","Northwest Ohio Facility Rental Locations","","noindex,follow","false","1","false","https://temp123-nine.vercel.app/service-areas/ohio/northwest-ohio/cities/","200","","200","https://temp123-nine.vercel.app/service-areas/ohio/northwest-ohio/cities/","noindex, follow","","False"
"/service-areas/ohio/southeast-ohio/","rendered_page","","Location","region","Ohio","Southeast Ohio","","true","false","true","Southeast Ohio Emergency Shower Trailer Rental | Temporary123","1","Southeast Ohio Emergency Shower Trailer Rental","","noindex,follow","false","7","false","https://temp123-nine.vercel.app/service-areas/ohio/southeast-ohio/","200","","200","https://temp123-nine.vercel.app/service-areas/ohio/southeast-ohio/","noindex, follow","","False"
"/service-areas/ohio/southeast-ohio/cities/","rendered_page","","Location","regional-city-directory","","","","true","false","true","Southeast Ohio Facility Rental Locations | Temporary123","1","Southeast Ohio Facility Rental Locations","","noindex,follow","false","1","false","https://temp123-nine.vercel.app/service-areas/ohio/southeast-ohio/cities/","200","","200","https://temp123-nine.vercel.app/service-areas/ohio/southeast-ohio/cities/","noindex, follow","","False"
"/service-areas/ohio/southwest-ohio/","rendered_page","","Location","region","Ohio","Southwest Ohio","","true","false","true","Southwest Ohio Temporary Facilities Lease | Temporary123","1","Southwest Ohio Temporary Facilities Lease","","noindex,follow","false","8","false","https://temp123-nine.vercel.app/service-areas/ohio/southwest-ohio/","200","","200","https://temp123-nine.vercel.app/service-areas/ohio/southwest-ohio/","noindex, follow","","False"
"/service-areas/ohio/southwest-ohio/cities/","rendered_page","","Location","regional-city-directory","","","","true","false","true","Southwest Ohio Facility Rental Locations | Temporary123","1","Southwest Ohio Facility Rental Locations","","noindex,follow","false","1","false","https://temp123-nine.vercel.app/service-areas/ohio/southwest-ohio/cities/","200","","200","https://temp123-nine.vercel.app/service-areas/ohio/southwest-ohio/cities/","noindex, follow","","False"
"/service-areas/oklahoma/","rendered_page","","Location","state","","","","true","false","true","Oklahoma Sleeper Bunkbed Trailer Rental | Temporary123","1","Oklahoma Sleeper Bunkbed Trailer Rental","","noindex,follow","false","14","false","https://temp123-nine.vercel.app/service-areas/oklahoma/","200","","200","https://temp123-nine.vercel.app/service-areas/oklahoma/","noindex, follow","","False"
"/service-areas/oklahoma/central-oklahoma/","rendered_page","","Location","region","Oklahoma","Central Oklahoma","","true","false","true","Central Oklahoma Emergency Trailer Rental | Temporary123","1","Central Oklahoma Emergency Trailer Rental","","noindex,follow","false","7","false","https://temp123-nine.vercel.app/service-areas/oklahoma/central-oklahoma/","200","","200","https://temp123-nine.vercel.app/service-areas/oklahoma/central-oklahoma/","noindex, follow","","False"
"/service-areas/oklahoma/central-oklahoma/cities/","rendered_page","","Location","regional-city-directory","","","","true","false","true","Central Oklahoma Facility Rental Locations | Temporary123","1","Central Oklahoma Facility Rental Locations","","noindex,follow","false","1","false","https://temp123-nine.vercel.app/service-areas/oklahoma/central-oklahoma/cities/","200","","200","https://temp123-nine.vercel.app/service-areas/oklahoma/central-oklahoma/cities/","noindex, follow","","False"
"/service-areas/oklahoma/green-country/","rendered_page","","Location","region","Oklahoma","Green Country","","true","false","true","Green Country, Oklahoma Mobile Trailer Lease | Temporary123","1","Green Country, Oklahoma Mobile Trailer Lease","","noindex,follow","false","7","false","https://temp123-nine.vercel.app/service-areas/oklahoma/green-country/","200","","200","https://temp123-nine.vercel.app/service-areas/oklahoma/green-country/","noindex, follow","","False"
"/service-areas/oklahoma/green-country/cities/","rendered_page","","Location","regional-city-directory","","","","true","false","true","Green Country, Oklahoma Facility Rental Locations | Temporary123","1","Green Country, Oklahoma Facility Rental Locations","","noindex,follow","false","1","false","https://temp123-nine.vercel.app/service-areas/oklahoma/green-country/cities/","200","","200","https://temp123-nine.vercel.app/service-areas/oklahoma/green-country/cities/","noindex, follow","","False"
"/service-areas/oklahoma/kiamichi-country/","rendered_page","","Location","region","Oklahoma","Kiamichi Country","","true","false","true","Kiamichi Country, Oklahoma Shower and Restroom Trailer Rental | Temporary123","1","Kiamichi Country, Oklahoma Shower and Restroom Trailer Rental","","noindex,follow","false","7","false","https://temp123-nine.vercel.app/service-areas/oklahoma/kiamichi-country/","200","","200","https://temp123-nine.vercel.app/service-areas/oklahoma/kiamichi-country/","noindex, follow","","False"
"/service-areas/oklahoma/kiamichi-country/cities/","rendered_page","","Location","regional-city-directory","","","","true","false","true","Kiamichi Country, Oklahoma Facility Rental Locations | Temporary123","1","Kiamichi Country, Oklahoma Facility Rental Locations","","noindex,follow","false","1","false","https://temp123-nine.vercel.app/service-areas/oklahoma/kiamichi-country/cities/","200","","200","https://temp123-nine.vercel.app/service-areas/oklahoma/kiamichi-country/cities/","noindex, follow","","False"
"/service-areas/oklahoma/northwest-oklahoma/","rendered_page","","Location","region","Oklahoma","Northwest Oklahoma","","true","false","true","Northwest Oklahoma Portable Facilities Rental | Temporary123","1","Northwest Oklahoma Portable Facilities Rental","","noindex,follow","false","7","false","https://temp123-nine.vercel.app/service-areas/oklahoma/northwest-oklahoma/","200","","200","https://temp123-nine.vercel.app/service-areas/oklahoma/northwest-oklahoma/","noindex, follow","","False"
"/service-areas/oklahoma/northwest-oklahoma/cities/","rendered_page","","Location","regional-city-directory","","","","true","false","true","Northwest Oklahoma Facility Rental Locations | Temporary123","1","Northwest Oklahoma Facility Rental Locations","","noindex,follow","false","1","false","https://temp123-nine.vercel.app/service-areas/oklahoma/northwest-oklahoma/cities/","200","","200","https://temp123-nine.vercel.app/service-areas/oklahoma/northwest-oklahoma/cities/","noindex, follow","","False"
"/service-areas/oklahoma/panhandle/","rendered_page","","Location","region","Oklahoma","Panhandle","","true","false","true","Panhandle, Oklahoma Sleeper Bunkbed Trailer Rental | Temporary123","1","Panhandle, Oklahoma Sleeper Bunkbed Trailer Rental","","noindex,follow","false","7","false","https://temp123-nine.vercel.app/service-areas/oklahoma/panhandle/","200","","200","https://temp123-nine.vercel.app/service-areas/oklahoma/panhandle/","noindex, follow","","False"
"/service-areas/oklahoma/panhandle/cities/","rendered_page","","Location","regional-city-directory","","","","true","false","true","Panhandle, Oklahoma Facility Rental Locations | Temporary123","1","Panhandle, Oklahoma Facility Rental Locations","","noindex,follow","false","1","false","https://temp123-nine.vercel.app/service-areas/oklahoma/panhandle/cities/","200","","200","https://temp123-nine.vercel.app/service-areas/oklahoma/panhandle/cities/","noindex, follow","","False"
"/service-areas/oklahoma/southwest-oklahoma/","rendered_page","","Location","region","Oklahoma","Southwest Oklahoma","","true","false","true","Southwest Oklahoma Mobile Kitchen Trailer Rental | Temporary123","1","Southwest Oklahoma Mobile Kitchen Trailer Rental","","noindex,follow","false","7","false","https://temp123-nine.vercel.app/service-areas/oklahoma/southwest-oklahoma/","200","","200","https://temp123-nine.vercel.app/service-areas/oklahoma/southwest-oklahoma/","noindex, follow","","False"
"/service-areas/oklahoma/southwest-oklahoma/cities/","rendered_page","","Location","regional-city-directory","","","","true","false","true","Southwest Oklahoma Facility Rental Locations | Temporary123","1","Southwest Oklahoma Facility Rental Locations","","noindex,follow","false","1","false","https://temp123-nine.vercel.app/service-areas/oklahoma/southwest-oklahoma/cities/","200","","200","https://temp123-nine.vercel.app/service-areas/oklahoma/southwest-oklahoma/cities/","noindex, follow","","False"
"/service-areas/oregon/","rendered_page","","Location","state","","","","true","false","true","Oregon Sleeper Bunkbed Trailer Rental | Temporary123","1","Oregon Sleeper Bunkbed Trailer Rental","","noindex,follow","false","12","false","https://temp123-nine.vercel.app/service-areas/oregon/","200","","200","https://temp123-nine.vercel.app/service-areas/oregon/","noindex, follow","","False"
"/service-areas/oregon/central-oregon/","rendered_page","","Location","region","Oregon","Central Oregon","","true","false","true","Central Oregon Emergency Trailer Rental | Temporary123","1","Central Oregon Emergency Trailer Rental","","noindex,follow","false","7","false","https://temp123-nine.vercel.app/service-areas/oregon/central-oregon/","200","","200","https://temp123-nine.vercel.app/service-areas/oregon/central-oregon/","noindex, follow","","False"
"/service-areas/oregon/central-oregon/cities/","rendered_page","","Location","regional-city-directory","","","","true","false","true","Central Oregon Facility Rental Locations | Temporary123","1","Central Oregon Facility Rental Locations","","noindex,follow","false","1","false","https://temp123-nine.vercel.app/service-areas/oregon/central-oregon/cities/","200","","200","https://temp123-nine.vercel.app/service-areas/oregon/central-oregon/cities/","noindex, follow","","False"
"/service-areas/oregon/eastern-oregon/","rendered_page","","Location","region","Oregon","Eastern Oregon","","true","false","true","Eastern Oregon Shower and Restroom Trailer Rental | Temporary123","1","Eastern Oregon Shower and Restroom Trailer Rental","","noindex,follow","false","7","false","https://temp123-nine.vercel.app/service-areas/oregon/eastern-oregon/","200","","200","https://temp123-nine.vercel.app/service-areas/oregon/eastern-oregon/","noindex, follow","","False"
"/service-areas/oregon/eastern-oregon/cities/","rendered_page","","Location","regional-city-directory","","","","true","false","true","Eastern Oregon Facility Rental Locations | Temporary123","1","Eastern Oregon Facility Rental Locations","","noindex,follow","false","1","false","https://temp123-nine.vercel.app/service-areas/oregon/eastern-oregon/cities/","200","","200","https://temp123-nine.vercel.app/service-areas/oregon/eastern-oregon/cities/","noindex, follow","","False"
"/service-areas/oregon/oregon-coast/","rendered_page","","Location","region","Oregon","Oregon Coast","","true","false","true","Oregon Coast Sleeper Bunkbed Trailer Rental | Temporary123","1","Oregon Coast Sleeper Bunkbed Trailer Rental","","noindex,follow","false","7","false","https://temp123-nine.vercel.app/service-areas/oregon/oregon-coast/","200","","200","https://temp123-nine.vercel.app/service-areas/oregon/oregon-coast/","noindex, follow","","False"
"/service-areas/oregon/oregon-coast/cities/","rendered_page","","Location","regional-city-directory","","","","true","false","true","Oregon Coast Facility Rental Locations | Temporary123","1","Oregon Coast Facility Rental Locations","","noindex,follow","false","1","false","https://temp123-nine.vercel.app/service-areas/oregon/oregon-coast/cities/","200","","200","https://temp123-nine.vercel.app/service-areas/oregon/oregon-coast/cities/","noindex, follow","","False"
"/service-areas/oregon/southern-oregon/","rendered_page","","Location","region","Oregon","Southern Oregon","","true","false","true","Southern Oregon Mobile Trailer Lease | Temporary123","1","Southern Oregon Mobile Trailer Lease","","noindex,follow","false","7","false","https://temp123-nine.vercel.app/service-areas/oregon/southern-oregon/","200","","200","https://temp123-nine.vercel.app/service-areas/oregon/southern-oregon/","noindex, follow","","False"
"/service-areas/oregon/southern-oregon/cities/","rendered_page","","Location","regional-city-directory","","","","true","false","true","Southern Oregon Facility Rental Locations | Temporary123","1","Southern Oregon Facility Rental Locations","","noindex,follow","false","1","false","https://temp123-nine.vercel.app/service-areas/oregon/southern-oregon/cities/","200","","200","https://temp123-nine.vercel.app/service-areas/oregon/southern-oregon/cities/","noindex, follow","","False"
"/service-areas/oregon/willamette-valley/","rendered_page","","Location","region","Oregon","Willamette Valley","","true","false","true","Willamette Valley, Oregon Portable Facilities Rental | Temporary123","1","Willamette Valley, Oregon Portable Facilities Rental","","noindex,follow","false","7","false","https://temp123-nine.vercel.app/service-areas/oregon/willamette-valley/","200","","200","https://temp123-nine.vercel.app/service-areas/oregon/willamette-valley/","noindex, follow","","False"
"/service-areas/oregon/willamette-valley/cities/","rendered_page","","Location","regional-city-directory","","","","true","false","true","Willamette Valley, Oregon Facility Rental Locations | Temporary123","1","Willamette Valley, Oregon Facility Rental Locations","","noindex,follow","false","1","false","https://temp123-nine.vercel.app/service-areas/oregon/willamette-valley/cities/","200","","200","https://temp123-nine.vercel.app/service-areas/oregon/willamette-valley/cities/","noindex, follow","","False"
"/service-areas/pennsylvania/","rendered_page","","Location","state","","","","true","false","true","Pennsylvania Temporary Facilities Lease | Temporary123","1","Pennsylvania Temporary Facilities Lease","","noindex,follow","false","14","false","https://temp123-nine.vercel.app/service-areas/pennsylvania/","200","","200","https://temp123-nine.vercel.app/service-areas/pennsylvania/","noindex, follow","","False"
"/service-areas/pennsylvania/central-pennsylvania/","rendered_page","","Location","region","Pennsylvania","Central Pennsylvania","","true","false","true","Central Pennsylvania Portable Facilities Rental | Temporary123","1","Central Pennsylvania Portable Facilities Rental","","noindex,follow","false","7","false","https://temp123-nine.vercel.app/service-areas/pennsylvania/central-pennsylvania/","200","","200","https://temp123-nine.vercel.app/service-areas/pennsylvania/central-pennsylvania/","noindex, follow","","False"
"/service-areas/pennsylvania/central-pennsylvania/cities/","rendered_page","","Location","regional-city-directory","","","","true","false","true","Central Pennsylvania Facility Rental Locations | Temporary123","1","Central Pennsylvania Facility Rental Locations","","noindex,follow","false","1","false","https://temp123-nine.vercel.app/service-areas/pennsylvania/central-pennsylvania/cities/","200","","200","https://temp123-nine.vercel.app/service-areas/pennsylvania/central-pennsylvania/cities/","noindex, follow","","False"
"/service-areas/pennsylvania/erie-region/","rendered_page","","Location","region","Pennsylvania","Erie region","","true","false","true","Erie region, Pennsylvania Temporary Facilities Lease | Temporary123","1","Erie region, Pennsylvania Temporary Facilities Lease","","noindex,follow","false","7","false","https://temp123-nine.vercel.app/service-areas/pennsylvania/erie-region/","200","","200","https://temp123-nine.vercel.app/service-areas/pennsylvania/erie-region/","noindex, follow","","False"
"/service-areas/pennsylvania/erie-region/cities/","rendered_page","","Location","regional-city-directory","","","","true","false","true","Erie region, Pennsylvania Facility Rental Locations | Temporary123","1","Erie region, Pennsylvania Facility Rental Locations","","noindex,follow","false","1","false","https://temp123-nine.vercel.app/service-areas/pennsylvania/erie-region/cities/","200","","200","https://temp123-nine.vercel.app/service-areas/pennsylvania/erie-region/cities/","noindex, follow","","False"
"/service-areas/pennsylvania/northeast-pennsylvania/","rendered_page","","Location","region","Pennsylvania","Northeast Pennsylvania","","true","false","true","Northeast Pennsylvania Mobile Trailer Lease | Temporary123","1","Northeast Pennsylvania Mobile Trailer Lease","","noindex,follow","false","7","false","https://temp123-nine.vercel.app/service-areas/pennsylvania/northeast-pennsylvania/","200","","200","https://temp123-nine.vercel.app/service-areas/pennsylvania/northeast-pennsylvania/","noindex, follow","","False"
"/service-areas/pennsylvania/northeast-pennsylvania/cities/","rendered_page","","Location","regional-city-directory","","","","true","false","true","Northeast Pennsylvania Facility Rental Locations | Temporary123","1","Northeast Pennsylvania Facility Rental Locations","","noindex,follow","false","1","false","https://temp123-nine.vercel.app/service-areas/pennsylvania/northeast-pennsylvania/cities/","200","","200","https://temp123-nine.vercel.app/service-areas/pennsylvania/northeast-pennsylvania/cities/","noindex, follow","","False"
"/service-areas/pennsylvania/pennsylvania-wilds/","rendered_page","","Location","region","Pennsylvania","Pennsylvania Wilds","","true","false","true","Pennsylvania Wilds Sleeper Bunkbed Trailer Rental | Temporary123","1","Pennsylvania Wilds Sleeper Bunkbed Trailer Rental","","noindex,follow","false","7","false","https://temp123-nine.vercel.app/service-areas/pennsylvania/pennsylvania-wilds/","200","","200","https://temp123-nine.vercel.app/service-areas/pennsylvania/pennsylvania-wilds/","noindex, follow","","False"
"/service-areas/pennsylvania/pennsylvania-wilds/cities/","rendered_page","","Location","regional-city-directory","","","","true","false","true","Pennsylvania Wilds Facility Rental Locations | Temporary123","1","Pennsylvania Wilds Facility Rental Locations","","noindex,follow","false","1","false","https://temp123-nine.vercel.app/service-areas/pennsylvania/pennsylvania-wilds/cities/","200","","200","https://temp123-nine.vercel.app/service-areas/pennsylvania/pennsylvania-wilds/cities/","noindex, follow","","False"
"/service-areas/pennsylvania/philadelphia-and-southeast/","rendered_page","","Location","region","Pennsylvania","Philadelphia and Southeast","","true","false","true","Philadelphia and Southeast, Pennsylvania Emergency Trailer Rental | Temporary123","1","Philadelphia and Southeast, Pennsylvania Emergency Trailer Rental","","noindex,follow","false","8","false","https://temp123-nine.vercel.app/service-areas/pennsylvania/philadelphia-and-southeast/","200","","200","https://temp123-nine.vercel.app/service-areas/pennsylvania/philadelphia-and-southeast/","noindex, follow","","False"
"/service-areas/pennsylvania/philadelphia-and-southeast/cities/","rendered_page","","Location","regional-city-directory","","","","true","false","true","Philadelphia and Southeast, Pennsylvania Facility Rental Locations | Temporary123","1","Philadelphia and Southeast, Pennsylvania Facility Rental Locations","","noindex,follow","false","1","false","https://temp123-nine.vercel.app/service-areas/pennsylvania/philadelphia-and-southeast/cities/","200","","200","https://temp123-nine.vercel.app/service-areas/pennsylvania/philadelphia-and-southeast/cities/","noindex, follow","","False"
"/service-areas/pennsylvania/pittsburgh-and-southwest/","rendered_page","","Location","region","Pennsylvania","Pittsburgh and Southwest","","true","false","true","Pittsburgh and Southwest, Pennsylvania Emergency Shower Trailer Rental | Temporary123","1","Pittsburgh and Southwest, Pennsylvania Emergency Shower Trailer Rental","","noindex,follow","false","7","false","https://temp123-nine.vercel.app/service-areas/pennsylvania/pittsburgh-and-southwest/","200","","200","https://temp123-nine.vercel.app/service-areas/pennsylvania/pittsburgh-and-southwest/","noindex, follow","","False"
"/service-areas/pennsylvania/pittsburgh-and-southwest/cities/","rendered_page","","Location","regional-city-directory","","","","true","false","true","Pittsburgh and Southwest, Pennsylvania Facility Rental Locations | Temporary123","1","Pittsburgh and Southwest, Pennsylvania Facility Rental Locations","","noindex,follow","false","1","false","https://temp123-nine.vercel.app/service-areas/pennsylvania/pittsburgh-and-southwest/cities/","200","","200","https://temp123-nine.vercel.app/service-areas/pennsylvania/pittsburgh-and-southwest/cities/","noindex, follow","","False"
"/service-areas/rhode-island/","rendered_page","","Location","state","","","","true","false","true","Rhode Island Emergency Shower Trailer Rental | Temporary123","1","Rhode Island Emergency Shower Trailer Rental","","noindex,follow","false","10","false","https://temp123-nine.vercel.app/service-areas/rhode-island/","200","","200","https://temp123-nine.vercel.app/service-areas/rhode-island/","noindex, follow","","False"
"/service-areas/rhode-island/blackstone-valley/","rendered_page","","Location","region","Rhode Island","Blackstone Valley","","true","false","true","Blackstone Valley, Rhode Island Sleeper Bunkbed Trailer Rental | Temporary123","1","Blackstone Valley, Rhode Island Sleeper Bunkbed Trailer Rental","","noindex,follow","false","7","false","https://temp123-nine.vercel.app/service-areas/rhode-island/blackstone-valley/","200","","200","https://temp123-nine.vercel.app/service-areas/rhode-island/blackstone-valley/","noindex, follow","","False"
"/service-areas/rhode-island/blackstone-valley/cities/","rendered_page","","Location","regional-city-directory","","","","true","false","true","Blackstone Valley, Rhode Island Facility Rental Locations | Temporary123","1","Blackstone Valley, Rhode Island Facility Rental Locations","","noindex,follow","false","1","false","https://temp123-nine.vercel.app/service-areas/rhode-island/blackstone-valley/cities/","200","","200","https://temp123-nine.vercel.app/service-areas/rhode-island/blackstone-valley/cities/","noindex, follow","","False"
"/service-areas/rhode-island/newport-county/","rendered_page","","Location","region","Rhode Island","Newport County","","true","false","true","Newport County, Rhode Island Portable Facilities Rental | Temporary123","1","Newport County, Rhode Island Portable Facilities Rental","","noindex,follow","false","7","false","https://temp123-nine.vercel.app/service-areas/rhode-island/newport-county/","200","","200","https://temp123-nine.vercel.app/service-areas/rhode-island/newport-county/","noindex, follow","","False"
"/service-areas/rhode-island/newport-county/cities/","rendered_page","","Location","regional-city-directory","","","","true","false","true","Newport County, Rhode Island Facility Rental Locations | Temporary123","1","Newport County, Rhode Island Facility Rental Locations","","noindex,follow","false","1","false","https://temp123-nine.vercel.app/service-areas/rhode-island/newport-county/cities/","200","","200","https://temp123-nine.vercel.app/service-areas/rhode-island/newport-county/cities/","noindex, follow","","False"
"/service-areas/rhode-island/providence-area/","rendered_page","","Location","region","Rhode Island","Providence area","","true","false","true","Providence area, Rhode Island Emergency Shower Trailer Rental | Temporary123","1","Providence area, Rhode Island Emergency Shower Trailer Rental","","noindex,follow","false","7","false","https://temp123-nine.vercel.app/service-areas/rhode-island/providence-area/","200","","200","https://temp123-nine.vercel.app/service-areas/rhode-island/providence-area/","noindex, follow","","False"
"/service-areas/rhode-island/providence-area/cities/","rendered_page","","Location","regional-city-directory","","","","true","false","true","Providence area, Rhode Island Facility Rental Locations | Temporary123","1","Providence area, Rhode Island Facility Rental Locations","","noindex,follow","false","1","false","https://temp123-nine.vercel.app/service-areas/rhode-island/providence-area/cities/","200","","200","https://temp123-nine.vercel.app/service-areas/rhode-island/providence-area/cities/","noindex, follow","","False"
"/service-areas/rhode-island/south-county/","rendered_page","","Location","region","Rhode Island","South County","","true","false","true","South County, Rhode Island Mobile Trailer Lease | Temporary123","1","South County, Rhode Island Mobile Trailer Lease","","noindex,follow","false","7","false","https://temp123-nine.vercel.app/service-areas/rhode-island/south-county/","200","","200","https://temp123-nine.vercel.app/service-areas/rhode-island/south-county/","noindex, follow","","False"
"/service-areas/rhode-island/south-county/cities/","rendered_page","","Location","regional-city-directory","","","","true","false","true","South County, Rhode Island Facility Rental Locations | Temporary123","1","South County, Rhode Island Facility Rental Locations","","noindex,follow","false","1","false","https://temp123-nine.vercel.app/service-areas/rhode-island/south-county/cities/","200","","200","https://temp123-nine.vercel.app/service-areas/rhode-island/south-county/cities/","noindex, follow","","False"
"/service-areas/south-carolina/","rendered_page","","Location","state","","","","true","false","true","South Carolina Mobile Trailer Lease | Temporary123","1","South Carolina Mobile Trailer Lease","","noindex,follow","false","10","false","https://temp123-nine.vercel.app/service-areas/south-carolina/","200","","200","https://temp123-nine.vercel.app/service-areas/south-carolina/","noindex, follow","","False"
"/service-areas/south-carolina/lowcountry/","rendered_page","","Location","region","South Carolina","Lowcountry","","true","false","true","Lowcountry, South Carolina Mobile Kitchen Trailer Rental | Temporary123","1","Lowcountry, South Carolina Mobile Kitchen Trailer Rental","","noindex,follow","false","7","false","https://temp123-nine.vercel.app/service-areas/south-carolina/lowcountry/","200","","200","https://temp123-nine.vercel.app/service-areas/south-carolina/lowcountry/","noindex, follow","","False"
"/service-areas/south-carolina/lowcountry/cities/","rendered_page","","Location","regional-city-directory","","","","true","false","true","Lowcountry, South Carolina Facility Rental Locations | Temporary123","1","Lowcountry, South Carolina Facility Rental Locations","","noindex,follow","false","1","false","https://temp123-nine.vercel.app/service-areas/south-carolina/lowcountry/cities/","200","","200","https://temp123-nine.vercel.app/service-areas/south-carolina/lowcountry/cities/","noindex, follow","","False"
"/service-areas/south-carolina/midlands/","rendered_page","","Location","region","South Carolina","Midlands","","true","false","true","Midlands, South Carolina Emergency Trailer Rental | Temporary123","1","Midlands, South Carolina Emergency Trailer Rental","","noindex,follow","false","7","false","https://temp123-nine.vercel.app/service-areas/south-carolina/midlands/","200","","200","https://temp123-nine.vercel.app/service-areas/south-carolina/midlands/","noindex, follow","","False"
"/service-areas/south-carolina/midlands/cities/","rendered_page","","Location","regional-city-directory","","","","true","false","true","Midlands, South Carolina Facility Rental Locations | Temporary123","1","Midlands, South Carolina Facility Rental Locations","","noindex,follow","false","1","false","https://temp123-nine.vercel.app/service-areas/south-carolina/midlands/cities/","200","","200","https://temp123-nine.vercel.app/service-areas/south-carolina/midlands/cities/","noindex, follow","","False"
"/service-areas/south-carolina/pee-dee/","rendered_page","","Location","region","South Carolina","Pee Dee","","true","false","true","Pee Dee, South Carolina Shower and Restroom Trailer Rental | Temporary123","1","Pee Dee, South Carolina Shower and Restroom Trailer Rental","","noindex,follow","false","7","false","https://temp123-nine.vercel.app/service-areas/south-carolina/pee-dee/","200","","200","https://temp123-nine.vercel.app/service-areas/south-carolina/pee-dee/","noindex, follow","","False"
"/service-areas/south-carolina/pee-dee/cities/","rendered_page","","Location","regional-city-directory","","","","true","false","true","Pee Dee, South Carolina Facility Rental Locations | Temporary123","1","Pee Dee, South Carolina Facility Rental Locations","","noindex,follow","false","1","false","https://temp123-nine.vercel.app/service-areas/south-carolina/pee-dee/cities/","200","","200","https://temp123-nine.vercel.app/service-areas/south-carolina/pee-dee/cities/","noindex, follow","","False"
"/service-areas/south-carolina/upstate/","rendered_page","","Location","region","South Carolina","Upstate","","true","false","true","Upstate, South Carolina Mobile Trailer Lease | Temporary123","1","Upstate, South Carolina Mobile Trailer Lease","","noindex,follow","false","7","false","https://temp123-nine.vercel.app/service-areas/south-carolina/upstate/","200","","200","https://temp123-nine.vercel.app/service-areas/south-carolina/upstate/","noindex, follow","","False"
"/service-areas/south-carolina/upstate/cities/","rendered_page","","Location","regional-city-directory","","","","true","false","true","Upstate, South Carolina Facility Rental Locations | Temporary123","1","Upstate, South Carolina Facility Rental Locations","","noindex,follow","false","1","false","https://temp123-nine.vercel.app/service-areas/south-carolina/upstate/cities/","200","","200","https://temp123-nine.vercel.app/service-areas/south-carolina/upstate/cities/","noindex, follow","","False"
"/service-areas/south-dakota/","rendered_page","","Location","state","","","","true","false","true","South Dakota Mobile Kitchen Trailer Rental | Temporary123","1","South Dakota Mobile Kitchen Trailer Rental","","noindex,follow","false","10","false","https://temp123-nine.vercel.app/service-areas/south-dakota/","200","","200","https://temp123-nine.vercel.app/service-areas/south-dakota/","noindex, follow","","False"
"/service-areas/south-dakota/black-hills-and-badlands/","rendered_page","","Location","region","South Dakota","Black Hills and Badlands","","true","false","true","Black Hills and Badlands, South Dakota Mobile Kitchen Trailer Rental | Temporary123","1","Black Hills and Badlands, South Dakota Mobile Kitchen Trailer Rental","","noindex,follow","false","7","false","https://temp123-nine.vercel.app/service-areas/south-dakota/black-hills-and-badlands/","200","","200","https://temp123-nine.vercel.app/service-areas/south-dakota/black-hills-and-badlands/","noindex, follow","","False"
"/service-areas/south-dakota/black-hills-and-badlands/cities/","rendered_page","","Location","regional-city-directory","","","","true","false","true","Black Hills and Badlands, South Dakota Facility Rental Locations | Temporary123","1","Black Hills and Badlands, South Dakota Facility Rental Locations","","noindex,follow","false","1","false","https://temp123-nine.vercel.app/service-areas/south-dakota/black-hills-and-badlands/cities/","200","","200","https://temp123-nine.vercel.app/service-areas/south-dakota/black-hills-and-badlands/cities/","noindex, follow","","False"
"/service-areas/south-dakota/central-south-dakota/","rendered_page","","Location","region","South Dakota","Central South Dakota","","true","false","true","Central South Dakota Temporary Facilities Lease | Temporary123","1","Central South Dakota Temporary Facilities Lease","","noindex,follow","false","7","false","https://temp123-nine.vercel.app/service-areas/south-dakota/central-south-dakota/","200","","200","https://temp123-nine.vercel.app/service-areas/south-dakota/central-south-dakota/","noindex, follow","","False"
"/service-areas/south-dakota/central-south-dakota/cities/","rendered_page","","Location","regional-city-directory","","","","true","false","true","Central South Dakota Facility Rental Locations | Temporary123","1","Central South Dakota Facility Rental Locations","","noindex,follow","false","1","false","https://temp123-nine.vercel.app/service-areas/south-dakota/central-south-dakota/cities/","200","","200","https://temp123-nine.vercel.app/service-areas/south-dakota/central-south-dakota/cities/","noindex, follow","","False"
"/service-areas/south-dakota/glacial-lakes-and-prairies/","rendered_page","","Location","region","South Dakota","Glacial Lakes and Prairies","","true","false","true","Glacial Lakes and Prairies, South Dakota Emergency Shower Trailer Rental | Temporary123","1","Glacial Lakes and Prairies, South Dakota Emergency Shower Trailer Rental","","noindex,follow","false","7","false","https://temp123-nine.vercel.app/service-areas/south-dakota/glacial-lakes-and-prairies/","200","","200","https://temp123-nine.vercel.app/service-areas/south-dakota/glacial-lakes-and-prairies/","noindex, follow","","False"
"/service-areas/south-dakota/glacial-lakes-and-prairies/cities/","rendered_page","","Location","regional-city-directory","","","","true","false","true","Glacial Lakes and Prairies, South Dakota Facility Rental Locations | Temporary123","1","Glacial Lakes and Prairies, South Dakota Facility Rental Locations","","noindex,follow","false","1","false","https://temp123-nine.vercel.app/service-areas/south-dakota/glacial-lakes-and-prairies/cities/","200","","200","https://temp123-nine.vercel.app/service-areas/south-dakota/glacial-lakes-and-prairies/cities/","noindex, follow","","False"
"/service-areas/south-dakota/southeast-south-dakota/","rendered_page","","Location","region","South Dakota","Southeast South Dakota","","true","false","true","Southeast South Dakota Sleeper Bunkbed Trailer Rental | Temporary123","1","Southeast South Dakota Sleeper Bunkbed Trailer Rental","","noindex,follow","false","7","false","https://temp123-nine.vercel.app/service-areas/south-dakota/southeast-south-dakota/","200","","200","https://temp123-nine.vercel.app/service-areas/south-dakota/southeast-south-dakota/","noindex, follow","","False"
"/service-areas/south-dakota/southeast-south-dakota/cities/","rendered_page","","Location","regional-city-directory","","","","true","false","true","Southeast South Dakota Facility Rental Locations | Temporary123","1","Southeast South Dakota Facility Rental Locations","","noindex,follow","false","1","false","https://temp123-nine.vercel.app/service-areas/south-dakota/southeast-south-dakota/cities/","200","","200","https://temp123-nine.vercel.app/service-areas/south-dakota/southeast-south-dakota/cities/","noindex, follow","","False"
"/service-areas/tennessee/","rendered_page","","Location","state","","","","true","false","true","Tennessee Mobile Trailer Lease | Temporary123","1","Tennessee Mobile Trailer Lease","","noindex,follow","false","10","false","https://temp123-nine.vercel.app/service-areas/tennessee/","200","","200","https://temp123-nine.vercel.app/service-areas/tennessee/","noindex, follow","","False"
"/service-areas/tennessee/cumberland-plateau/","rendered_page","","Location","region","Tennessee","Cumberland Plateau","","true","false","true","Cumberland Plateau, Tennessee Shower and Restroom Trailer Rental | Temporary123","1","Cumberland Plateau, Tennessee Shower and Restroom Trailer Rental","","noindex,follow","false","7","false","https://temp123-nine.vercel.app/service-areas/tennessee/cumberland-plateau/","200","","200","https://temp123-nine.vercel.app/service-areas/tennessee/cumberland-plateau/","noindex, follow","","False"
"/service-areas/tennessee/cumberland-plateau/cities/","rendered_page","","Location","regional-city-directory","","","","true","false","true","Cumberland Plateau, Tennessee Facility Rental Locations | Temporary123","1","Cumberland Plateau, Tennessee Facility Rental Locations","","noindex,follow","false","1","false","https://temp123-nine.vercel.app/service-areas/tennessee/cumberland-plateau/cities/","200","","200","https://temp123-nine.vercel.app/service-areas/tennessee/cumberland-plateau/cities/","noindex, follow","","False"
"/service-areas/tennessee/east-tennessee/","rendered_page","","Location","region","Tennessee","East Tennessee","","true","false","true","East Tennessee Mobile Kitchen Trailer Rental | Temporary123","1","East Tennessee Mobile Kitchen Trailer Rental","","noindex,follow","false","7","false","https://temp123-nine.vercel.app/service-areas/tennessee/east-tennessee/","200","","200","https://temp123-nine.vercel.app/service-areas/tennessee/east-tennessee/","noindex, follow","","False"
"/service-areas/tennessee/east-tennessee/cities/","rendered_page","","Location","regional-city-directory","","","","true","false","true","East Tennessee Facility Rental Locations | Temporary123","1","East Tennessee Facility Rental Locations","","noindex,follow","false","1","false","https://temp123-nine.vercel.app/service-areas/tennessee/east-tennessee/cities/","200","","200","https://temp123-nine.vercel.app/service-areas/tennessee/east-tennessee/cities/","noindex, follow","","False"
"/service-areas/tennessee/middle-tennessee/","rendered_page","","Location","region","Tennessee","Middle Tennessee","","true","false","true","Middle Tennessee Emergency Trailer Rental | Temporary123","1","Middle Tennessee Emergency Trailer Rental","","noindex,follow","false","7","false","https://temp123-nine.vercel.app/service-areas/tennessee/middle-tennessee/","200","","200","https://temp123-nine.vercel.app/service-areas/tennessee/middle-tennessee/","noindex, follow","","False"
"/service-areas/tennessee/middle-tennessee/cities/","rendered_page","","Location","regional-city-directory","","","","true","false","true","Middle Tennessee Facility Rental Locations | Temporary123","1","Middle Tennessee Facility Rental Locations","","noindex,follow","false","1","false","https://temp123-nine.vercel.app/service-areas/tennessee/middle-tennessee/cities/","200","","200","https://temp123-nine.vercel.app/service-areas/tennessee/middle-tennessee/cities/","noindex, follow","","False"
"/service-areas/tennessee/west-tennessee/","rendered_page","","Location","region","Tennessee","West Tennessee","","true","false","true","West Tennessee Mobile Trailer Lease | Temporary123","1","West Tennessee Mobile Trailer Lease","","noindex,follow","false","7","false","https://temp123-nine.vercel.app/service-areas/tennessee/west-tennessee/","200","","200","https://temp123-nine.vercel.app/service-areas/tennessee/west-tennessee/","noindex, follow","","False"
"/service-areas/tennessee/west-tennessee/cities/","rendered_page","","Location","regional-city-directory","","","","true","false","true","West Tennessee Facility Rental Locations | Temporary123","1","West Tennessee Facility Rental Locations","","noindex,follow","false","1","false","https://temp123-nine.vercel.app/service-areas/tennessee/west-tennessee/cities/","200","","200","https://temp123-nine.vercel.app/service-areas/tennessee/west-tennessee/cities/","noindex, follow","","False"
"/service-areas/texas/","rendered_page","","Location","state","","","","true","false","true","Texas Emergency Shower Trailer Rental | Temporary123","1","Emergency trailer rental, shower, kitchen, shower and bathroom combination, sleeper bunk bed, and complete man-camp services.","","noindex,follow","false","16","false","https://temp123-nine.vercel.app/service-areas/texas/","200","","200","https://temp123-nine.vercel.app/service-areas/texas/","noindex, follow","","False"
"/service-areas/texas/central-texas/","rendered_page","","Location","region","Texas","Central Texas","","true","false","true","Central Texas Mobile Trailer Lease | Temporary123","1","Central Texas Mobile Trailer Lease","","noindex,follow","false","7","false","https://temp123-nine.vercel.app/service-areas/texas/central-texas/","200","","200","https://temp123-nine.vercel.app/service-areas/texas/central-texas/","noindex, follow","","False"
"/service-areas/texas/central-texas/cities/","rendered_page","","Location","regional-city-directory","","","","true","false","true","Central Texas Facility Rental Locations | Temporary123","1","Central Texas Facility Rental Locations","","noindex,follow","false","1","false","https://temp123-nine.vercel.app/service-areas/texas/central-texas/cities/","200","","200","https://temp123-nine.vercel.app/service-areas/texas/central-texas/cities/","noindex, follow","","False"
"/service-areas/texas/east-texas/","rendered_page","","Location","region","Texas","East Texas","","true","false","true","East Texas Portable Facilities Rental | Temporary123","1","East Texas Portable Facilities Rental","","noindex,follow","false","7","false","https://temp123-nine.vercel.app/service-areas/texas/east-texas/","200","","200","https://temp123-nine.vercel.app/service-areas/texas/east-texas/","noindex, follow","","False"
"/service-areas/texas/east-texas/cities/","rendered_page","","Location","regional-city-directory","","","","true","false","true","East Texas Facility Rental Locations | Temporary123","1","East Texas Facility Rental Locations","","noindex,follow","false","1","false","https://temp123-nine.vercel.app/service-areas/texas/east-texas/cities/","200","","200","https://temp123-nine.vercel.app/service-areas/texas/east-texas/cities/","noindex, follow","","False"
"/service-areas/texas/gulf-coast/","rendered_page","","Location","region","Texas","Gulf Coast","","true","false","true","Gulf Coast, Texas Shower and Restroom Trailer Rental | Temporary123","1","Gulf Coast, Texas Shower and Restroom Trailer Rental","","noindex,follow","false","7","false","https://temp123-nine.vercel.app/service-areas/texas/gulf-coast/","200","","200","https://temp123-nine.vercel.app/service-areas/texas/gulf-coast/","noindex, follow","","False"
"/service-areas/texas/gulf-coast/cities/","rendered_page","","Location","regional-city-directory","","","","true","false","true","Gulf Coast, Texas Facility Rental Locations | Temporary123","1","Gulf Coast, Texas Facility Rental Locations","","noindex,follow","false","1","false","https://temp123-nine.vercel.app/service-areas/texas/gulf-coast/cities/","200","","200","https://temp123-nine.vercel.app/service-areas/texas/gulf-coast/cities/","noindex, follow","","False"
"/service-areas/texas/north-texas/","rendered_page","","Location","region","Texas","North Texas","","true","false","true","North Texas Sleeper Bunkbed Trailer Rental | Temporary123","1","North Texas Sleeper Bunkbed Trailer Rental","","noindex,follow","false","7","false","https://temp123-nine.vercel.app/service-areas/texas/north-texas/","200","","200","https://temp123-nine.vercel.app/service-areas/texas/north-texas/","noindex, follow","","False"
"/service-areas/texas/north-texas/cities/","rendered_page","","Location","regional-city-directory","","","","true","false","true","North Texas Facility Rental Locations | Temporary123","1","North Texas Facility Rental Locations","","noindex,follow","false","1","false","https://temp123-nine.vercel.app/service-areas/texas/north-texas/cities/","200","","200","https://temp123-nine.vercel.app/service-areas/texas/north-texas/cities/","noindex, follow","","False"
"/service-areas/texas/panhandle/","rendered_page","","Location","region","Texas","Panhandle","","true","false","true","Panhandle, Texas Emergency Shower Trailer Rental | Temporary123","1","Panhandle, Texas Emergency Shower Trailer Rental","","noindex,follow","false","7","false","https://temp123-nine.vercel.app/service-areas/texas/panhandle/","200","","200","https://temp123-nine.vercel.app/service-areas/texas/panhandle/","noindex, follow","","False"
"/service-areas/texas/panhandle/cities/","rendered_page","","Location","regional-city-directory","","","","true","false","true","Panhandle, Texas Facility Rental Locations | Temporary123","1","Panhandle, Texas Facility Rental Locations","","noindex,follow","false","1","false","https://temp123-nine.vercel.app/service-areas/texas/panhandle/cities/","200","","200","https://temp123-nine.vercel.app/service-areas/texas/panhandle/cities/","noindex, follow","","False"
"/service-areas/texas/south-texas/","rendered_page","","Location","region","Texas","South Texas","","true","false","true","South Texas Mobile Kitchen Trailer Rental | Temporary123","1","South Texas Mobile Kitchen Trailer Rental","","noindex,follow","false","7","false","https://temp123-nine.vercel.app/service-areas/texas/south-texas/","200","","200","https://temp123-nine.vercel.app/service-areas/texas/south-texas/","noindex, follow","","False"
"/service-areas/texas/south-texas/cities/","rendered_page","","Location","regional-city-directory","","","","true","false","true","South Texas Facility Rental Locations | Temporary123","1","South Texas Facility Rental Locations","","noindex,follow","false","1","false","https://temp123-nine.vercel.app/service-areas/texas/south-texas/cities/","200","","200","https://temp123-nine.vercel.app/service-areas/texas/south-texas/cities/","noindex, follow","","False"
"/service-areas/texas/west-texas/","rendered_page","","Location","region","Texas","West Texas","","true","false","true","West Texas Emergency Trailer Rental | Temporary123","1","West Texas Emergency Trailer Rental","","noindex,follow","false","7","false","https://temp123-nine.vercel.app/service-areas/texas/west-texas/","200","","200","https://temp123-nine.vercel.app/service-areas/texas/west-texas/","noindex, follow","","False"
"/service-areas/texas/west-texas/cities/","rendered_page","","Location","regional-city-directory","","","","true","false","true","West Texas Facility Rental Locations | Temporary123","1","West Texas Facility Rental Locations","","noindex,follow","false","1","false","https://temp123-nine.vercel.app/service-areas/texas/west-texas/cities/","200","","200","https://temp123-nine.vercel.app/service-areas/texas/west-texas/cities/","noindex, follow","","False"
"/service-areas/utah/","rendered_page","","Location","state","","","","true","false","true","Utah Mobile Trailer Lease | Temporary123","1","Utah Mobile Trailer Lease","","noindex,follow","false","12","false","https://temp123-nine.vercel.app/service-areas/utah/","200","","200","https://temp123-nine.vercel.app/service-areas/utah/","noindex, follow","","False"
"/service-areas/utah/central-utah/","rendered_page","","Location","region","Utah","Central Utah","","true","false","true","Central Utah Shower and Restroom Trailer Rental | Temporary123","1","Central Utah Shower and Restroom Trailer Rental","","noindex,follow","false","7","false","https://temp123-nine.vercel.app/service-areas/utah/central-utah/","200","","200","https://temp123-nine.vercel.app/service-areas/utah/central-utah/","noindex, follow","","False"
"/service-areas/utah/central-utah/cities/","rendered_page","","Location","regional-city-directory","","","","true","false","true","Central Utah Facility Rental Locations | Temporary123","1","Central Utah Facility Rental Locations","","noindex,follow","false","1","false","https://temp123-nine.vercel.app/service-areas/utah/central-utah/cities/","200","","200","https://temp123-nine.vercel.app/service-areas/utah/central-utah/cities/","noindex, follow","","False"
"/service-areas/utah/northern-utah/","rendered_page","","Location","region","Utah","Northern Utah","","true","false","true","Northern Utah Mobile Trailer Lease | Temporary123","1","Northern Utah Mobile Trailer Lease","","noindex,follow","false","7","false","https://temp123-nine.vercel.app/service-areas/utah/northern-utah/","200","","200","https://temp123-nine.vercel.app/service-areas/utah/northern-utah/","noindex, follow","","False"
"/service-areas/utah/northern-utah/cities/","rendered_page","","Location","regional-city-directory","","","","true","false","true","Northern Utah Facility Rental Locations | Temporary123","1","Northern Utah Facility Rental Locations","","noindex,follow","false","1","false","https://temp123-nine.vercel.app/service-areas/utah/northern-utah/cities/","200","","200","https://temp123-nine.vercel.app/service-areas/utah/northern-utah/cities/","noindex, follow","","False"
"/service-areas/utah/southeastern-utah/","rendered_page","","Location","region","Utah","Southeastern Utah","","true","false","true","Southeastern Utah Mobile Kitchen Trailer Rental | Temporary123","1","Southeastern Utah Mobile Kitchen Trailer Rental","","noindex,follow","false","7","false","https://temp123-nine.vercel.app/service-areas/utah/southeastern-utah/","200","","200","https://temp123-nine.vercel.app/service-areas/utah/southeastern-utah/","noindex, follow","","False"
"/service-areas/utah/southeastern-utah/cities/","rendered_page","","Location","regional-city-directory","","","","true","false","true","Southeastern Utah Facility Rental Locations | Temporary123","1","Southeastern Utah Facility Rental Locations","","noindex,follow","false","1","false","https://temp123-nine.vercel.app/service-areas/utah/southeastern-utah/cities/","200","","200","https://temp123-nine.vercel.app/service-areas/utah/southeastern-utah/cities/","noindex, follow","","False"
"/service-areas/utah/southwestern-utah/","rendered_page","","Location","region","Utah","Southwestern Utah","","true","false","true","Southwestern Utah Temporary Facilities Lease | Temporary123","1","Southwestern Utah Temporary Facilities Lease","","noindex,follow","false","8","false","https://temp123-nine.vercel.app/service-areas/utah/southwestern-utah/","200","","200","https://temp123-nine.vercel.app/service-areas/utah/southwestern-utah/","noindex, follow","","False"
"/service-areas/utah/southwestern-utah/cities/","rendered_page","","Location","regional-city-directory","","","","true","false","true","Southwestern Utah Facility Rental Locations | Temporary123","1","Southwestern Utah Facility Rental Locations","","noindex,follow","false","1","false","https://temp123-nine.vercel.app/service-areas/utah/southwestern-utah/cities/","200","","200","https://temp123-nine.vercel.app/service-areas/utah/southwestern-utah/cities/","noindex, follow","","False"
"/service-areas/utah/wasatch-front/","rendered_page","","Location","region","Utah","Wasatch Front","","true","false","true","Wasatch Front, Utah Emergency Trailer Rental | Temporary123","1","Wasatch Front, Utah Emergency Trailer Rental","","noindex,follow","false","7","false","https://temp123-nine.vercel.app/service-areas/utah/wasatch-front/","200","","200","https://temp123-nine.vercel.app/service-areas/utah/wasatch-front/","noindex, follow","","False"
"/service-areas/utah/wasatch-front/cities/","rendered_page","","Location","regional-city-directory","","","","true","false","true","Wasatch Front, Utah Facility Rental Locations | Temporary123","1","Wasatch Front, Utah Facility Rental Locations","","noindex,follow","false","1","false","https://temp123-nine.vercel.app/service-areas/utah/wasatch-front/cities/","200","","200","https://temp123-nine.vercel.app/service-areas/utah/wasatch-front/cities/","noindex, follow","","False"
"/service-areas/vermont/","rendered_page","","Location","state","","","","true","false","true","Vermont Portable Facilities Rental | Temporary123","1","Vermont Portable Facilities Rental","","noindex,follow","false","10","false","https://temp123-nine.vercel.app/service-areas/vermont/","200","","200","https://temp123-nine.vercel.app/service-areas/vermont/","noindex, follow","","False"
"/service-areas/vermont/central-vermont/","rendered_page","","Location","region","Vermont","Central Vermont","","true","false","true","Central Vermont Emergency Trailer Rental | Temporary123","1","Central Vermont Emergency Trailer Rental","","noindex,follow","false","7","false","https://temp123-nine.vercel.app/service-areas/vermont/central-vermont/","200","","200","https://temp123-nine.vercel.app/service-areas/vermont/central-vermont/","noindex, follow","","False"
"/service-areas/vermont/central-vermont/cities/","rendered_page","","Location","regional-city-directory","","","","true","false","true","Central Vermont Facility Rental Locations | Temporary123","1","Central Vermont Facility Rental Locations","","noindex,follow","false","1","false","https://temp123-nine.vercel.app/service-areas/vermont/central-vermont/cities/","200","","200","https://temp123-nine.vercel.app/service-areas/vermont/central-vermont/cities/","noindex, follow","","False"
"/service-areas/vermont/champlain-valley/","rendered_page","","Location","region","Vermont","Champlain Valley","","true","false","true","Champlain Valley, Vermont Mobile Trailer Lease | Temporary123","1","Champlain Valley, Vermont Mobile Trailer Lease","","noindex,follow","false","7","false","https://temp123-nine.vercel.app/service-areas/vermont/champlain-valley/","200","","200","https://temp123-nine.vercel.app/service-areas/vermont/champlain-valley/","noindex, follow","","False"
"/service-areas/vermont/champlain-valley/cities/","rendered_page","","Location","regional-city-directory","","","","true","false","true","Champlain Valley, Vermont Facility Rental Locations | Temporary123","1","Champlain Valley, Vermont Facility Rental Locations","","noindex,follow","false","1","false","https://temp123-nine.vercel.app/service-areas/vermont/champlain-valley/cities/","200","","200","https://temp123-nine.vercel.app/service-areas/vermont/champlain-valley/cities/","noindex, follow","","False"
"/service-areas/vermont/northeast-kingdom/","rendered_page","","Location","region","Vermont","Northeast Kingdom","","true","false","true","Northeast Kingdom, Vermont Portable Facilities Rental | Temporary123","1","Northeast Kingdom, Vermont Portable Facilities Rental","","noindex,follow","false","7","false","https://temp123-nine.vercel.app/service-areas/vermont/northeast-kingdom/","200","","200","https://temp123-nine.vercel.app/service-areas/vermont/northeast-kingdom/","noindex, follow","","False"
"/service-areas/vermont/northeast-kingdom/cities/","rendered_page","","Location","regional-city-directory","","","","true","false","true","Northeast Kingdom, Vermont Facility Rental Locations | Temporary123","1","Northeast Kingdom, Vermont Facility Rental Locations","","noindex,follow","false","1","false","https://temp123-nine.vercel.app/service-areas/vermont/northeast-kingdom/cities/","200","","200","https://temp123-nine.vercel.app/service-areas/vermont/northeast-kingdom/cities/","noindex, follow","","False"
"/service-areas/vermont/southern-vermont/","rendered_page","","Location","region","Vermont","Southern Vermont","","true","false","true","Southern Vermont Shower and Restroom Trailer Rental | Temporary123","1","Southern Vermont Shower and Restroom Trailer Rental","","noindex,follow","false","7","false","https://temp123-nine.vercel.app/service-areas/vermont/southern-vermont/","200","","200","https://temp123-nine.vercel.app/service-areas/vermont/southern-vermont/","noindex, follow","","False"
"/service-areas/vermont/southern-vermont/cities/","rendered_page","","Location","regional-city-directory","","","","true","false","true","Southern Vermont Facility Rental Locations | Temporary123","1","Southern Vermont Facility Rental Locations","","noindex,follow","false","1","false","https://temp123-nine.vercel.app/service-areas/vermont/southern-vermont/cities/","200","","200","https://temp123-nine.vercel.app/service-areas/vermont/southern-vermont/cities/","noindex, follow","","False"
"/service-areas/virginia/","rendered_page","","Location","state","","","","true","false","true","Virginia Portable Facilities Rental | Temporary123","1","Virginia Portable Facilities Rental","","noindex,follow","false","14","false","https://temp123-nine.vercel.app/service-areas/virginia/","200","","200","https://temp123-nine.vercel.app/service-areas/virginia/","noindex, follow","","False"
"/service-areas/virginia/central-virginia/","rendered_page","","Location","region","Virginia","Central Virginia","","true","false","true","Central Virginia Emergency Trailer Rental | Temporary123","1","Central Virginia Emergency Trailer Rental","","noindex,follow","false","7","false","https://temp123-nine.vercel.app/service-areas/virginia/central-virginia/","200","","200","https://temp123-nine.vercel.app/service-areas/virginia/central-virginia/","noindex, follow","","False"
"/service-areas/virginia/central-virginia/cities/","rendered_page","","Location","regional-city-directory","","","","true","false","true","Central Virginia Facility Rental Locations | Temporary123","1","Central Virginia Facility Rental Locations","","noindex,follow","false","1","false","https://temp123-nine.vercel.app/service-areas/virginia/central-virginia/cities/","200","","200","https://temp123-nine.vercel.app/service-areas/virginia/central-virginia/cities/","noindex, follow","","False"
"/service-areas/virginia/eastern-shore/","rendered_page","","Location","region","Virginia","Eastern Shore","","true","false","true","Eastern Shore, Virginia Mobile Kitchen Trailer Rental | Temporary123","1","Eastern Shore, Virginia Mobile Kitchen Trailer Rental","","noindex,follow","false","7","false","https://temp123-nine.vercel.app/service-areas/virginia/eastern-shore/","200","","200","https://temp123-nine.vercel.app/service-areas/virginia/eastern-shore/","noindex, follow","","False"
"/service-areas/virginia/eastern-shore/cities/","rendered_page","","Location","regional-city-directory","","","","true","false","true","Eastern Shore, Virginia Facility Rental Locations | Temporary123","1","Eastern Shore, Virginia Facility Rental Locations","","noindex,follow","false","1","false","https://temp123-nine.vercel.app/service-areas/virginia/eastern-shore/cities/","200","","200","https://temp123-nine.vercel.app/service-areas/virginia/eastern-shore/cities/","noindex, follow","","False"
"/service-areas/virginia/hampton-roads/","rendered_page","","Location","region","Virginia","Hampton Roads","","true","false","true","Hampton Roads, Virginia Shower and Restroom Trailer Rental | Temporary123","1","Hampton Roads, Virginia Shower and Restroom Trailer Rental","","noindex,follow","false","7","false","https://temp123-nine.vercel.app/service-areas/virginia/hampton-roads/","200","","200","https://temp123-nine.vercel.app/service-areas/virginia/hampton-roads/","noindex, follow","","False"
"/service-areas/virginia/hampton-roads/cities/","rendered_page","","Location","regional-city-directory","","","","true","false","true","Hampton Roads, Virginia Facility Rental Locations | Temporary123","1","Hampton Roads, Virginia Facility Rental Locations","","noindex,follow","false","1","false","https://temp123-nine.vercel.app/service-areas/virginia/hampton-roads/cities/","200","","200","https://temp123-nine.vercel.app/service-areas/virginia/hampton-roads/cities/","noindex, follow","","False"
"/service-areas/virginia/northern-virginia/","rendered_page","","Location","region","Virginia","Northern Virginia","","true","false","true","Northern Virginia Portable Facilities Rental | Temporary123","1","Northern Virginia Portable Facilities Rental","","noindex,follow","false","7","false","https://temp123-nine.vercel.app/service-areas/virginia/northern-virginia/","200","","200","https://temp123-nine.vercel.app/service-areas/virginia/northern-virginia/","noindex, follow","","False"
"/service-areas/virginia/northern-virginia/cities/","rendered_page","","Location","regional-city-directory","","","","true","false","true","Northern Virginia Facility Rental Locations | Temporary123","1","Northern Virginia Facility Rental Locations","","noindex,follow","false","1","false","https://temp123-nine.vercel.app/service-areas/virginia/northern-virginia/cities/","200","","200","https://temp123-nine.vercel.app/service-areas/virginia/northern-virginia/cities/","noindex, follow","","False"
"/service-areas/virginia/shenandoah-valley/","rendered_page","","Location","region","Virginia","Shenandoah Valley","","true","false","true","Shenandoah Valley, Virginia Mobile Trailer Lease | Temporary123","1","Shenandoah Valley, Virginia Mobile Trailer Lease","","noindex,follow","false","7","false","https://temp123-nine.vercel.app/service-areas/virginia/shenandoah-valley/","200","","200","https://temp123-nine.vercel.app/service-areas/virginia/shenandoah-valley/","noindex, follow","","False"
"/service-areas/virginia/shenandoah-valley/cities/","rendered_page","","Location","regional-city-directory","","","","true","false","true","Shenandoah Valley, Virginia Facility Rental Locations | Temporary123","1","Shenandoah Valley, Virginia Facility Rental Locations","","noindex,follow","false","1","false","https://temp123-nine.vercel.app/service-areas/virginia/shenandoah-valley/cities/","200","","200","https://temp123-nine.vercel.app/service-areas/virginia/shenandoah-valley/cities/","noindex, follow","","False"
"/service-areas/virginia/southwest-virginia/","rendered_page","","Location","region","Virginia","Southwest Virginia","","true","false","true","Southwest Virginia Temporary Facilities Lease | Temporary123","1","Southwest Virginia Temporary Facilities Lease","","noindex,follow","false","7","false","https://temp123-nine.vercel.app/service-areas/virginia/southwest-virginia/","200","","200","https://temp123-nine.vercel.app/service-areas/virginia/southwest-virginia/","noindex, follow","","False"
"/service-areas/virginia/southwest-virginia/cities/","rendered_page","","Location","regional-city-directory","","","","true","false","true","Southwest Virginia Facility Rental Locations | Temporary123","1","Southwest Virginia Facility Rental Locations","","noindex,follow","false","1","false","https://temp123-nine.vercel.app/service-areas/virginia/southwest-virginia/cities/","200","","200","https://temp123-nine.vercel.app/service-areas/virginia/southwest-virginia/cities/","noindex, follow","","False"
"/service-areas/washington/","rendered_page","","Location","state","","","","true","false","true","Washington Shower and Restroom Trailer Rental | Temporary123","1","Washington Shower and Restroom Trailer Rental","","noindex,follow","false","19","false","https://temp123-nine.vercel.app/service-areas/washington/","200","","200","https://temp123-nine.vercel.app/service-areas/washington/","noindex, follow","","False"
"/service-areas/washington/central-washington/","rendered_page","","Location","region","Washington","Central Washington","","true","false","true","Central Washington Emergency Shower Trailer Rental | Temporary123","1","Central Washington Emergency Shower Trailer Rental","","noindex,follow","false","7","false","https://temp123-nine.vercel.app/service-areas/washington/central-washington/","200","","200","https://temp123-nine.vercel.app/service-areas/washington/central-washington/","noindex, follow","","False"
"/service-areas/washington/central-washington/cities/","rendered_page","","Location","regional-city-directory","","","","true","false","true","Central Washington Facility Rental Locations | Temporary123","1","Central Washington Facility Rental Locations","","noindex,follow","false","1","false","https://temp123-nine.vercel.app/service-areas/washington/central-washington/cities/","200","","200","https://temp123-nine.vercel.app/service-areas/washington/central-washington/cities/","noindex, follow","","False"
"/service-areas/washington/eastern-washington/","rendered_page","","Location","region","Washington","Eastern Washington","","true","false","true","Eastern Washington Sleeper Bunkbed Trailer Rental | Temporary123","1","Eastern Washington Sleeper Bunkbed Trailer Rental","","noindex,follow","false","7","false","https://temp123-nine.vercel.app/service-areas/washington/eastern-washington/","200","","200","https://temp123-nine.vercel.app/service-areas/washington/eastern-washington/","noindex, follow","","False"
"/service-areas/washington/eastern-washington/cities/","rendered_page","","Location","regional-city-directory","","","","true","false","true","Eastern Washington Facility Rental Locations | Temporary123","1","Eastern Washington Facility Rental Locations","","noindex,follow","false","1","false","https://temp123-nine.vercel.app/service-areas/washington/eastern-washington/cities/","200","","200","https://temp123-nine.vercel.app/service-areas/washington/eastern-washington/cities/","noindex, follow","","False"
"/service-areas/washington/north-cascades/","rendered_page","","Location","region","Washington","North Cascades","","true","false","true","North Cascades, Washington Temporary Facilities Lease | Temporary123","1","North Cascades, Washington Temporary Facilities Lease","","noindex,follow","false","7","false","https://temp123-nine.vercel.app/service-areas/washington/north-cascades/","200","","200","https://temp123-nine.vercel.app/service-areas/washington/north-cascades/","noindex, follow","","False"
"/service-areas/washington/north-cascades/cities/","rendered_page","","Location","regional-city-directory","","","","true","false","true","North Cascades, Washington Facility Rental Locations | Temporary123","1","North Cascades, Washington Facility Rental Locations","","noindex,follow","false","1","false","https://temp123-nine.vercel.app/service-areas/washington/north-cascades/cities/","200","","200","https://temp123-nine.vercel.app/service-areas/washington/north-cascades/cities/","noindex, follow","","False"
"/service-areas/washington/olympic-peninsula/","rendered_page","","Location","region","Washington","Olympic Peninsula","","true","false","true","Olympic Peninsula, Washington Shower and Restroom Trailer Rental | Temporary123","1","Olympic Peninsula, Washington Shower and Restroom Trailer Rental","","noindex,follow","false","9","false","https://temp123-nine.vercel.app/service-areas/washington/olympic-peninsula/","200","","200","https://temp123-nine.vercel.app/service-areas/washington/olympic-peninsula/","noindex, follow","","False"
"/service-areas/washington/olympic-peninsula/cities/","rendered_page","","Location","regional-city-directory","","","","true","false","true","Olympic Peninsula, Washington Facility Rental Locations | Temporary123","1","Olympic Peninsula, Washington Facility Rental Locations","","noindex,follow","false","3","false","https://temp123-nine.vercel.app/service-areas/washington/olympic-peninsula/cities/","200","","200","https://temp123-nine.vercel.app/service-areas/washington/olympic-peninsula/cities/","noindex, follow","","False"
"/service-areas/washington/olympic-peninsula/port-angeles/","rendered_page","","Location","reviewed-city","Washington","Olympic Peninsula","Port Angeles","true","false","true","Port Angeles, Washington Mobile Kitchen Trailer Rental | Temporary123","1","Port Angeles, Washington Mobile Kitchen Trailer Rental","","noindex,follow","false","5","false","https://temp123-nine.vercel.app/service-areas/washington/olympic-peninsula/port-angeles/","200","","200","https://temp123-nine.vercel.app/service-areas/washington/olympic-peninsula/port-angeles/","noindex, follow","","False"
"/service-areas/washington/olympic-peninsula/sequim/","rendered_page","","Location","reviewed-city","Washington","Olympic Peninsula","Sequim","true","false","true","Sequim, Washington Temporary Facilities Rental | Temporary123","1","Sequim, Washington Temporary Facilities Rental","","noindex,follow","false","4","false","https://temp123-nine.vercel.app/service-areas/washington/olympic-peninsula/sequim/","200","","200","https://temp123-nine.vercel.app/service-areas/washington/olympic-peninsula/sequim/","noindex, follow","","False"
"/service-areas/washington/puget-sound/","rendered_page","","Location","region","Washington","Puget Sound","","true","false","true","Puget Sound, Washington Mobile Kitchen Trailer Rental | Temporary123","1","Puget Sound, Washington Mobile Kitchen Trailer Rental","","noindex,follow","false","10","false","https://temp123-nine.vercel.app/service-areas/washington/puget-sound/","200","","200","https://temp123-nine.vercel.app/service-areas/washington/puget-sound/","noindex, follow","","False"
"/service-areas/washington/puget-sound/cities/","rendered_page","","Location","regional-city-directory","","","","true","false","true","Puget Sound, Washington Facility Rental Locations | Temporary123","1","Puget Sound, Washington Facility Rental Locations","","noindex,follow","false","4","false","https://temp123-nine.vercel.app/service-areas/washington/puget-sound/cities/","200","","200","https://temp123-nine.vercel.app/service-areas/washington/puget-sound/cities/","noindex, follow","","False"
"/service-areas/washington/puget-sound/olympia/","rendered_page","","Location","reviewed-city","Washington","Puget Sound","Olympia","true","false","true","Olympia, Washington Shower and Restroom Trailer Rental | Temporary123","1","Olympia, Washington Shower and Restroom Trailer Rental","","noindex,follow","false","5","false","https://temp123-nine.vercel.app/service-areas/washington/puget-sound/olympia/","200","","200","https://temp123-nine.vercel.app/service-areas/washington/puget-sound/olympia/","noindex, follow","","False"
"/service-areas/washington/puget-sound/seattle/","rendered_page","","Location","reviewed-city","Washington","Puget Sound","Seattle","true","false","true","Seattle, Washington Temporary Facilities Rental | Temporary123","1","Seattle, Washington Temporary Facilities Rental","","noindex,follow","false","6","false","https://temp123-nine.vercel.app/service-areas/washington/puget-sound/seattle/","200","","200","https://temp123-nine.vercel.app/service-areas/washington/puget-sound/seattle/","noindex, follow","","False"
"/service-areas/washington/puget-sound/tacoma/","rendered_page","","Location","reviewed-city","Washington","Puget Sound","Tacoma","true","false","true","Tacoma, Washington Sleeper Bunkbed Trailer Rental | Temporary123","1","Tacoma, Washington Sleeper Bunkbed Trailer Rental","","noindex,follow","false","6","false","https://temp123-nine.vercel.app/service-areas/washington/puget-sound/tacoma/","200","","200","https://temp123-nine.vercel.app/service-areas/washington/puget-sound/tacoma/","noindex, follow","","False"
"/service-areas/washington/southwest-washington/","rendered_page","","Location","region","Washington","Southwest Washington","","true","false","true","Southwest Washington Portable Facilities Rental | Temporary123","1","Southwest Washington Portable Facilities Rental","","noindex,follow","false","7","false","https://temp123-nine.vercel.app/service-areas/washington/southwest-washington/","200","","200","https://temp123-nine.vercel.app/service-areas/washington/southwest-washington/","noindex, follow","","False"
"/service-areas/washington/southwest-washington/cities/","rendered_page","","Location","regional-city-directory","","","","true","false","true","Southwest Washington Facility Rental Locations | Temporary123","1","Southwest Washington Facility Rental Locations","","noindex,follow","false","1","false","https://temp123-nine.vercel.app/service-areas/washington/southwest-washington/cities/","200","","200","https://temp123-nine.vercel.app/service-areas/washington/southwest-washington/cities/","noindex, follow","","False"
"/service-areas/west-virginia/","rendered_page","","Location","state","","","","true","false","true","West Virginia Shower and Restroom Trailer Rental | Temporary123","1","West Virginia Shower and Restroom Trailer Rental","","noindex,follow","false","14","false","https://temp123-nine.vercel.app/service-areas/west-virginia/","200","","200","https://temp123-nine.vercel.app/service-areas/west-virginia/","noindex, follow","","False"
"/service-areas/west-virginia/eastern-panhandle/","rendered_page","","Location","region","West Virginia","Eastern Panhandle","","true","false","true","Eastern Panhandle, West Virginia Temporary Facilities Lease | Temporary123","1","Eastern Panhandle, West Virginia Temporary Facilities Lease","","noindex,follow","false","7","false","https://temp123-nine.vercel.app/service-areas/west-virginia/eastern-panhandle/","200","","200","https://temp123-nine.vercel.app/service-areas/west-virginia/eastern-panhandle/","noindex, follow","","False"
"/service-areas/west-virginia/eastern-panhandle/cities/","rendered_page","","Location","regional-city-directory","","","","true","false","true","Eastern Panhandle, West Virginia Facility Rental Locations | Temporary123","1","Eastern Panhandle, West Virginia Facility Rental Locations","","noindex,follow","false","1","false","https://temp123-nine.vercel.app/service-areas/west-virginia/eastern-panhandle/cities/","200","","200","https://temp123-nine.vercel.app/service-areas/west-virginia/eastern-panhandle/cities/","noindex, follow","","False"
"/service-areas/west-virginia/metro-valley/","rendered_page","","Location","region","West Virginia","Metro Valley","","true","false","true","Metro Valley, West Virginia Emergency Shower Trailer Rental | Temporary123","1","Metro Valley, West Virginia Emergency Shower Trailer Rental","","noindex,follow","false","7","false","https://temp123-nine.vercel.app/service-areas/west-virginia/metro-valley/","200","","200","https://temp123-nine.vercel.app/service-areas/west-virginia/metro-valley/","noindex, follow","","False"
"/service-areas/west-virginia/metro-valley/cities/","rendered_page","","Location","regional-city-directory","","","","true","false","true","Metro Valley, West Virginia Facility Rental Locations | Temporary123","1","Metro Valley, West Virginia Facility Rental Locations","","noindex,follow","false","1","false","https://temp123-nine.vercel.app/service-areas/west-virginia/metro-valley/cities/","200","","200","https://temp123-nine.vercel.app/service-areas/west-virginia/metro-valley/cities/","noindex, follow","","False"
"/service-areas/west-virginia/mountaineer-country/","rendered_page","","Location","region","West Virginia","Mountaineer Country","","true","false","true","Mountaineer Country, West Virginia Mobile Kitchen Trailer Rental | Temporary123","1","Mountaineer Country, West Virginia Mobile Kitchen Trailer Rental","","noindex,follow","false","7","false","https://temp123-nine.vercel.app/service-areas/west-virginia/mountaineer-country/","200","","200","https://temp123-nine.vercel.app/service-areas/west-virginia/mountaineer-country/","noindex, follow","","False"
"/service-areas/west-virginia/mountaineer-country/cities/","rendered_page","","Location","regional-city-directory","","","","true","false","true","Mountaineer Country, West Virginia Facility Rental Locations | Temporary123","1","Mountaineer Country, West Virginia Facility Rental Locations","","noindex,follow","false","1","false","https://temp123-nine.vercel.app/service-areas/west-virginia/mountaineer-country/cities/","200","","200","https://temp123-nine.vercel.app/service-areas/west-virginia/mountaineer-country/cities/","noindex, follow","","False"
"/service-areas/west-virginia/new-river-greenbrier-valley/","rendered_page","","Location","region","West Virginia","New River Greenbrier Valley","","true","false","true","New River Greenbrier Valley, West Virginia Sleeper Bunkbed Trailer Rental | Temporary123","1","New River Greenbrier Valley, West Virginia Sleeper Bunkbed Trailer Rental","","noindex,follow","false","7","false","https://temp123-nine.vercel.app/service-areas/west-virginia/new-river-greenbrier-valley/","200","","200","https://temp123-nine.vercel.app/service-areas/west-virginia/new-river-greenbrier-valley/","noindex, follow","","False"
"/service-areas/west-virginia/new-river-greenbrier-valley/cities/","rendered_page","","Location","regional-city-directory","","","","true","false","true","New River Greenbrier Valley, West Virginia Facility Rental Locations | Temporary123","1","New River Greenbrier Valley, West Virginia Facility Rental Locations","","noindex,follow","false","1","false","https://temp123-nine.vercel.app/service-areas/west-virginia/new-river-greenbrier-valley/cities/","200","","200","https://temp123-nine.vercel.app/service-areas/west-virginia/new-river-greenbrier-valley/cities/","noindex, follow","","False"
"/service-areas/west-virginia/northern-panhandle/","rendered_page","","Location","region","West Virginia","Northern Panhandle","","true","false","true","Northern Panhandle, West Virginia Shower and Restroom Trailer Rental | Temporary123","1","Northern Panhandle, West Virginia Shower and Restroom Trailer Rental","","noindex,follow","false","7","false","https://temp123-nine.vercel.app/service-areas/west-virginia/northern-panhandle/","200","","200","https://temp123-nine.vercel.app/service-areas/west-virginia/northern-panhandle/","noindex, follow","","False"
"/service-areas/west-virginia/northern-panhandle/cities/","rendered_page","","Location","regional-city-directory","","","","true","false","true","Northern Panhandle, West Virginia Facility Rental Locations | Temporary123","1","Northern Panhandle, West Virginia Facility Rental Locations","","noindex,follow","false","1","false","https://temp123-nine.vercel.app/service-areas/west-virginia/northern-panhandle/cities/","200","","200","https://temp123-nine.vercel.app/service-areas/west-virginia/northern-panhandle/cities/","noindex, follow","","False"
"/service-areas/west-virginia/southern-coalfields/","rendered_page","","Location","region","West Virginia","Southern Coalfields","","true","false","true","Southern Coalfields, West Virginia Portable Facilities Rental | Temporary123","1","Southern Coalfields, West Virginia Portable Facilities Rental","","noindex,follow","false","7","false","https://temp123-nine.vercel.app/service-areas/west-virginia/southern-coalfields/","200","","200","https://temp123-nine.vercel.app/service-areas/west-virginia/southern-coalfields/","noindex, follow","","False"
"/service-areas/west-virginia/southern-coalfields/cities/","rendered_page","","Location","regional-city-directory","","","","true","false","true","Southern Coalfields, West Virginia Facility Rental Locations | Temporary123","1","Southern Coalfields, West Virginia Facility Rental Locations","","noindex,follow","false","1","false","https://temp123-nine.vercel.app/service-areas/west-virginia/southern-coalfields/cities/","200","","200","https://temp123-nine.vercel.app/service-areas/west-virginia/southern-coalfields/cities/","noindex, follow","","False"
"/service-areas/wisconsin/","rendered_page","","Location","state","","","","true","false","true","Wisconsin Mobile Kitchen Trailer Rental | Temporary123","1","Wisconsin Mobile Kitchen Trailer Rental","","noindex,follow","false","16","false","https://temp123-nine.vercel.app/service-areas/wisconsin/","200","","200","https://temp123-nine.vercel.app/service-areas/wisconsin/","noindex, follow","","False"
"/service-areas/wisconsin/central-wisconsin/","rendered_page","","Location","region","Wisconsin","Central Wisconsin","","true","false","true","Central Wisconsin Emergency Shower Trailer Rental | Temporary123","1","Central Wisconsin Emergency Shower Trailer Rental","","noindex,follow","false","7","false","https://temp123-nine.vercel.app/service-areas/wisconsin/central-wisconsin/","200","","200","https://temp123-nine.vercel.app/service-areas/wisconsin/central-wisconsin/","noindex, follow","","False"
"/service-areas/wisconsin/central-wisconsin/cities/","rendered_page","","Location","regional-city-directory","","","","true","false","true","Central Wisconsin Facility Rental Locations | Temporary123","1","Central Wisconsin Facility Rental Locations","","noindex,follow","false","1","false","https://temp123-nine.vercel.app/service-areas/wisconsin/central-wisconsin/cities/","200","","200","https://temp123-nine.vercel.app/service-areas/wisconsin/central-wisconsin/cities/","noindex, follow","","False"
"/service-areas/wisconsin/driftless-area/","rendered_page","","Location","region","Wisconsin","Driftless Area","","true","false","true","Driftless Area, Wisconsin Emergency Trailer Rental | Temporary123","1","Driftless Area, Wisconsin Emergency Trailer Rental","","noindex,follow","false","7","false","https://temp123-nine.vercel.app/service-areas/wisconsin/driftless-area/","200","","200","https://temp123-nine.vercel.app/service-areas/wisconsin/driftless-area/","noindex, follow","","False"
"/service-areas/wisconsin/driftless-area/cities/","rendered_page","","Location","regional-city-directory","","","","true","false","true","Driftless Area, Wisconsin Facility Rental Locations | Temporary123","1","Driftless Area, Wisconsin Facility Rental Locations","","noindex,follow","false","1","false","https://temp123-nine.vercel.app/service-areas/wisconsin/driftless-area/cities/","200","","200","https://temp123-nine.vercel.app/service-areas/wisconsin/driftless-area/cities/","noindex, follow","","False"
"/service-areas/wisconsin/fox-valley/","rendered_page","","Location","region","Wisconsin","Fox Valley","","true","false","true","Fox Valley, Wisconsin Sleeper Bunkbed Trailer Rental | Temporary123","1","Fox Valley, Wisconsin Sleeper Bunkbed Trailer Rental","","noindex,follow","false","7","false","https://temp123-nine.vercel.app/service-areas/wisconsin/fox-valley/","200","","200","https://temp123-nine.vercel.app/service-areas/wisconsin/fox-valley/","noindex, follow","","False"
"/service-areas/wisconsin/fox-valley/cities/","rendered_page","","Location","regional-city-directory","","","","true","false","true","Fox Valley, Wisconsin Facility Rental Locations | Temporary123","1","Fox Valley, Wisconsin Facility Rental Locations","","noindex,follow","false","1","false","https://temp123-nine.vercel.app/service-areas/wisconsin/fox-valley/cities/","200","","200","https://temp123-nine.vercel.app/service-areas/wisconsin/fox-valley/cities/","noindex, follow","","False"
"/service-areas/wisconsin/lake-superior-region/","rendered_page","","Location","region","Wisconsin","Lake Superior region","","true","false","true","Lake Superior region, Wisconsin Temporary Facilities Lease | Temporary123","1","Lake Superior region, Wisconsin Temporary Facilities Lease","","noindex,follow","false","7","false","https://temp123-nine.vercel.app/service-areas/wisconsin/lake-superior-region/","200","","200","https://temp123-nine.vercel.app/service-areas/wisconsin/lake-superior-region/","noindex, follow","","False"
"/service-areas/wisconsin/lake-superior-region/cities/","rendered_page","","Location","regional-city-directory","","","","true","false","true","Lake Superior region, Wisconsin Facility Rental Locations | Temporary123","1","Lake Superior region, Wisconsin Facility Rental Locations","","noindex,follow","false","1","false","https://temp123-nine.vercel.app/service-areas/wisconsin/lake-superior-region/cities/","200","","200","https://temp123-nine.vercel.app/service-areas/wisconsin/lake-superior-region/cities/","noindex, follow","","False"
"/service-areas/wisconsin/madison-area/","rendered_page","","Location","region","Wisconsin","Madison area","","true","false","true","Madison area, Wisconsin Portable Facilities Rental | Temporary123","1","Madison area, Wisconsin Portable Facilities Rental","","noindex,follow","false","7","false","https://temp123-nine.vercel.app/service-areas/wisconsin/madison-area/","200","","200","https://temp123-nine.vercel.app/service-areas/wisconsin/madison-area/","noindex, follow","","False"
"/service-areas/wisconsin/madison-area/cities/","rendered_page","","Location","regional-city-directory","","","","true","false","true","Madison area, Wisconsin Facility Rental Locations | Temporary123","1","Madison area, Wisconsin Facility Rental Locations","","noindex,follow","false","1","false","https://temp123-nine.vercel.app/service-areas/wisconsin/madison-area/cities/","200","","200","https://temp123-nine.vercel.app/service-areas/wisconsin/madison-area/cities/","noindex, follow","","False"
"/service-areas/wisconsin/milwaukee-and-southeast/","rendered_page","","Location","region","Wisconsin","Milwaukee and Southeast","","true","false","true","Milwaukee and Southeast, Wisconsin Mobile Trailer Lease | Temporary123","1","Milwaukee and Southeast, Wisconsin Mobile Trailer Lease","","noindex,follow","false","7","false","https://temp123-nine.vercel.app/service-areas/wisconsin/milwaukee-and-southeast/","200","","200","https://temp123-nine.vercel.app/service-areas/wisconsin/milwaukee-and-southeast/","noindex, follow","","False"
"/service-areas/wisconsin/milwaukee-and-southeast/cities/","rendered_page","","Location","regional-city-directory","","","","true","false","true","Milwaukee and Southeast, Wisconsin Facility Rental Locations | Temporary123","1","Milwaukee and Southeast, Wisconsin Facility Rental Locations","","noindex,follow","false","1","false","https://temp123-nine.vercel.app/service-areas/wisconsin/milwaukee-and-southeast/cities/","200","","200","https://temp123-nine.vercel.app/service-areas/wisconsin/milwaukee-and-southeast/cities/","noindex, follow","","False"
"/service-areas/wisconsin/northwoods/","rendered_page","","Location","region","Wisconsin","Northwoods","","true","false","true","Northwoods, Wisconsin Mobile Kitchen Trailer Rental | Temporary123","1","Northwoods, Wisconsin Mobile Kitchen Trailer Rental","","noindex,follow","false","7","false","https://temp123-nine.vercel.app/service-areas/wisconsin/northwoods/","200","","200","https://temp123-nine.vercel.app/service-areas/wisconsin/northwoods/","noindex, follow","","False"
"/service-areas/wisconsin/northwoods/cities/","rendered_page","","Location","regional-city-directory","","","","true","false","true","Northwoods, Wisconsin Facility Rental Locations | Temporary123","1","Northwoods, Wisconsin Facility Rental Locations","","noindex,follow","false","1","false","https://temp123-nine.vercel.app/service-areas/wisconsin/northwoods/cities/","200","","200","https://temp123-nine.vercel.app/service-areas/wisconsin/northwoods/cities/","noindex, follow","","False"
"/service-areas/wyoming/","rendered_page","","Location","state","","","","true","false","true","Wyoming Sleeper Bunkbed Trailer Rental | Temporary123","1","Wyoming Sleeper Bunkbed Trailer Rental","","noindex,follow","false","12","false","https://temp123-nine.vercel.app/service-areas/wyoming/","200","","200","https://temp123-nine.vercel.app/service-areas/wyoming/","noindex, follow","","False"
"/service-areas/wyoming/central-wyoming/","rendered_page","","Location","region","Wyoming","Central Wyoming","","true","false","true","Central Wyoming Mobile Trailer Lease | Temporary123","1","Central Wyoming Mobile Trailer Lease","","noindex,follow","false","7","false","https://temp123-nine.vercel.app/service-areas/wyoming/central-wyoming/","200","","200","https://temp123-nine.vercel.app/service-areas/wyoming/central-wyoming/","noindex, follow","","False"
"/service-areas/wyoming/central-wyoming/cities/","rendered_page","","Location","regional-city-directory","","","","true","false","true","Central Wyoming Facility Rental Locations | Temporary123","1","Central Wyoming Facility Rental Locations","","noindex,follow","false","1","false","https://temp123-nine.vercel.app/service-areas/wyoming/central-wyoming/cities/","200","","200","https://temp123-nine.vercel.app/service-areas/wyoming/central-wyoming/cities/","noindex, follow","","False"
"/service-areas/wyoming/northeast-wyoming/","rendered_page","","Location","region","Wyoming","Northeast Wyoming","","true","false","true","Northeast Wyoming Portable Facilities Rental | Temporary123","1","Northeast Wyoming Portable Facilities Rental","","noindex,follow","false","7","false","https://temp123-nine.vercel.app/service-areas/wyoming/northeast-wyoming/","200","","200","https://temp123-nine.vercel.app/service-areas/wyoming/northeast-wyoming/","noindex, follow","","False"
"/service-areas/wyoming/northeast-wyoming/cities/","rendered_page","","Location","regional-city-directory","","","","true","false","true","Northeast Wyoming Facility Rental Locations | Temporary123","1","Northeast Wyoming Facility Rental Locations","","noindex,follow","false","1","false","https://temp123-nine.vercel.app/service-areas/wyoming/northeast-wyoming/cities/","200","","200","https://temp123-nine.vercel.app/service-areas/wyoming/northeast-wyoming/cities/","noindex, follow","","False"
"/service-areas/wyoming/northwest-wyoming/","rendered_page","","Location","region","Wyoming","Northwest Wyoming","","true","false","true","Northwest Wyoming Sleeper Bunkbed Trailer Rental | Temporary123","1","Northwest Wyoming Sleeper Bunkbed Trailer Rental","","noindex,follow","false","7","false","https://temp123-nine.vercel.app/service-areas/wyoming/northwest-wyoming/","200","","200","https://temp123-nine.vercel.app/service-areas/wyoming/northwest-wyoming/","noindex, follow","","False"
"/service-areas/wyoming/northwest-wyoming/cities/","rendered_page","","Location","regional-city-directory","","","","true","false","true","Northwest Wyoming Facility Rental Locations | Temporary123","1","Northwest Wyoming Facility Rental Locations","","noindex,follow","false","1","false","https://temp123-nine.vercel.app/service-areas/wyoming/northwest-wyoming/cities/","200","","200","https://temp123-nine.vercel.app/service-areas/wyoming/northwest-wyoming/cities/","noindex, follow","","False"
"/service-areas/wyoming/southeast-wyoming/","rendered_page","","Location","region","Wyoming","Southeast Wyoming","","true","false","true","Southeast Wyoming Shower and Restroom Trailer Rental | Temporary123","1","Southeast Wyoming Shower and Restroom Trailer Rental","","noindex,follow","false","7","false","https://temp123-nine.vercel.app/service-areas/wyoming/southeast-wyoming/","200","","200","https://temp123-nine.vercel.app/service-areas/wyoming/southeast-wyoming/","noindex, follow","","False"
"/service-areas/wyoming/southeast-wyoming/cities/","rendered_page","","Location","regional-city-directory","","","","true","false","true","Southeast Wyoming Facility Rental Locations | Temporary123","1","Southeast Wyoming Facility Rental Locations","","noindex,follow","false","1","false","https://temp123-nine.vercel.app/service-areas/wyoming/southeast-wyoming/cities/","200","","200","https://temp123-nine.vercel.app/service-areas/wyoming/southeast-wyoming/cities/","noindex, follow","","False"
"/service-areas/wyoming/southwest-wyoming/","rendered_page","","Location","region","Wyoming","Southwest Wyoming","","true","false","true","Southwest Wyoming Emergency Trailer Rental | Temporary123","1","Southwest Wyoming Emergency Trailer Rental","","noindex,follow","false","7","false","https://temp123-nine.vercel.app/service-areas/wyoming/southwest-wyoming/","200","","200","https://temp123-nine.vercel.app/service-areas/wyoming/southwest-wyoming/","noindex, follow","","False"
"/service-areas/wyoming/southwest-wyoming/cities/","rendered_page","","Location","regional-city-directory","","","","true","false","true","Southwest Wyoming Facility Rental Locations | Temporary123","1","Southwest Wyoming Facility Rental Locations","","noindex,follow","false","1","false","https://temp123-nine.vercel.app/service-areas/wyoming/southwest-wyoming/cities/","200","","200","https://temp123-nine.vercel.app/service-areas/wyoming/southwest-wyoming/cities/","noindex, follow","","False"
"/services/","rendered_page","","Equipment/Service","service","","","","true","false","true","Temporary Facility Solutions | Temporary123","1","Temporary facilities for the whole project.","","noindex,follow","false","649","false","https://temp123-nine.vercel.app/services/","200","","200","https://temp123-nine.vercel.app/services/","noindex, follow","","False"
"/services/dishwashing-trailers/22ft/","rendered_page","","Equipment/Service","service","","","","true","false","true","22ft Dishwashing Trailer Rental | Temporary123","1","22ft Dishwashing Trailer Rental","","noindex,follow","false","649","false","https://temp123-nine.vercel.app/services/dishwashing-trailers/22ft/","200","","200","https://temp123-nine.vercel.app/services/dishwashing-trailers/22ft/","noindex, follow","","False"
"/services/dishwashing-trailers/24ft/","rendered_page","","Equipment/Service","service","","","","true","false","true","24ft Dishwashing Trailer Rental | Temporary123","1","24ft Dishwashing Trailer Rental","","noindex,follow","false","649","false","https://temp123-nine.vercel.app/services/dishwashing-trailers/24ft/","200","","200","https://temp123-nine.vercel.app/services/dishwashing-trailers/24ft/","noindex, follow","","False"
"/services/dishwashing-trailers/26ft/","rendered_page","","Equipment/Service","service","","","","true","false","true","26ft Dishwashing Trailer Rental | Temporary123","1","26ft Dishwashing Trailer Rental","","noindex,follow","false","649","false","https://temp123-nine.vercel.app/services/dishwashing-trailers/26ft/","200","","200","https://temp123-nine.vercel.app/services/dishwashing-trailers/26ft/","noindex, follow","","False"
"/services/dishwashing-trailers/38ft-conveyor/","rendered_page","","Equipment/Service","service","","","","true","false","true","38ft Conveyor Dishwashing Trailer Rental | Temporary123","1","38ft Conveyor Dishwashing Trailer Rental","","noindex,follow","false","649","false","https://temp123-nine.vercel.app/services/dishwashing-trailers/38ft-conveyor/","200","","200","https://temp123-nine.vercel.app/services/dishwashing-trailers/38ft-conveyor/","noindex, follow","","False"
"/services/handwashing-trailers/hands-free/","rendered_page","","Equipment/Service","service","","","","true","false","true","Hands-Free Handwashing Stations Rental | Temporary123","1","Hands-Free Handwashing Stations Rental","","noindex,follow","false","649","false","https://temp123-nine.vercel.app/services/handwashing-trailers/hands-free/","200","","200","https://temp123-nine.vercel.app/services/handwashing-trailers/hands-free/","noindex, follow","","False"
"/services/laundry-trailers/24ft/","rendered_page","","Equipment/Service","service","","","","true","false","true","24ft Mobile Laundry Trailer Rental | Temporary123","1","24ft Mobile Laundry Trailer Rental","","noindex,follow","false","649","false","https://temp123-nine.vercel.app/services/laundry-trailers/24ft/","200","","200","https://temp123-nine.vercel.app/services/laundry-trailers/24ft/","noindex, follow","","False"
"/services/laundry-trailers/30ft/","rendered_page","","Equipment/Service","service","","","","true","false","true","30ft Mobile Laundry Trailer Rental | Temporary123","1","30ft Mobile Laundry Trailer Rental","","noindex,follow","false","649","false","https://temp123-nine.vercel.app/services/laundry-trailers/30ft/","200","","200","https://temp123-nine.vercel.app/services/laundry-trailers/30ft/","noindex, follow","","False"
"/services/mobile-kitchen-trailers/24ft/","rendered_page","","Equipment/Service","service","","","","true","false","true","24ft Mobile Kitchen Trailer Rental | Temporary123","1","24ft Mobile Kitchen Trailer Rental","","noindex,follow","false","649","false","https://temp123-nine.vercel.app/services/mobile-kitchen-trailers/24ft/","200","","200","https://temp123-nine.vercel.app/services/mobile-kitchen-trailers/24ft/","noindex, follow","","False"
"/services/mobile-kitchen-trailers/26ft-bulk/","rendered_page","","Equipment/Service","service","","","","true","false","true","26ft Bulk Mobile Kitchen Rental | Temporary123","1","26ft Bulk Mobile Kitchen Rental","","noindex,follow","false","649","false","https://temp123-nine.vercel.app/services/mobile-kitchen-trailers/26ft-bulk/","200","","200","https://temp123-nine.vercel.app/services/mobile-kitchen-trailers/26ft-bulk/","noindex, follow","","False"
"/services/mobile-kitchen-trailers/28ft/","rendered_page","","Equipment/Service","service","","","","true","false","true","28ft Mobile Kitchen Trailer Rental | Temporary123","1","28ft Mobile Kitchen Trailer Rental","","noindex,follow","false","649","false","https://temp123-nine.vercel.app/services/mobile-kitchen-trailers/28ft/","200","","200","https://temp123-nine.vercel.app/services/mobile-kitchen-trailers/28ft/","noindex, follow","","False"
"/services/mobile-kitchen-trailers/38ft/","rendered_page","","Equipment/Service","service","","","","true","false","true","38ft Mobile Kitchen Trailer Rental | Temporary123","1","38ft Mobile Kitchen Trailer Rental","","noindex,follow","false","649","false","https://temp123-nine.vercel.app/services/mobile-kitchen-trailers/38ft/","200","","200","https://temp123-nine.vercel.app/services/mobile-kitchen-trailers/38ft/","noindex, follow","","False"
"/services/mobile-kitchen-trailers/40ft-bulk-combination/","rendered_page","","Equipment/Service","service","","","","true","false","true","40ft Bulk Combination Mobile Kitchen Rental | Temporary123","1","40ft Bulk Combination Mobile Kitchen Rental","","noindex,follow","false","649","false","https://temp123-nine.vercel.app/services/mobile-kitchen-trailers/40ft-bulk-combination/","200","","200","https://temp123-nine.vercel.app/services/mobile-kitchen-trailers/40ft-bulk-combination/","noindex, follow","","False"
"/services/mobile-kitchen-trailers/40ft-combination/","rendered_page","","Equipment/Service","service","","","","true","false","true","40ft Combination Mobile Kitchen Rental | Temporary123","1","40ft Combination Mobile Kitchen Rental","","noindex,follow","false","649","false","https://temp123-nine.vercel.app/services/mobile-kitchen-trailers/40ft-combination/","200","","200","https://temp123-nine.vercel.app/services/mobile-kitchen-trailers/40ft-combination/","noindex, follow","","False"
"/services/mobile-kitchen-trailers/40ft/","rendered_page","","Equipment/Service","service","","","","true","false","true","40ft Mobile Kitchen Trailer Rental | Temporary123","1","40ft Mobile Kitchen Trailer Rental","","noindex,follow","false","649","false","https://temp123-nine.vercel.app/services/mobile-kitchen-trailers/40ft/","200","","200","https://temp123-nine.vercel.app/services/mobile-kitchen-trailers/40ft/","noindex, follow","","False"
"/services/mobile-sleeper-trailers/20ft-contractor/","rendered_page","","Equipment/Service","service","","","","true","false","true","20ft Contractor Sleeper Trailer Rental | Temporary123","1","20ft Contractor Sleeper Trailer Rental","","noindex,follow","false","649","false","https://temp123-nine.vercel.app/services/mobile-sleeper-trailers/20ft-contractor/","200","","200","https://temp123-nine.vercel.app/services/mobile-sleeper-trailers/20ft-contractor/","noindex, follow","","False"
"/services/mobile-sleeper-trailers/20ft-shared/","rendered_page","","Equipment/Service","service","","","","true","false","true","20ft Shared Sleeper Trailer Rental | Temporary123","1","20ft Shared Sleeper Trailer Rental","","noindex,follow","false","649","false","https://temp123-nine.vercel.app/services/mobile-sleeper-trailers/20ft-shared/","200","","200","https://temp123-nine.vercel.app/services/mobile-sleeper-trailers/20ft-shared/","noindex, follow","","False"
"/services/mobile-sleeper-trailers/20ft-vip/","rendered_page","","Equipment/Service","service","","","","true","false","true","20ft VIP Sleeper Trailer Rental | Temporary123","1","20ft VIP Sleeper Trailer Rental","","noindex,follow","false","649","false","https://temp123-nine.vercel.app/services/mobile-sleeper-trailers/20ft-vip/","200","","200","https://temp123-nine.vercel.app/services/mobile-sleeper-trailers/20ft-vip/","noindex, follow","","False"
"/services/restroom-trailers/12ft/","configured_redirect","/equipment-rental/restroom-trailers/","Equipment/Service","redirected-service","","","","False","False","False","","","","","","False","","","https://temp123-nine.vercel.app/services/restroom-trailers/12ft/","308","/equipment-rental/restroom-trailers/","Not followed","","","","True"
"/services/restroom-trailers/14ft/","configured_redirect","/equipment-rental/restroom-trailers/","Equipment/Service","redirected-service","","","","False","False","False","","","","","","False","","","https://temp123-nine.vercel.app/services/restroom-trailers/14ft/","308","/equipment-rental/restroom-trailers/","Not followed","","","","True"
"/services/restroom-trailers/20ft/","configured_redirect","/equipment-rental/restroom-trailers/","Equipment/Service","redirected-service","","","","False","False","False","","","","","","False","","","https://temp123-nine.vercel.app/services/restroom-trailers/20ft/","308","/equipment-rental/restroom-trailers/","Not followed","","","","True"
"/services/restroom-trailers/30ft/","configured_redirect","/equipment-rental/restroom-trailers/","Equipment/Service","redirected-service","","","","False","False","False","","","","","","False","","","https://temp123-nine.vercel.app/services/restroom-trailers/30ft/","308","/equipment-rental/restroom-trailers/","Not followed","","","","True"
"/services/shower-containers/20ft-5-stall/","rendered_page","","Equipment/Service","service","","","","true","false","true","20 ft Shower Container, 5 Stalls Rental | Temporary123","1","20 ft Shower Container, 5 Stalls Rental","","noindex,follow","false","649","false","https://temp123-nine.vercel.app/services/shower-containers/20ft-5-stall/","200","","200","https://temp123-nine.vercel.app/services/shower-containers/20ft-5-stall/","noindex, follow","","False"
"/services/shower-restroom-combination-trailers/","rendered_page","","Equipment/Service","service","","","","true","false","true","Shower and Restroom Combination Trailers Rental | Temporary123","1","Shower and Restroom Trailer Rental","","noindex,follow","false","649","false","https://temp123-nine.vercel.app/services/shower-restroom-combination-trailers/","200","","200","https://temp123-nine.vercel.app/services/shower-restroom-combination-trailers/","noindex, follow","","False"
"/services/shower-restroom-combination-trailers/12ft/","configured_redirect","/services/shower-restroom-combination-trailers/","Equipment/Service","redirected-service","","","","False","False","False","","","","","","False","","","https://temp123-nine.vercel.app/services/shower-restroom-combination-trailers/12ft/","308","/services/shower-restroom-combination-trailers/","Not followed","","","","True"
"/services/shower-restroom-combination-trailers/13ft-3-stall/","rendered_page","","Equipment/Service","service","","","","true","false","true","13 ft Luxury Shower and Restroom Combination Trailer, 3 Stalls Rental | Temporary123","1","13 ft Luxury Shower and Restroom Combination Trailer, 3 Stalls Rental","","noindex,follow","false","649","false","https://temp123-nine.vercel.app/services/shower-restroom-combination-trailers/13ft-3-stall/","200","","200","https://temp123-nine.vercel.app/services/shower-restroom-combination-trailers/13ft-3-stall/","noindex, follow","","False"
"/services/shower-restroom-combination-trailers/14ft/","configured_redirect","/services/shower-restroom-combination-trailers/","Equipment/Service","redirected-service","","","","False","False","False","","","","","","False","","","https://temp123-nine.vercel.app/services/shower-restroom-combination-trailers/14ft/","308","/services/shower-restroom-combination-trailers/","Not followed","","","","True"
"/services/shower-restroom-combination-trailers/20ft/","configured_redirect","/services/shower-restroom-combination-trailers/","Equipment/Service","redirected-service","","","","False","False","False","","","","","","False","","","https://temp123-nine.vercel.app/services/shower-restroom-combination-trailers/20ft/","308","/services/shower-restroom-combination-trailers/","Not followed","","","","True"
"/services/shower-restroom-combination-trailers/22ft-6-stall/","rendered_page","","Equipment/Service","service","","","","true","false","true","22 ft Luxury Shower and Restroom Combination Trailer, 6 Stalls Rental | Temporary123","1","22 ft Luxury Shower and Restroom Combination Trailer, 6 Stalls Rental","","noindex,follow","false","649","false","https://temp123-nine.vercel.app/services/shower-restroom-combination-trailers/22ft-6-stall/","200","","200","https://temp123-nine.vercel.app/services/shower-restroom-combination-trailers/22ft-6-stall/","noindex, follow","","False"
"/services/shower-restroom-combination-trailers/3-stall-1-ada/","rendered_page","","Equipment/Service","service","","","","true","false","true","Luxury Shower and Restroom Combination Trailer, 3 Stalls + 1 ADA Rental | Temporary123","1","Luxury Shower and Restroom Combination Trailer, 3 Stalls + 1 ADA Rental","","noindex,follow","false","649","false","https://temp123-nine.vercel.app/services/shower-restroom-combination-trailers/3-stall-1-ada/","200","","200","https://temp123-nine.vercel.app/services/shower-restroom-combination-trailers/3-stall-1-ada/","noindex, follow","","False"
"/services/shower-restroom-combination-trailers/30ft-8-stall/","rendered_page","","Equipment/Service","service","","","","true","false","true","30 ft Luxury Shower and Restroom Combination Trailer, 8 Stalls Rental | Temporary123","1","30 ft Luxury Shower and Restroom Combination Trailer, 8 Stalls Rental","","noindex,follow","false","649","false","https://temp123-nine.vercel.app/services/shower-restroom-combination-trailers/30ft-8-stall/","200","","200","https://temp123-nine.vercel.app/services/shower-restroom-combination-trailers/30ft-8-stall/","noindex, follow","","False"
"/services/shower-restroom-combination-trailers/30ft/","configured_redirect","/services/shower-restroom-combination-trailers/30ft-8-stall/","Equipment/Service","redirected-service","","","","False","False","False","","","","","","False","","","https://temp123-nine.vercel.app/services/shower-restroom-combination-trailers/30ft/","308","/services/shower-restroom-combination-trailers/30ft-8-stall/","Not followed","","","","True"
"/services/shower-restroom-combination-trailers/8-stall-1-ada/","rendered_page","","Equipment/Service","service","","","","true","false","true","Luxury Shower and Restroom Combination Trailer, 8 Stalls + 1 ADA Rental | Temporary123","1","Luxury Shower and Restroom Combination Trailer, 8 Stalls + 1 ADA Rental","","noindex,follow","false","649","false","https://temp123-nine.vercel.app/services/shower-restroom-combination-trailers/8-stall-1-ada/","200","","200","https://temp123-nine.vercel.app/services/shower-restroom-combination-trailers/8-stall-1-ada/","noindex, follow","","False"
"/services/shower-trailers/12ft/","configured_redirect","/services/shower-trailers/22ft-10-stall/","Equipment/Service","redirected-service","","","","False","False","False","","","","","","False","","","https://temp123-nine.vercel.app/services/shower-trailers/12ft/","308","/services/shower-trailers/22ft-10-stall/","Not followed","","","","True"
"/services/shower-trailers/14ft/","configured_redirect","/services/shower-trailers/22ft-10-stall/","Equipment/Service","redirected-service","","","","False","False","False","","","","","","False","","","https://temp123-nine.vercel.app/services/shower-trailers/14ft/","308","/services/shower-trailers/22ft-10-stall/","Not followed","","","","True"
"/services/shower-trailers/20ft/","configured_redirect","/services/shower-trailers/22ft-10-stall/","Equipment/Service","redirected-service","","","","False","False","False","","","","","","False","","","https://temp123-nine.vercel.app/services/shower-trailers/20ft/","308","/services/shower-trailers/22ft-10-stall/","Not followed","","","","True"
"/services/shower-trailers/22ft-10-stall/","rendered_page","","Equipment/Service","service","","","","true","false","true","22 ft Shower Trailer, 10 Stalls Rental | Temporary123","1","22 ft Shower Trailer, 10 Stalls Rental","","noindex,follow","false","649","false","https://temp123-nine.vercel.app/services/shower-trailers/22ft-10-stall/","200","","200","https://temp123-nine.vercel.app/services/shower-trailers/22ft-10-stall/","noindex, follow","","False"
"/services/shower-trailers/30ft/","configured_redirect","/services/shower-trailers/22ft-10-stall/","Equipment/Service","redirected-service","","","","False","False","False","","","","","","False","","","https://temp123-nine.vercel.app/services/shower-trailers/30ft/","308","/services/shower-trailers/22ft-10-stall/","Not followed","","","","True"
"/shop/","configured_redirect","/equipment-rental/","Other","imported-source","","","","false","true","false","","","","","","false","","","https://temp123-nine.vercel.app/shop/","308","/equipment-rental/","200","https://temp123-nine.vercel.app/equipment-rental/","noindex, follow","","True"
"/shower-trailer-rental/","rendered_page","","Other","imported-source","","","","true","true","true","Shower Trailer Rental | Temporary123","1","Shower Trailer Rental","","noindex,follow","false","1","false","https://temp123-nine.vercel.app/shower-trailer-rental/","200","","200","https://temp123-nine.vercel.app/shower-trailer-rental/","noindex, follow","","False"
"/shower-trailer/","configured_redirect","/equipment-rental/shower-trailer/","Other","redirected-route","","","","False","False","False","","","","","","False","","","https://temp123-nine.vercel.app/shower-trailer/","308","/equipment-rental/shower-trailer/","Not followed","","","","True"
"/sleeper-trailer-rental/","rendered_page","","Other","imported-source","","","","true","true","true","Sleeper Trailer Rental | Temporary123","1","Sleeper Trailer Rental","","noindex,follow","false","1","false","https://temp123-nine.vercel.app/sleeper-trailer-rental/","200","","200","https://temp123-nine.vercel.app/sleeper-trailer-rental/","noindex, follow","","False"
"/stair-rentals/","configured_redirect","/equipment-rental/stair-rentals/","Other","redirected-route","","","","False","False","False","","","","","","False","","","https://temp123-nine.vercel.app/stair-rentals/","308","/equipment-rental/stair-rentals/","Not followed","","","","True"
"/temporary-man-camp-solutions/","rendered_page","","Other","imported-source","","","","true","true","true","Temporary Man Camp Solutions | Portable Workforce Housing Options | Temporary123","1","Temporary Man Camp Solutions | Portable Workforce Housing Options","","noindex,follow","false","1","false","https://temp123-nine.vercel.app/temporary-man-camp-solutions/","200","","200","https://temp123-nine.vercel.app/temporary-man-camp-solutions/","noindex, follow","","False"
"/temporary-remote-workforce-housing-services-in-:location/","configured_redirect","/man-camps-for-rent/","Other","redirected-route","","","","False","False","False","","","","","","False","","","https://temp123-nine.vercel.app/temporary-remote-workforce-housing-services-in-:location/","308","/man-camps-for-rent/","Not followed","","","","True"
"/temporary-shower-trailers/","configured_redirect","/equipment-rental/shower-trailer/","Other","redirected-route","","","","False","False","False","","","","","","False","","","https://temp123-nine.vercel.app/temporary-shower-trailers/","308","/equipment-rental/shower-trailer/","Not followed","","","","True"
"/temporary-workforce-housing-facilities/","configured_redirect","/man-camps-for-rent/","Other","redirected-route","","","","False","False","False","","","","","","False","","","https://temp123-nine.vercel.app/temporary-workforce-housing-facilities/","308","/man-camps-for-rent/","Not followed","","","","True"
"/tent-rentals/","configured_redirect","/equipment-rental/tent-structures/","Other","redirected-route","","","","False","False","False","","","","","","False","","","https://temp123-nine.vercel.app/tent-rentals/","308","/equipment-rental/tent-structures/","Not followed","","","","True"
"/turnkey-man-camp-solutions/","rendered_page","","Other","imported-source","","","","true","true","true","Turnkey Man Camp Solutions | Fully-Equipped Workforce Housing | Temporary123","1","Turnkey Man Camp Solutions | Fully-Equipped Workforce Housing","","noindex,follow","false","1","false","https://temp123-nine.vercel.app/turnkey-man-camp-solutions/","200","","200","https://temp123-nine.vercel.app/turnkey-man-camp-solutions/","noindex, follow","","False"
"/video/","rendered_page","","Other","imported-source","","","","true","true","true","Temporary 123 Videos | Temporary123","1","Temporary 123 Videos","","noindex,follow","false","1","false","https://temp123-nine.vercel.app/video/","200","","200","https://temp123-nine.vercel.app/video/","noindex, follow","","False"
"/wastewater-freshwater-container/","configured_redirect","/equipment-rental/wastewater-and-freshwater-container/","Other","redirected-route","","","","False","False","False","","","","","","False","","","https://temp123-nine.vercel.app/wastewater-freshwater-container/","308","/equipment-rental/wastewater-and-freshwater-container/","Not followed","","","","True"
"/workforce-housing-shelters-in-:location/","configured_redirect","/man-camps-for-rent/","Other","redirected-route","","","","False","False","False","","","","","","False","","","https://temp123-nine.vercel.app/workforce-housing-shelters-in-:location/","308","/man-camps-for-rent/","Not followed","","","","True"
"/wp-content/uploads/2023/04/2-Food-Service-Design.png","configured_redirect","/food-services-2/","Other","redirected-route","","","","False","False","False","","","","","","False","","","https://temp123-nine.vercel.app/wp-content/uploads/2023/04/2-Food-Service-Design.png","308","/food-services-2/","Not followed","","","","True"
