kind,url,exactTitle,photographyApplicable,family,model,assignedFiles,interiorCount,exteriorCount,mismatchesFound,correctionsMade,missingVerifiedPhotography,missingReason,staticResult,httpStatus,runtimeResult,finalResult,errors,liveResult
"page","/service-areas/","USA Temporary Facilities Rental Service Areas","false","unspecified","","","0","0","","Restored original navigation layout; no photo section is intended or missing.","false","","PASS","200","Representative browser checks recorded separately","PASS","","NOT DEPLOYED / UNVERIFIED"
"page","/service-areas/alabama/","Alabama Emergency Basecamp Shower Trailer Rental","true","shower-trailer","model-21","/media/equipment-drive/shower-trailers/20-ft-shower-trailer-5-stalls-with-handwashing-sink/mobile-shower-trailer-wash-station.png | /media/equipment-drive/shower-trailers/20-ft-shower-trailer-5-stalls-with-handwashing-sink/multi-station-shower-trailer-exterior.png | /media/equipment-drive/shower-trailers/20-ft-shower-trailer-5-stalls-with-handwashing-sink/private-shower-trailer-stall-interior.png | /media/equipment-drive/shower-trailers/20-ft-shower-trailer-5-stalls-with-handwashing-sink/shower-trailer-exterior-with-private-shower-stall.png | /media/equipment-drive/shower-trailers/20-ft-shower-trailer-5-stalls-with-handwashing-sink/shower-trailer-rear-exterior-view.png | /media/equipment-drive/shower-trailers/20-ft-shower-trailer-5-stalls-with-handwashing-sink/shower-trailer-sink-and-mirror-area.png","1","5","Previous shower gallery mixed shower containers with shower trailers.","Replaced pooled selection with a single verified title-matched model; shared carousel and full-image controls.","false","","PASS","200","Representative browser checks recorded separately","PASS","","NOT DEPLOYED / UNVERIFIED"
"page","/service-areas/alabama/central-alabama/","Central Alabama, Alabama Workforce Camp Laundry Temporary Facilities Long-Term Rental","true","laundry-unspecified","","/media/equipment-drive/laundry-trailers-and-containers/30ft-laundry-trailer-10-washer-dryer/mobile-laundry-trailer-commercial-washers-dryers.png | /media/equipment-drive/laundry-trailers-and-containers/20ft-laundry-container/Laundry Container 7 units 1.png | /media/equipment-drive/laundry-trailers-and-containers/20ft-laundry-container/Laundry Container 7 units 2.png | /media/equipment-drive/laundry-trailers-and-containers/20ft-laundry-container/Laundry Container 7units.png","4","0","Previous laundry gallery mixed trailer and container form factors.","Replaced pooled selection with a single verified title-matched model; shared carousel and full-image controls.","false","","PASS","200","Representative browser checks recorded separately","PASS","","NOT DEPLOYED / UNVERIFIED"
"page","/service-areas/alabama/central-alabama/cities/","Central Alabama, Alabama Facility Rental Locations","false","unspecified","","","0","0","","Restored original navigation layout; no photo section is intended or missing.","false","","PASS","200","Representative browser checks recorded separately","PASS","","NOT DEPLOYED / UNVERIFIED"
"page","/service-areas/alabama/gulf-coast/","Gulf Coast, Alabama Commercial Food Service Commercial Kitchen Modular Building For Rent","true","kitchen-modular","","","0","0","Previous gallery supplied kitchen trailers for a modular-building title.","Removed unsafe/ambiguous fallback, or added explicit verified-photography pending state.","true","No matching verified photography exists for the title's equipment/configuration.","PASS","200","Representative browser checks recorded separately","PASS","","NOT DEPLOYED / UNVERIFIED"
"page","/service-areas/alabama/gulf-coast/cities/","Gulf Coast, Alabama Facility Rental Locations","false","unspecified","","","0","0","","Restored original navigation layout; no photo section is intended or missing.","false","","PASS","200","Representative browser checks recorded separately","PASS","","NOT DEPLOYED / UNVERIFIED"
"page","/service-areas/alabama/north-alabama/","North Alabama, Alabama Accessible Commercial Site ADA Shower and Restroom Combination Trailer Leasing","true","ada-combination","client-labelled-ada-reference","/images/catalog/restroom-trailers-960.webp","0","1","Previous gallery used non-ADA combination units for an ADA title.","Replaced pooled selection with a single verified title-matched model; shared carousel and full-image controls.","false","","PASS","200","Representative browser checks recorded separately","PASS","","NOT DEPLOYED / UNVERIFIED"
"page","/service-areas/alabama/north-alabama/cities/","North Alabama, Alabama Facility Rental Locations","false","unspecified","","","0","0","","Restored original navigation layout; no photo section is intended or missing.","false","","PASS","200","Representative browser checks recorded separately","PASS","","NOT DEPLOYED / UNVERIFIED"
"page","/service-areas/alabama/wiregrass/","Wiregrass, Alabama Construction Project Kitchen Emergency Trailer Rental","true","mobile-kitchen","model-12","/media/equipment-drive/mobile-kitchens/24ft-mobile-kitchen/portable-commercial-kitchen-trailer-interior.png | /media/equipment-drive/mobile-kitchens/24ft-mobile-kitchen/mobile-commercial-kitchen-entry-view.png | /media/equipment-drive/mobile-kitchens/24ft-mobile-kitchen/mobile-kitchen-trailer-prep-counter.png | /media/equipment-drive/mobile-kitchens/24ft-mobile-kitchen/commercial-six-burner-gas-range.png | /media/equipment-drive/mobile-kitchens/24ft-mobile-kitchen/mobile-kitchen-trailer-exterior-service-window.png","4","1","Previous gallery pooled standard, bulk and combination kitchens of different sizes.","Replaced pooled selection with a single verified title-matched model; shared carousel and full-image controls.","false","","PASS","200","Representative browser checks recorded separately","PASS","","NOT DEPLOYED / UNVERIFIED"
"page","/service-areas/alabama/wiregrass/cities/","Wiregrass, Alabama Facility Rental Locations","false","unspecified","","","0","0","","Restored original navigation layout; no photo section is intended or missing.","false","","PASS","200","Representative browser checks recorded separately","PASS","","NOT DEPLOYED / UNVERIFIED"
"page","/service-areas/alaska/","Alaska Accessible Commercial Site ADA Shower and Restroom Combination Trailer Leasing","true","ada-combination","client-labelled-ada-reference","/images/catalog/restroom-trailers-960.webp","0","1","Previous gallery used non-ADA combination units for an ADA title.","Replaced pooled selection with a single verified title-matched model; shared carousel and full-image controls.","false","","PASS","200","Representative browser checks recorded separately","PASS","","NOT DEPLOYED / UNVERIFIED"
"page","/service-areas/alaska/arctic/","Arctic, Alaska Workforce Housing Sleeper Bunk-Bed Facility Leasing","true","sleeper-trailer","april-two-stall-sleeper","/media/equipment-drive/sleeper-and-accommodation/sleeper-trailer-2-stalls/sleeper-trailer-2-stall-bunk-bed-interior.png | /media/equipment-drive/sleeper-and-accommodation/sleeper-trailer-2-stalls/sleeper-trailer-2-stall-sleeping-room.png","2","0","Previous multi-image sleeper gallery lacked reliable image-to-configuration association.","Replaced pooled selection with a single verified title-matched model; shared carousel and full-image controls.","false","","PASS","200","Representative browser checks recorded separately","PASS","","NOT DEPLOYED / UNVERIFIED"
"page","/service-areas/alaska/arctic/cities/","Arctic, Alaska Facility Rental Locations","false","unspecified","","","0","0","","Restored original navigation layout; no photo section is intended or missing.","false","","PASS","200","Representative browser checks recorded separately","PASS","","NOT DEPLOYED / UNVERIFIED"
"page","/service-areas/alaska/interior/","Interior, Alaska Workforce Camp Laundry Temporary Facilities Long-Term Rental","true","laundry-unspecified","","/media/equipment-drive/laundry-trailers-and-containers/30ft-laundry-trailer-10-washer-dryer/mobile-laundry-trailer-commercial-washers-dryers.png | /media/equipment-drive/laundry-trailers-and-containers/20ft-laundry-container/Laundry Container 7 units 1.png | /media/equipment-drive/laundry-trailers-and-containers/20ft-laundry-container/Laundry Container 7 units 2.png | /media/equipment-drive/laundry-trailers-and-containers/20ft-laundry-container/Laundry Container 7units.png","4","0","Previous laundry gallery mixed trailer and container form factors.","Replaced pooled selection with a single verified title-matched model; shared carousel and full-image controls.","false","","PASS","200","Representative browser checks recorded separately","PASS","","NOT DEPLOYED / UNVERIFIED"
"page","/service-areas/alaska/interior/cities/","Interior, Alaska Facility Rental Locations","false","unspecified","","","0","0","","Restored original navigation layout; no photo section is intended or missing.","false","","PASS","200","Representative browser checks recorded separately","PASS","","NOT DEPLOYED / UNVERIFIED"
"page","/service-areas/alaska/southcentral/","Southcentral, Alaska Accessible Commercial Site ADA Shower and Restroom Combination Trailer Leasing","true","ada-combination","client-labelled-ada-reference","/images/catalog/restroom-trailers-960.webp","0","1","Previous gallery used non-ADA combination units for an ADA title.","Replaced pooled selection with a single verified title-matched model; shared carousel and full-image controls.","false","","PASS","200","Representative browser checks recorded separately","PASS","","NOT DEPLOYED / UNVERIFIED"
"page","/service-areas/alaska/southcentral/cities/","Southcentral, Alaska Facility Rental Locations","false","unspecified","","","0","0","","Restored original navigation layout; no photo section is intended or missing.","false","","PASS","200","Representative browser checks recorded separately","PASS","","NOT DEPLOYED / UNVERIFIED"
"page","/service-areas/alaska/southeast/","Southeast, Alaska Construction Project Kitchen Emergency Trailer Rental","true","mobile-kitchen","model-12","/media/equipment-drive/mobile-kitchens/24ft-mobile-kitchen/portable-commercial-kitchen-trailer-interior.png | /media/equipment-drive/mobile-kitchens/24ft-mobile-kitchen/mobile-commercial-kitchen-entry-view.png | /media/equipment-drive/mobile-kitchens/24ft-mobile-kitchen/mobile-kitchen-trailer-prep-counter.png | /media/equipment-drive/mobile-kitchens/24ft-mobile-kitchen/commercial-six-burner-gas-range.png | /media/equipment-drive/mobile-kitchens/24ft-mobile-kitchen/mobile-kitchen-trailer-exterior-service-window.png","4","1","Previous gallery pooled standard, bulk and combination kitchens of different sizes.","Replaced pooled selection with a single verified title-matched model; shared carousel and full-image controls.","false","","PASS","200","Representative browser checks recorded separately","PASS","","NOT DEPLOYED / UNVERIFIED"
"page","/service-areas/alaska/southeast/cities/","Southeast, Alaska Facility Rental Locations","false","unspecified","","","0","0","","Restored original navigation layout; no photo section is intended or missing.","false","","PASS","200","Representative browser checks recorded separately","PASS","","NOT DEPLOYED / UNVERIFIED"
"page","/service-areas/alaska/southwest/","Southwest, Alaska Commercial Food Service Commercial Kitchen Modular Building For Rent","true","kitchen-modular","","","0","0","Previous gallery supplied kitchen trailers for a modular-building title.","Removed unsafe/ambiguous fallback, or added explicit verified-photography pending state.","true","No matching verified photography exists for the title's equipment/configuration.","PASS","200","Representative browser checks recorded separately","PASS","","NOT DEPLOYED / UNVERIFIED"
"page","/service-areas/alaska/southwest/cities/","Southwest, Alaska Facility Rental Locations","false","unspecified","","","0","0","","Restored original navigation layout; no photo section is intended or missing.","false","","PASS","200","Representative browser checks recorded separately","PASS","","NOT DEPLOYED / UNVERIFIED"
"page","/service-areas/arizona/","Arizona Institutional Facility Shower and Restroom Combination Trailer For Rent","true","shower-restroom-combination","model-10","/media/equipment-drive/luxury-shower-restroom-combination-trailers/22ft-luxury-shower-restroom-combination-trailer-6-stalls/luxury-6-stall-shower-restroom-trailer-entry-steps.png | /media/equipment-drive/luxury-shower-restroom-combination-trailers/22ft-luxury-shower-restroom-combination-trailer-6-stalls/luxury-shower-restroom-trailer-sink-vanity-interior.png | /media/equipment-drive/luxury-shower-restroom-combination-trailers/22ft-luxury-shower-restroom-combination-trailer-6-stalls/22ft-6-stall-shower-restroom-trailer-exterior.png | /media/equipment-drive/luxury-shower-restroom-combination-trailers/22ft-luxury-shower-restroom-combination-trailer-6-stalls/22ft-luxury-shower-restroom-combination-trailer-6-stall-exterior.png | /media/equipment-drive/luxury-shower-restroom-combination-trailers/22ft-luxury-shower-restroom-combination-trailer-6-stalls/luxury-shower-restroom-trailer-private-shower-stall.png","2","3","Previous gallery combined different sizes/stall configurations.","Replaced pooled selection with a single verified title-matched model; shared carousel and full-image controls.","false","","PASS","200","Representative browser checks recorded separately","PASS","","NOT DEPLOYED / UNVERIFIED"
"page","/service-areas/arizona/northern-arizona/","Northern Arizona, Arizona Institutional Facility Shower and Restroom Combination Trailer For Rent","true","shower-restroom-combination","model-10","/media/equipment-drive/luxury-shower-restroom-combination-trailers/22ft-luxury-shower-restroom-combination-trailer-6-stalls/luxury-6-stall-shower-restroom-trailer-entry-steps.png | /media/equipment-drive/luxury-shower-restroom-combination-trailers/22ft-luxury-shower-restroom-combination-trailer-6-stalls/luxury-shower-restroom-trailer-sink-vanity-interior.png | /media/equipment-drive/luxury-shower-restroom-combination-trailers/22ft-luxury-shower-restroom-combination-trailer-6-stalls/22ft-6-stall-shower-restroom-trailer-exterior.png | /media/equipment-drive/luxury-shower-restroom-combination-trailers/22ft-luxury-shower-restroom-combination-trailer-6-stalls/22ft-luxury-shower-restroom-combination-trailer-6-stall-exterior.png | /media/equipment-drive/luxury-shower-restroom-combination-trailers/22ft-luxury-shower-restroom-combination-trailer-6-stalls/luxury-shower-restroom-trailer-private-shower-stall.png","2","3","Previous gallery combined different sizes/stall configurations.","Replaced pooled selection with a single verified title-matched model; shared carousel and full-image controls.","false","","PASS","200","Representative browser checks recorded separately","PASS","","NOT DEPLOYED / UNVERIFIED"
"page","/service-areas/arizona/northern-arizona/cities/","Northern Arizona, Arizona Facility Rental Locations","false","unspecified","","","0","0","","Restored original navigation layout; no photo section is intended or missing.","false","","PASS","200","Representative browser checks recorded separately","PASS","","NOT DEPLOYED / UNVERIFIED"
"page","/service-areas/arizona/phoenix-area/","Phoenix area, Arizona Accessible Commercial Site ADA Shower and Restroom Combination Trailer Leasing","true","ada-combination","client-labelled-ada-reference","/images/catalog/restroom-trailers-960.webp","0","1","Previous gallery used non-ADA combination units for an ADA title.","Replaced pooled selection with a single verified title-matched model; shared carousel and full-image controls.","false","","PASS","200","Representative browser checks recorded separately","PASS","","NOT DEPLOYED / UNVERIFIED"
"page","/service-areas/arizona/phoenix-area/cities/","Phoenix area, Arizona Facility Rental Locations","false","unspecified","","","0","0","","Restored original navigation layout; no photo section is intended or missing.","false","","PASS","200","Representative browser checks recorded separately","PASS","","NOT DEPLOYED / UNVERIFIED"
"page","/service-areas/arizona/southern-arizona/","Southern Arizona, Arizona Workforce Camp Laundry Temporary Facilities Long-Term Rental","true","laundry-unspecified","","/media/equipment-drive/laundry-trailers-and-containers/30ft-laundry-trailer-10-washer-dryer/mobile-laundry-trailer-commercial-washers-dryers.png | /media/equipment-drive/laundry-trailers-and-containers/20ft-laundry-container/Laundry Container 7 units 1.png | /media/equipment-drive/laundry-trailers-and-containers/20ft-laundry-container/Laundry Container 7 units 2.png | /media/equipment-drive/laundry-trailers-and-containers/20ft-laundry-container/Laundry Container 7units.png","4","0","Previous laundry gallery mixed trailer and container form factors.","Replaced pooled selection with a single verified title-matched model; shared carousel and full-image controls.","false","","PASS","200","Representative browser checks recorded separately","PASS","","NOT DEPLOYED / UNVERIFIED"
"page","/service-areas/arizona/southern-arizona/cities/","Southern Arizona, Arizona Facility Rental Locations","false","unspecified","","","0","0","","Restored original navigation layout; no photo section is intended or missing.","false","","PASS","200","Representative browser checks recorded separately","PASS","","NOT DEPLOYED / UNVERIFIED"
"page","/service-areas/arkansas/","Arkansas Commercial Food Service Commercial Kitchen Modular Building For Rent","true","kitchen-modular","","","0","0","Previous gallery supplied kitchen trailers for a modular-building title.","Removed unsafe/ambiguous fallback, or added explicit verified-photography pending state.","true","No matching verified photography exists for the title's equipment/configuration.","PASS","200","Representative browser checks recorded separately","PASS","","NOT DEPLOYED / UNVERIFIED"
"page","/service-areas/arkansas/arkansas-river-valley/","Arkansas River Valley, Arkansas Workforce Housing Sleeper Bunk-Bed Facility Leasing","true","sleeper-trailer","april-two-stall-sleeper","/media/equipment-drive/sleeper-and-accommodation/sleeper-trailer-2-stalls/sleeper-trailer-2-stall-bunk-bed-interior.png | /media/equipment-drive/sleeper-and-accommodation/sleeper-trailer-2-stalls/sleeper-trailer-2-stall-sleeping-room.png","2","0","Previous multi-image sleeper gallery lacked reliable image-to-configuration association.","Replaced pooled selection with a single verified title-matched model; shared carousel and full-image controls.","false","","PASS","200","Representative browser checks recorded separately","PASS","","NOT DEPLOYED / UNVERIFIED"
"page","/service-areas/arkansas/arkansas-river-valley/cities/","Arkansas River Valley, Arkansas Facility Rental Locations","false","unspecified","","","0","0","","Restored original navigation layout; no photo section is intended or missing.","false","","PASS","200","Representative browser checks recorded separately","PASS","","NOT DEPLOYED / UNVERIFIED"
"page","/service-areas/arkansas/delta/","Delta, Arkansas Remote Operations Man Camp Temporary Facilities Rental","true","unspecified","","/media/equipment-drive/sleeper-and-accommodation/20ft-accommodation-contractor/20ft-accommodation-unit-bunk-bed-interior.png | /media/equipment-drive/sleeper-and-accommodation/20ft-accommodation-contractor/20ft-mobile-accommodation-bunk-room-interior.png | /media/equipment-drive/sleeper-and-accommodation/20ft-accommodation-contractor/20ft-accommodation-unit-exterior-side-view.png | /media/equipment-drive/sleeper-and-accommodation/20ft-accommodation-contractor/20ft-portable-accommodation-unit-base-camp.png | /media/equipment-drive/mobile-kitchens/24ft-mobile-kitchen/portable-commercial-kitchen-trailer-interior.png | /media/equipment-drive/mobile-kitchens/24ft-mobile-kitchen/mobile-commercial-kitchen-entry-view.png | /media/equipment-drive/mobile-kitchens/24ft-mobile-kitchen/mobile-kitchen-trailer-prep-counter.png | /media/equipment-drive/mobile-kitchens/24ft-mobile-kitchen/commercial-six-burner-gas-range.png | /media/equipment-drive/mobile-kitchens/24ft-mobile-kitchen/mobile-kitchen-trailer-exterior-service-window.png | /media/equipment-drive/shower-trailers/20-ft-shower-trailer-5-stalls-with-handwashing-sink/mobile-shower-trailer-wash-station.png | /media/equipment-drive/shower-trailers/20-ft-shower-trailer-5-stalls-with-handwashing-sink/multi-station-shower-trailer-exterior.png | /media/equipment-drive/shower-trailers/20-ft-shower-trailer-5-stalls-with-handwashing-sink/private-shower-trailer-stall-interior.png | /media/equipment-drive/shower-trailers/20-ft-shower-trailer-5-stalls-with-handwashing-sink/shower-trailer-exterior-with-private-shower-stall.png | /media/equipment-drive/shower-trailers/20-ft-shower-trailer-5-stalls-with-handwashing-sink/shower-trailer-rear-exterior-view.png | /media/equipment-drive/shower-trailers/20-ft-shower-trailer-5-stalls-with-handwashing-sink/shower-trailer-sink-and-mirror-area.png","7","8","Previous fallback displayed mixed equipment despite an unspecified title.","Replaced pooled selection with a single verified title-matched model; shared carousel and full-image controls.","false","","PASS","200","Representative browser checks recorded separately","PASS","","NOT DEPLOYED / UNVERIFIED"
"page","/service-areas/arkansas/delta/cities/","Delta, Arkansas Facility Rental Locations","false","unspecified","","","0","0","","Restored original navigation layout; no photo section is intended or missing.","false","","PASS","200","Representative browser checks recorded separately","PASS","","NOT DEPLOYED / UNVERIFIED"
"page","/service-areas/arkansas/ozarks/","Ozarks, Arkansas Commercial Food Service Commercial Kitchen Modular Building For Rent","true","kitchen-modular","","","0","0","Previous gallery supplied kitchen trailers for a modular-building title.","Removed unsafe/ambiguous fallback, or added explicit verified-photography pending state.","true","No matching verified photography exists for the title's equipment/configuration.","PASS","200","Representative browser checks recorded separately","PASS","","NOT DEPLOYED / UNVERIFIED"
"page","/service-areas/arkansas/ozarks/cities/","Ozarks, Arkansas Facility Rental Locations","false","unspecified","","","0","0","","Restored original navigation layout; no photo section is intended or missing.","false","","PASS","200","Representative browser checks recorded separately","PASS","","NOT DEPLOYED / UNVERIFIED"
"page","/service-areas/arkansas/southwest-arkansas/","Southwest Arkansas, Arkansas Emergency Basecamp Shower Trailer Rental","true","shower-trailer","model-21","/media/equipment-drive/shower-trailers/20-ft-shower-trailer-5-stalls-with-handwashing-sink/mobile-shower-trailer-wash-station.png | /media/equipment-drive/shower-trailers/20-ft-shower-trailer-5-stalls-with-handwashing-sink/multi-station-shower-trailer-exterior.png | /media/equipment-drive/shower-trailers/20-ft-shower-trailer-5-stalls-with-handwashing-sink/private-shower-trailer-stall-interior.png | /media/equipment-drive/shower-trailers/20-ft-shower-trailer-5-stalls-with-handwashing-sink/shower-trailer-exterior-with-private-shower-stall.png | /media/equipment-drive/shower-trailers/20-ft-shower-trailer-5-stalls-with-handwashing-sink/shower-trailer-rear-exterior-view.png | /media/equipment-drive/shower-trailers/20-ft-shower-trailer-5-stalls-with-handwashing-sink/shower-trailer-sink-and-mirror-area.png","1","5","Previous shower gallery mixed shower containers with shower trailers.","Replaced pooled selection with a single verified title-matched model; shared carousel and full-image controls.","false","","PASS","200","Representative browser checks recorded separately","PASS","","NOT DEPLOYED / UNVERIFIED"
"page","/service-areas/arkansas/southwest-arkansas/cities/","Southwest Arkansas, Arkansas Facility Rental Locations","false","unspecified","","","0","0","","Restored original navigation layout; no photo section is intended or missing.","false","","PASS","200","Representative browser checks recorded separately","PASS","","NOT DEPLOYED / UNVERIFIED"
"page","/service-areas/california/","California Institutional Facility Shower and Restroom Combination Trailer For Rent","true","shower-restroom-combination","model-10","/media/equipment-drive/luxury-shower-restroom-combination-trailers/22ft-luxury-shower-restroom-combination-trailer-6-stalls/luxury-6-stall-shower-restroom-trailer-entry-steps.png | /media/equipment-drive/luxury-shower-restroom-combination-trailers/22ft-luxury-shower-restroom-combination-trailer-6-stalls/luxury-shower-restroom-trailer-sink-vanity-interior.png | /media/equipment-drive/luxury-shower-restroom-combination-trailers/22ft-luxury-shower-restroom-combination-trailer-6-stalls/22ft-6-stall-shower-restroom-trailer-exterior.png | /media/equipment-drive/luxury-shower-restroom-combination-trailers/22ft-luxury-shower-restroom-combination-trailer-6-stalls/22ft-luxury-shower-restroom-combination-trailer-6-stall-exterior.png | /media/equipment-drive/luxury-shower-restroom-combination-trailers/22ft-luxury-shower-restroom-combination-trailer-6-stalls/luxury-shower-restroom-trailer-private-shower-stall.png","2","3","Previous gallery combined different sizes/stall configurations.","Replaced pooled selection with a single verified title-matched model; shared carousel and full-image controls.","false","","PASS","200","Representative browser checks recorded separately","PASS","","NOT DEPLOYED / UNVERIFIED"
"page","/service-areas/california/bay-area/","Bay Area, California Emergency Basecamp Shower Trailer Rental","true","shower-trailer","model-21","/media/equipment-drive/shower-trailers/20-ft-shower-trailer-5-stalls-with-handwashing-sink/mobile-shower-trailer-wash-station.png | /media/equipment-drive/shower-trailers/20-ft-shower-trailer-5-stalls-with-handwashing-sink/multi-station-shower-trailer-exterior.png | /media/equipment-drive/shower-trailers/20-ft-shower-trailer-5-stalls-with-handwashing-sink/private-shower-trailer-stall-interior.png | /media/equipment-drive/shower-trailers/20-ft-shower-trailer-5-stalls-with-handwashing-sink/shower-trailer-exterior-with-private-shower-stall.png | /media/equipment-drive/shower-trailers/20-ft-shower-trailer-5-stalls-with-handwashing-sink/shower-trailer-rear-exterior-view.png | /media/equipment-drive/shower-trailers/20-ft-shower-trailer-5-stalls-with-handwashing-sink/shower-trailer-sink-and-mirror-area.png","1","5","Previous shower gallery mixed shower containers with shower trailers.","Replaced pooled selection with a single verified title-matched model; shared carousel and full-image controls.","false","","PASS","200","Representative browser checks recorded separately","PASS","","NOT DEPLOYED / UNVERIFIED"
"page","/service-areas/california/bay-area/cities/","Bay Area, California Facility Rental Locations","false","unspecified","","","0","0","","Restored original navigation layout; no photo section is intended or missing.","false","","PASS","200","Representative browser checks recorded separately","PASS","","NOT DEPLOYED / UNVERIFIED"
"page","/service-areas/california/central-valley/","Central Valley, California Institutional Facility Shower and Restroom Combination Trailer For Rent","true","shower-restroom-combination","model-10","/media/equipment-drive/luxury-shower-restroom-combination-trailers/22ft-luxury-shower-restroom-combination-trailer-6-stalls/luxury-6-stall-shower-restroom-trailer-entry-steps.png | /media/equipment-drive/luxury-shower-restroom-combination-trailers/22ft-luxury-shower-restroom-combination-trailer-6-stalls/luxury-shower-restroom-trailer-sink-vanity-interior.png | /media/equipment-drive/luxury-shower-restroom-combination-trailers/22ft-luxury-shower-restroom-combination-trailer-6-stalls/22ft-6-stall-shower-restroom-trailer-exterior.png | /media/equipment-drive/luxury-shower-restroom-combination-trailers/22ft-luxury-shower-restroom-combination-trailer-6-stalls/22ft-luxury-shower-restroom-combination-trailer-6-stall-exterior.png | /media/equipment-drive/luxury-shower-restroom-combination-trailers/22ft-luxury-shower-restroom-combination-trailer-6-stalls/luxury-shower-restroom-trailer-private-shower-stall.png","2","3","Previous gallery combined different sizes/stall configurations.","Replaced pooled selection with a single verified title-matched model; shared carousel and full-image controls.","false","","PASS","200","Representative browser checks recorded separately","PASS","","NOT DEPLOYED / UNVERIFIED"
"page","/service-areas/california/central-valley/cities/","Central Valley, California Facility Rental Locations","false","unspecified","","","0","0","","Restored original navigation layout; no photo section is intended or missing.","false","","PASS","200","Representative browser checks recorded separately","PASS","","NOT DEPLOYED / UNVERIFIED"
"page","/service-areas/california/inland-empire/","Inland Empire, California Workforce Camp Laundry Temporary Facilities Long-Term Rental","true","laundry-unspecified","","/media/equipment-drive/laundry-trailers-and-containers/30ft-laundry-trailer-10-washer-dryer/mobile-laundry-trailer-commercial-washers-dryers.png | /media/equipment-drive/laundry-trailers-and-containers/20ft-laundry-container/Laundry Container 7 units 1.png | /media/equipment-drive/laundry-trailers-and-containers/20ft-laundry-container/Laundry Container 7 units 2.png | /media/equipment-drive/laundry-trailers-and-containers/20ft-laundry-container/Laundry Container 7units.png","4","0","Previous laundry gallery mixed trailer and container form factors.","Replaced pooled selection with a single verified title-matched model; shared carousel and full-image controls.","false","","PASS","200","Representative browser checks recorded separately","PASS","","NOT DEPLOYED / UNVERIFIED"
"page","/service-areas/california/inland-empire/cities/","Inland Empire, California Facility Rental Locations","false","unspecified","","","0","0","","Restored original navigation layout; no photo section is intended or missing.","false","","PASS","200","Representative browser checks recorded separately","PASS","","NOT DEPLOYED / UNVERIFIED"
"page","/service-areas/california/los-angeles-basin/","Los Angeles Basin, California Accessible Commercial Site ADA Shower and Restroom Combination Trailer Leasing","true","ada-combination","client-labelled-ada-reference","/images/catalog/restroom-trailers-960.webp","0","1","Previous gallery used non-ADA combination units for an ADA title.","Replaced pooled selection with a single verified title-matched model; shared carousel and full-image controls.","false","","PASS","200","Representative browser checks recorded separately","PASS","","NOT DEPLOYED / UNVERIFIED"
"page","/service-areas/california/los-angeles-basin/cities/","Los Angeles Basin, California Facility Rental Locations","false","unspecified","","","0","0","","Restored original navigation layout; no photo section is intended or missing.","false","","PASS","200","Representative browser checks recorded separately","PASS","","NOT DEPLOYED / UNVERIFIED"
"page","/service-areas/california/north-coast/","North Coast, California Remote Operations Man Camp Temporary Facilities Rental","true","unspecified","","/media/equipment-drive/sleeper-and-accommodation/20ft-accommodation-contractor/20ft-accommodation-unit-bunk-bed-interior.png | /media/equipment-drive/sleeper-and-accommodation/20ft-accommodation-contractor/20ft-mobile-accommodation-bunk-room-interior.png | /media/equipment-drive/sleeper-and-accommodation/20ft-accommodation-contractor/20ft-accommodation-unit-exterior-side-view.png | /media/equipment-drive/sleeper-and-accommodation/20ft-accommodation-contractor/20ft-portable-accommodation-unit-base-camp.png | /media/equipment-drive/mobile-kitchens/24ft-mobile-kitchen/portable-commercial-kitchen-trailer-interior.png | /media/equipment-drive/mobile-kitchens/24ft-mobile-kitchen/mobile-commercial-kitchen-entry-view.png | /media/equipment-drive/mobile-kitchens/24ft-mobile-kitchen/mobile-kitchen-trailer-prep-counter.png | /media/equipment-drive/mobile-kitchens/24ft-mobile-kitchen/commercial-six-burner-gas-range.png | /media/equipment-drive/mobile-kitchens/24ft-mobile-kitchen/mobile-kitchen-trailer-exterior-service-window.png | /media/equipment-drive/shower-trailers/20-ft-shower-trailer-5-stalls-with-handwashing-sink/mobile-shower-trailer-wash-station.png | /media/equipment-drive/shower-trailers/20-ft-shower-trailer-5-stalls-with-handwashing-sink/multi-station-shower-trailer-exterior.png | /media/equipment-drive/shower-trailers/20-ft-shower-trailer-5-stalls-with-handwashing-sink/private-shower-trailer-stall-interior.png | /media/equipment-drive/shower-trailers/20-ft-shower-trailer-5-stalls-with-handwashing-sink/shower-trailer-exterior-with-private-shower-stall.png | /media/equipment-drive/shower-trailers/20-ft-shower-trailer-5-stalls-with-handwashing-sink/shower-trailer-rear-exterior-view.png | /media/equipment-drive/shower-trailers/20-ft-shower-trailer-5-stalls-with-handwashing-sink/shower-trailer-sink-and-mirror-area.png","7","8","Previous fallback displayed mixed equipment despite an unspecified title.","Replaced pooled selection with a single verified title-matched model; shared carousel and full-image controls.","false","","PASS","200","Representative browser checks recorded separately","PASS","","NOT DEPLOYED / UNVERIFIED"
"page","/service-areas/california/north-coast/cities/","North Coast, California Facility Rental Locations","false","unspecified","","","0","0","","Restored original navigation layout; no photo section is intended or missing.","false","","PASS","200","Representative browser checks recorded separately","PASS","","NOT DEPLOYED / UNVERIFIED"
"page","/service-areas/california/san-diego/","San Diego, California Construction Project Kitchen Emergency Trailer Rental","true","mobile-kitchen","model-12","/media/equipment-drive/mobile-kitchens/24ft-mobile-kitchen/portable-commercial-kitchen-trailer-interior.png | /media/equipment-drive/mobile-kitchens/24ft-mobile-kitchen/mobile-commercial-kitchen-entry-view.png | /media/equipment-drive/mobile-kitchens/24ft-mobile-kitchen/mobile-kitchen-trailer-prep-counter.png | /media/equipment-drive/mobile-kitchens/24ft-mobile-kitchen/commercial-six-burner-gas-range.png | /media/equipment-drive/mobile-kitchens/24ft-mobile-kitchen/mobile-kitchen-trailer-exterior-service-window.png","4","1","Previous gallery pooled standard, bulk and combination kitchens of different sizes.","Replaced pooled selection with a single verified title-matched model; shared carousel and full-image controls.","false","","PASS","200","Representative browser checks recorded separately","PASS","","NOT DEPLOYED / UNVERIFIED"
"page","/service-areas/california/san-diego/cities/","San Diego, California Facility Rental Locations","false","unspecified","","","0","0","","Restored original navigation layout; no photo section is intended or missing.","false","","PASS","200","Representative browser checks recorded separately","PASS","","NOT DEPLOYED / UNVERIFIED"
"page","/service-areas/colorado/","Colorado Construction Project Kitchen Emergency Trailer Rental","true","mobile-kitchen","model-12","/media/equipment-drive/mobile-kitchens/24ft-mobile-kitchen/portable-commercial-kitchen-trailer-interior.png | /media/equipment-drive/mobile-kitchens/24ft-mobile-kitchen/mobile-commercial-kitchen-entry-view.png | /media/equipment-drive/mobile-kitchens/24ft-mobile-kitchen/mobile-kitchen-trailer-prep-counter.png | /media/equipment-drive/mobile-kitchens/24ft-mobile-kitchen/commercial-six-burner-gas-range.png | /media/equipment-drive/mobile-kitchens/24ft-mobile-kitchen/mobile-kitchen-trailer-exterior-service-window.png","4","1","Previous gallery pooled standard, bulk and combination kitchens of different sizes.","Replaced pooled selection with a single verified title-matched model; shared carousel and full-image controls.","false","","PASS","200","Representative browser checks recorded separately","PASS","","NOT DEPLOYED / UNVERIFIED"
"page","/service-areas/colorado/eastern-plains/","Eastern Plains, Colorado Accessible Commercial Site ADA Shower and Restroom Combination Trailer Leasing","true","ada-combination","client-labelled-ada-reference","/images/catalog/restroom-trailers-960.webp","0","1","Previous gallery used non-ADA combination units for an ADA title.","Replaced pooled selection with a single verified title-matched model; shared carousel and full-image controls.","false","","PASS","200","Representative browser checks recorded separately","PASS","","NOT DEPLOYED / UNVERIFIED"
"page","/service-areas/colorado/eastern-plains/cities/","Eastern Plains, Colorado Facility Rental Locations","false","unspecified","","","0","0","","Restored original navigation layout; no photo section is intended or missing.","false","","PASS","200","Representative browser checks recorded separately","PASS","","NOT DEPLOYED / UNVERIFIED"
"page","/service-areas/colorado/front-range/","Front Range, Colorado Emergency Basecamp Shower Trailer Rental","true","shower-trailer","model-21","/media/equipment-drive/shower-trailers/20-ft-shower-trailer-5-stalls-with-handwashing-sink/mobile-shower-trailer-wash-station.png | /media/equipment-drive/shower-trailers/20-ft-shower-trailer-5-stalls-with-handwashing-sink/multi-station-shower-trailer-exterior.png | /media/equipment-drive/shower-trailers/20-ft-shower-trailer-5-stalls-with-handwashing-sink/private-shower-trailer-stall-interior.png | /media/equipment-drive/shower-trailers/20-ft-shower-trailer-5-stalls-with-handwashing-sink/shower-trailer-exterior-with-private-shower-stall.png | /media/equipment-drive/shower-trailers/20-ft-shower-trailer-5-stalls-with-handwashing-sink/shower-trailer-rear-exterior-view.png | /media/equipment-drive/shower-trailers/20-ft-shower-trailer-5-stalls-with-handwashing-sink/shower-trailer-sink-and-mirror-area.png","1","5","Previous shower gallery mixed shower containers with shower trailers.","Replaced pooled selection with a single verified title-matched model; shared carousel and full-image controls.","false","","PASS","200","Representative browser checks recorded separately","PASS","","NOT DEPLOYED / UNVERIFIED"
"page","/service-areas/colorado/front-range/cities/","Front Range, Colorado Facility Rental Locations","false","unspecified","","","0","0","","Restored original navigation layout; no photo section is intended or missing.","false","","PASS","200","Representative browser checks recorded separately","PASS","","NOT DEPLOYED / UNVERIFIED"
"page","/service-areas/colorado/san-luis-valley/","San Luis Valley, Colorado Workforce Camp Laundry Temporary Facilities Long-Term Rental","true","laundry-unspecified","","/media/equipment-drive/laundry-trailers-and-containers/30ft-laundry-trailer-10-washer-dryer/mobile-laundry-trailer-commercial-washers-dryers.png | /media/equipment-drive/laundry-trailers-and-containers/20ft-laundry-container/Laundry Container 7 units 1.png | /media/equipment-drive/laundry-trailers-and-containers/20ft-laundry-container/Laundry Container 7 units 2.png | /media/equipment-drive/laundry-trailers-and-containers/20ft-laundry-container/Laundry Container 7units.png","4","0","Previous laundry gallery mixed trailer and container form factors.","Replaced pooled selection with a single verified title-matched model; shared carousel and full-image controls.","false","","PASS","200","Representative browser checks recorded separately","PASS","","NOT DEPLOYED / UNVERIFIED"
"page","/service-areas/colorado/san-luis-valley/cities/","San Luis Valley, Colorado Facility Rental Locations","false","unspecified","","","0","0","","Restored original navigation layout; no photo section is intended or missing.","false","","PASS","200","Representative browser checks recorded separately","PASS","","NOT DEPLOYED / UNVERIFIED"
"page","/service-areas/colorado/western-slope/","Western Slope, Colorado Institutional Facility Shower and Restroom Combination Trailer For Rent","true","shower-restroom-combination","model-10","/media/equipment-drive/luxury-shower-restroom-combination-trailers/22ft-luxury-shower-restroom-combination-trailer-6-stalls/luxury-6-stall-shower-restroom-trailer-entry-steps.png | /media/equipment-drive/luxury-shower-restroom-combination-trailers/22ft-luxury-shower-restroom-combination-trailer-6-stalls/luxury-shower-restroom-trailer-sink-vanity-interior.png | /media/equipment-drive/luxury-shower-restroom-combination-trailers/22ft-luxury-shower-restroom-combination-trailer-6-stalls/22ft-6-stall-shower-restroom-trailer-exterior.png | /media/equipment-drive/luxury-shower-restroom-combination-trailers/22ft-luxury-shower-restroom-combination-trailer-6-stalls/22ft-luxury-shower-restroom-combination-trailer-6-stall-exterior.png | /media/equipment-drive/luxury-shower-restroom-combination-trailers/22ft-luxury-shower-restroom-combination-trailer-6-stalls/luxury-shower-restroom-trailer-private-shower-stall.png","2","3","Previous gallery combined different sizes/stall configurations.","Replaced pooled selection with a single verified title-matched model; shared carousel and full-image controls.","false","","PASS","200","Representative browser checks recorded separately","PASS","","NOT DEPLOYED / UNVERIFIED"
"page","/service-areas/colorado/western-slope/cities/","Western Slope, Colorado Facility Rental Locations","false","unspecified","","","0","0","","Restored original navigation layout; no photo section is intended or missing.","false","","PASS","200","Representative browser checks recorded separately","PASS","","NOT DEPLOYED / UNVERIFIED"
"page","/service-areas/connecticut/","Connecticut Construction Project Kitchen Emergency Trailer Rental","true","mobile-kitchen","model-12","/media/equipment-drive/mobile-kitchens/24ft-mobile-kitchen/portable-commercial-kitchen-trailer-interior.png | /media/equipment-drive/mobile-kitchens/24ft-mobile-kitchen/mobile-commercial-kitchen-entry-view.png | /media/equipment-drive/mobile-kitchens/24ft-mobile-kitchen/mobile-kitchen-trailer-prep-counter.png | /media/equipment-drive/mobile-kitchens/24ft-mobile-kitchen/commercial-six-burner-gas-range.png | /media/equipment-drive/mobile-kitchens/24ft-mobile-kitchen/mobile-kitchen-trailer-exterior-service-window.png","4","1","Previous gallery pooled standard, bulk and combination kitchens of different sizes.","Replaced pooled selection with a single verified title-matched model; shared carousel and full-image controls.","false","","PASS","200","Representative browser checks recorded separately","PASS","","NOT DEPLOYED / UNVERIFIED"
"page","/service-areas/connecticut/connecticut-river-valley/","Connecticut River Valley, Connecticut Workforce Housing Sleeper Bunk-Bed Facility Leasing","true","sleeper-trailer","april-two-stall-sleeper","/media/equipment-drive/sleeper-and-accommodation/sleeper-trailer-2-stalls/sleeper-trailer-2-stall-bunk-bed-interior.png | /media/equipment-drive/sleeper-and-accommodation/sleeper-trailer-2-stalls/sleeper-trailer-2-stall-sleeping-room.png","2","0","Previous multi-image sleeper gallery lacked reliable image-to-configuration association.","Replaced pooled selection with a single verified title-matched model; shared carousel and full-image controls.","false","","PASS","200","Representative browser checks recorded separately","PASS","","NOT DEPLOYED / UNVERIFIED"
"page","/service-areas/connecticut/connecticut-river-valley/cities/","Connecticut River Valley, Connecticut Facility Rental Locations","false","unspecified","","","0","0","","Restored original navigation layout; no photo section is intended or missing.","false","","PASS","200","Representative browser checks recorded separately","PASS","","NOT DEPLOYED / UNVERIFIED"
"page","/service-areas/connecticut/connecticut-shoreline/","Connecticut Shoreline, Connecticut Remote Operations Man Camp Temporary Facilities Rental","true","unspecified","","/media/equipment-drive/sleeper-and-accommodation/20ft-accommodation-contractor/20ft-accommodation-unit-bunk-bed-interior.png | /media/equipment-drive/sleeper-and-accommodation/20ft-accommodation-contractor/20ft-mobile-accommodation-bunk-room-interior.png | /media/equipment-drive/sleeper-and-accommodation/20ft-accommodation-contractor/20ft-accommodation-unit-exterior-side-view.png | /media/equipment-drive/sleeper-and-accommodation/20ft-accommodation-contractor/20ft-portable-accommodation-unit-base-camp.png | /media/equipment-drive/mobile-kitchens/24ft-mobile-kitchen/portable-commercial-kitchen-trailer-interior.png | /media/equipment-drive/mobile-kitchens/24ft-mobile-kitchen/mobile-commercial-kitchen-entry-view.png | /media/equipment-drive/mobile-kitchens/24ft-mobile-kitchen/mobile-kitchen-trailer-prep-counter.png | /media/equipment-drive/mobile-kitchens/24ft-mobile-kitchen/commercial-six-burner-gas-range.png | /media/equipment-drive/mobile-kitchens/24ft-mobile-kitchen/mobile-kitchen-trailer-exterior-service-window.png | /media/equipment-drive/shower-trailers/20-ft-shower-trailer-5-stalls-with-handwashing-sink/mobile-shower-trailer-wash-station.png | /media/equipment-drive/shower-trailers/20-ft-shower-trailer-5-stalls-with-handwashing-sink/multi-station-shower-trailer-exterior.png | /media/equipment-drive/shower-trailers/20-ft-shower-trailer-5-stalls-with-handwashing-sink/private-shower-trailer-stall-interior.png | /media/equipment-drive/shower-trailers/20-ft-shower-trailer-5-stalls-with-handwashing-sink/shower-trailer-exterior-with-private-shower-stall.png | /media/equipment-drive/shower-trailers/20-ft-shower-trailer-5-stalls-with-handwashing-sink/shower-trailer-rear-exterior-view.png | /media/equipment-drive/shower-trailers/20-ft-shower-trailer-5-stalls-with-handwashing-sink/shower-trailer-sink-and-mirror-area.png","7","8","Previous fallback displayed mixed equipment despite an unspecified title.","Replaced pooled selection with a single verified title-matched model; shared carousel and full-image controls.","false","","PASS","200","Representative browser checks recorded separately","PASS","","NOT DEPLOYED / UNVERIFIED"
"page","/service-areas/connecticut/connecticut-shoreline/cities/","Connecticut Shoreline, Connecticut Facility Rental Locations","false","unspecified","","","0","0","","Restored original navigation layout; no photo section is intended or missing.","false","","PASS","200","Representative browser checks recorded separately","PASS","","NOT DEPLOYED / UNVERIFIED"
"page","/service-areas/connecticut/greater-hartford/","Greater Hartford, Connecticut Commercial Food Service Commercial Kitchen Modular Building For Rent","true","kitchen-modular","","","0","0","Previous gallery supplied kitchen trailers for a modular-building title.","Removed unsafe/ambiguous fallback, or added explicit verified-photography pending state.","true","No matching verified photography exists for the title's equipment/configuration.","PASS","200","Representative browser checks recorded separately","PASS","","NOT DEPLOYED / UNVERIFIED"
"page","/service-areas/connecticut/greater-hartford/cities/","Greater Hartford, Connecticut Facility Rental Locations","false","unspecified","","","0","0","","Restored original navigation layout; no photo section is intended or missing.","false","","PASS","200","Representative browser checks recorded separately","PASS","","NOT DEPLOYED / UNVERIFIED"
"page","/service-areas/connecticut/litchfield-hills/","Litchfield Hills, Connecticut Construction Project Kitchen Emergency Trailer Rental","true","mobile-kitchen","model-12","/media/equipment-drive/mobile-kitchens/24ft-mobile-kitchen/portable-commercial-kitchen-trailer-interior.png | /media/equipment-drive/mobile-kitchens/24ft-mobile-kitchen/mobile-commercial-kitchen-entry-view.png | /media/equipment-drive/mobile-kitchens/24ft-mobile-kitchen/mobile-kitchen-trailer-prep-counter.png | /media/equipment-drive/mobile-kitchens/24ft-mobile-kitchen/commercial-six-burner-gas-range.png | /media/equipment-drive/mobile-kitchens/24ft-mobile-kitchen/mobile-kitchen-trailer-exterior-service-window.png","4","1","Previous gallery pooled standard, bulk and combination kitchens of different sizes.","Replaced pooled selection with a single verified title-matched model; shared carousel and full-image controls.","false","","PASS","200","Representative browser checks recorded separately","PASS","","NOT DEPLOYED / UNVERIFIED"
"page","/service-areas/connecticut/litchfield-hills/cities/","Litchfield Hills, Connecticut Facility Rental Locations","false","unspecified","","","0","0","","Restored original navigation layout; no photo section is intended or missing.","false","","PASS","200","Representative browser checks recorded separately","PASS","","NOT DEPLOYED / UNVERIFIED"
"page","/service-areas/delaware/","Delaware Accessible Commercial Site ADA Shower and Restroom Combination Trailer Leasing","true","ada-combination","client-labelled-ada-reference","/images/catalog/restroom-trailers-960.webp","0","1","Previous gallery used non-ADA combination units for an ADA title.","Replaced pooled selection with a single verified title-matched model; shared carousel and full-image controls.","false","","PASS","200","Representative browser checks recorded separately","PASS","","NOT DEPLOYED / UNVERIFIED"
"page","/service-areas/delaware/central-delaware/","Central Delaware, Delaware Workforce Camp Laundry Temporary Facilities Long-Term Rental","true","laundry-unspecified","","/media/equipment-drive/laundry-trailers-and-containers/30ft-laundry-trailer-10-washer-dryer/mobile-laundry-trailer-commercial-washers-dryers.png | /media/equipment-drive/laundry-trailers-and-containers/20ft-laundry-container/Laundry Container 7 units 1.png | /media/equipment-drive/laundry-trailers-and-containers/20ft-laundry-container/Laundry Container 7 units 2.png | /media/equipment-drive/laundry-trailers-and-containers/20ft-laundry-container/Laundry Container 7units.png","4","0","Previous laundry gallery mixed trailer and container form factors.","Replaced pooled selection with a single verified title-matched model; shared carousel and full-image controls.","false","","PASS","200","Representative browser checks recorded separately","PASS","","NOT DEPLOYED / UNVERIFIED"
"page","/service-areas/delaware/central-delaware/cities/","Central Delaware, Delaware Facility Rental Locations","false","unspecified","","","0","0","","Restored original navigation layout; no photo section is intended or missing.","false","","PASS","200","Representative browser checks recorded separately","PASS","","NOT DEPLOYED / UNVERIFIED"
"page","/service-areas/delaware/delaware-beaches/","Delaware Beaches, Delaware Construction Project Kitchen Emergency Trailer Rental","true","mobile-kitchen","model-12","/media/equipment-drive/mobile-kitchens/24ft-mobile-kitchen/portable-commercial-kitchen-trailer-interior.png | /media/equipment-drive/mobile-kitchens/24ft-mobile-kitchen/mobile-commercial-kitchen-entry-view.png | /media/equipment-drive/mobile-kitchens/24ft-mobile-kitchen/mobile-kitchen-trailer-prep-counter.png | /media/equipment-drive/mobile-kitchens/24ft-mobile-kitchen/commercial-six-burner-gas-range.png | /media/equipment-drive/mobile-kitchens/24ft-mobile-kitchen/mobile-kitchen-trailer-exterior-service-window.png","4","1","Previous gallery pooled standard, bulk and combination kitchens of different sizes.","Replaced pooled selection with a single verified title-matched model; shared carousel and full-image controls.","false","","PASS","200","Representative browser checks recorded separately","PASS","","NOT DEPLOYED / UNVERIFIED"
"page","/service-areas/delaware/delaware-beaches/cities/","Delaware Beaches, Delaware Facility Rental Locations","false","unspecified","","","0","0","","Restored original navigation layout; no photo section is intended or missing.","false","","PASS","200","Representative browser checks recorded separately","PASS","","NOT DEPLOYED / UNVERIFIED"
"page","/service-areas/delaware/northern-delaware/","Northern Delaware, Delaware Accessible Commercial Site ADA Shower and Restroom Combination Trailer Leasing","true","ada-combination","client-labelled-ada-reference","/images/catalog/restroom-trailers-960.webp","0","1","Previous gallery used non-ADA combination units for an ADA title.","Replaced pooled selection with a single verified title-matched model; shared carousel and full-image controls.","false","","PASS","200","Representative browser checks recorded separately","PASS","","NOT DEPLOYED / UNVERIFIED"
"page","/service-areas/delaware/northern-delaware/cities/","Northern Delaware, Delaware Facility Rental Locations","false","unspecified","","","0","0","","Restored original navigation layout; no photo section is intended or missing.","false","","PASS","200","Representative browser checks recorded separately","PASS","","NOT DEPLOYED / UNVERIFIED"
"page","/service-areas/florida/","Florida Workforce Housing Sleeper Bunk-Bed Facility Leasing","true","sleeper-trailer","april-two-stall-sleeper","/media/equipment-drive/sleeper-and-accommodation/sleeper-trailer-2-stalls/sleeper-trailer-2-stall-bunk-bed-interior.png | /media/equipment-drive/sleeper-and-accommodation/sleeper-trailer-2-stalls/sleeper-trailer-2-stall-sleeping-room.png","2","0","Previous multi-image sleeper gallery lacked reliable image-to-configuration association.","Replaced pooled selection with a single verified title-matched model; shared carousel and full-image controls.","false","","PASS","200","Representative browser checks recorded separately","PASS","","NOT DEPLOYED / UNVERIFIED"
"page","/service-areas/florida/central-florida/","Central Florida, Florida Emergency Basecamp Shower Trailer Rental","true","shower-trailer","model-21","/media/equipment-drive/shower-trailers/20-ft-shower-trailer-5-stalls-with-handwashing-sink/mobile-shower-trailer-wash-station.png | /media/equipment-drive/shower-trailers/20-ft-shower-trailer-5-stalls-with-handwashing-sink/multi-station-shower-trailer-exterior.png | /media/equipment-drive/shower-trailers/20-ft-shower-trailer-5-stalls-with-handwashing-sink/private-shower-trailer-stall-interior.png | /media/equipment-drive/shower-trailers/20-ft-shower-trailer-5-stalls-with-handwashing-sink/shower-trailer-exterior-with-private-shower-stall.png | /media/equipment-drive/shower-trailers/20-ft-shower-trailer-5-stalls-with-handwashing-sink/shower-trailer-rear-exterior-view.png | /media/equipment-drive/shower-trailers/20-ft-shower-trailer-5-stalls-with-handwashing-sink/shower-trailer-sink-and-mirror-area.png","1","5","Previous shower gallery mixed shower containers with shower trailers.","Replaced pooled selection with a single verified title-matched model; shared carousel and full-image controls.","false","","PASS","200","Representative browser checks recorded separately","PASS","","NOT DEPLOYED / UNVERIFIED"
"page","/service-areas/florida/central-florida/cities/","Central Florida, Florida Facility Rental Locations","false","unspecified","","","0","0","","Restored original navigation layout; no photo section is intended or missing.","false","","PASS","200","Representative browser checks recorded separately","PASS","","NOT DEPLOYED / UNVERIFIED"
"page","/service-areas/florida/florida-keys/","Florida Keys, Florida Accessible Commercial Site ADA Shower and Restroom Combination Trailer Leasing","true","ada-combination","client-labelled-ada-reference","/images/catalog/restroom-trailers-960.webp","0","1","Previous gallery used non-ADA combination units for an ADA title.","Replaced pooled selection with a single verified title-matched model; shared carousel and full-image controls.","false","","PASS","200","Representative browser checks recorded separately","PASS","","NOT DEPLOYED / UNVERIFIED"
"page","/service-areas/florida/florida-keys/cities/","Florida Keys, Florida Facility Rental Locations","false","unspecified","","","0","0","","Restored original navigation layout; no photo section is intended or missing.","false","","PASS","200","Representative browser checks recorded separately","PASS","","NOT DEPLOYED / UNVERIFIED"
"page","/service-areas/florida/north-florida/","North Florida, Florida Remote Operations Man Camp Temporary Facilities Rental","true","unspecified","","/media/equipment-drive/sleeper-and-accommodation/20ft-accommodation-contractor/20ft-accommodation-unit-bunk-bed-interior.png | /media/equipment-drive/sleeper-and-accommodation/20ft-accommodation-contractor/20ft-mobile-accommodation-bunk-room-interior.png | /media/equipment-drive/sleeper-and-accommodation/20ft-accommodation-contractor/20ft-accommodation-unit-exterior-side-view.png | /media/equipment-drive/sleeper-and-accommodation/20ft-accommodation-contractor/20ft-portable-accommodation-unit-base-camp.png | /media/equipment-drive/mobile-kitchens/24ft-mobile-kitchen/portable-commercial-kitchen-trailer-interior.png | /media/equipment-drive/mobile-kitchens/24ft-mobile-kitchen/mobile-commercial-kitchen-entry-view.png | /media/equipment-drive/mobile-kitchens/24ft-mobile-kitchen/mobile-kitchen-trailer-prep-counter.png | /media/equipment-drive/mobile-kitchens/24ft-mobile-kitchen/commercial-six-burner-gas-range.png | /media/equipment-drive/mobile-kitchens/24ft-mobile-kitchen/mobile-kitchen-trailer-exterior-service-window.png | /media/equipment-drive/shower-trailers/20-ft-shower-trailer-5-stalls-with-handwashing-sink/mobile-shower-trailer-wash-station.png | /media/equipment-drive/shower-trailers/20-ft-shower-trailer-5-stalls-with-handwashing-sink/multi-station-shower-trailer-exterior.png | /media/equipment-drive/shower-trailers/20-ft-shower-trailer-5-stalls-with-handwashing-sink/private-shower-trailer-stall-interior.png | /media/equipment-drive/shower-trailers/20-ft-shower-trailer-5-stalls-with-handwashing-sink/shower-trailer-exterior-with-private-shower-stall.png | /media/equipment-drive/shower-trailers/20-ft-shower-trailer-5-stalls-with-handwashing-sink/shower-trailer-rear-exterior-view.png | /media/equipment-drive/shower-trailers/20-ft-shower-trailer-5-stalls-with-handwashing-sink/shower-trailer-sink-and-mirror-area.png","7","8","Previous fallback displayed mixed equipment despite an unspecified title.","Replaced pooled selection with a single verified title-matched model; shared carousel and full-image controls.","false","","PASS","200","Representative browser checks recorded separately","PASS","","NOT DEPLOYED / UNVERIFIED"
"page","/service-areas/florida/north-florida/cities/","North Florida, Florida Facility Rental Locations","false","unspecified","","","0","0","","Restored original navigation layout; no photo section is intended or missing.","false","","PASS","200","Representative browser checks recorded separately","PASS","","NOT DEPLOYED / UNVERIFIED"
"page","/service-areas/florida/panhandle/","Panhandle, Florida Workforce Housing Sleeper Bunk-Bed Facility Leasing","true","sleeper-trailer","april-two-stall-sleeper","/media/equipment-drive/sleeper-and-accommodation/sleeper-trailer-2-stalls/sleeper-trailer-2-stall-bunk-bed-interior.png | /media/equipment-drive/sleeper-and-accommodation/sleeper-trailer-2-stalls/sleeper-trailer-2-stall-sleeping-room.png","2","0","Previous multi-image sleeper gallery lacked reliable image-to-configuration association.","Replaced pooled selection with a single verified title-matched model; shared carousel and full-image controls.","false","","PASS","200","Representative browser checks recorded separately","PASS","","NOT DEPLOYED / UNVERIFIED"
"page","/service-areas/florida/panhandle/cities/","Panhandle, Florida Facility Rental Locations","false","unspecified","","","0","0","","Restored original navigation layout; no photo section is intended or missing.","false","","PASS","200","Representative browser checks recorded separately","PASS","","NOT DEPLOYED / UNVERIFIED"
"page","/service-areas/florida/south-florida/","South Florida, Florida Institutional Facility Shower and Restroom Combination Trailer For Rent","true","shower-restroom-combination","model-10","/media/equipment-drive/luxury-shower-restroom-combination-trailers/22ft-luxury-shower-restroom-combination-trailer-6-stalls/luxury-6-stall-shower-restroom-trailer-entry-steps.png | /media/equipment-drive/luxury-shower-restroom-combination-trailers/22ft-luxury-shower-restroom-combination-trailer-6-stalls/luxury-shower-restroom-trailer-sink-vanity-interior.png | /media/equipment-drive/luxury-shower-restroom-combination-trailers/22ft-luxury-shower-restroom-combination-trailer-6-stalls/22ft-6-stall-shower-restroom-trailer-exterior.png | /media/equipment-drive/luxury-shower-restroom-combination-trailers/22ft-luxury-shower-restroom-combination-trailer-6-stalls/22ft-luxury-shower-restroom-combination-trailer-6-stall-exterior.png | /media/equipment-drive/luxury-shower-restroom-combination-trailers/22ft-luxury-shower-restroom-combination-trailer-6-stalls/luxury-shower-restroom-trailer-private-shower-stall.png","2","3","Previous gallery combined different sizes/stall configurations.","Replaced pooled selection with a single verified title-matched model; shared carousel and full-image controls.","false","","PASS","200","Representative browser checks recorded separately","PASS","","NOT DEPLOYED / UNVERIFIED"
"page","/service-areas/florida/south-florida/cities/","South Florida, Florida Facility Rental Locations","false","unspecified","","","0","0","","Restored original navigation layout; no photo section is intended or missing.","false","","PASS","200","Representative browser checks recorded separately","PASS","","NOT DEPLOYED / UNVERIFIED"
"page","/service-areas/georgia/","Georgia Remote Operations Man Camp Temporary Facilities Rental","true","unspecified","","/media/equipment-drive/sleeper-and-accommodation/20ft-accommodation-contractor/20ft-accommodation-unit-bunk-bed-interior.png | /media/equipment-drive/sleeper-and-accommodation/20ft-accommodation-contractor/20ft-mobile-accommodation-bunk-room-interior.png | /media/equipment-drive/sleeper-and-accommodation/20ft-accommodation-contractor/20ft-accommodation-unit-exterior-side-view.png | /media/equipment-drive/sleeper-and-accommodation/20ft-accommodation-contractor/20ft-portable-accommodation-unit-base-camp.png | /media/equipment-drive/mobile-kitchens/24ft-mobile-kitchen/portable-commercial-kitchen-trailer-interior.png | /media/equipment-drive/mobile-kitchens/24ft-mobile-kitchen/mobile-commercial-kitchen-entry-view.png | /media/equipment-drive/mobile-kitchens/24ft-mobile-kitchen/mobile-kitchen-trailer-prep-counter.png | /media/equipment-drive/mobile-kitchens/24ft-mobile-kitchen/commercial-six-burner-gas-range.png | /media/equipment-drive/mobile-kitchens/24ft-mobile-kitchen/mobile-kitchen-trailer-exterior-service-window.png | /media/equipment-drive/shower-trailers/20-ft-shower-trailer-5-stalls-with-handwashing-sink/mobile-shower-trailer-wash-station.png | /media/equipment-drive/shower-trailers/20-ft-shower-trailer-5-stalls-with-handwashing-sink/multi-station-shower-trailer-exterior.png | /media/equipment-drive/shower-trailers/20-ft-shower-trailer-5-stalls-with-handwashing-sink/private-shower-trailer-stall-interior.png | /media/equipment-drive/shower-trailers/20-ft-shower-trailer-5-stalls-with-handwashing-sink/shower-trailer-exterior-with-private-shower-stall.png | /media/equipment-drive/shower-trailers/20-ft-shower-trailer-5-stalls-with-handwashing-sink/shower-trailer-rear-exterior-view.png | /media/equipment-drive/shower-trailers/20-ft-shower-trailer-5-stalls-with-handwashing-sink/shower-trailer-sink-and-mirror-area.png","7","8","Previous fallback displayed mixed equipment despite an unspecified title.","Replaced pooled selection with a single verified title-matched model; shared carousel and full-image controls.","false","","PASS","200","Representative browser checks recorded separately","PASS","","NOT DEPLOYED / UNVERIFIED"
"page","/service-areas/georgia/central-georgia/","Central Georgia, Georgia Institutional Facility Shower and Restroom Combination Trailer For Rent","true","shower-restroom-combination","model-10","/media/equipment-drive/luxury-shower-restroom-combination-trailers/22ft-luxury-shower-restroom-combination-trailer-6-stalls/luxury-6-stall-shower-restroom-trailer-entry-steps.png | /media/equipment-drive/luxury-shower-restroom-combination-trailers/22ft-luxury-shower-restroom-combination-trailer-6-stalls/luxury-shower-restroom-trailer-sink-vanity-interior.png | /media/equipment-drive/luxury-shower-restroom-combination-trailers/22ft-luxury-shower-restroom-combination-trailer-6-stalls/22ft-6-stall-shower-restroom-trailer-exterior.png | /media/equipment-drive/luxury-shower-restroom-combination-trailers/22ft-luxury-shower-restroom-combination-trailer-6-stalls/22ft-luxury-shower-restroom-combination-trailer-6-stall-exterior.png | /media/equipment-drive/luxury-shower-restroom-combination-trailers/22ft-luxury-shower-restroom-combination-trailer-6-stalls/luxury-shower-restroom-trailer-private-shower-stall.png","2","3","Previous gallery combined different sizes/stall configurations.","Replaced pooled selection with a single verified title-matched model; shared carousel and full-image controls.","false","","PASS","200","Representative browser checks recorded separately","PASS","","NOT DEPLOYED / UNVERIFIED"
"page","/service-areas/georgia/central-georgia/cities/","Central Georgia, Georgia Facility Rental Locations","false","unspecified","","","0","0","","Restored original navigation layout; no photo section is intended or missing.","false","","PASS","200","Representative browser checks recorded separately","PASS","","NOT DEPLOYED / UNVERIFIED"
"page","/service-areas/georgia/coastal-georgia/","Coastal Georgia, Georgia Accessible Commercial Site ADA Shower and Restroom Combination Trailer Leasing","true","ada-combination","client-labelled-ada-reference","/images/catalog/restroom-trailers-960.webp","0","1","Previous gallery used non-ADA combination units for an ADA title.","Replaced pooled selection with a single verified title-matched model; shared carousel and full-image controls.","false","","PASS","200","Representative browser checks recorded separately","PASS","","NOT DEPLOYED / UNVERIFIED"
"page","/service-areas/georgia/coastal-georgia/cities/","Coastal Georgia, Georgia Facility Rental Locations","false","unspecified","","","0","0","","Restored original navigation layout; no photo section is intended or missing.","false","","PASS","200","Representative browser checks recorded separately","PASS","","NOT DEPLOYED / UNVERIFIED"
"page","/service-areas/georgia/metro-atlanta/","Metro Atlanta, Georgia Emergency Basecamp Shower Trailer Rental","true","shower-trailer","model-21","/media/equipment-drive/shower-trailers/20-ft-shower-trailer-5-stalls-with-handwashing-sink/mobile-shower-trailer-wash-station.png | /media/equipment-drive/shower-trailers/20-ft-shower-trailer-5-stalls-with-handwashing-sink/multi-station-shower-trailer-exterior.png | /media/equipment-drive/shower-trailers/20-ft-shower-trailer-5-stalls-with-handwashing-sink/private-shower-trailer-stall-interior.png | /media/equipment-drive/shower-trailers/20-ft-shower-trailer-5-stalls-with-handwashing-sink/shower-trailer-exterior-with-private-shower-stall.png | /media/equipment-drive/shower-trailers/20-ft-shower-trailer-5-stalls-with-handwashing-sink/shower-trailer-rear-exterior-view.png | /media/equipment-drive/shower-trailers/20-ft-shower-trailer-5-stalls-with-handwashing-sink/shower-trailer-sink-and-mirror-area.png","1","5","Previous shower gallery mixed shower containers with shower trailers.","Replaced pooled selection with a single verified title-matched model; shared carousel and full-image controls.","false","","PASS","200","Representative browser checks recorded separately","PASS","","NOT DEPLOYED / UNVERIFIED"
"page","/service-areas/georgia/metro-atlanta/cities/","Metro Atlanta, Georgia Facility Rental Locations","false","unspecified","","","0","0","","Restored original navigation layout; no photo section is intended or missing.","false","","PASS","200","Representative browser checks recorded separately","PASS","","NOT DEPLOYED / UNVERIFIED"
"page","/service-areas/georgia/north-georgia/","North Georgia, Georgia Remote Operations Man Camp Temporary Facilities Rental","true","unspecified","","/media/equipment-drive/sleeper-and-accommodation/20ft-accommodation-contractor/20ft-accommodation-unit-bunk-bed-interior.png | /media/equipment-drive/sleeper-and-accommodation/20ft-accommodation-contractor/20ft-mobile-accommodation-bunk-room-interior.png | /media/equipment-drive/sleeper-and-accommodation/20ft-accommodation-contractor/20ft-accommodation-unit-exterior-side-view.png | /media/equipment-drive/sleeper-and-accommodation/20ft-accommodation-contractor/20ft-portable-accommodation-unit-base-camp.png | /media/equipment-drive/mobile-kitchens/24ft-mobile-kitchen/portable-commercial-kitchen-trailer-interior.png | /media/equipment-drive/mobile-kitchens/24ft-mobile-kitchen/mobile-commercial-kitchen-entry-view.png | /media/equipment-drive/mobile-kitchens/24ft-mobile-kitchen/mobile-kitchen-trailer-prep-counter.png | /media/equipment-drive/mobile-kitchens/24ft-mobile-kitchen/commercial-six-burner-gas-range.png | /media/equipment-drive/mobile-kitchens/24ft-mobile-kitchen/mobile-kitchen-trailer-exterior-service-window.png | /media/equipment-drive/shower-trailers/20-ft-shower-trailer-5-stalls-with-handwashing-sink/mobile-shower-trailer-wash-station.png | /media/equipment-drive/shower-trailers/20-ft-shower-trailer-5-stalls-with-handwashing-sink/multi-station-shower-trailer-exterior.png | /media/equipment-drive/shower-trailers/20-ft-shower-trailer-5-stalls-with-handwashing-sink/private-shower-trailer-stall-interior.png | /media/equipment-drive/shower-trailers/20-ft-shower-trailer-5-stalls-with-handwashing-sink/shower-trailer-exterior-with-private-shower-stall.png | /media/equipment-drive/shower-trailers/20-ft-shower-trailer-5-stalls-with-handwashing-sink/shower-trailer-rear-exterior-view.png | /media/equipment-drive/shower-trailers/20-ft-shower-trailer-5-stalls-with-handwashing-sink/shower-trailer-sink-and-mirror-area.png","7","8","Previous fallback displayed mixed equipment despite an unspecified title.","Replaced pooled selection with a single verified title-matched model; shared carousel and full-image controls.","false","","PASS","200","Representative browser checks recorded separately","PASS","","NOT DEPLOYED / UNVERIFIED"
"page","/service-areas/georgia/north-georgia/cities/","North Georgia, Georgia Facility Rental Locations","false","unspecified","","","0","0","","Restored original navigation layout; no photo section is intended or missing.","false","","PASS","200","Representative browser checks recorded separately","PASS","","NOT DEPLOYED / UNVERIFIED"
"page","/service-areas/georgia/south-georgia/","South Georgia, Georgia Workforce Camp Laundry Temporary Facilities Long-Term Rental","true","laundry-unspecified","","/media/equipment-drive/laundry-trailers-and-containers/30ft-laundry-trailer-10-washer-dryer/mobile-laundry-trailer-commercial-washers-dryers.png | /media/equipment-drive/laundry-trailers-and-containers/20ft-laundry-container/Laundry Container 7 units 1.png | /media/equipment-drive/laundry-trailers-and-containers/20ft-laundry-container/Laundry Container 7 units 2.png | /media/equipment-drive/laundry-trailers-and-containers/20ft-laundry-container/Laundry Container 7units.png","4","0","Previous laundry gallery mixed trailer and container form factors.","Replaced pooled selection with a single verified title-matched model; shared carousel and full-image controls.","false","","PASS","200","Representative browser checks recorded separately","PASS","","NOT DEPLOYED / UNVERIFIED"
"page","/service-areas/georgia/south-georgia/cities/","South Georgia, Georgia Facility Rental Locations","false","unspecified","","","0","0","","Restored original navigation layout; no photo section is intended or missing.","false","","PASS","200","Representative browser checks recorded separately","PASS","","NOT DEPLOYED / UNVERIFIED"
"page","/service-areas/hawaii/","Hawaii Accessible Commercial Site ADA Shower and Restroom Combination Trailer Leasing","true","ada-combination","client-labelled-ada-reference","/images/catalog/restroom-trailers-960.webp","0","1","Previous gallery used non-ADA combination units for an ADA title.","Replaced pooled selection with a single verified title-matched model; shared carousel and full-image controls.","false","","PASS","200","Representative browser checks recorded separately","PASS","","NOT DEPLOYED / UNVERIFIED"
"page","/service-areas/hawaii/hawaii-island/","Hawaii Island, Hawaii Construction Project Kitchen Emergency Trailer Rental","true","mobile-kitchen","model-12","/media/equipment-drive/mobile-kitchens/24ft-mobile-kitchen/portable-commercial-kitchen-trailer-interior.png | /media/equipment-drive/mobile-kitchens/24ft-mobile-kitchen/mobile-commercial-kitchen-entry-view.png | /media/equipment-drive/mobile-kitchens/24ft-mobile-kitchen/mobile-kitchen-trailer-prep-counter.png | /media/equipment-drive/mobile-kitchens/24ft-mobile-kitchen/commercial-six-burner-gas-range.png | /media/equipment-drive/mobile-kitchens/24ft-mobile-kitchen/mobile-kitchen-trailer-exterior-service-window.png","4","1","Previous gallery pooled standard, bulk and combination kitchens of different sizes.","Replaced pooled selection with a single verified title-matched model; shared carousel and full-image controls.","false","","PASS","200","Representative browser checks recorded separately","PASS","","NOT DEPLOYED / UNVERIFIED"
"page","/service-areas/hawaii/hawaii-island/cities/","Hawaii Island, Hawaii Facility Rental Locations","false","unspecified","","","0","0","","Restored original navigation layout; no photo section is intended or missing.","false","","PASS","200","Representative browser checks recorded separately","PASS","","NOT DEPLOYED / UNVERIFIED"
"page","/service-areas/hawaii/kauai/","Kauai, Hawaii Commercial Food Service Commercial Kitchen Modular Building For Rent","true","kitchen-modular","","","0","0","Previous gallery supplied kitchen trailers for a modular-building title.","Removed unsafe/ambiguous fallback, or added explicit verified-photography pending state.","true","No matching verified photography exists for the title's equipment/configuration.","PASS","200","Representative browser checks recorded separately","PASS","","NOT DEPLOYED / UNVERIFIED"
"page","/service-areas/hawaii/kauai/cities/","Kauai, Hawaii Facility Rental Locations","false","unspecified","","","0","0","","Restored original navigation layout; no photo section is intended or missing.","false","","PASS","200","Representative browser checks recorded separately","PASS","","NOT DEPLOYED / UNVERIFIED"
"page","/service-areas/hawaii/maui-county/","Maui County, Hawaii Workforce Camp Laundry Temporary Facilities Long-Term Rental","true","laundry-unspecified","","/media/equipment-drive/laundry-trailers-and-containers/30ft-laundry-trailer-10-washer-dryer/mobile-laundry-trailer-commercial-washers-dryers.png | /media/equipment-drive/laundry-trailers-and-containers/20ft-laundry-container/Laundry Container 7 units 1.png | /media/equipment-drive/laundry-trailers-and-containers/20ft-laundry-container/Laundry Container 7 units 2.png | /media/equipment-drive/laundry-trailers-and-containers/20ft-laundry-container/Laundry Container 7units.png","4","0","Previous laundry gallery mixed trailer and container form factors.","Replaced pooled selection with a single verified title-matched model; shared carousel and full-image controls.","false","","PASS","200","Representative browser checks recorded separately","PASS","","NOT DEPLOYED / UNVERIFIED"
"page","/service-areas/hawaii/maui-county/cities/","Maui County, Hawaii Facility Rental Locations","false","unspecified","","","0","0","","Restored original navigation layout; no photo section is intended or missing.","false","","PASS","200","Representative browser checks recorded separately","PASS","","NOT DEPLOYED / UNVERIFIED"
"page","/service-areas/hawaii/oahu/","Oahu, Hawaii Accessible Commercial Site ADA Shower and Restroom Combination Trailer Leasing","true","ada-combination","client-labelled-ada-reference","/images/catalog/restroom-trailers-960.webp","0","1","Previous gallery used non-ADA combination units for an ADA title.","Replaced pooled selection with a single verified title-matched model; shared carousel and full-image controls.","false","","PASS","200","Representative browser checks recorded separately","PASS","","NOT DEPLOYED / UNVERIFIED"
"page","/service-areas/hawaii/oahu/cities/","Oahu, Hawaii Facility Rental Locations","false","unspecified","","","0","0","","Restored original navigation layout; no photo section is intended or missing.","false","","PASS","200","Representative browser checks recorded separately","PASS","","NOT DEPLOYED / UNVERIFIED"
"page","/service-areas/idaho/","Idaho Workforce Housing Sleeper Bunk-Bed Facility Leasing","true","sleeper-trailer","april-two-stall-sleeper","/media/equipment-drive/sleeper-and-accommodation/sleeper-trailer-2-stalls/sleeper-trailer-2-stall-bunk-bed-interior.png | /media/equipment-drive/sleeper-and-accommodation/sleeper-trailer-2-stalls/sleeper-trailer-2-stall-sleeping-room.png","2","0","Previous multi-image sleeper gallery lacked reliable image-to-configuration association.","Replaced pooled selection with a single verified title-matched model; shared carousel and full-image controls.","false","","PASS","200","Representative browser checks recorded separately","PASS","","NOT DEPLOYED / UNVERIFIED"
"page","/service-areas/idaho/central-mountains/","Central Mountains, Idaho Emergency Basecamp Shower Trailer Rental","true","shower-trailer","model-21","/media/equipment-drive/shower-trailers/20-ft-shower-trailer-5-stalls-with-handwashing-sink/mobile-shower-trailer-wash-station.png | /media/equipment-drive/shower-trailers/20-ft-shower-trailer-5-stalls-with-handwashing-sink/multi-station-shower-trailer-exterior.png | /media/equipment-drive/shower-trailers/20-ft-shower-trailer-5-stalls-with-handwashing-sink/private-shower-trailer-stall-interior.png | /media/equipment-drive/shower-trailers/20-ft-shower-trailer-5-stalls-with-handwashing-sink/shower-trailer-exterior-with-private-shower-stall.png | /media/equipment-drive/shower-trailers/20-ft-shower-trailer-5-stalls-with-handwashing-sink/shower-trailer-rear-exterior-view.png | /media/equipment-drive/shower-trailers/20-ft-shower-trailer-5-stalls-with-handwashing-sink/shower-trailer-sink-and-mirror-area.png","1","5","Previous shower gallery mixed shower containers with shower trailers.","Replaced pooled selection with a single verified title-matched model; shared carousel and full-image controls.","false","","PASS","200","Representative browser checks recorded separately","PASS","","NOT DEPLOYED / UNVERIFIED"
"page","/service-areas/idaho/central-mountains/cities/","Central Mountains, Idaho Facility Rental Locations","false","unspecified","","","0","0","","Restored original navigation layout; no photo section is intended or missing.","false","","PASS","200","Representative browser checks recorded separately","PASS","","NOT DEPLOYED / UNVERIFIED"
"page","/service-areas/idaho/eastern-idaho/","Eastern Idaho, Idaho Institutional Facility Shower and Restroom Combination Trailer For Rent","true","shower-restroom-combination","model-10","/media/equipment-drive/luxury-shower-restroom-combination-trailers/22ft-luxury-shower-restroom-combination-trailer-6-stalls/luxury-6-stall-shower-restroom-trailer-entry-steps.png | /media/equipment-drive/luxury-shower-restroom-combination-trailers/22ft-luxury-shower-restroom-combination-trailer-6-stalls/luxury-shower-restroom-trailer-sink-vanity-interior.png | /media/equipment-drive/luxury-shower-restroom-combination-trailers/22ft-luxury-shower-restroom-combination-trailer-6-stalls/22ft-6-stall-shower-restroom-trailer-exterior.png | /media/equipment-drive/luxury-shower-restroom-combination-trailers/22ft-luxury-shower-restroom-combination-trailer-6-stalls/22ft-luxury-shower-restroom-combination-trailer-6-stall-exterior.png | /media/equipment-drive/luxury-shower-restroom-combination-trailers/22ft-luxury-shower-restroom-combination-trailer-6-stalls/luxury-shower-restroom-trailer-private-shower-stall.png","2","3","Previous gallery combined different sizes/stall configurations.","Replaced pooled selection with a single verified title-matched model; shared carousel and full-image controls.","false","","PASS","200","Representative browser checks recorded separately","PASS","","NOT DEPLOYED / UNVERIFIED"
"page","/service-areas/idaho/eastern-idaho/cities/","Eastern Idaho, Idaho Facility Rental Locations","false","unspecified","","","0","0","","Restored original navigation layout; no photo section is intended or missing.","false","","PASS","200","Representative browser checks recorded separately","PASS","","NOT DEPLOYED / UNVERIFIED"
"page","/service-areas/idaho/north-idaho/","North Idaho, Idaho Workforce Housing Sleeper Bunk-Bed Facility Leasing","true","sleeper-trailer","april-two-stall-sleeper","/media/equipment-drive/sleeper-and-accommodation/sleeper-trailer-2-stalls/sleeper-trailer-2-stall-bunk-bed-interior.png | /media/equipment-drive/sleeper-and-accommodation/sleeper-trailer-2-stalls/sleeper-trailer-2-stall-sleeping-room.png","2","0","Previous multi-image sleeper gallery lacked reliable image-to-configuration association.","Replaced pooled selection with a single verified title-matched model; shared carousel and full-image controls.","false","","PASS","200","Representative browser checks recorded separately","PASS","","NOT DEPLOYED / UNVERIFIED"
"page","/service-areas/idaho/north-idaho/cities/","North Idaho, Idaho Facility Rental Locations","false","unspecified","","","0","0","","Restored original navigation layout; no photo section is intended or missing.","false","","PASS","200","Representative browser checks recorded separately","PASS","","NOT DEPLOYED / UNVERIFIED"
"page","/service-areas/idaho/southwest-idaho/","Southwest Idaho, Idaho Remote Operations Man Camp Temporary Facilities Rental","true","unspecified","","/media/equipment-drive/sleeper-and-accommodation/20ft-accommodation-contractor/20ft-accommodation-unit-bunk-bed-interior.png | /media/equipment-drive/sleeper-and-accommodation/20ft-accommodation-contractor/20ft-mobile-accommodation-bunk-room-interior.png | /media/equipment-drive/sleeper-and-accommodation/20ft-accommodation-contractor/20ft-accommodation-unit-exterior-side-view.png | /media/equipment-drive/sleeper-and-accommodation/20ft-accommodation-contractor/20ft-portable-accommodation-unit-base-camp.png | /media/equipment-drive/mobile-kitchens/24ft-mobile-kitchen/portable-commercial-kitchen-trailer-interior.png | /media/equipment-drive/mobile-kitchens/24ft-mobile-kitchen/mobile-commercial-kitchen-entry-view.png | /media/equipment-drive/mobile-kitchens/24ft-mobile-kitchen/mobile-kitchen-trailer-prep-counter.png | /media/equipment-drive/mobile-kitchens/24ft-mobile-kitchen/commercial-six-burner-gas-range.png | /media/equipment-drive/mobile-kitchens/24ft-mobile-kitchen/mobile-kitchen-trailer-exterior-service-window.png | /media/equipment-drive/shower-trailers/20-ft-shower-trailer-5-stalls-with-handwashing-sink/mobile-shower-trailer-wash-station.png | /media/equipment-drive/shower-trailers/20-ft-shower-trailer-5-stalls-with-handwashing-sink/multi-station-shower-trailer-exterior.png | /media/equipment-drive/shower-trailers/20-ft-shower-trailer-5-stalls-with-handwashing-sink/private-shower-trailer-stall-interior.png | /media/equipment-drive/shower-trailers/20-ft-shower-trailer-5-stalls-with-handwashing-sink/shower-trailer-exterior-with-private-shower-stall.png | /media/equipment-drive/shower-trailers/20-ft-shower-trailer-5-stalls-with-handwashing-sink/shower-trailer-rear-exterior-view.png | /media/equipment-drive/shower-trailers/20-ft-shower-trailer-5-stalls-with-handwashing-sink/shower-trailer-sink-and-mirror-area.png","7","8","Previous fallback displayed mixed equipment despite an unspecified title.","Replaced pooled selection with a single verified title-matched model; shared carousel and full-image controls.","false","","PASS","200","Representative browser checks recorded separately","PASS","","NOT DEPLOYED / UNVERIFIED"
"page","/service-areas/idaho/southwest-idaho/cities/","Southwest Idaho, Idaho Facility Rental Locations","false","unspecified","","","0","0","","Restored original navigation layout; no photo section is intended or missing.","false","","PASS","200","Representative browser checks recorded separately","PASS","","NOT DEPLOYED / UNVERIFIED"
"page","/service-areas/illinois/","Illinois Accessible Commercial Site ADA Shower and Restroom Combination Trailer Leasing","true","ada-combination","client-labelled-ada-reference","/images/catalog/restroom-trailers-960.webp","0","1","Previous gallery used non-ADA combination units for an ADA title.","Replaced pooled selection with a single verified title-matched model; shared carousel and full-image controls.","false","","PASS","200","Representative browser checks recorded separately","PASS","","NOT DEPLOYED / UNVERIFIED"
"page","/service-areas/illinois/central-illinois/","Central Illinois, Illinois Construction Project Kitchen Emergency Trailer Rental","true","mobile-kitchen","model-12","/media/equipment-drive/mobile-kitchens/24ft-mobile-kitchen/portable-commercial-kitchen-trailer-interior.png | /media/equipment-drive/mobile-kitchens/24ft-mobile-kitchen/mobile-commercial-kitchen-entry-view.png | /media/equipment-drive/mobile-kitchens/24ft-mobile-kitchen/mobile-kitchen-trailer-prep-counter.png | /media/equipment-drive/mobile-kitchens/24ft-mobile-kitchen/commercial-six-burner-gas-range.png | /media/equipment-drive/mobile-kitchens/24ft-mobile-kitchen/mobile-kitchen-trailer-exterior-service-window.png","4","1","Previous gallery pooled standard, bulk and combination kitchens of different sizes.","Replaced pooled selection with a single verified title-matched model; shared carousel and full-image controls.","false","","PASS","200","Representative browser checks recorded separately","PASS","","NOT DEPLOYED / UNVERIFIED"
"page","/service-areas/illinois/central-illinois/cities/","Central Illinois, Illinois Facility Rental Locations","false","unspecified","","","0","0","","Restored original navigation layout; no photo section is intended or missing.","false","","PASS","200","Representative browser checks recorded separately","PASS","","NOT DEPLOYED / UNVERIFIED"
"page","/service-areas/illinois/chicago-area/","Chicago area, Illinois Accessible Commercial Site ADA Shower and Restroom Combination Trailer Leasing","true","ada-combination","client-labelled-ada-reference","/images/catalog/restroom-trailers-960.webp","0","1","Previous gallery used non-ADA combination units for an ADA title.","Replaced pooled selection with a single verified title-matched model; shared carousel and full-image controls.","false","","PASS","200","Representative browser checks recorded separately","PASS","","NOT DEPLOYED / UNVERIFIED"
"page","/service-areas/illinois/chicago-area/cities/","Chicago area, Illinois Facility Rental Locations","false","unspecified","","","0","0","","Restored original navigation layout; no photo section is intended or missing.","false","","PASS","200","Representative browser checks recorded separately","PASS","","NOT DEPLOYED / UNVERIFIED"
"page","/service-areas/illinois/northern-illinois/","Northern Illinois, Illinois Workforce Camp Laundry Temporary Facilities Long-Term Rental","true","laundry-unspecified","","/media/equipment-drive/laundry-trailers-and-containers/30ft-laundry-trailer-10-washer-dryer/mobile-laundry-trailer-commercial-washers-dryers.png | /media/equipment-drive/laundry-trailers-and-containers/20ft-laundry-container/Laundry Container 7 units 1.png | /media/equipment-drive/laundry-trailers-and-containers/20ft-laundry-container/Laundry Container 7 units 2.png | /media/equipment-drive/laundry-trailers-and-containers/20ft-laundry-container/Laundry Container 7units.png","4","0","Previous laundry gallery mixed trailer and container form factors.","Replaced pooled selection with a single verified title-matched model; shared carousel and full-image controls.","false","","PASS","200","Representative browser checks recorded separately","PASS","","NOT DEPLOYED / UNVERIFIED"
"page","/service-areas/illinois/northern-illinois/cities/","Northern Illinois, Illinois Facility Rental Locations","false","unspecified","","","0","0","","Restored original navigation layout; no photo section is intended or missing.","false","","PASS","200","Representative browser checks recorded separately","PASS","","NOT DEPLOYED / UNVERIFIED"
"page","/service-areas/illinois/southern-illinois/","Southern Illinois, Illinois Commercial Food Service Commercial Kitchen Modular Building For Rent","true","kitchen-modular","","","0","0","Previous gallery supplied kitchen trailers for a modular-building title.","Removed unsafe/ambiguous fallback, or added explicit verified-photography pending state.","true","No matching verified photography exists for the title's equipment/configuration.","PASS","200","Representative browser checks recorded separately","PASS","","NOT DEPLOYED / UNVERIFIED"
"page","/service-areas/illinois/southern-illinois/cities/","Southern Illinois, Illinois Facility Rental Locations","false","unspecified","","","0","0","","Restored original navigation layout; no photo section is intended or missing.","false","","PASS","200","Representative browser checks recorded separately","PASS","","NOT DEPLOYED / UNVERIFIED"
"page","/service-areas/indiana/","Indiana Workforce Camp Laundry Temporary Facilities Long-Term Rental","true","laundry-unspecified","","/media/equipment-drive/laundry-trailers-and-containers/30ft-laundry-trailer-10-washer-dryer/mobile-laundry-trailer-commercial-washers-dryers.png | /media/equipment-drive/laundry-trailers-and-containers/20ft-laundry-container/Laundry Container 7 units 1.png | /media/equipment-drive/laundry-trailers-and-containers/20ft-laundry-container/Laundry Container 7 units 2.png | /media/equipment-drive/laundry-trailers-and-containers/20ft-laundry-container/Laundry Container 7units.png","4","0","Previous laundry gallery mixed trailer and container form factors.","Replaced pooled selection with a single verified title-matched model; shared carousel and full-image controls.","false","","PASS","200","Representative browser checks recorded separately","PASS","","NOT DEPLOYED / UNVERIFIED"
"page","/service-areas/indiana/central-indiana/","Central Indiana, Indiana Construction Project Kitchen Emergency Trailer Rental","true","mobile-kitchen","model-12","/media/equipment-drive/mobile-kitchens/24ft-mobile-kitchen/portable-commercial-kitchen-trailer-interior.png | /media/equipment-drive/mobile-kitchens/24ft-mobile-kitchen/mobile-commercial-kitchen-entry-view.png | /media/equipment-drive/mobile-kitchens/24ft-mobile-kitchen/mobile-kitchen-trailer-prep-counter.png | /media/equipment-drive/mobile-kitchens/24ft-mobile-kitchen/commercial-six-burner-gas-range.png | /media/equipment-drive/mobile-kitchens/24ft-mobile-kitchen/mobile-kitchen-trailer-exterior-service-window.png","4","1","Previous gallery pooled standard, bulk and combination kitchens of different sizes.","Replaced pooled selection with a single verified title-matched model; shared carousel and full-image controls.","false","","PASS","200","Representative browser checks recorded separately","PASS","","NOT DEPLOYED / UNVERIFIED"
"page","/service-areas/indiana/central-indiana/cities/","Central Indiana, Indiana Facility Rental Locations","false","unspecified","","","0","0","","Restored original navigation layout; no photo section is intended or missing.","false","","PASS","200","Representative browser checks recorded separately","PASS","","NOT DEPLOYED / UNVERIFIED"
"page","/service-areas/indiana/northern-indiana/","Northern Indiana, Indiana Workforce Camp Laundry Temporary Facilities Long-Term Rental","true","laundry-unspecified","","/media/equipment-drive/laundry-trailers-and-containers/30ft-laundry-trailer-10-washer-dryer/mobile-laundry-trailer-commercial-washers-dryers.png | /media/equipment-drive/laundry-trailers-and-containers/20ft-laundry-container/Laundry Container 7 units 1.png | /media/equipment-drive/laundry-trailers-and-containers/20ft-laundry-container/Laundry Container 7 units 2.png | /media/equipment-drive/laundry-trailers-and-containers/20ft-laundry-container/Laundry Container 7units.png","4","0","Previous laundry gallery mixed trailer and container form factors.","Replaced pooled selection with a single verified title-matched model; shared carousel and full-image controls.","false","","PASS","200","Representative browser checks recorded separately","PASS","","NOT DEPLOYED / UNVERIFIED"
"page","/service-areas/indiana/northern-indiana/cities/","Northern Indiana, Indiana Facility Rental Locations","false","unspecified","","","0","0","","Restored original navigation layout; no photo section is intended or missing.","false","","PASS","200","Representative browser checks recorded separately","PASS","","NOT DEPLOYED / UNVERIFIED"
"page","/service-areas/indiana/southern-indiana/","Southern Indiana, Indiana Commercial Food Service Commercial Kitchen Modular Building For Rent","true","kitchen-modular","","","0","0","Previous gallery supplied kitchen trailers for a modular-building title.","Removed unsafe/ambiguous fallback, or added explicit verified-photography pending state.","true","No matching verified photography exists for the title's equipment/configuration.","PASS","200","Representative browser checks recorded separately","PASS","","NOT DEPLOYED / UNVERIFIED"
"page","/service-areas/indiana/southern-indiana/cities/","Southern Indiana, Indiana Facility Rental Locations","false","unspecified","","","0","0","","Restored original navigation layout; no photo section is intended or missing.","false","","PASS","200","Representative browser checks recorded separately","PASS","","NOT DEPLOYED / UNVERIFIED"
"page","/service-areas/iowa/","Iowa Remote Operations Man Camp Temporary Facilities Rental","true","unspecified","","/media/equipment-drive/sleeper-and-accommodation/20ft-accommodation-contractor/20ft-accommodation-unit-bunk-bed-interior.png | /media/equipment-drive/sleeper-and-accommodation/20ft-accommodation-contractor/20ft-mobile-accommodation-bunk-room-interior.png | /media/equipment-drive/sleeper-and-accommodation/20ft-accommodation-contractor/20ft-accommodation-unit-exterior-side-view.png | /media/equipment-drive/sleeper-and-accommodation/20ft-accommodation-contractor/20ft-portable-accommodation-unit-base-camp.png | /media/equipment-drive/mobile-kitchens/24ft-mobile-kitchen/portable-commercial-kitchen-trailer-interior.png | /media/equipment-drive/mobile-kitchens/24ft-mobile-kitchen/mobile-commercial-kitchen-entry-view.png | /media/equipment-drive/mobile-kitchens/24ft-mobile-kitchen/mobile-kitchen-trailer-prep-counter.png | /media/equipment-drive/mobile-kitchens/24ft-mobile-kitchen/commercial-six-burner-gas-range.png | /media/equipment-drive/mobile-kitchens/24ft-mobile-kitchen/mobile-kitchen-trailer-exterior-service-window.png | /media/equipment-drive/shower-trailers/20-ft-shower-trailer-5-stalls-with-handwashing-sink/mobile-shower-trailer-wash-station.png | /media/equipment-drive/shower-trailers/20-ft-shower-trailer-5-stalls-with-handwashing-sink/multi-station-shower-trailer-exterior.png | /media/equipment-drive/shower-trailers/20-ft-shower-trailer-5-stalls-with-handwashing-sink/private-shower-trailer-stall-interior.png | /media/equipment-drive/shower-trailers/20-ft-shower-trailer-5-stalls-with-handwashing-sink/shower-trailer-exterior-with-private-shower-stall.png | /media/equipment-drive/shower-trailers/20-ft-shower-trailer-5-stalls-with-handwashing-sink/shower-trailer-rear-exterior-view.png | /media/equipment-drive/shower-trailers/20-ft-shower-trailer-5-stalls-with-handwashing-sink/shower-trailer-sink-and-mirror-area.png","7","8","Previous fallback displayed mixed equipment despite an unspecified title.","Replaced pooled selection with a single verified title-matched model; shared carousel and full-image controls.","false","","PASS","200","Representative browser checks recorded separately","PASS","","NOT DEPLOYED / UNVERIFIED"
"page","/service-areas/iowa/central-iowa/","Central Iowa, Iowa Emergency Basecamp Shower Trailer Rental","true","shower-trailer","model-21","/media/equipment-drive/shower-trailers/20-ft-shower-trailer-5-stalls-with-handwashing-sink/mobile-shower-trailer-wash-station.png | /media/equipment-drive/shower-trailers/20-ft-shower-trailer-5-stalls-with-handwashing-sink/multi-station-shower-trailer-exterior.png | /media/equipment-drive/shower-trailers/20-ft-shower-trailer-5-stalls-with-handwashing-sink/private-shower-trailer-stall-interior.png | /media/equipment-drive/shower-trailers/20-ft-shower-trailer-5-stalls-with-handwashing-sink/shower-trailer-exterior-with-private-shower-stall.png | /media/equipment-drive/shower-trailers/20-ft-shower-trailer-5-stalls-with-handwashing-sink/shower-trailer-rear-exterior-view.png | /media/equipment-drive/shower-trailers/20-ft-shower-trailer-5-stalls-with-handwashing-sink/shower-trailer-sink-and-mirror-area.png","1","5","Previous shower gallery mixed shower containers with shower trailers.","Replaced pooled selection with a single verified title-matched model; shared carousel and full-image controls.","false","","PASS","200","Representative browser checks recorded separately","PASS","","NOT DEPLOYED / UNVERIFIED"
"page","/service-areas/iowa/central-iowa/cities/","Central Iowa, Iowa Facility Rental Locations","false","unspecified","","","0","0","","Restored original navigation layout; no photo section is intended or missing.","false","","PASS","200","Representative browser checks recorded separately","PASS","","NOT DEPLOYED / UNVERIFIED"
"page","/service-areas/iowa/northeast-iowa/","Northeast Iowa, Iowa Institutional Facility Shower and Restroom Combination Trailer For Rent","true","shower-restroom-combination","model-10","/media/equipment-drive/luxury-shower-restroom-combination-trailers/22ft-luxury-shower-restroom-combination-trailer-6-stalls/luxury-6-stall-shower-restroom-trailer-entry-steps.png | /media/equipment-drive/luxury-shower-restroom-combination-trailers/22ft-luxury-shower-restroom-combination-trailer-6-stalls/luxury-shower-restroom-trailer-sink-vanity-interior.png | /media/equipment-drive/luxury-shower-restroom-combination-trailers/22ft-luxury-shower-restroom-combination-trailer-6-stalls/22ft-6-stall-shower-restroom-trailer-exterior.png | /media/equipment-drive/luxury-shower-restroom-combination-trailers/22ft-luxury-shower-restroom-combination-trailer-6-stalls/22ft-luxury-shower-restroom-combination-trailer-6-stall-exterior.png | /media/equipment-drive/luxury-shower-restroom-combination-trailers/22ft-luxury-shower-restroom-combination-trailer-6-stalls/luxury-shower-restroom-trailer-private-shower-stall.png","2","3","Previous gallery combined different sizes/stall configurations.","Replaced pooled selection with a single verified title-matched model; shared carousel and full-image controls.","false","","PASS","200","Representative browser checks recorded separately","PASS","","NOT DEPLOYED / UNVERIFIED"
"page","/service-areas/iowa/northeast-iowa/cities/","Northeast Iowa, Iowa Facility Rental Locations","false","unspecified","","","0","0","","Restored original navigation layout; no photo section is intended or missing.","false","","PASS","200","Representative browser checks recorded separately","PASS","","NOT DEPLOYED / UNVERIFIED"
"page","/service-areas/iowa/northwest-iowa/","Northwest Iowa, Iowa Remote Operations Man Camp Temporary Facilities Rental","true","unspecified","","/media/equipment-drive/sleeper-and-accommodation/20ft-accommodation-contractor/20ft-accommodation-unit-bunk-bed-interior.png | /media/equipment-drive/sleeper-and-accommodation/20ft-accommodation-contractor/20ft-mobile-accommodation-bunk-room-interior.png | /media/equipment-drive/sleeper-and-accommodation/20ft-accommodation-contractor/20ft-accommodation-unit-exterior-side-view.png | /media/equipment-drive/sleeper-and-accommodation/20ft-accommodation-contractor/20ft-portable-accommodation-unit-base-camp.png | /media/equipment-drive/mobile-kitchens/24ft-mobile-kitchen/portable-commercial-kitchen-trailer-interior.png | /media/equipment-drive/mobile-kitchens/24ft-mobile-kitchen/mobile-commercial-kitchen-entry-view.png | /media/equipment-drive/mobile-kitchens/24ft-mobile-kitchen/mobile-kitchen-trailer-prep-counter.png | /media/equipment-drive/mobile-kitchens/24ft-mobile-kitchen/commercial-six-burner-gas-range.png | /media/equipment-drive/mobile-kitchens/24ft-mobile-kitchen/mobile-kitchen-trailer-exterior-service-window.png | /media/equipment-drive/shower-trailers/20-ft-shower-trailer-5-stalls-with-handwashing-sink/mobile-shower-trailer-wash-station.png | /media/equipment-drive/shower-trailers/20-ft-shower-trailer-5-stalls-with-handwashing-sink/multi-station-shower-trailer-exterior.png | /media/equipment-drive/shower-trailers/20-ft-shower-trailer-5-stalls-with-handwashing-sink/private-shower-trailer-stall-interior.png | /media/equipment-drive/shower-trailers/20-ft-shower-trailer-5-stalls-with-handwashing-sink/shower-trailer-exterior-with-private-shower-stall.png | /media/equipment-drive/shower-trailers/20-ft-shower-trailer-5-stalls-with-handwashing-sink/shower-trailer-rear-exterior-view.png | /media/equipment-drive/shower-trailers/20-ft-shower-trailer-5-stalls-with-handwashing-sink/shower-trailer-sink-and-mirror-area.png","7","8","Previous fallback displayed mixed equipment despite an unspecified title.","Replaced pooled selection with a single verified title-matched model; shared carousel and full-image controls.","false","","PASS","200","Representative browser checks recorded separately","PASS","","NOT DEPLOYED / UNVERIFIED"
"page","/service-areas/iowa/northwest-iowa/cities/","Northwest Iowa, Iowa Facility Rental Locations","false","unspecified","","","0","0","","Restored original navigation layout; no photo section is intended or missing.","false","","PASS","200","Representative browser checks recorded separately","PASS","","NOT DEPLOYED / UNVERIFIED"
"page","/service-areas/iowa/southern-iowa/","Southern Iowa, Iowa Accessible Commercial Site ADA Shower and Restroom Combination Trailer Leasing","true","ada-combination","client-labelled-ada-reference","/images/catalog/restroom-trailers-960.webp","0","1","Previous gallery used non-ADA combination units for an ADA title.","Replaced pooled selection with a single verified title-matched model; shared carousel and full-image controls.","false","","PASS","200","Representative browser checks recorded separately","PASS","","NOT DEPLOYED / UNVERIFIED"
"page","/service-areas/iowa/southern-iowa/cities/","Southern Iowa, Iowa Facility Rental Locations","false","unspecified","","","0","0","","Restored original navigation layout; no photo section is intended or missing.","false","","PASS","200","Representative browser checks recorded separately","PASS","","NOT DEPLOYED / UNVERIFIED"
"page","/service-areas/kansas/","Kansas Construction Project Kitchen Emergency Trailer Rental","true","mobile-kitchen","model-12","/media/equipment-drive/mobile-kitchens/24ft-mobile-kitchen/portable-commercial-kitchen-trailer-interior.png | /media/equipment-drive/mobile-kitchens/24ft-mobile-kitchen/mobile-commercial-kitchen-entry-view.png | /media/equipment-drive/mobile-kitchens/24ft-mobile-kitchen/mobile-kitchen-trailer-prep-counter.png | /media/equipment-drive/mobile-kitchens/24ft-mobile-kitchen/commercial-six-burner-gas-range.png | /media/equipment-drive/mobile-kitchens/24ft-mobile-kitchen/mobile-kitchen-trailer-exterior-service-window.png","4","1","Previous gallery pooled standard, bulk and combination kitchens of different sizes.","Replaced pooled selection with a single verified title-matched model; shared carousel and full-image controls.","false","","PASS","200","Representative browser checks recorded separately","PASS","","NOT DEPLOYED / UNVERIFIED"
"page","/service-areas/kansas/kansas-city-area/","Kansas City area, Kansas Workforce Housing Sleeper Bunk-Bed Facility Leasing","true","sleeper-trailer","april-two-stall-sleeper","/media/equipment-drive/sleeper-and-accommodation/sleeper-trailer-2-stalls/sleeper-trailer-2-stall-bunk-bed-interior.png | /media/equipment-drive/sleeper-and-accommodation/sleeper-trailer-2-stalls/sleeper-trailer-2-stall-sleeping-room.png","2","0","Previous multi-image sleeper gallery lacked reliable image-to-configuration association.","Replaced pooled selection with a single verified title-matched model; shared carousel and full-image controls.","false","","PASS","200","Representative browser checks recorded separately","PASS","","NOT DEPLOYED / UNVERIFIED"
"page","/service-areas/kansas/kansas-city-area/cities/","Kansas City area, Kansas Facility Rental Locations","false","unspecified","","","0","0","","Restored original navigation layout; no photo section is intended or missing.","false","","PASS","200","Representative browser checks recorded separately","PASS","","NOT DEPLOYED / UNVERIFIED"
"page","/service-areas/kansas/north-central-kansas/","North Central Kansas, Kansas Commercial Food Service Commercial Kitchen Modular Building For Rent","true","kitchen-modular","","","0","0","Previous gallery supplied kitchen trailers for a modular-building title.","Removed unsafe/ambiguous fallback, or added explicit verified-photography pending state.","true","No matching verified photography exists for the title's equipment/configuration.","PASS","200","Representative browser checks recorded separately","PASS","","NOT DEPLOYED / UNVERIFIED"
"page","/service-areas/kansas/north-central-kansas/cities/","North Central Kansas, Kansas Facility Rental Locations","false","unspecified","","","0","0","","Restored original navigation layout; no photo section is intended or missing.","false","","PASS","200","Representative browser checks recorded separately","PASS","","NOT DEPLOYED / UNVERIFIED"
"page","/service-areas/kansas/south-central-kansas/","South Central Kansas, Kansas Remote Operations Man Camp Temporary Facilities Rental","true","unspecified","","/media/equipment-drive/sleeper-and-accommodation/20ft-accommodation-contractor/20ft-accommodation-unit-bunk-bed-interior.png | /media/equipment-drive/sleeper-and-accommodation/20ft-accommodation-contractor/20ft-mobile-accommodation-bunk-room-interior.png | /media/equipment-drive/sleeper-and-accommodation/20ft-accommodation-contractor/20ft-accommodation-unit-exterior-side-view.png | /media/equipment-drive/sleeper-and-accommodation/20ft-accommodation-contractor/20ft-portable-accommodation-unit-base-camp.png | /media/equipment-drive/mobile-kitchens/24ft-mobile-kitchen/portable-commercial-kitchen-trailer-interior.png | /media/equipment-drive/mobile-kitchens/24ft-mobile-kitchen/mobile-commercial-kitchen-entry-view.png | /media/equipment-drive/mobile-kitchens/24ft-mobile-kitchen/mobile-kitchen-trailer-prep-counter.png | /media/equipment-drive/mobile-kitchens/24ft-mobile-kitchen/commercial-six-burner-gas-range.png | /media/equipment-drive/mobile-kitchens/24ft-mobile-kitchen/mobile-kitchen-trailer-exterior-service-window.png | /media/equipment-drive/shower-trailers/20-ft-shower-trailer-5-stalls-with-handwashing-sink/mobile-shower-trailer-wash-station.png | /media/equipment-drive/shower-trailers/20-ft-shower-trailer-5-stalls-with-handwashing-sink/multi-station-shower-trailer-exterior.png | /media/equipment-drive/shower-trailers/20-ft-shower-trailer-5-stalls-with-handwashing-sink/private-shower-trailer-stall-interior.png | /media/equipment-drive/shower-trailers/20-ft-shower-trailer-5-stalls-with-handwashing-sink/shower-trailer-exterior-with-private-shower-stall.png | /media/equipment-drive/shower-trailers/20-ft-shower-trailer-5-stalls-with-handwashing-sink/shower-trailer-rear-exterior-view.png | /media/equipment-drive/shower-trailers/20-ft-shower-trailer-5-stalls-with-handwashing-sink/shower-trailer-sink-and-mirror-area.png","7","8","Previous fallback displayed mixed equipment despite an unspecified title.","Replaced pooled selection with a single verified title-matched model; shared carousel and full-image controls.","false","","PASS","200","Representative browser checks recorded separately","PASS","","NOT DEPLOYED / UNVERIFIED"
"page","/service-areas/kansas/south-central-kansas/cities/","South Central Kansas, Kansas Facility Rental Locations","false","unspecified","","","0","0","","Restored original navigation layout; no photo section is intended or missing.","false","","PASS","200","Representative browser checks recorded separately","PASS","","NOT DEPLOYED / UNVERIFIED"
"page","/service-areas/kansas/southeast-kansas/","Southeast Kansas, Kansas Emergency Basecamp Shower Trailer Rental","true","shower-trailer","model-21","/media/equipment-drive/shower-trailers/20-ft-shower-trailer-5-stalls-with-handwashing-sink/mobile-shower-trailer-wash-station.png | /media/equipment-drive/shower-trailers/20-ft-shower-trailer-5-stalls-with-handwashing-sink/multi-station-shower-trailer-exterior.png | /media/equipment-drive/shower-trailers/20-ft-shower-trailer-5-stalls-with-handwashing-sink/private-shower-trailer-stall-interior.png | /media/equipment-drive/shower-trailers/20-ft-shower-trailer-5-stalls-with-handwashing-sink/shower-trailer-exterior-with-private-shower-stall.png | /media/equipment-drive/shower-trailers/20-ft-shower-trailer-5-stalls-with-handwashing-sink/shower-trailer-rear-exterior-view.png | /media/equipment-drive/shower-trailers/20-ft-shower-trailer-5-stalls-with-handwashing-sink/shower-trailer-sink-and-mirror-area.png","1","5","Previous shower gallery mixed shower containers with shower trailers.","Replaced pooled selection with a single verified title-matched model; shared carousel and full-image controls.","false","","PASS","200","Representative browser checks recorded separately","PASS","","NOT DEPLOYED / UNVERIFIED"
"page","/service-areas/kansas/southeast-kansas/cities/","Southeast Kansas, Kansas Facility Rental Locations","false","unspecified","","","0","0","","Restored original navigation layout; no photo section is intended or missing.","false","","PASS","200","Representative browser checks recorded separately","PASS","","NOT DEPLOYED / UNVERIFIED"
"page","/service-areas/kansas/western-kansas/","Western Kansas, Kansas Construction Project Kitchen Emergency Trailer Rental","true","mobile-kitchen","model-12","/media/equipment-drive/mobile-kitchens/24ft-mobile-kitchen/portable-commercial-kitchen-trailer-interior.png | /media/equipment-drive/mobile-kitchens/24ft-mobile-kitchen/mobile-commercial-kitchen-entry-view.png | /media/equipment-drive/mobile-kitchens/24ft-mobile-kitchen/mobile-kitchen-trailer-prep-counter.png | /media/equipment-drive/mobile-kitchens/24ft-mobile-kitchen/commercial-six-burner-gas-range.png | /media/equipment-drive/mobile-kitchens/24ft-mobile-kitchen/mobile-kitchen-trailer-exterior-service-window.png","4","1","Previous gallery pooled standard, bulk and combination kitchens of different sizes.","Replaced pooled selection with a single verified title-matched model; shared carousel and full-image controls.","false","","PASS","200","Representative browser checks recorded separately","PASS","","NOT DEPLOYED / UNVERIFIED"
"page","/service-areas/kansas/western-kansas/cities/","Western Kansas, Kansas Facility Rental Locations","false","unspecified","","","0","0","","Restored original navigation layout; no photo section is intended or missing.","false","","PASS","200","Representative browser checks recorded separately","PASS","","NOT DEPLOYED / UNVERIFIED"
"page","/service-areas/kentucky/","Kentucky Workforce Camp Laundry Temporary Facilities Long-Term Rental","true","laundry-unspecified","","/media/equipment-drive/laundry-trailers-and-containers/30ft-laundry-trailer-10-washer-dryer/mobile-laundry-trailer-commercial-washers-dryers.png | /media/equipment-drive/laundry-trailers-and-containers/20ft-laundry-container/Laundry Container 7 units 1.png | /media/equipment-drive/laundry-trailers-and-containers/20ft-laundry-container/Laundry Container 7 units 2.png | /media/equipment-drive/laundry-trailers-and-containers/20ft-laundry-container/Laundry Container 7units.png","4","0","Previous laundry gallery mixed trailer and container form factors.","Replaced pooled selection with a single verified title-matched model; shared carousel and full-image controls.","false","","PASS","200","Representative browser checks recorded separately","PASS","","NOT DEPLOYED / UNVERIFIED"
"page","/service-areas/kentucky/bluegrass-region/","Bluegrass region, Kentucky Construction Project Kitchen Emergency Trailer Rental","true","mobile-kitchen","model-12","/media/equipment-drive/mobile-kitchens/24ft-mobile-kitchen/portable-commercial-kitchen-trailer-interior.png | /media/equipment-drive/mobile-kitchens/24ft-mobile-kitchen/mobile-commercial-kitchen-entry-view.png | /media/equipment-drive/mobile-kitchens/24ft-mobile-kitchen/mobile-kitchen-trailer-prep-counter.png | /media/equipment-drive/mobile-kitchens/24ft-mobile-kitchen/commercial-six-burner-gas-range.png | /media/equipment-drive/mobile-kitchens/24ft-mobile-kitchen/mobile-kitchen-trailer-exterior-service-window.png","4","1","Previous gallery pooled standard, bulk and combination kitchens of different sizes.","Replaced pooled selection with a single verified title-matched model; shared carousel and full-image controls.","false","","PASS","200","Representative browser checks recorded separately","PASS","","NOT DEPLOYED / UNVERIFIED"
"page","/service-areas/kentucky/bluegrass-region/cities/","Bluegrass region, Kentucky Facility Rental Locations","false","unspecified","","","0","0","","Restored original navigation layout; no photo section is intended or missing.","false","","PASS","200","Representative browser checks recorded separately","PASS","","NOT DEPLOYED / UNVERIFIED"
"page","/service-areas/kentucky/eastern-kentucky/","Eastern Kentucky, Kentucky Commercial Food Service Commercial Kitchen Modular Building For Rent","true","kitchen-modular","","","0","0","Previous gallery supplied kitchen trailers for a modular-building title.","Removed unsafe/ambiguous fallback, or added explicit verified-photography pending state.","true","No matching verified photography exists for the title's equipment/configuration.","PASS","200","Representative browser checks recorded separately","PASS","","NOT DEPLOYED / UNVERIFIED"
"page","/service-areas/kentucky/eastern-kentucky/cities/","Eastern Kentucky, Kentucky Facility Rental Locations","false","unspecified","","","0","0","","Restored original navigation layout; no photo section is intended or missing.","false","","PASS","200","Representative browser checks recorded separately","PASS","","NOT DEPLOYED / UNVERIFIED"
"page","/service-areas/kentucky/south-central-kentucky/","South Central Kentucky, Kentucky Workforce Housing Sleeper Bunk-Bed Facility Leasing","true","sleeper-trailer","april-two-stall-sleeper","/media/equipment-drive/sleeper-and-accommodation/sleeper-trailer-2-stalls/sleeper-trailer-2-stall-bunk-bed-interior.png | /media/equipment-drive/sleeper-and-accommodation/sleeper-trailer-2-stalls/sleeper-trailer-2-stall-sleeping-room.png","2","0","Previous multi-image sleeper gallery lacked reliable image-to-configuration association.","Replaced pooled selection with a single verified title-matched model; shared carousel and full-image controls.","false","","PASS","200","Representative browser checks recorded separately","PASS","","NOT DEPLOYED / UNVERIFIED"
"page","/service-areas/kentucky/south-central-kentucky/cities/","South Central Kentucky, Kentucky Facility Rental Locations","false","unspecified","","","0","0","","Restored original navigation layout; no photo section is intended or missing.","false","","PASS","200","Representative browser checks recorded separately","PASS","","NOT DEPLOYED / UNVERIFIED"
"page","/service-areas/kentucky/western-coalfields/","Western Coalfields, Kentucky Workforce Camp Laundry Temporary Facilities Long-Term Rental","true","laundry-unspecified","","/media/equipment-drive/laundry-trailers-and-containers/30ft-laundry-trailer-10-washer-dryer/mobile-laundry-trailer-commercial-washers-dryers.png | /media/equipment-drive/laundry-trailers-and-containers/20ft-laundry-container/Laundry Container 7 units 1.png | /media/equipment-drive/laundry-trailers-and-containers/20ft-laundry-container/Laundry Container 7 units 2.png | /media/equipment-drive/laundry-trailers-and-containers/20ft-laundry-container/Laundry Container 7units.png","4","0","Previous laundry gallery mixed trailer and container form factors.","Replaced pooled selection with a single verified title-matched model; shared carousel and full-image controls.","false","","PASS","200","Representative browser checks recorded separately","PASS","","NOT DEPLOYED / UNVERIFIED"
"page","/service-areas/kentucky/western-coalfields/cities/","Western Coalfields, Kentucky Facility Rental Locations","false","unspecified","","","0","0","","Restored original navigation layout; no photo section is intended or missing.","false","","PASS","200","Representative browser checks recorded separately","PASS","","NOT DEPLOYED / UNVERIFIED"
"page","/service-areas/louisiana/","Louisiana Emergency Basecamp Shower Trailer Rental","true","shower-trailer","model-21","/media/equipment-drive/shower-trailers/20-ft-shower-trailer-5-stalls-with-handwashing-sink/mobile-shower-trailer-wash-station.png | /media/equipment-drive/shower-trailers/20-ft-shower-trailer-5-stalls-with-handwashing-sink/multi-station-shower-trailer-exterior.png | /media/equipment-drive/shower-trailers/20-ft-shower-trailer-5-stalls-with-handwashing-sink/private-shower-trailer-stall-interior.png | /media/equipment-drive/shower-trailers/20-ft-shower-trailer-5-stalls-with-handwashing-sink/shower-trailer-exterior-with-private-shower-stall.png | /media/equipment-drive/shower-trailers/20-ft-shower-trailer-5-stalls-with-handwashing-sink/shower-trailer-rear-exterior-view.png | /media/equipment-drive/shower-trailers/20-ft-shower-trailer-5-stalls-with-handwashing-sink/shower-trailer-sink-and-mirror-area.png","1","5","Previous shower gallery mixed shower containers with shower trailers.","Replaced pooled selection with a single verified title-matched model; shared carousel and full-image controls.","false","","PASS","200","Representative browser checks recorded separately","PASS","","NOT DEPLOYED / UNVERIFIED"
"page","/service-areas/louisiana/acadiana/","Acadiana, Louisiana Institutional Facility Shower and Restroom Combination Trailer For Rent","true","shower-restroom-combination","model-10","/media/equipment-drive/luxury-shower-restroom-combination-trailers/22ft-luxury-shower-restroom-combination-trailer-6-stalls/luxury-6-stall-shower-restroom-trailer-entry-steps.png | /media/equipment-drive/luxury-shower-restroom-combination-trailers/22ft-luxury-shower-restroom-combination-trailer-6-stalls/luxury-shower-restroom-trailer-sink-vanity-interior.png | /media/equipment-drive/luxury-shower-restroom-combination-trailers/22ft-luxury-shower-restroom-combination-trailer-6-stalls/22ft-6-stall-shower-restroom-trailer-exterior.png | /media/equipment-drive/luxury-shower-restroom-combination-trailers/22ft-luxury-shower-restroom-combination-trailer-6-stalls/22ft-luxury-shower-restroom-combination-trailer-6-stall-exterior.png | /media/equipment-drive/luxury-shower-restroom-combination-trailers/22ft-luxury-shower-restroom-combination-trailer-6-stalls/luxury-shower-restroom-trailer-private-shower-stall.png","2","3","Previous gallery combined different sizes/stall configurations.","Replaced pooled selection with a single verified title-matched model; shared carousel and full-image controls.","false","","PASS","200","Representative browser checks recorded separately","PASS","","NOT DEPLOYED / UNVERIFIED"
"page","/service-areas/louisiana/acadiana/cities/","Acadiana, Louisiana Facility Rental Locations","false","unspecified","","","0","0","","Restored original navigation layout; no photo section is intended or missing.","false","","PASS","200","Representative browser checks recorded separately","PASS","","NOT DEPLOYED / UNVERIFIED"
"page","/service-areas/louisiana/capital-region/","Capital Region, Louisiana Accessible Commercial Site ADA Shower and Restroom Combination Trailer Leasing","true","ada-combination","client-labelled-ada-reference","/images/catalog/restroom-trailers-960.webp","0","1","Previous gallery used non-ADA combination units for an ADA title.","Replaced pooled selection with a single verified title-matched model; shared carousel and full-image controls.","false","","PASS","200","Representative browser checks recorded separately","PASS","","NOT DEPLOYED / UNVERIFIED"
"page","/service-areas/louisiana/capital-region/cities/","Capital Region, Louisiana Facility Rental Locations","false","unspecified","","","0","0","","Restored original navigation layout; no photo section is intended or missing.","false","","PASS","200","Representative browser checks recorded separately","PASS","","NOT DEPLOYED / UNVERIFIED"
"page","/service-areas/louisiana/greater-new-orleans/","Greater New Orleans, Louisiana Workforce Camp Laundry Temporary Facilities Long-Term Rental","true","laundry-unspecified","","/media/equipment-drive/laundry-trailers-and-containers/30ft-laundry-trailer-10-washer-dryer/mobile-laundry-trailer-commercial-washers-dryers.png | /media/equipment-drive/laundry-trailers-and-containers/20ft-laundry-container/Laundry Container 7 units 1.png | /media/equipment-drive/laundry-trailers-and-containers/20ft-laundry-container/Laundry Container 7 units 2.png | /media/equipment-drive/laundry-trailers-and-containers/20ft-laundry-container/Laundry Container 7units.png","4","0","Previous laundry gallery mixed trailer and container form factors.","Replaced pooled selection with a single verified title-matched model; shared carousel and full-image controls.","false","","PASS","200","Representative browser checks recorded separately","PASS","","NOT DEPLOYED / UNVERIFIED"
"page","/service-areas/louisiana/greater-new-orleans/cities/","Greater New Orleans, Louisiana Facility Rental Locations","false","unspecified","","","0","0","","Restored original navigation layout; no photo section is intended or missing.","false","","PASS","200","Representative browser checks recorded separately","PASS","","NOT DEPLOYED / UNVERIFIED"
"page","/service-areas/louisiana/north-louisiana/","North Louisiana, Louisiana Emergency Basecamp Shower Trailer Rental","true","shower-trailer","model-21","/media/equipment-drive/shower-trailers/20-ft-shower-trailer-5-stalls-with-handwashing-sink/mobile-shower-trailer-wash-station.png | /media/equipment-drive/shower-trailers/20-ft-shower-trailer-5-stalls-with-handwashing-sink/multi-station-shower-trailer-exterior.png | /media/equipment-drive/shower-trailers/20-ft-shower-trailer-5-stalls-with-handwashing-sink/private-shower-trailer-stall-interior.png | /media/equipment-drive/shower-trailers/20-ft-shower-trailer-5-stalls-with-handwashing-sink/shower-trailer-exterior-with-private-shower-stall.png | /media/equipment-drive/shower-trailers/20-ft-shower-trailer-5-stalls-with-handwashing-sink/shower-trailer-rear-exterior-view.png | /media/equipment-drive/shower-trailers/20-ft-shower-trailer-5-stalls-with-handwashing-sink/shower-trailer-sink-and-mirror-area.png","1","5","Previous shower gallery mixed shower containers with shower trailers.","Replaced pooled selection with a single verified title-matched model; shared carousel and full-image controls.","false","","PASS","200","Representative browser checks recorded separately","PASS","","NOT DEPLOYED / UNVERIFIED"
"page","/service-areas/louisiana/north-louisiana/cities/","North Louisiana, Louisiana Facility Rental Locations","false","unspecified","","","0","0","","Restored original navigation layout; no photo section is intended or missing.","false","","PASS","200","Representative browser checks recorded separately","PASS","","NOT DEPLOYED / UNVERIFIED"
"page","/service-areas/louisiana/river-parishes/","River Parishes, Louisiana Construction Project Kitchen Emergency Trailer Rental","true","mobile-kitchen","model-12","/media/equipment-drive/mobile-kitchens/24ft-mobile-kitchen/portable-commercial-kitchen-trailer-interior.png | /media/equipment-drive/mobile-kitchens/24ft-mobile-kitchen/mobile-commercial-kitchen-entry-view.png | /media/equipment-drive/mobile-kitchens/24ft-mobile-kitchen/mobile-kitchen-trailer-prep-counter.png | /media/equipment-drive/mobile-kitchens/24ft-mobile-kitchen/commercial-six-burner-gas-range.png | /media/equipment-drive/mobile-kitchens/24ft-mobile-kitchen/mobile-kitchen-trailer-exterior-service-window.png","4","1","Previous gallery pooled standard, bulk and combination kitchens of different sizes.","Replaced pooled selection with a single verified title-matched model; shared carousel and full-image controls.","false","","PASS","200","Representative browser checks recorded separately","PASS","","NOT DEPLOYED / UNVERIFIED"
"page","/service-areas/louisiana/river-parishes/cities/","River Parishes, Louisiana Facility Rental Locations","false","unspecified","","","0","0","","Restored original navigation layout; no photo section is intended or missing.","false","","PASS","200","Representative browser checks recorded separately","PASS","","NOT DEPLOYED / UNVERIFIED"
"page","/service-areas/maine/","Maine Commercial Food Service Commercial Kitchen Modular Building For Rent","true","kitchen-modular","","","0","0","Previous gallery supplied kitchen trailers for a modular-building title.","Removed unsafe/ambiguous fallback, or added explicit verified-photography pending state.","true","No matching verified photography exists for the title's equipment/configuration.","PASS","200","Representative browser checks recorded separately","PASS","","NOT DEPLOYED / UNVERIFIED"
"page","/service-areas/maine/aroostook-county/","Aroostook County, Maine Commercial Food Service Commercial Kitchen Modular Building For Rent","true","kitchen-modular","","","0","0","Previous gallery supplied kitchen trailers for a modular-building title.","Removed unsafe/ambiguous fallback, or added explicit verified-photography pending state.","true","No matching verified photography exists for the title's equipment/configuration.","PASS","200","Representative browser checks recorded separately","PASS","","NOT DEPLOYED / UNVERIFIED"
"page","/service-areas/maine/aroostook-county/cities/","Aroostook County, Maine Facility Rental Locations","false","unspecified","","","0","0","","Restored original navigation layout; no photo section is intended or missing.","false","","PASS","200","Representative browser checks recorded separately","PASS","","NOT DEPLOYED / UNVERIFIED"
"page","/service-areas/maine/downeast-and-acadia/","DownEast and Acadia, Maine Institutional Facility Shower and Restroom Combination Trailer For Rent","true","shower-restroom-combination","model-10","/media/equipment-drive/luxury-shower-restroom-combination-trailers/22ft-luxury-shower-restroom-combination-trailer-6-stalls/luxury-6-stall-shower-restroom-trailer-entry-steps.png | /media/equipment-drive/luxury-shower-restroom-combination-trailers/22ft-luxury-shower-restroom-combination-trailer-6-stalls/luxury-shower-restroom-trailer-sink-vanity-interior.png | /media/equipment-drive/luxury-shower-restroom-combination-trailers/22ft-luxury-shower-restroom-combination-trailer-6-stalls/22ft-6-stall-shower-restroom-trailer-exterior.png | /media/equipment-drive/luxury-shower-restroom-combination-trailers/22ft-luxury-shower-restroom-combination-trailer-6-stalls/22ft-luxury-shower-restroom-combination-trailer-6-stall-exterior.png | /media/equipment-drive/luxury-shower-restroom-combination-trailers/22ft-luxury-shower-restroom-combination-trailer-6-stalls/luxury-shower-restroom-trailer-private-shower-stall.png","2","3","Previous gallery combined different sizes/stall configurations.","Replaced pooled selection with a single verified title-matched model; shared carousel and full-image controls.","false","","PASS","200","Representative browser checks recorded separately","PASS","","NOT DEPLOYED / UNVERIFIED"
"page","/service-areas/maine/downeast-and-acadia/cities/","DownEast and Acadia, Maine Facility Rental Locations","false","unspecified","","","0","0","","Restored original navigation layout; no photo section is intended or missing.","false","","PASS","200","Representative browser checks recorded separately","PASS","","NOT DEPLOYED / UNVERIFIED"
"page","/service-areas/maine/highlands/","Highlands, Maine Workforce Housing Sleeper Bunk-Bed Facility Leasing","true","sleeper-trailer","april-two-stall-sleeper","/media/equipment-drive/sleeper-and-accommodation/sleeper-trailer-2-stalls/sleeper-trailer-2-stall-bunk-bed-interior.png | /media/equipment-drive/sleeper-and-accommodation/sleeper-trailer-2-stalls/sleeper-trailer-2-stall-sleeping-room.png","2","0","Previous multi-image sleeper gallery lacked reliable image-to-configuration association.","Replaced pooled selection with a single verified title-matched model; shared carousel and full-image controls.","false","","PASS","200","Representative browser checks recorded separately","PASS","","NOT DEPLOYED / UNVERIFIED"
"page","/service-areas/maine/highlands/cities/","Highlands, Maine Facility Rental Locations","false","unspecified","","","0","0","","Restored original navigation layout; no photo section is intended or missing.","false","","PASS","200","Representative browser checks recorded separately","PASS","","NOT DEPLOYED / UNVERIFIED"
"page","/service-areas/maine/midcoast/","Midcoast, Maine Emergency Basecamp Shower Trailer Rental","true","shower-trailer","model-21","/media/equipment-drive/shower-trailers/20-ft-shower-trailer-5-stalls-with-handwashing-sink/mobile-shower-trailer-wash-station.png | /media/equipment-drive/shower-trailers/20-ft-shower-trailer-5-stalls-with-handwashing-sink/multi-station-shower-trailer-exterior.png | /media/equipment-drive/shower-trailers/20-ft-shower-trailer-5-stalls-with-handwashing-sink/private-shower-trailer-stall-interior.png | /media/equipment-drive/shower-trailers/20-ft-shower-trailer-5-stalls-with-handwashing-sink/shower-trailer-exterior-with-private-shower-stall.png | /media/equipment-drive/shower-trailers/20-ft-shower-trailer-5-stalls-with-handwashing-sink/shower-trailer-rear-exterior-view.png | /media/equipment-drive/shower-trailers/20-ft-shower-trailer-5-stalls-with-handwashing-sink/shower-trailer-sink-and-mirror-area.png","1","5","Previous shower gallery mixed shower containers with shower trailers.","Replaced pooled selection with a single verified title-matched model; shared carousel and full-image controls.","false","","PASS","200","Representative browser checks recorded separately","PASS","","NOT DEPLOYED / UNVERIFIED"
"page","/service-areas/maine/midcoast/cities/","Midcoast, Maine Facility Rental Locations","false","unspecified","","","0","0","","Restored original navigation layout; no photo section is intended or missing.","false","","PASS","200","Representative browser checks recorded separately","PASS","","NOT DEPLOYED / UNVERIFIED"
"page","/service-areas/maine/southern-coast/","Southern Coast, Maine Accessible Commercial Site ADA Shower and Restroom Combination Trailer Leasing","true","ada-combination","client-labelled-ada-reference","/images/catalog/restroom-trailers-960.webp","0","1","Previous gallery used non-ADA combination units for an ADA title.","Replaced pooled selection with a single verified title-matched model; shared carousel and full-image controls.","false","","PASS","200","Representative browser checks recorded separately","PASS","","NOT DEPLOYED / UNVERIFIED"
"page","/service-areas/maine/southern-coast/cities/","Southern Coast, Maine Facility Rental Locations","false","unspecified","","","0","0","","Restored original navigation layout; no photo section is intended or missing.","false","","PASS","200","Representative browser checks recorded separately","PASS","","NOT DEPLOYED / UNVERIFIED"
"page","/service-areas/maine/western-lakes-and-mountains/","Western Lakes and Mountains, Maine Remote Operations Man Camp Temporary Facilities Rental","true","unspecified","","/media/equipment-drive/sleeper-and-accommodation/20ft-accommodation-contractor/20ft-accommodation-unit-bunk-bed-interior.png | /media/equipment-drive/sleeper-and-accommodation/20ft-accommodation-contractor/20ft-mobile-accommodation-bunk-room-interior.png | /media/equipment-drive/sleeper-and-accommodation/20ft-accommodation-contractor/20ft-accommodation-unit-exterior-side-view.png | /media/equipment-drive/sleeper-and-accommodation/20ft-accommodation-contractor/20ft-portable-accommodation-unit-base-camp.png | /media/equipment-drive/mobile-kitchens/24ft-mobile-kitchen/portable-commercial-kitchen-trailer-interior.png | /media/equipment-drive/mobile-kitchens/24ft-mobile-kitchen/mobile-commercial-kitchen-entry-view.png | /media/equipment-drive/mobile-kitchens/24ft-mobile-kitchen/mobile-kitchen-trailer-prep-counter.png | /media/equipment-drive/mobile-kitchens/24ft-mobile-kitchen/commercial-six-burner-gas-range.png | /media/equipment-drive/mobile-kitchens/24ft-mobile-kitchen/mobile-kitchen-trailer-exterior-service-window.png | /media/equipment-drive/shower-trailers/20-ft-shower-trailer-5-stalls-with-handwashing-sink/mobile-shower-trailer-wash-station.png | /media/equipment-drive/shower-trailers/20-ft-shower-trailer-5-stalls-with-handwashing-sink/multi-station-shower-trailer-exterior.png | /media/equipment-drive/shower-trailers/20-ft-shower-trailer-5-stalls-with-handwashing-sink/private-shower-trailer-stall-interior.png | /media/equipment-drive/shower-trailers/20-ft-shower-trailer-5-stalls-with-handwashing-sink/shower-trailer-exterior-with-private-shower-stall.png | /media/equipment-drive/shower-trailers/20-ft-shower-trailer-5-stalls-with-handwashing-sink/shower-trailer-rear-exterior-view.png | /media/equipment-drive/shower-trailers/20-ft-shower-trailer-5-stalls-with-handwashing-sink/shower-trailer-sink-and-mirror-area.png","7","8","Previous fallback displayed mixed equipment despite an unspecified title.","Replaced pooled selection with a single verified title-matched model; shared carousel and full-image controls.","false","","PASS","200","Representative browser checks recorded separately","PASS","","NOT DEPLOYED / UNVERIFIED"
"page","/service-areas/maine/western-lakes-and-mountains/cities/","Western Lakes and Mountains, Maine Facility Rental Locations","false","unspecified","","","0","0","","Restored original navigation layout; no photo section is intended or missing.","false","","PASS","200","Representative browser checks recorded separately","PASS","","NOT DEPLOYED / UNVERIFIED"
"page","/service-areas/maryland/","Maryland Commercial Food Service Commercial Kitchen Modular Building For Rent","true","kitchen-modular","","","0","0","Previous gallery supplied kitchen trailers for a modular-building title.","Removed unsafe/ambiguous fallback, or added explicit verified-photography pending state.","true","No matching verified photography exists for the title's equipment/configuration.","PASS","200","Representative browser checks recorded separately","PASS","","NOT DEPLOYED / UNVERIFIED"
"page","/service-areas/maryland/capital-region/","Capital Region, Maryland Workforce Housing Sleeper Bunk-Bed Facility Leasing","true","sleeper-trailer","april-two-stall-sleeper","/media/equipment-drive/sleeper-and-accommodation/sleeper-trailer-2-stalls/sleeper-trailer-2-stall-bunk-bed-interior.png | /media/equipment-drive/sleeper-and-accommodation/sleeper-trailer-2-stalls/sleeper-trailer-2-stall-sleeping-room.png","2","0","Previous multi-image sleeper gallery lacked reliable image-to-configuration association.","Replaced pooled selection with a single verified title-matched model; shared carousel and full-image controls.","false","","PASS","200","Representative browser checks recorded separately","PASS","","NOT DEPLOYED / UNVERIFIED"
"page","/service-areas/maryland/capital-region/cities/","Capital Region, Maryland Facility Rental Locations","false","unspecified","","","0","0","","Restored original navigation layout; no photo section is intended or missing.","false","","PASS","200","Representative browser checks recorded separately","PASS","","NOT DEPLOYED / UNVERIFIED"
"page","/service-areas/maryland/central-maryland/","Central Maryland, Maryland Remote Operations Man Camp Temporary Facilities Rental","true","unspecified","","/media/equipment-drive/sleeper-and-accommodation/20ft-accommodation-contractor/20ft-accommodation-unit-bunk-bed-interior.png | /media/equipment-drive/sleeper-and-accommodation/20ft-accommodation-contractor/20ft-mobile-accommodation-bunk-room-interior.png | /media/equipment-drive/sleeper-and-accommodation/20ft-accommodation-contractor/20ft-accommodation-unit-exterior-side-view.png | /media/equipment-drive/sleeper-and-accommodation/20ft-accommodation-contractor/20ft-portable-accommodation-unit-base-camp.png | /media/equipment-drive/mobile-kitchens/24ft-mobile-kitchen/portable-commercial-kitchen-trailer-interior.png | /media/equipment-drive/mobile-kitchens/24ft-mobile-kitchen/mobile-commercial-kitchen-entry-view.png | /media/equipment-drive/mobile-kitchens/24ft-mobile-kitchen/mobile-kitchen-trailer-prep-counter.png | /media/equipment-drive/mobile-kitchens/24ft-mobile-kitchen/commercial-six-burner-gas-range.png | /media/equipment-drive/mobile-kitchens/24ft-mobile-kitchen/mobile-kitchen-trailer-exterior-service-window.png | /media/equipment-drive/shower-trailers/20-ft-shower-trailer-5-stalls-with-handwashing-sink/mobile-shower-trailer-wash-station.png | /media/equipment-drive/shower-trailers/20-ft-shower-trailer-5-stalls-with-handwashing-sink/multi-station-shower-trailer-exterior.png | /media/equipment-drive/shower-trailers/20-ft-shower-trailer-5-stalls-with-handwashing-sink/private-shower-trailer-stall-interior.png | /media/equipment-drive/shower-trailers/20-ft-shower-trailer-5-stalls-with-handwashing-sink/shower-trailer-exterior-with-private-shower-stall.png | /media/equipment-drive/shower-trailers/20-ft-shower-trailer-5-stalls-with-handwashing-sink/shower-trailer-rear-exterior-view.png | /media/equipment-drive/shower-trailers/20-ft-shower-trailer-5-stalls-with-handwashing-sink/shower-trailer-sink-and-mirror-area.png","7","8","Previous fallback displayed mixed equipment despite an unspecified title.","Replaced pooled selection with a single verified title-matched model; shared carousel and full-image controls.","false","","PASS","200","Representative browser checks recorded separately","PASS","","NOT DEPLOYED / UNVERIFIED"
"page","/service-areas/maryland/central-maryland/cities/","Central Maryland, Maryland Facility Rental Locations","false","unspecified","","","0","0","","Restored original navigation layout; no photo section is intended or missing.","false","","PASS","200","Representative browser checks recorded separately","PASS","","NOT DEPLOYED / UNVERIFIED"
"page","/service-areas/maryland/eastern-shore/","Eastern Shore, Maryland Emergency Basecamp Shower Trailer Rental","true","shower-trailer","model-21","/media/equipment-drive/shower-trailers/20-ft-shower-trailer-5-stalls-with-handwashing-sink/mobile-shower-trailer-wash-station.png | /media/equipment-drive/shower-trailers/20-ft-shower-trailer-5-stalls-with-handwashing-sink/multi-station-shower-trailer-exterior.png | /media/equipment-drive/shower-trailers/20-ft-shower-trailer-5-stalls-with-handwashing-sink/private-shower-trailer-stall-interior.png | /media/equipment-drive/shower-trailers/20-ft-shower-trailer-5-stalls-with-handwashing-sink/shower-trailer-exterior-with-private-shower-stall.png | /media/equipment-drive/shower-trailers/20-ft-shower-trailer-5-stalls-with-handwashing-sink/shower-trailer-rear-exterior-view.png | /media/equipment-drive/shower-trailers/20-ft-shower-trailer-5-stalls-with-handwashing-sink/shower-trailer-sink-and-mirror-area.png","1","5","Previous shower gallery mixed shower containers with shower trailers.","Replaced pooled selection with a single verified title-matched model; shared carousel and full-image controls.","false","","PASS","200","Representative browser checks recorded separately","PASS","","NOT DEPLOYED / UNVERIFIED"
"page","/service-areas/maryland/eastern-shore/cities/","Eastern Shore, Maryland Facility Rental Locations","false","unspecified","","","0","0","","Restored original navigation layout; no photo section is intended or missing.","false","","PASS","200","Representative browser checks recorded separately","PASS","","NOT DEPLOYED / UNVERIFIED"
"page","/service-areas/maryland/southern-maryland/","Southern Maryland, Maryland Institutional Facility Shower and Restroom Combination Trailer For Rent","true","shower-restroom-combination","model-10","/media/equipment-drive/luxury-shower-restroom-combination-trailers/22ft-luxury-shower-restroom-combination-trailer-6-stalls/luxury-6-stall-shower-restroom-trailer-entry-steps.png | /media/equipment-drive/luxury-shower-restroom-combination-trailers/22ft-luxury-shower-restroom-combination-trailer-6-stalls/luxury-shower-restroom-trailer-sink-vanity-interior.png | /media/equipment-drive/luxury-shower-restroom-combination-trailers/22ft-luxury-shower-restroom-combination-trailer-6-stalls/22ft-6-stall-shower-restroom-trailer-exterior.png | /media/equipment-drive/luxury-shower-restroom-combination-trailers/22ft-luxury-shower-restroom-combination-trailer-6-stalls/22ft-luxury-shower-restroom-combination-trailer-6-stall-exterior.png | /media/equipment-drive/luxury-shower-restroom-combination-trailers/22ft-luxury-shower-restroom-combination-trailer-6-stalls/luxury-shower-restroom-trailer-private-shower-stall.png","2","3","Previous gallery combined different sizes/stall configurations.","Replaced pooled selection with a single verified title-matched model; shared carousel and full-image controls.","false","","PASS","200","Representative browser checks recorded separately","PASS","","NOT DEPLOYED / UNVERIFIED"
"page","/service-areas/maryland/southern-maryland/cities/","Southern Maryland, Maryland Facility Rental Locations","false","unspecified","","","0","0","","Restored original navigation layout; no photo section is intended or missing.","false","","PASS","200","Representative browser checks recorded separately","PASS","","NOT DEPLOYED / UNVERIFIED"
"page","/service-areas/maryland/western-maryland/","Western Maryland, Maryland Commercial Food Service Commercial Kitchen Modular Building For Rent","true","kitchen-modular","","","0","0","Previous gallery supplied kitchen trailers for a modular-building title.","Removed unsafe/ambiguous fallback, or added explicit verified-photography pending state.","true","No matching verified photography exists for the title's equipment/configuration.","PASS","200","Representative browser checks recorded separately","PASS","","NOT DEPLOYED / UNVERIFIED"
"page","/service-areas/maryland/western-maryland/cities/","Western Maryland, Maryland Facility Rental Locations","false","unspecified","","","0","0","","Restored original navigation layout; no photo section is intended or missing.","false","","PASS","200","Representative browser checks recorded separately","PASS","","NOT DEPLOYED / UNVERIFIED"
"page","/service-areas/massachusetts/","Massachusetts Remote Operations Man Camp Temporary Facilities Rental","true","unspecified","","/media/equipment-drive/sleeper-and-accommodation/20ft-accommodation-contractor/20ft-accommodation-unit-bunk-bed-interior.png | /media/equipment-drive/sleeper-and-accommodation/20ft-accommodation-contractor/20ft-mobile-accommodation-bunk-room-interior.png | /media/equipment-drive/sleeper-and-accommodation/20ft-accommodation-contractor/20ft-accommodation-unit-exterior-side-view.png | /media/equipment-drive/sleeper-and-accommodation/20ft-accommodation-contractor/20ft-portable-accommodation-unit-base-camp.png | /media/equipment-drive/mobile-kitchens/24ft-mobile-kitchen/portable-commercial-kitchen-trailer-interior.png | /media/equipment-drive/mobile-kitchens/24ft-mobile-kitchen/mobile-commercial-kitchen-entry-view.png | /media/equipment-drive/mobile-kitchens/24ft-mobile-kitchen/mobile-kitchen-trailer-prep-counter.png | /media/equipment-drive/mobile-kitchens/24ft-mobile-kitchen/commercial-six-burner-gas-range.png | /media/equipment-drive/mobile-kitchens/24ft-mobile-kitchen/mobile-kitchen-trailer-exterior-service-window.png | /media/equipment-drive/shower-trailers/20-ft-shower-trailer-5-stalls-with-handwashing-sink/mobile-shower-trailer-wash-station.png | /media/equipment-drive/shower-trailers/20-ft-shower-trailer-5-stalls-with-handwashing-sink/multi-station-shower-trailer-exterior.png | /media/equipment-drive/shower-trailers/20-ft-shower-trailer-5-stalls-with-handwashing-sink/private-shower-trailer-stall-interior.png | /media/equipment-drive/shower-trailers/20-ft-shower-trailer-5-stalls-with-handwashing-sink/shower-trailer-exterior-with-private-shower-stall.png | /media/equipment-drive/shower-trailers/20-ft-shower-trailer-5-stalls-with-handwashing-sink/shower-trailer-rear-exterior-view.png | /media/equipment-drive/shower-trailers/20-ft-shower-trailer-5-stalls-with-handwashing-sink/shower-trailer-sink-and-mirror-area.png","7","8","Previous fallback displayed mixed equipment despite an unspecified title.","Replaced pooled selection with a single verified title-matched model; shared carousel and full-image controls.","false","","PASS","200","Representative browser checks recorded separately","PASS","","NOT DEPLOYED / UNVERIFIED"
"page","/service-areas/massachusetts/berkshires/","Berkshires, Massachusetts Remote Operations Man Camp Temporary Facilities Rental","true","unspecified","","/media/equipment-drive/sleeper-and-accommodation/20ft-accommodation-contractor/20ft-accommodation-unit-bunk-bed-interior.png | /media/equipment-drive/sleeper-and-accommodation/20ft-accommodation-contractor/20ft-mobile-accommodation-bunk-room-interior.png | /media/equipment-drive/sleeper-and-accommodation/20ft-accommodation-contractor/20ft-accommodation-unit-exterior-side-view.png | /media/equipment-drive/sleeper-and-accommodation/20ft-accommodation-contractor/20ft-portable-accommodation-unit-base-camp.png | /media/equipment-drive/mobile-kitchens/24ft-mobile-kitchen/portable-commercial-kitchen-trailer-interior.png | /media/equipment-drive/mobile-kitchens/24ft-mobile-kitchen/mobile-commercial-kitchen-entry-view.png | /media/equipment-drive/mobile-kitchens/24ft-mobile-kitchen/mobile-kitchen-trailer-prep-counter.png | /media/equipment-drive/mobile-kitchens/24ft-mobile-kitchen/commercial-six-burner-gas-range.png | /media/equipment-drive/mobile-kitchens/24ft-mobile-kitchen/mobile-kitchen-trailer-exterior-service-window.png | /media/equipment-drive/shower-trailers/20-ft-shower-trailer-5-stalls-with-handwashing-sink/mobile-shower-trailer-wash-station.png | /media/equipment-drive/shower-trailers/20-ft-shower-trailer-5-stalls-with-handwashing-sink/multi-station-shower-trailer-exterior.png | /media/equipment-drive/shower-trailers/20-ft-shower-trailer-5-stalls-with-handwashing-sink/private-shower-trailer-stall-interior.png | /media/equipment-drive/shower-trailers/20-ft-shower-trailer-5-stalls-with-handwashing-sink/shower-trailer-exterior-with-private-shower-stall.png | /media/equipment-drive/shower-trailers/20-ft-shower-trailer-5-stalls-with-handwashing-sink/shower-trailer-rear-exterior-view.png | /media/equipment-drive/shower-trailers/20-ft-shower-trailer-5-stalls-with-handwashing-sink/shower-trailer-sink-and-mirror-area.png","7","8","Previous fallback displayed mixed equipment despite an unspecified title.","Replaced pooled selection with a single verified title-matched model; shared carousel and full-image controls.","false","","PASS","200","Representative browser checks recorded separately","PASS","","NOT DEPLOYED / UNVERIFIED"
"page","/service-areas/massachusetts/berkshires/cities/","Berkshires, Massachusetts Facility Rental Locations","false","unspecified","","","0","0","","Restored original navigation layout; no photo section is intended or missing.","false","","PASS","200","Representative browser checks recorded separately","PASS","","NOT DEPLOYED / UNVERIFIED"
"page","/service-areas/massachusetts/central-massachusetts/","Central Massachusetts, Massachusetts Emergency Basecamp Shower Trailer Rental","true","shower-trailer","model-21","/media/equipment-drive/shower-trailers/20-ft-shower-trailer-5-stalls-with-handwashing-sink/mobile-shower-trailer-wash-station.png | /media/equipment-drive/shower-trailers/20-ft-shower-trailer-5-stalls-with-handwashing-sink/multi-station-shower-trailer-exterior.png | /media/equipment-drive/shower-trailers/20-ft-shower-trailer-5-stalls-with-handwashing-sink/private-shower-trailer-stall-interior.png | /media/equipment-drive/shower-trailers/20-ft-shower-trailer-5-stalls-with-handwashing-sink/shower-trailer-exterior-with-private-shower-stall.png | /media/equipment-drive/shower-trailers/20-ft-shower-trailer-5-stalls-with-handwashing-sink/shower-trailer-rear-exterior-view.png | /media/equipment-drive/shower-trailers/20-ft-shower-trailer-5-stalls-with-handwashing-sink/shower-trailer-sink-and-mirror-area.png","1","5","Previous shower gallery mixed shower containers with shower trailers.","Replaced pooled selection with a single verified title-matched model; shared carousel and full-image controls.","false","","PASS","200","Representative browser checks recorded separately","PASS","","NOT DEPLOYED / UNVERIFIED"
"page","/service-areas/massachusetts/central-massachusetts/cities/","Central Massachusetts, Massachusetts Facility Rental Locations","false","unspecified","","","0","0","","Restored original navigation layout; no photo section is intended or missing.","false","","PASS","200","Representative browser checks recorded separately","PASS","","NOT DEPLOYED / UNVERIFIED"
"page","/service-areas/massachusetts/greater-boston/","Greater Boston, Massachusetts Institutional Facility Shower and Restroom Combination Trailer For Rent","true","shower-restroom-combination","model-10","/media/equipment-drive/luxury-shower-restroom-combination-trailers/22ft-luxury-shower-restroom-combination-trailer-6-stalls/luxury-6-stall-shower-restroom-trailer-entry-steps.png | /media/equipment-drive/luxury-shower-restroom-combination-trailers/22ft-luxury-shower-restroom-combination-trailer-6-stalls/luxury-shower-restroom-trailer-sink-vanity-interior.png | /media/equipment-drive/luxury-shower-restroom-combination-trailers/22ft-luxury-shower-restroom-combination-trailer-6-stalls/22ft-6-stall-shower-restroom-trailer-exterior.png | /media/equipment-drive/luxury-shower-restroom-combination-trailers/22ft-luxury-shower-restroom-combination-trailer-6-stalls/22ft-luxury-shower-restroom-combination-trailer-6-stall-exterior.png | /media/equipment-drive/luxury-shower-restroom-combination-trailers/22ft-luxury-shower-restroom-combination-trailer-6-stalls/luxury-shower-restroom-trailer-private-shower-stall.png","2","3","Previous gallery combined different sizes/stall configurations.","Replaced pooled selection with a single verified title-matched model; shared carousel and full-image controls.","false","","PASS","200","Representative browser checks recorded separately","PASS","","NOT DEPLOYED / UNVERIFIED"
"page","/service-areas/massachusetts/greater-boston/cities/","Greater Boston, Massachusetts Facility Rental Locations","false","unspecified","","","0","0","","Restored original navigation layout; no photo section is intended or missing.","false","","PASS","200","Representative browser checks recorded separately","PASS","","NOT DEPLOYED / UNVERIFIED"
"page","/service-areas/massachusetts/north-shore/","North Shore, Massachusetts Accessible Commercial Site ADA Shower and Restroom Combination Trailer Leasing","true","ada-combination","client-labelled-ada-reference","/images/catalog/restroom-trailers-960.webp","0","1","Previous gallery used non-ADA combination units for an ADA title.","Replaced pooled selection with a single verified title-matched model; shared carousel and full-image controls.","false","","PASS","200","Representative browser checks recorded separately","PASS","","NOT DEPLOYED / UNVERIFIED"
"page","/service-areas/massachusetts/north-shore/cities/","North Shore, Massachusetts Facility Rental Locations","false","unspecified","","","0","0","","Restored original navigation layout; no photo section is intended or missing.","false","","PASS","200","Representative browser checks recorded separately","PASS","","NOT DEPLOYED / UNVERIFIED"
"page","/service-areas/massachusetts/south-shore-and-cape-cod/","South Shore and Cape Cod, Massachusetts Workforce Camp Laundry Temporary Facilities Long-Term Rental","true","laundry-unspecified","","/media/equipment-drive/laundry-trailers-and-containers/30ft-laundry-trailer-10-washer-dryer/mobile-laundry-trailer-commercial-washers-dryers.png | /media/equipment-drive/laundry-trailers-and-containers/20ft-laundry-container/Laundry Container 7 units 1.png | /media/equipment-drive/laundry-trailers-and-containers/20ft-laundry-container/Laundry Container 7 units 2.png | /media/equipment-drive/laundry-trailers-and-containers/20ft-laundry-container/Laundry Container 7units.png","4","0","Previous laundry gallery mixed trailer and container form factors.","Replaced pooled selection with a single verified title-matched model; shared carousel and full-image controls.","false","","PASS","200","Representative browser checks recorded separately","PASS","","NOT DEPLOYED / UNVERIFIED"
"page","/service-areas/massachusetts/south-shore-and-cape-cod/cities/","South Shore and Cape Cod, Massachusetts Facility Rental Locations","false","unspecified","","","0","0","","Restored original navigation layout; no photo section is intended or missing.","false","","PASS","200","Representative browser checks recorded separately","PASS","","NOT DEPLOYED / UNVERIFIED"
"page","/service-areas/michigan/","Michigan Workforce Camp Laundry Temporary Facilities Long-Term Rental","true","laundry-unspecified","","/media/equipment-drive/laundry-trailers-and-containers/30ft-laundry-trailer-10-washer-dryer/mobile-laundry-trailer-commercial-washers-dryers.png | /media/equipment-drive/laundry-trailers-and-containers/20ft-laundry-container/Laundry Container 7 units 1.png | /media/equipment-drive/laundry-trailers-and-containers/20ft-laundry-container/Laundry Container 7 units 2.png | /media/equipment-drive/laundry-trailers-and-containers/20ft-laundry-container/Laundry Container 7units.png","4","0","Previous laundry gallery mixed trailer and container form factors.","Replaced pooled selection with a single verified title-matched model; shared carousel and full-image controls.","false","","PASS","200","Representative browser checks recorded separately","PASS","","NOT DEPLOYED / UNVERIFIED"
"page","/service-areas/michigan/mid-michigan/","Mid Michigan, Michigan Workforce Housing Sleeper Bunk-Bed Facility Leasing","true","sleeper-trailer","april-two-stall-sleeper","/media/equipment-drive/sleeper-and-accommodation/sleeper-trailer-2-stalls/sleeper-trailer-2-stall-bunk-bed-interior.png | /media/equipment-drive/sleeper-and-accommodation/sleeper-trailer-2-stalls/sleeper-trailer-2-stall-sleeping-room.png","2","0","Previous multi-image sleeper gallery lacked reliable image-to-configuration association.","Replaced pooled selection with a single verified title-matched model; shared carousel and full-image controls.","false","","PASS","200","Representative browser checks recorded separately","PASS","","NOT DEPLOYED / UNVERIFIED"
"page","/service-areas/michigan/mid-michigan/cities/","Mid Michigan, Michigan Facility Rental Locations","false","unspecified","","","0","0","","Restored original navigation layout; no photo section is intended or missing.","false","","PASS","200","Representative browser checks recorded separately","PASS","","NOT DEPLOYED / UNVERIFIED"
"page","/service-areas/michigan/northern-lower-peninsula/","Northern Lower Peninsula, Michigan Construction Project Kitchen Emergency Trailer Rental","true","mobile-kitchen","model-12","/media/equipment-drive/mobile-kitchens/24ft-mobile-kitchen/portable-commercial-kitchen-trailer-interior.png | /media/equipment-drive/mobile-kitchens/24ft-mobile-kitchen/mobile-commercial-kitchen-entry-view.png | /media/equipment-drive/mobile-kitchens/24ft-mobile-kitchen/mobile-kitchen-trailer-prep-counter.png | /media/equipment-drive/mobile-kitchens/24ft-mobile-kitchen/commercial-six-burner-gas-range.png | /media/equipment-drive/mobile-kitchens/24ft-mobile-kitchen/mobile-kitchen-trailer-exterior-service-window.png","4","1","Previous gallery pooled standard, bulk and combination kitchens of different sizes.","Replaced pooled selection with a single verified title-matched model; shared carousel and full-image controls.","false","","PASS","200","Representative browser checks recorded separately","PASS","","NOT DEPLOYED / UNVERIFIED"
"page","/service-areas/michigan/northern-lower-peninsula/cities/","Northern Lower Peninsula, Michigan Facility Rental Locations","false","unspecified","","","0","0","","Restored original navigation layout; no photo section is intended or missing.","false","","PASS","200","Representative browser checks recorded separately","PASS","","NOT DEPLOYED / UNVERIFIED"
"page","/service-areas/michigan/southeast-michigan/","Southeast Michigan, Michigan Remote Operations Man Camp Temporary Facilities Rental","true","unspecified","","/media/equipment-drive/sleeper-and-accommodation/20ft-accommodation-contractor/20ft-accommodation-unit-bunk-bed-interior.png | /media/equipment-drive/sleeper-and-accommodation/20ft-accommodation-contractor/20ft-mobile-accommodation-bunk-room-interior.png | /media/equipment-drive/sleeper-and-accommodation/20ft-accommodation-contractor/20ft-accommodation-unit-exterior-side-view.png | /media/equipment-drive/sleeper-and-accommodation/20ft-accommodation-contractor/20ft-portable-accommodation-unit-base-camp.png | /media/equipment-drive/mobile-kitchens/24ft-mobile-kitchen/portable-commercial-kitchen-trailer-interior.png | /media/equipment-drive/mobile-kitchens/24ft-mobile-kitchen/mobile-commercial-kitchen-entry-view.png | /media/equipment-drive/mobile-kitchens/24ft-mobile-kitchen/mobile-kitchen-trailer-prep-counter.png | /media/equipment-drive/mobile-kitchens/24ft-mobile-kitchen/commercial-six-burner-gas-range.png | /media/equipment-drive/mobile-kitchens/24ft-mobile-kitchen/mobile-kitchen-trailer-exterior-service-window.png | /media/equipment-drive/shower-trailers/20-ft-shower-trailer-5-stalls-with-handwashing-sink/mobile-shower-trailer-wash-station.png | /media/equipment-drive/shower-trailers/20-ft-shower-trailer-5-stalls-with-handwashing-sink/multi-station-shower-trailer-exterior.png | /media/equipment-drive/shower-trailers/20-ft-shower-trailer-5-stalls-with-handwashing-sink/private-shower-trailer-stall-interior.png | /media/equipment-drive/shower-trailers/20-ft-shower-trailer-5-stalls-with-handwashing-sink/shower-trailer-exterior-with-private-shower-stall.png | /media/equipment-drive/shower-trailers/20-ft-shower-trailer-5-stalls-with-handwashing-sink/shower-trailer-rear-exterior-view.png | /media/equipment-drive/shower-trailers/20-ft-shower-trailer-5-stalls-with-handwashing-sink/shower-trailer-sink-and-mirror-area.png","7","8","Previous fallback displayed mixed equipment despite an unspecified title.","Replaced pooled selection with a single verified title-matched model; shared carousel and full-image controls.","false","","PASS","200","Representative browser checks recorded separately","PASS","","NOT DEPLOYED / UNVERIFIED"
"page","/service-areas/michigan/southeast-michigan/cities/","Southeast Michigan, Michigan Facility Rental Locations","false","unspecified","","","0","0","","Restored original navigation layout; no photo section is intended or missing.","false","","PASS","200","Representative browser checks recorded separately","PASS","","NOT DEPLOYED / UNVERIFIED"
"page","/service-areas/michigan/upper-peninsula/","Upper Peninsula, Michigan Workforce Camp Laundry Temporary Facilities Long-Term Rental","true","laundry-unspecified","","/media/equipment-drive/laundry-trailers-and-containers/30ft-laundry-trailer-10-washer-dryer/mobile-laundry-trailer-commercial-washers-dryers.png | /media/equipment-drive/laundry-trailers-and-containers/20ft-laundry-container/Laundry Container 7 units 1.png | /media/equipment-drive/laundry-trailers-and-containers/20ft-laundry-container/Laundry Container 7 units 2.png | /media/equipment-drive/laundry-trailers-and-containers/20ft-laundry-container/Laundry Container 7units.png","4","0","Previous laundry gallery mixed trailer and container form factors.","Replaced pooled selection with a single verified title-matched model; shared carousel and full-image controls.","false","","PASS","200","Representative browser checks recorded separately","PASS","","NOT DEPLOYED / UNVERIFIED"
"page","/service-areas/michigan/upper-peninsula/cities/","Upper Peninsula, Michigan Facility Rental Locations","false","unspecified","","","0","0","","Restored original navigation layout; no photo section is intended or missing.","false","","PASS","200","Representative browser checks recorded separately","PASS","","NOT DEPLOYED / UNVERIFIED"
"page","/service-areas/michigan/west-michigan/","West Michigan, Michigan Commercial Food Service Commercial Kitchen Modular Building For Rent","true","kitchen-modular","","","0","0","Previous gallery supplied kitchen trailers for a modular-building title.","Removed unsafe/ambiguous fallback, or added explicit verified-photography pending state.","true","No matching verified photography exists for the title's equipment/configuration.","PASS","200","Representative browser checks recorded separately","PASS","","NOT DEPLOYED / UNVERIFIED"
"page","/service-areas/michigan/west-michigan/cities/","West Michigan, Michigan Facility Rental Locations","false","unspecified","","","0","0","","Restored original navigation layout; no photo section is intended or missing.","false","","PASS","200","Representative browser checks recorded separately","PASS","","NOT DEPLOYED / UNVERIFIED"
"page","/service-areas/minnesota/","Minnesota Workforce Camp Laundry Temporary Facilities Long-Term Rental","true","laundry-unspecified","","/media/equipment-drive/laundry-trailers-and-containers/30ft-laundry-trailer-10-washer-dryer/mobile-laundry-trailer-commercial-washers-dryers.png | /media/equipment-drive/laundry-trailers-and-containers/20ft-laundry-container/Laundry Container 7 units 1.png | /media/equipment-drive/laundry-trailers-and-containers/20ft-laundry-container/Laundry Container 7 units 2.png | /media/equipment-drive/laundry-trailers-and-containers/20ft-laundry-container/Laundry Container 7units.png","4","0","Previous laundry gallery mixed trailer and container form factors.","Replaced pooled selection with a single verified title-matched model; shared carousel and full-image controls.","false","","PASS","200","Representative browser checks recorded separately","PASS","","NOT DEPLOYED / UNVERIFIED"
"page","/service-areas/minnesota/central-minnesota/","Central Minnesota, Minnesota Commercial Food Service Commercial Kitchen Modular Building For Rent","true","kitchen-modular","","","0","0","Previous gallery supplied kitchen trailers for a modular-building title.","Removed unsafe/ambiguous fallback, or added explicit verified-photography pending state.","true","No matching verified photography exists for the title's equipment/configuration.","PASS","200","Representative browser checks recorded separately","PASS","","NOT DEPLOYED / UNVERIFIED"
"page","/service-areas/minnesota/central-minnesota/cities/","Central Minnesota, Minnesota Facility Rental Locations","false","unspecified","","","0","0","","Restored original navigation layout; no photo section is intended or missing.","false","","PASS","200","Representative browser checks recorded separately","PASS","","NOT DEPLOYED / UNVERIFIED"
"page","/service-areas/minnesota/northeast-minnesota/","Northeast Minnesota, Minnesota Construction Project Kitchen Emergency Trailer Rental","true","mobile-kitchen","model-12","/media/equipment-drive/mobile-kitchens/24ft-mobile-kitchen/portable-commercial-kitchen-trailer-interior.png | /media/equipment-drive/mobile-kitchens/24ft-mobile-kitchen/mobile-commercial-kitchen-entry-view.png | /media/equipment-drive/mobile-kitchens/24ft-mobile-kitchen/mobile-kitchen-trailer-prep-counter.png | /media/equipment-drive/mobile-kitchens/24ft-mobile-kitchen/commercial-six-burner-gas-range.png | /media/equipment-drive/mobile-kitchens/24ft-mobile-kitchen/mobile-kitchen-trailer-exterior-service-window.png","4","1","Previous gallery pooled standard, bulk and combination kitchens of different sizes.","Replaced pooled selection with a single verified title-matched model; shared carousel and full-image controls.","false","","PASS","200","Representative browser checks recorded separately","PASS","","NOT DEPLOYED / UNVERIFIED"
"page","/service-areas/minnesota/northeast-minnesota/cities/","Northeast Minnesota, Minnesota Facility Rental Locations","false","unspecified","","","0","0","","Restored original navigation layout; no photo section is intended or missing.","false","","PASS","200","Representative browser checks recorded separately","PASS","","NOT DEPLOYED / UNVERIFIED"
"page","/service-areas/minnesota/northwest-minnesota/","Northwest Minnesota, Minnesota Workforce Camp Laundry Temporary Facilities Long-Term Rental","true","laundry-unspecified","","/media/equipment-drive/laundry-trailers-and-containers/30ft-laundry-trailer-10-washer-dryer/mobile-laundry-trailer-commercial-washers-dryers.png | /media/equipment-drive/laundry-trailers-and-containers/20ft-laundry-container/Laundry Container 7 units 1.png | /media/equipment-drive/laundry-trailers-and-containers/20ft-laundry-container/Laundry Container 7 units 2.png | /media/equipment-drive/laundry-trailers-and-containers/20ft-laundry-container/Laundry Container 7units.png","4","0","Previous laundry gallery mixed trailer and container form factors.","Replaced pooled selection with a single verified title-matched model; shared carousel and full-image controls.","false","","PASS","200","Representative browser checks recorded separately","PASS","","NOT DEPLOYED / UNVERIFIED"
"page","/service-areas/minnesota/northwest-minnesota/cities/","Northwest Minnesota, Minnesota Facility Rental Locations","false","unspecified","","","0","0","","Restored original navigation layout; no photo section is intended or missing.","false","","PASS","200","Representative browser checks recorded separately","PASS","","NOT DEPLOYED / UNVERIFIED"
"page","/service-areas/minnesota/southern-minnesota/","Southern Minnesota, Minnesota Remote Operations Man Camp Temporary Facilities Rental","true","unspecified","","/media/equipment-drive/sleeper-and-accommodation/20ft-accommodation-contractor/20ft-accommodation-unit-bunk-bed-interior.png | /media/equipment-drive/sleeper-and-accommodation/20ft-accommodation-contractor/20ft-mobile-accommodation-bunk-room-interior.png | /media/equipment-drive/sleeper-and-accommodation/20ft-accommodation-contractor/20ft-accommodation-unit-exterior-side-view.png | /media/equipment-drive/sleeper-and-accommodation/20ft-accommodation-contractor/20ft-portable-accommodation-unit-base-camp.png | /media/equipment-drive/mobile-kitchens/24ft-mobile-kitchen/portable-commercial-kitchen-trailer-interior.png | /media/equipment-drive/mobile-kitchens/24ft-mobile-kitchen/mobile-commercial-kitchen-entry-view.png | /media/equipment-drive/mobile-kitchens/24ft-mobile-kitchen/mobile-kitchen-trailer-prep-counter.png | /media/equipment-drive/mobile-kitchens/24ft-mobile-kitchen/commercial-six-burner-gas-range.png | /media/equipment-drive/mobile-kitchens/24ft-mobile-kitchen/mobile-kitchen-trailer-exterior-service-window.png | /media/equipment-drive/shower-trailers/20-ft-shower-trailer-5-stalls-with-handwashing-sink/mobile-shower-trailer-wash-station.png | /media/equipment-drive/shower-trailers/20-ft-shower-trailer-5-stalls-with-handwashing-sink/multi-station-shower-trailer-exterior.png | /media/equipment-drive/shower-trailers/20-ft-shower-trailer-5-stalls-with-handwashing-sink/private-shower-trailer-stall-interior.png | /media/equipment-drive/shower-trailers/20-ft-shower-trailer-5-stalls-with-handwashing-sink/shower-trailer-exterior-with-private-shower-stall.png | /media/equipment-drive/shower-trailers/20-ft-shower-trailer-5-stalls-with-handwashing-sink/shower-trailer-rear-exterior-view.png | /media/equipment-drive/shower-trailers/20-ft-shower-trailer-5-stalls-with-handwashing-sink/shower-trailer-sink-and-mirror-area.png","7","8","Previous fallback displayed mixed equipment despite an unspecified title.","Replaced pooled selection with a single verified title-matched model; shared carousel and full-image controls.","false","","PASS","200","Representative browser checks recorded separately","PASS","","NOT DEPLOYED / UNVERIFIED"
"page","/service-areas/minnesota/southern-minnesota/cities/","Southern Minnesota, Minnesota Facility Rental Locations","false","unspecified","","","0","0","","Restored original navigation layout; no photo section is intended or missing.","false","","PASS","200","Representative browser checks recorded separately","PASS","","NOT DEPLOYED / UNVERIFIED"
"page","/service-areas/minnesota/twin-cities/","Twin Cities, Minnesota Workforce Housing Sleeper Bunk-Bed Facility Leasing","true","sleeper-trailer","april-two-stall-sleeper","/media/equipment-drive/sleeper-and-accommodation/sleeper-trailer-2-stalls/sleeper-trailer-2-stall-bunk-bed-interior.png | /media/equipment-drive/sleeper-and-accommodation/sleeper-trailer-2-stalls/sleeper-trailer-2-stall-sleeping-room.png","2","0","Previous multi-image sleeper gallery lacked reliable image-to-configuration association.","Replaced pooled selection with a single verified title-matched model; shared carousel and full-image controls.","false","","PASS","200","Representative browser checks recorded separately","PASS","","NOT DEPLOYED / UNVERIFIED"
"page","/service-areas/minnesota/twin-cities/cities/","Twin Cities, Minnesota Facility Rental Locations","false","unspecified","","","0","0","","Restored original navigation layout; no photo section is intended or missing.","false","","PASS","200","Representative browser checks recorded separately","PASS","","NOT DEPLOYED / UNVERIFIED"
"page","/service-areas/mississippi/","Mississippi Workforce Housing Sleeper Bunk-Bed Facility Leasing","true","sleeper-trailer","april-two-stall-sleeper","/media/equipment-drive/sleeper-and-accommodation/sleeper-trailer-2-stalls/sleeper-trailer-2-stall-bunk-bed-interior.png | /media/equipment-drive/sleeper-and-accommodation/sleeper-trailer-2-stalls/sleeper-trailer-2-stall-sleeping-room.png","2","0","Previous multi-image sleeper gallery lacked reliable image-to-configuration association.","Replaced pooled selection with a single verified title-matched model; shared carousel and full-image controls.","false","","PASS","200","Representative browser checks recorded separately","PASS","","NOT DEPLOYED / UNVERIFIED"
"page","/service-areas/mississippi/central-mississippi/","Central Mississippi, Mississippi Emergency Basecamp Shower Trailer Rental","true","shower-trailer","model-21","/media/equipment-drive/shower-trailers/20-ft-shower-trailer-5-stalls-with-handwashing-sink/mobile-shower-trailer-wash-station.png | /media/equipment-drive/shower-trailers/20-ft-shower-trailer-5-stalls-with-handwashing-sink/multi-station-shower-trailer-exterior.png | /media/equipment-drive/shower-trailers/20-ft-shower-trailer-5-stalls-with-handwashing-sink/private-shower-trailer-stall-interior.png | /media/equipment-drive/shower-trailers/20-ft-shower-trailer-5-stalls-with-handwashing-sink/shower-trailer-exterior-with-private-shower-stall.png | /media/equipment-drive/shower-trailers/20-ft-shower-trailer-5-stalls-with-handwashing-sink/shower-trailer-rear-exterior-view.png | /media/equipment-drive/shower-trailers/20-ft-shower-trailer-5-stalls-with-handwashing-sink/shower-trailer-sink-and-mirror-area.png","1","5","Previous shower gallery mixed shower containers with shower trailers.","Replaced pooled selection with a single verified title-matched model; shared carousel and full-image controls.","false","","PASS","200","Representative browser checks recorded separately","PASS","","NOT DEPLOYED / UNVERIFIED"
"page","/service-areas/mississippi/central-mississippi/cities/","Central Mississippi, Mississippi Facility Rental Locations","false","unspecified","","","0","0","","Restored original navigation layout; no photo section is intended or missing.","false","","PASS","200","Representative browser checks recorded separately","PASS","","NOT DEPLOYED / UNVERIFIED"
"page","/service-areas/mississippi/delta/","Delta, Mississippi Workforce Housing Sleeper Bunk-Bed Facility Leasing","true","sleeper-trailer","april-two-stall-sleeper","/media/equipment-drive/sleeper-and-accommodation/sleeper-trailer-2-stalls/sleeper-trailer-2-stall-bunk-bed-interior.png | /media/equipment-drive/sleeper-and-accommodation/sleeper-trailer-2-stalls/sleeper-trailer-2-stall-sleeping-room.png","2","0","Previous multi-image sleeper gallery lacked reliable image-to-configuration association.","Replaced pooled selection with a single verified title-matched model; shared carousel and full-image controls.","false","","PASS","200","Representative browser checks recorded separately","PASS","","NOT DEPLOYED / UNVERIFIED"
"page","/service-areas/mississippi/delta/cities/","Delta, Mississippi Facility Rental Locations","false","unspecified","","","0","0","","Restored original navigation layout; no photo section is intended or missing.","false","","PASS","200","Representative browser checks recorded separately","PASS","","NOT DEPLOYED / UNVERIFIED"
"page","/service-areas/mississippi/gulf-coast/","Gulf Coast, Mississippi Accessible Commercial Site ADA Shower and Restroom Combination Trailer Leasing","true","ada-combination","client-labelled-ada-reference","/images/catalog/restroom-trailers-960.webp","0","1","Previous gallery used non-ADA combination units for an ADA title.","Replaced pooled selection with a single verified title-matched model; shared carousel and full-image controls.","false","","PASS","200","Representative browser checks recorded separately","PASS","","NOT DEPLOYED / UNVERIFIED"
"page","/service-areas/mississippi/gulf-coast/cities/","Gulf Coast, Mississippi Facility Rental Locations","false","unspecified","","","0","0","","Restored original navigation layout; no photo section is intended or missing.","false","","PASS","200","Representative browser checks recorded separately","PASS","","NOT DEPLOYED / UNVERIFIED"
"page","/service-areas/mississippi/hills/","Hills, Mississippi Remote Operations Man Camp Temporary Facilities Rental","true","unspecified","","/media/equipment-drive/sleeper-and-accommodation/20ft-accommodation-contractor/20ft-accommodation-unit-bunk-bed-interior.png | /media/equipment-drive/sleeper-and-accommodation/20ft-accommodation-contractor/20ft-mobile-accommodation-bunk-room-interior.png | /media/equipment-drive/sleeper-and-accommodation/20ft-accommodation-contractor/20ft-accommodation-unit-exterior-side-view.png | /media/equipment-drive/sleeper-and-accommodation/20ft-accommodation-contractor/20ft-portable-accommodation-unit-base-camp.png | /media/equipment-drive/mobile-kitchens/24ft-mobile-kitchen/portable-commercial-kitchen-trailer-interior.png | /media/equipment-drive/mobile-kitchens/24ft-mobile-kitchen/mobile-commercial-kitchen-entry-view.png | /media/equipment-drive/mobile-kitchens/24ft-mobile-kitchen/mobile-kitchen-trailer-prep-counter.png | /media/equipment-drive/mobile-kitchens/24ft-mobile-kitchen/commercial-six-burner-gas-range.png | /media/equipment-drive/mobile-kitchens/24ft-mobile-kitchen/mobile-kitchen-trailer-exterior-service-window.png | /media/equipment-drive/shower-trailers/20-ft-shower-trailer-5-stalls-with-handwashing-sink/mobile-shower-trailer-wash-station.png | /media/equipment-drive/shower-trailers/20-ft-shower-trailer-5-stalls-with-handwashing-sink/multi-station-shower-trailer-exterior.png | /media/equipment-drive/shower-trailers/20-ft-shower-trailer-5-stalls-with-handwashing-sink/private-shower-trailer-stall-interior.png | /media/equipment-drive/shower-trailers/20-ft-shower-trailer-5-stalls-with-handwashing-sink/shower-trailer-exterior-with-private-shower-stall.png | /media/equipment-drive/shower-trailers/20-ft-shower-trailer-5-stalls-with-handwashing-sink/shower-trailer-rear-exterior-view.png | /media/equipment-drive/shower-trailers/20-ft-shower-trailer-5-stalls-with-handwashing-sink/shower-trailer-sink-and-mirror-area.png","7","8","Previous fallback displayed mixed equipment despite an unspecified title.","Replaced pooled selection with a single verified title-matched model; shared carousel and full-image controls.","false","","PASS","200","Representative browser checks recorded separately","PASS","","NOT DEPLOYED / UNVERIFIED"
"page","/service-areas/mississippi/hills/cities/","Hills, Mississippi Facility Rental Locations","false","unspecified","","","0","0","","Restored original navigation layout; no photo section is intended or missing.","false","","PASS","200","Representative browser checks recorded separately","PASS","","NOT DEPLOYED / UNVERIFIED"
"page","/service-areas/mississippi/pine-belt/","Pine Belt, Mississippi Institutional Facility Shower and Restroom Combination Trailer For Rent","true","shower-restroom-combination","model-10","/media/equipment-drive/luxury-shower-restroom-combination-trailers/22ft-luxury-shower-restroom-combination-trailer-6-stalls/luxury-6-stall-shower-restroom-trailer-entry-steps.png | /media/equipment-drive/luxury-shower-restroom-combination-trailers/22ft-luxury-shower-restroom-combination-trailer-6-stalls/luxury-shower-restroom-trailer-sink-vanity-interior.png | /media/equipment-drive/luxury-shower-restroom-combination-trailers/22ft-luxury-shower-restroom-combination-trailer-6-stalls/22ft-6-stall-shower-restroom-trailer-exterior.png | /media/equipment-drive/luxury-shower-restroom-combination-trailers/22ft-luxury-shower-restroom-combination-trailer-6-stalls/22ft-luxury-shower-restroom-combination-trailer-6-stall-exterior.png | /media/equipment-drive/luxury-shower-restroom-combination-trailers/22ft-luxury-shower-restroom-combination-trailer-6-stalls/luxury-shower-restroom-trailer-private-shower-stall.png","2","3","Previous gallery combined different sizes/stall configurations.","Replaced pooled selection with a single verified title-matched model; shared carousel and full-image controls.","false","","PASS","200","Representative browser checks recorded separately","PASS","","NOT DEPLOYED / UNVERIFIED"
"page","/service-areas/mississippi/pine-belt/cities/","Pine Belt, Mississippi Facility Rental Locations","false","unspecified","","","0","0","","Restored original navigation layout; no photo section is intended or missing.","false","","PASS","200","Representative browser checks recorded separately","PASS","","NOT DEPLOYED / UNVERIFIED"
"page","/service-areas/missouri/","Missouri Emergency Basecamp Shower Trailer Rental","true","shower-trailer","model-21","/media/equipment-drive/shower-trailers/20-ft-shower-trailer-5-stalls-with-handwashing-sink/mobile-shower-trailer-wash-station.png | /media/equipment-drive/shower-trailers/20-ft-shower-trailer-5-stalls-with-handwashing-sink/multi-station-shower-trailer-exterior.png | /media/equipment-drive/shower-trailers/20-ft-shower-trailer-5-stalls-with-handwashing-sink/private-shower-trailer-stall-interior.png | /media/equipment-drive/shower-trailers/20-ft-shower-trailer-5-stalls-with-handwashing-sink/shower-trailer-exterior-with-private-shower-stall.png | /media/equipment-drive/shower-trailers/20-ft-shower-trailer-5-stalls-with-handwashing-sink/shower-trailer-rear-exterior-view.png | /media/equipment-drive/shower-trailers/20-ft-shower-trailer-5-stalls-with-handwashing-sink/shower-trailer-sink-and-mirror-area.png","1","5","Previous shower gallery mixed shower containers with shower trailers.","Replaced pooled selection with a single verified title-matched model; shared carousel and full-image controls.","false","","PASS","200","Representative browser checks recorded separately","PASS","","NOT DEPLOYED / UNVERIFIED"
"page","/service-areas/missouri/central-missouri/","Central Missouri, Missouri Accessible Commercial Site ADA Shower and Restroom Combination Trailer Leasing","true","ada-combination","client-labelled-ada-reference","/images/catalog/restroom-trailers-960.webp","0","1","Previous gallery used non-ADA combination units for an ADA title.","Replaced pooled selection with a single verified title-matched model; shared carousel and full-image controls.","false","","PASS","200","Representative browser checks recorded separately","PASS","","NOT DEPLOYED / UNVERIFIED"
"page","/service-areas/missouri/central-missouri/cities/","Central Missouri, Missouri Facility Rental Locations","false","unspecified","","","0","0","","Restored original navigation layout; no photo section is intended or missing.","false","","PASS","200","Representative browser checks recorded separately","PASS","","NOT DEPLOYED / UNVERIFIED"
"page","/service-areas/missouri/kansas-city-area/","Kansas City area, Missouri Institutional Facility Shower and Restroom Combination Trailer For Rent","true","shower-restroom-combination","model-10","/media/equipment-drive/luxury-shower-restroom-combination-trailers/22ft-luxury-shower-restroom-combination-trailer-6-stalls/luxury-6-stall-shower-restroom-trailer-entry-steps.png | /media/equipment-drive/luxury-shower-restroom-combination-trailers/22ft-luxury-shower-restroom-combination-trailer-6-stalls/luxury-shower-restroom-trailer-sink-vanity-interior.png | /media/equipment-drive/luxury-shower-restroom-combination-trailers/22ft-luxury-shower-restroom-combination-trailer-6-stalls/22ft-6-stall-shower-restroom-trailer-exterior.png | /media/equipment-drive/luxury-shower-restroom-combination-trailers/22ft-luxury-shower-restroom-combination-trailer-6-stalls/22ft-luxury-shower-restroom-combination-trailer-6-stall-exterior.png | /media/equipment-drive/luxury-shower-restroom-combination-trailers/22ft-luxury-shower-restroom-combination-trailer-6-stalls/luxury-shower-restroom-trailer-private-shower-stall.png","2","3","Previous gallery combined different sizes/stall configurations.","Replaced pooled selection with a single verified title-matched model; shared carousel and full-image controls.","false","","PASS","200","Representative browser checks recorded separately","PASS","","NOT DEPLOYED / UNVERIFIED"
"page","/service-areas/missouri/kansas-city-area/cities/","Kansas City area, Missouri Facility Rental Locations","false","unspecified","","","0","0","","Restored original navigation layout; no photo section is intended or missing.","false","","PASS","200","Representative browser checks recorded separately","PASS","","NOT DEPLOYED / UNVERIFIED"
"page","/service-areas/missouri/northwest-missouri/","Northwest Missouri, Missouri Emergency Basecamp Shower Trailer Rental","true","shower-trailer","model-21","/media/equipment-drive/shower-trailers/20-ft-shower-trailer-5-stalls-with-handwashing-sink/mobile-shower-trailer-wash-station.png | /media/equipment-drive/shower-trailers/20-ft-shower-trailer-5-stalls-with-handwashing-sink/multi-station-shower-trailer-exterior.png | /media/equipment-drive/shower-trailers/20-ft-shower-trailer-5-stalls-with-handwashing-sink/private-shower-trailer-stall-interior.png | /media/equipment-drive/shower-trailers/20-ft-shower-trailer-5-stalls-with-handwashing-sink/shower-trailer-exterior-with-private-shower-stall.png | /media/equipment-drive/shower-trailers/20-ft-shower-trailer-5-stalls-with-handwashing-sink/shower-trailer-rear-exterior-view.png | /media/equipment-drive/shower-trailers/20-ft-shower-trailer-5-stalls-with-handwashing-sink/shower-trailer-sink-and-mirror-area.png","1","5","Previous shower gallery mixed shower containers with shower trailers.","Replaced pooled selection with a single verified title-matched model; shared carousel and full-image controls.","false","","PASS","200","Representative browser checks recorded separately","PASS","","NOT DEPLOYED / UNVERIFIED"
"page","/service-areas/missouri/northwest-missouri/cities/","Northwest Missouri, Missouri Facility Rental Locations","false","unspecified","","","0","0","","Restored original navigation layout; no photo section is intended or missing.","false","","PASS","200","Representative browser checks recorded separately","PASS","","NOT DEPLOYED / UNVERIFIED"
"page","/service-areas/missouri/ozarks/","Ozarks, Missouri Workforce Camp Laundry Temporary Facilities Long-Term Rental","true","laundry-unspecified","","/media/equipment-drive/laundry-trailers-and-containers/30ft-laundry-trailer-10-washer-dryer/mobile-laundry-trailer-commercial-washers-dryers.png | /media/equipment-drive/laundry-trailers-and-containers/20ft-laundry-container/Laundry Container 7 units 1.png | /media/equipment-drive/laundry-trailers-and-containers/20ft-laundry-container/Laundry Container 7 units 2.png | /media/equipment-drive/laundry-trailers-and-containers/20ft-laundry-container/Laundry Container 7units.png","4","0","Previous laundry gallery mixed trailer and container form factors.","Replaced pooled selection with a single verified title-matched model; shared carousel and full-image controls.","false","","PASS","200","Representative browser checks recorded separately","PASS","","NOT DEPLOYED / UNVERIFIED"
"page","/service-areas/missouri/ozarks/cities/","Ozarks, Missouri Facility Rental Locations","false","unspecified","","","0","0","","Restored original navigation layout; no photo section is intended or missing.","false","","PASS","200","Representative browser checks recorded separately","PASS","","NOT DEPLOYED / UNVERIFIED"
"page","/service-areas/missouri/southeast-missouri/","Southeast Missouri, Missouri Commercial Food Service Commercial Kitchen Modular Building For Rent","true","kitchen-modular","","","0","0","Previous gallery supplied kitchen trailers for a modular-building title.","Removed unsafe/ambiguous fallback, or added explicit verified-photography pending state.","true","No matching verified photography exists for the title's equipment/configuration.","PASS","200","Representative browser checks recorded separately","PASS","","NOT DEPLOYED / UNVERIFIED"
"page","/service-areas/missouri/southeast-missouri/cities/","Southeast Missouri, Missouri Facility Rental Locations","false","unspecified","","","0","0","","Restored original navigation layout; no photo section is intended or missing.","false","","PASS","200","Representative browser checks recorded separately","PASS","","NOT DEPLOYED / UNVERIFIED"
"page","/service-areas/missouri/st-louis-area/","St. Louis area, Missouri Construction Project Kitchen Emergency Trailer Rental","true","mobile-kitchen","model-12","/media/equipment-drive/mobile-kitchens/24ft-mobile-kitchen/portable-commercial-kitchen-trailer-interior.png | /media/equipment-drive/mobile-kitchens/24ft-mobile-kitchen/mobile-commercial-kitchen-entry-view.png | /media/equipment-drive/mobile-kitchens/24ft-mobile-kitchen/mobile-kitchen-trailer-prep-counter.png | /media/equipment-drive/mobile-kitchens/24ft-mobile-kitchen/commercial-six-burner-gas-range.png | /media/equipment-drive/mobile-kitchens/24ft-mobile-kitchen/mobile-kitchen-trailer-exterior-service-window.png","4","1","Previous gallery pooled standard, bulk and combination kitchens of different sizes.","Replaced pooled selection with a single verified title-matched model; shared carousel and full-image controls.","false","","PASS","200","Representative browser checks recorded separately","PASS","","NOT DEPLOYED / UNVERIFIED"
"page","/service-areas/missouri/st-louis-area/cities/","St. Louis area, Missouri Facility Rental Locations","false","unspecified","","","0","0","","Restored original navigation layout; no photo section is intended or missing.","false","","PASS","200","Representative browser checks recorded separately","PASS","","NOT DEPLOYED / UNVERIFIED"
"page","/service-areas/montana/","Montana Commercial Food Service Commercial Kitchen Modular Building For Rent","true","kitchen-modular","","","0","0","Previous gallery supplied kitchen trailers for a modular-building title.","Removed unsafe/ambiguous fallback, or added explicit verified-photography pending state.","true","No matching verified photography exists for the title's equipment/configuration.","PASS","200","Representative browser checks recorded separately","PASS","","NOT DEPLOYED / UNVERIFIED"
"page","/service-areas/montana/central-montana/","Central Montana, Montana Workforce Housing Sleeper Bunk-Bed Facility Leasing","true","sleeper-trailer","april-two-stall-sleeper","/media/equipment-drive/sleeper-and-accommodation/sleeper-trailer-2-stalls/sleeper-trailer-2-stall-bunk-bed-interior.png | /media/equipment-drive/sleeper-and-accommodation/sleeper-trailer-2-stalls/sleeper-trailer-2-stall-sleeping-room.png","2","0","Previous multi-image sleeper gallery lacked reliable image-to-configuration association.","Replaced pooled selection with a single verified title-matched model; shared carousel and full-image controls.","false","","PASS","200","Representative browser checks recorded separately","PASS","","NOT DEPLOYED / UNVERIFIED"
"page","/service-areas/montana/central-montana/cities/","Central Montana, Montana Facility Rental Locations","false","unspecified","","","0","0","","Restored original navigation layout; no photo section is intended or missing.","false","","PASS","200","Representative browser checks recorded separately","PASS","","NOT DEPLOYED / UNVERIFIED"
"page","/service-areas/montana/glacier-country/","Glacier Country, Montana Commercial Food Service Commercial Kitchen Modular Building For Rent","true","kitchen-modular","","","0","0","Previous gallery supplied kitchen trailers for a modular-building title.","Removed unsafe/ambiguous fallback, or added explicit verified-photography pending state.","true","No matching verified photography exists for the title's equipment/configuration.","PASS","200","Representative browser checks recorded separately","PASS","","NOT DEPLOYED / UNVERIFIED"
"page","/service-areas/montana/glacier-country/cities/","Glacier Country, Montana Facility Rental Locations","false","unspecified","","","0","0","","Restored original navigation layout; no photo section is intended or missing.","false","","PASS","200","Representative browser checks recorded separately","PASS","","NOT DEPLOYED / UNVERIFIED"
"page","/service-areas/montana/missouri-river-country/","Missouri River Country, Montana Emergency Basecamp Shower Trailer Rental","true","shower-trailer","model-21","/media/equipment-drive/shower-trailers/20-ft-shower-trailer-5-stalls-with-handwashing-sink/mobile-shower-trailer-wash-station.png | /media/equipment-drive/shower-trailers/20-ft-shower-trailer-5-stalls-with-handwashing-sink/multi-station-shower-trailer-exterior.png | /media/equipment-drive/shower-trailers/20-ft-shower-trailer-5-stalls-with-handwashing-sink/private-shower-trailer-stall-interior.png | /media/equipment-drive/shower-trailers/20-ft-shower-trailer-5-stalls-with-handwashing-sink/shower-trailer-exterior-with-private-shower-stall.png | /media/equipment-drive/shower-trailers/20-ft-shower-trailer-5-stalls-with-handwashing-sink/shower-trailer-rear-exterior-view.png | /media/equipment-drive/shower-trailers/20-ft-shower-trailer-5-stalls-with-handwashing-sink/shower-trailer-sink-and-mirror-area.png","1","5","Previous shower gallery mixed shower containers with shower trailers.","Replaced pooled selection with a single verified title-matched model; shared carousel and full-image controls.","false","","PASS","200","Representative browser checks recorded separately","PASS","","NOT DEPLOYED / UNVERIFIED"
"page","/service-areas/montana/missouri-river-country/cities/","Missouri River Country, Montana Facility Rental Locations","false","unspecified","","","0","0","","Restored original navigation layout; no photo section is intended or missing.","false","","PASS","200","Representative browser checks recorded separately","PASS","","NOT DEPLOYED / UNVERIFIED"
"page","/service-areas/montana/southeast-montana/","Southeast Montana, Montana Institutional Facility Shower and Restroom Combination Trailer For Rent","true","shower-restroom-combination","model-10","/media/equipment-drive/luxury-shower-restroom-combination-trailers/22ft-luxury-shower-restroom-combination-trailer-6-stalls/luxury-6-stall-shower-restroom-trailer-entry-steps.png | /media/equipment-drive/luxury-shower-restroom-combination-trailers/22ft-luxury-shower-restroom-combination-trailer-6-stalls/luxury-shower-restroom-trailer-sink-vanity-interior.png | /media/equipment-drive/luxury-shower-restroom-combination-trailers/22ft-luxury-shower-restroom-combination-trailer-6-stalls/22ft-6-stall-shower-restroom-trailer-exterior.png | /media/equipment-drive/luxury-shower-restroom-combination-trailers/22ft-luxury-shower-restroom-combination-trailer-6-stalls/22ft-luxury-shower-restroom-combination-trailer-6-stall-exterior.png | /media/equipment-drive/luxury-shower-restroom-combination-trailers/22ft-luxury-shower-restroom-combination-trailer-6-stalls/luxury-shower-restroom-trailer-private-shower-stall.png","2","3","Previous gallery combined different sizes/stall configurations.","Replaced pooled selection with a single verified title-matched model; shared carousel and full-image controls.","false","","PASS","200","Representative browser checks recorded separately","PASS","","NOT DEPLOYED / UNVERIFIED"
"page","/service-areas/montana/southeast-montana/cities/","Southeast Montana, Montana Facility Rental Locations","false","unspecified","","","0","0","","Restored original navigation layout; no photo section is intended or missing.","false","","PASS","200","Representative browser checks recorded separately","PASS","","NOT DEPLOYED / UNVERIFIED"
"page","/service-areas/montana/yellowstone-country/","Yellowstone Country, Montana Remote Operations Man Camp Temporary Facilities Rental","true","unspecified","","/media/equipment-drive/sleeper-and-accommodation/20ft-accommodation-contractor/20ft-accommodation-unit-bunk-bed-interior.png | /media/equipment-drive/sleeper-and-accommodation/20ft-accommodation-contractor/20ft-mobile-accommodation-bunk-room-interior.png | /media/equipment-drive/sleeper-and-accommodation/20ft-accommodation-contractor/20ft-accommodation-unit-exterior-side-view.png | /media/equipment-drive/sleeper-and-accommodation/20ft-accommodation-contractor/20ft-portable-accommodation-unit-base-camp.png | /media/equipment-drive/mobile-kitchens/24ft-mobile-kitchen/portable-commercial-kitchen-trailer-interior.png | /media/equipment-drive/mobile-kitchens/24ft-mobile-kitchen/mobile-commercial-kitchen-entry-view.png | /media/equipment-drive/mobile-kitchens/24ft-mobile-kitchen/mobile-kitchen-trailer-prep-counter.png | /media/equipment-drive/mobile-kitchens/24ft-mobile-kitchen/commercial-six-burner-gas-range.png | /media/equipment-drive/mobile-kitchens/24ft-mobile-kitchen/mobile-kitchen-trailer-exterior-service-window.png | /media/equipment-drive/shower-trailers/20-ft-shower-trailer-5-stalls-with-handwashing-sink/mobile-shower-trailer-wash-station.png | /media/equipment-drive/shower-trailers/20-ft-shower-trailer-5-stalls-with-handwashing-sink/multi-station-shower-trailer-exterior.png | /media/equipment-drive/shower-trailers/20-ft-shower-trailer-5-stalls-with-handwashing-sink/private-shower-trailer-stall-interior.png | /media/equipment-drive/shower-trailers/20-ft-shower-trailer-5-stalls-with-handwashing-sink/shower-trailer-exterior-with-private-shower-stall.png | /media/equipment-drive/shower-trailers/20-ft-shower-trailer-5-stalls-with-handwashing-sink/shower-trailer-rear-exterior-view.png | /media/equipment-drive/shower-trailers/20-ft-shower-trailer-5-stalls-with-handwashing-sink/shower-trailer-sink-and-mirror-area.png","7","8","Previous fallback displayed mixed equipment despite an unspecified title.","Replaced pooled selection with a single verified title-matched model; shared carousel and full-image controls.","false","","PASS","200","Representative browser checks recorded separately","PASS","","NOT DEPLOYED / UNVERIFIED"
"page","/service-areas/montana/yellowstone-country/cities/","Yellowstone Country, Montana Facility Rental Locations","false","unspecified","","","0","0","","Restored original navigation layout; no photo section is intended or missing.","false","","PASS","200","Representative browser checks recorded separately","PASS","","NOT DEPLOYED / UNVERIFIED"
"page","/service-areas/nebraska/","Nebraska Workforce Housing Sleeper Bunk-Bed Facility Leasing","true","sleeper-trailer","april-two-stall-sleeper","/media/equipment-drive/sleeper-and-accommodation/sleeper-trailer-2-stalls/sleeper-trailer-2-stall-bunk-bed-interior.png | /media/equipment-drive/sleeper-and-accommodation/sleeper-trailer-2-stalls/sleeper-trailer-2-stall-sleeping-room.png","2","0","Previous multi-image sleeper gallery lacked reliable image-to-configuration association.","Replaced pooled selection with a single verified title-matched model; shared carousel and full-image controls.","false","","PASS","200","Representative browser checks recorded separately","PASS","","NOT DEPLOYED / UNVERIFIED"
"page","/service-areas/nebraska/central-nebraska/","Central Nebraska, Nebraska Emergency Basecamp Shower Trailer Rental","true","shower-trailer","model-21","/media/equipment-drive/shower-trailers/20-ft-shower-trailer-5-stalls-with-handwashing-sink/mobile-shower-trailer-wash-station.png | /media/equipment-drive/shower-trailers/20-ft-shower-trailer-5-stalls-with-handwashing-sink/multi-station-shower-trailer-exterior.png | /media/equipment-drive/shower-trailers/20-ft-shower-trailer-5-stalls-with-handwashing-sink/private-shower-trailer-stall-interior.png | /media/equipment-drive/shower-trailers/20-ft-shower-trailer-5-stalls-with-handwashing-sink/shower-trailer-exterior-with-private-shower-stall.png | /media/equipment-drive/shower-trailers/20-ft-shower-trailer-5-stalls-with-handwashing-sink/shower-trailer-rear-exterior-view.png | /media/equipment-drive/shower-trailers/20-ft-shower-trailer-5-stalls-with-handwashing-sink/shower-trailer-sink-and-mirror-area.png","1","5","Previous shower gallery mixed shower containers with shower trailers.","Replaced pooled selection with a single verified title-matched model; shared carousel and full-image controls.","false","","PASS","200","Representative browser checks recorded separately","PASS","","NOT DEPLOYED / UNVERIFIED"
"page","/service-areas/nebraska/central-nebraska/cities/","Central Nebraska, Nebraska Facility Rental Locations","false","unspecified","","","0","0","","Restored original navigation layout; no photo section is intended or missing.","false","","PASS","200","Representative browser checks recorded separately","PASS","","NOT DEPLOYED / UNVERIFIED"
"page","/service-areas/nebraska/lincoln-and-omaha-corridor/","Lincoln and Omaha corridor, Nebraska Accessible Commercial Site ADA Shower and Restroom Combination Trailer Leasing","true","ada-combination","client-labelled-ada-reference","/images/catalog/restroom-trailers-960.webp","0","1","Previous gallery used non-ADA combination units for an ADA title.","Replaced pooled selection with a single verified title-matched model; shared carousel and full-image controls.","false","","PASS","200","Representative browser checks recorded separately","PASS","","NOT DEPLOYED / UNVERIFIED"
"page","/service-areas/nebraska/lincoln-and-omaha-corridor/cities/","Lincoln and Omaha corridor, Nebraska Facility Rental Locations","false","unspecified","","","0","0","","Restored original navigation layout; no photo section is intended or missing.","false","","PASS","200","Representative browser checks recorded separately","PASS","","NOT DEPLOYED / UNVERIFIED"
"page","/service-areas/nebraska/northeast-nebraska/","Northeast Nebraska, Nebraska Institutional Facility Shower and Restroom Combination Trailer For Rent","true","shower-restroom-combination","model-10","/media/equipment-drive/luxury-shower-restroom-combination-trailers/22ft-luxury-shower-restroom-combination-trailer-6-stalls/luxury-6-stall-shower-restroom-trailer-entry-steps.png | /media/equipment-drive/luxury-shower-restroom-combination-trailers/22ft-luxury-shower-restroom-combination-trailer-6-stalls/luxury-shower-restroom-trailer-sink-vanity-interior.png | /media/equipment-drive/luxury-shower-restroom-combination-trailers/22ft-luxury-shower-restroom-combination-trailer-6-stalls/22ft-6-stall-shower-restroom-trailer-exterior.png | /media/equipment-drive/luxury-shower-restroom-combination-trailers/22ft-luxury-shower-restroom-combination-trailer-6-stalls/22ft-luxury-shower-restroom-combination-trailer-6-stall-exterior.png | /media/equipment-drive/luxury-shower-restroom-combination-trailers/22ft-luxury-shower-restroom-combination-trailer-6-stalls/luxury-shower-restroom-trailer-private-shower-stall.png","2","3","Previous gallery combined different sizes/stall configurations.","Replaced pooled selection with a single verified title-matched model; shared carousel and full-image controls.","false","","PASS","200","Representative browser checks recorded separately","PASS","","NOT DEPLOYED / UNVERIFIED"
"page","/service-areas/nebraska/northeast-nebraska/cities/","Northeast Nebraska, Nebraska Facility Rental Locations","false","unspecified","","","0","0","","Restored original navigation layout; no photo section is intended or missing.","false","","PASS","200","Representative browser checks recorded separately","PASS","","NOT DEPLOYED / UNVERIFIED"
"page","/service-areas/nebraska/panhandle/","Panhandle, Nebraska Workforce Housing Sleeper Bunk-Bed Facility Leasing","true","sleeper-trailer","april-two-stall-sleeper","/media/equipment-drive/sleeper-and-accommodation/sleeper-trailer-2-stalls/sleeper-trailer-2-stall-bunk-bed-interior.png | /media/equipment-drive/sleeper-and-accommodation/sleeper-trailer-2-stalls/sleeper-trailer-2-stall-sleeping-room.png","2","0","Previous multi-image sleeper gallery lacked reliable image-to-configuration association.","Replaced pooled selection with a single verified title-matched model; shared carousel and full-image controls.","false","","PASS","200","Representative browser checks recorded separately","PASS","","NOT DEPLOYED / UNVERIFIED"
"page","/service-areas/nebraska/panhandle/cities/","Panhandle, Nebraska Facility Rental Locations","false","unspecified","","","0","0","","Restored original navigation layout; no photo section is intended or missing.","false","","PASS","200","Representative browser checks recorded separately","PASS","","NOT DEPLOYED / UNVERIFIED"
"page","/service-areas/nebraska/sandhills/","Sandhills, Nebraska Remote Operations Man Camp Temporary Facilities Rental","true","unspecified","","/media/equipment-drive/sleeper-and-accommodation/20ft-accommodation-contractor/20ft-accommodation-unit-bunk-bed-interior.png | /media/equipment-drive/sleeper-and-accommodation/20ft-accommodation-contractor/20ft-mobile-accommodation-bunk-room-interior.png | /media/equipment-drive/sleeper-and-accommodation/20ft-accommodation-contractor/20ft-accommodation-unit-exterior-side-view.png | /media/equipment-drive/sleeper-and-accommodation/20ft-accommodation-contractor/20ft-portable-accommodation-unit-base-camp.png | /media/equipment-drive/mobile-kitchens/24ft-mobile-kitchen/portable-commercial-kitchen-trailer-interior.png | /media/equipment-drive/mobile-kitchens/24ft-mobile-kitchen/mobile-commercial-kitchen-entry-view.png | /media/equipment-drive/mobile-kitchens/24ft-mobile-kitchen/mobile-kitchen-trailer-prep-counter.png | /media/equipment-drive/mobile-kitchens/24ft-mobile-kitchen/commercial-six-burner-gas-range.png | /media/equipment-drive/mobile-kitchens/24ft-mobile-kitchen/mobile-kitchen-trailer-exterior-service-window.png | /media/equipment-drive/shower-trailers/20-ft-shower-trailer-5-stalls-with-handwashing-sink/mobile-shower-trailer-wash-station.png | /media/equipment-drive/shower-trailers/20-ft-shower-trailer-5-stalls-with-handwashing-sink/multi-station-shower-trailer-exterior.png | /media/equipment-drive/shower-trailers/20-ft-shower-trailer-5-stalls-with-handwashing-sink/private-shower-trailer-stall-interior.png | /media/equipment-drive/shower-trailers/20-ft-shower-trailer-5-stalls-with-handwashing-sink/shower-trailer-exterior-with-private-shower-stall.png | /media/equipment-drive/shower-trailers/20-ft-shower-trailer-5-stalls-with-handwashing-sink/shower-trailer-rear-exterior-view.png | /media/equipment-drive/shower-trailers/20-ft-shower-trailer-5-stalls-with-handwashing-sink/shower-trailer-sink-and-mirror-area.png","7","8","Previous fallback displayed mixed equipment despite an unspecified title.","Replaced pooled selection with a single verified title-matched model; shared carousel and full-image controls.","false","","PASS","200","Representative browser checks recorded separately","PASS","","NOT DEPLOYED / UNVERIFIED"
"page","/service-areas/nebraska/sandhills/cities/","Sandhills, Nebraska Facility Rental Locations","false","unspecified","","","0","0","","Restored original navigation layout; no photo section is intended or missing.","false","","PASS","200","Representative browser checks recorded separately","PASS","","NOT DEPLOYED / UNVERIFIED"
"page","/service-areas/nevada/","Nevada Workforce Housing Sleeper Bunk-Bed Facility Leasing","true","sleeper-trailer","april-two-stall-sleeper","/media/equipment-drive/sleeper-and-accommodation/sleeper-trailer-2-stalls/sleeper-trailer-2-stall-bunk-bed-interior.png | /media/equipment-drive/sleeper-and-accommodation/sleeper-trailer-2-stalls/sleeper-trailer-2-stall-sleeping-room.png","2","0","Previous multi-image sleeper gallery lacked reliable image-to-configuration association.","Replaced pooled selection with a single verified title-matched model; shared carousel and full-image controls.","false","","PASS","200","Representative browser checks recorded separately","PASS","","NOT DEPLOYED / UNVERIFIED"
"page","/service-areas/nevada/central-nevada/","Central Nevada, Nevada Emergency Basecamp Shower Trailer Rental","true","shower-trailer","model-21","/media/equipment-drive/shower-trailers/20-ft-shower-trailer-5-stalls-with-handwashing-sink/mobile-shower-trailer-wash-station.png | /media/equipment-drive/shower-trailers/20-ft-shower-trailer-5-stalls-with-handwashing-sink/multi-station-shower-trailer-exterior.png | /media/equipment-drive/shower-trailers/20-ft-shower-trailer-5-stalls-with-handwashing-sink/private-shower-trailer-stall-interior.png | /media/equipment-drive/shower-trailers/20-ft-shower-trailer-5-stalls-with-handwashing-sink/shower-trailer-exterior-with-private-shower-stall.png | /media/equipment-drive/shower-trailers/20-ft-shower-trailer-5-stalls-with-handwashing-sink/shower-trailer-rear-exterior-view.png | /media/equipment-drive/shower-trailers/20-ft-shower-trailer-5-stalls-with-handwashing-sink/shower-trailer-sink-and-mirror-area.png","1","5","Previous shower gallery mixed shower containers with shower trailers.","Replaced pooled selection with a single verified title-matched model; shared carousel and full-image controls.","false","","PASS","200","Representative browser checks recorded separately","PASS","","NOT DEPLOYED / UNVERIFIED"
"page","/service-areas/nevada/central-nevada/cities/","Central Nevada, Nevada Facility Rental Locations","false","unspecified","","","0","0","","Restored original navigation layout; no photo section is intended or missing.","false","","PASS","200","Representative browser checks recorded separately","PASS","","NOT DEPLOYED / UNVERIFIED"
"page","/service-areas/nevada/las-vegas-valley/","Las Vegas Valley, Nevada Institutional Facility Shower and Restroom Combination Trailer For Rent","true","shower-restroom-combination","model-10","/media/equipment-drive/luxury-shower-restroom-combination-trailers/22ft-luxury-shower-restroom-combination-trailer-6-stalls/luxury-6-stall-shower-restroom-trailer-entry-steps.png | /media/equipment-drive/luxury-shower-restroom-combination-trailers/22ft-luxury-shower-restroom-combination-trailer-6-stalls/luxury-shower-restroom-trailer-sink-vanity-interior.png | /media/equipment-drive/luxury-shower-restroom-combination-trailers/22ft-luxury-shower-restroom-combination-trailer-6-stalls/22ft-6-stall-shower-restroom-trailer-exterior.png | /media/equipment-drive/luxury-shower-restroom-combination-trailers/22ft-luxury-shower-restroom-combination-trailer-6-stalls/22ft-luxury-shower-restroom-combination-trailer-6-stall-exterior.png | /media/equipment-drive/luxury-shower-restroom-combination-trailers/22ft-luxury-shower-restroom-combination-trailer-6-stalls/luxury-shower-restroom-trailer-private-shower-stall.png","2","3","Previous gallery combined different sizes/stall configurations.","Replaced pooled selection with a single verified title-matched model; shared carousel and full-image controls.","false","","PASS","200","Representative browser checks recorded separately","PASS","","NOT DEPLOYED / UNVERIFIED"
"page","/service-areas/nevada/las-vegas-valley/cities/","Las Vegas Valley, Nevada Facility Rental Locations","false","unspecified","","","0","0","","Restored original navigation layout; no photo section is intended or missing.","false","","PASS","200","Representative browser checks recorded separately","PASS","","NOT DEPLOYED / UNVERIFIED"
"page","/service-areas/nevada/northern-nevada/","Northern Nevada, Nevada Workforce Housing Sleeper Bunk-Bed Facility Leasing","true","sleeper-trailer","april-two-stall-sleeper","/media/equipment-drive/sleeper-and-accommodation/sleeper-trailer-2-stalls/sleeper-trailer-2-stall-bunk-bed-interior.png | /media/equipment-drive/sleeper-and-accommodation/sleeper-trailer-2-stalls/sleeper-trailer-2-stall-sleeping-room.png","2","0","Previous multi-image sleeper gallery lacked reliable image-to-configuration association.","Replaced pooled selection with a single verified title-matched model; shared carousel and full-image controls.","false","","PASS","200","Representative browser checks recorded separately","PASS","","NOT DEPLOYED / UNVERIFIED"
"page","/service-areas/nevada/northern-nevada/cities/","Northern Nevada, Nevada Facility Rental Locations","false","unspecified","","","0","0","","Restored original navigation layout; no photo section is intended or missing.","false","","PASS","200","Representative browser checks recorded separately","PASS","","NOT DEPLOYED / UNVERIFIED"
"page","/service-areas/nevada/reno-tahoe/","Reno Tahoe, Nevada Remote Operations Man Camp Temporary Facilities Rental","true","unspecified","","/media/equipment-drive/sleeper-and-accommodation/20ft-accommodation-contractor/20ft-accommodation-unit-bunk-bed-interior.png | /media/equipment-drive/sleeper-and-accommodation/20ft-accommodation-contractor/20ft-mobile-accommodation-bunk-room-interior.png | /media/equipment-drive/sleeper-and-accommodation/20ft-accommodation-contractor/20ft-accommodation-unit-exterior-side-view.png | /media/equipment-drive/sleeper-and-accommodation/20ft-accommodation-contractor/20ft-portable-accommodation-unit-base-camp.png | /media/equipment-drive/mobile-kitchens/24ft-mobile-kitchen/portable-commercial-kitchen-trailer-interior.png | /media/equipment-drive/mobile-kitchens/24ft-mobile-kitchen/mobile-commercial-kitchen-entry-view.png | /media/equipment-drive/mobile-kitchens/24ft-mobile-kitchen/mobile-kitchen-trailer-prep-counter.png | /media/equipment-drive/mobile-kitchens/24ft-mobile-kitchen/commercial-six-burner-gas-range.png | /media/equipment-drive/mobile-kitchens/24ft-mobile-kitchen/mobile-kitchen-trailer-exterior-service-window.png | /media/equipment-drive/shower-trailers/20-ft-shower-trailer-5-stalls-with-handwashing-sink/mobile-shower-trailer-wash-station.png | /media/equipment-drive/shower-trailers/20-ft-shower-trailer-5-stalls-with-handwashing-sink/multi-station-shower-trailer-exterior.png | /media/equipment-drive/shower-trailers/20-ft-shower-trailer-5-stalls-with-handwashing-sink/private-shower-trailer-stall-interior.png | /media/equipment-drive/shower-trailers/20-ft-shower-trailer-5-stalls-with-handwashing-sink/shower-trailer-exterior-with-private-shower-stall.png | /media/equipment-drive/shower-trailers/20-ft-shower-trailer-5-stalls-with-handwashing-sink/shower-trailer-rear-exterior-view.png | /media/equipment-drive/shower-trailers/20-ft-shower-trailer-5-stalls-with-handwashing-sink/shower-trailer-sink-and-mirror-area.png","7","8","Previous fallback displayed mixed equipment despite an unspecified title.","Replaced pooled selection with a single verified title-matched model; shared carousel and full-image controls.","false","","PASS","200","Representative browser checks recorded separately","PASS","","NOT DEPLOYED / UNVERIFIED"
"page","/service-areas/nevada/reno-tahoe/cities/","Reno Tahoe, Nevada Facility Rental Locations","false","unspecified","","","0","0","","Restored original navigation layout; no photo section is intended or missing.","false","","PASS","200","Representative browser checks recorded separately","PASS","","NOT DEPLOYED / UNVERIFIED"
"page","/service-areas/nevada/southern-nevada/","Southern Nevada, Nevada Accessible Commercial Site ADA Shower and Restroom Combination Trailer Leasing","true","ada-combination","client-labelled-ada-reference","/images/catalog/restroom-trailers-960.webp","0","1","Previous gallery used non-ADA combination units for an ADA title.","Replaced pooled selection with a single verified title-matched model; shared carousel and full-image controls.","false","","PASS","200","Representative browser checks recorded separately","PASS","","NOT DEPLOYED / UNVERIFIED"
"page","/service-areas/nevada/southern-nevada/cities/","Southern Nevada, Nevada Facility Rental Locations","false","unspecified","","","0","0","","Restored original navigation layout; no photo section is intended or missing.","false","","PASS","200","Representative browser checks recorded separately","PASS","","NOT DEPLOYED / UNVERIFIED"
"page","/service-areas/new-hampshire/","New Hampshire Construction Project Kitchen Emergency Trailer Rental","true","mobile-kitchen","model-12","/media/equipment-drive/mobile-kitchens/24ft-mobile-kitchen/portable-commercial-kitchen-trailer-interior.png | /media/equipment-drive/mobile-kitchens/24ft-mobile-kitchen/mobile-commercial-kitchen-entry-view.png | /media/equipment-drive/mobile-kitchens/24ft-mobile-kitchen/mobile-kitchen-trailer-prep-counter.png | /media/equipment-drive/mobile-kitchens/24ft-mobile-kitchen/commercial-six-burner-gas-range.png | /media/equipment-drive/mobile-kitchens/24ft-mobile-kitchen/mobile-kitchen-trailer-exterior-service-window.png","4","1","Previous gallery pooled standard, bulk and combination kitchens of different sizes.","Replaced pooled selection with a single verified title-matched model; shared carousel and full-image controls.","false","","PASS","200","Representative browser checks recorded separately","PASS","","NOT DEPLOYED / UNVERIFIED"
"page","/service-areas/new-hampshire/dartmouth-lake-sunapee/","Dartmouth Lake Sunapee, New Hampshire Remote Operations Man Camp Temporary Facilities Rental","true","unspecified","","/media/equipment-drive/sleeper-and-accommodation/20ft-accommodation-contractor/20ft-accommodation-unit-bunk-bed-interior.png | /media/equipment-drive/sleeper-and-accommodation/20ft-accommodation-contractor/20ft-mobile-accommodation-bunk-room-interior.png | /media/equipment-drive/sleeper-and-accommodation/20ft-accommodation-contractor/20ft-accommodation-unit-exterior-side-view.png | /media/equipment-drive/sleeper-and-accommodation/20ft-accommodation-contractor/20ft-portable-accommodation-unit-base-camp.png | /media/equipment-drive/mobile-kitchens/24ft-mobile-kitchen/portable-commercial-kitchen-trailer-interior.png | /media/equipment-drive/mobile-kitchens/24ft-mobile-kitchen/mobile-commercial-kitchen-entry-view.png | /media/equipment-drive/mobile-kitchens/24ft-mobile-kitchen/mobile-kitchen-trailer-prep-counter.png | /media/equipment-drive/mobile-kitchens/24ft-mobile-kitchen/commercial-six-burner-gas-range.png | /media/equipment-drive/mobile-kitchens/24ft-mobile-kitchen/mobile-kitchen-trailer-exterior-service-window.png | /media/equipment-drive/shower-trailers/20-ft-shower-trailer-5-stalls-with-handwashing-sink/mobile-shower-trailer-wash-station.png | /media/equipment-drive/shower-trailers/20-ft-shower-trailer-5-stalls-with-handwashing-sink/multi-station-shower-trailer-exterior.png | /media/equipment-drive/shower-trailers/20-ft-shower-trailer-5-stalls-with-handwashing-sink/private-shower-trailer-stall-interior.png | /media/equipment-drive/shower-trailers/20-ft-shower-trailer-5-stalls-with-handwashing-sink/shower-trailer-exterior-with-private-shower-stall.png | /media/equipment-drive/shower-trailers/20-ft-shower-trailer-5-stalls-with-handwashing-sink/shower-trailer-rear-exterior-view.png | /media/equipment-drive/shower-trailers/20-ft-shower-trailer-5-stalls-with-handwashing-sink/shower-trailer-sink-and-mirror-area.png","7","8","Previous fallback displayed mixed equipment despite an unspecified title.","Replaced pooled selection with a single verified title-matched model; shared carousel and full-image controls.","false","","PASS","200","Representative browser checks recorded separately","PASS","","NOT DEPLOYED / UNVERIFIED"
"page","/service-areas/new-hampshire/dartmouth-lake-sunapee/cities/","Dartmouth Lake Sunapee, New Hampshire Facility Rental Locations","false","unspecified","","","0","0","","Restored original navigation layout; no photo section is intended or missing.","false","","PASS","200","Representative browser checks recorded separately","PASS","","NOT DEPLOYED / UNVERIFIED"
"page","/service-areas/new-hampshire/great-north-woods/","Great North Woods, New Hampshire Construction Project Kitchen Emergency Trailer Rental","true","mobile-kitchen","model-12","/media/equipment-drive/mobile-kitchens/24ft-mobile-kitchen/portable-commercial-kitchen-trailer-interior.png | /media/equipment-drive/mobile-kitchens/24ft-mobile-kitchen/mobile-commercial-kitchen-entry-view.png | /media/equipment-drive/mobile-kitchens/24ft-mobile-kitchen/mobile-kitchen-trailer-prep-counter.png | /media/equipment-drive/mobile-kitchens/24ft-mobile-kitchen/commercial-six-burner-gas-range.png | /media/equipment-drive/mobile-kitchens/24ft-mobile-kitchen/mobile-kitchen-trailer-exterior-service-window.png","4","1","Previous gallery pooled standard, bulk and combination kitchens of different sizes.","Replaced pooled selection with a single verified title-matched model; shared carousel and full-image controls.","false","","PASS","200","Representative browser checks recorded separately","PASS","","NOT DEPLOYED / UNVERIFIED"
"page","/service-areas/new-hampshire/great-north-woods/cities/","Great North Woods, New Hampshire Facility Rental Locations","false","unspecified","","","0","0","","Restored original navigation layout; no photo section is intended or missing.","false","","PASS","200","Representative browser checks recorded separately","PASS","","NOT DEPLOYED / UNVERIFIED"
"page","/service-areas/new-hampshire/lakes-region/","Lakes Region, New Hampshire Workforce Housing Sleeper Bunk-Bed Facility Leasing","true","sleeper-trailer","april-two-stall-sleeper","/media/equipment-drive/sleeper-and-accommodation/sleeper-trailer-2-stalls/sleeper-trailer-2-stall-bunk-bed-interior.png | /media/equipment-drive/sleeper-and-accommodation/sleeper-trailer-2-stalls/sleeper-trailer-2-stall-sleeping-room.png","2","0","Previous multi-image sleeper gallery lacked reliable image-to-configuration association.","Replaced pooled selection with a single verified title-matched model; shared carousel and full-image controls.","false","","PASS","200","Representative browser checks recorded separately","PASS","","NOT DEPLOYED / UNVERIFIED"
"page","/service-areas/new-hampshire/lakes-region/cities/","Lakes Region, New Hampshire Facility Rental Locations","false","unspecified","","","0","0","","Restored original navigation layout; no photo section is intended or missing.","false","","PASS","200","Representative browser checks recorded separately","PASS","","NOT DEPLOYED / UNVERIFIED"
"page","/service-areas/new-hampshire/merrimack-valley/","Merrimack Valley, New Hampshire Emergency Basecamp Shower Trailer Rental","true","shower-trailer","model-21","/media/equipment-drive/shower-trailers/20-ft-shower-trailer-5-stalls-with-handwashing-sink/mobile-shower-trailer-wash-station.png | /media/equipment-drive/shower-trailers/20-ft-shower-trailer-5-stalls-with-handwashing-sink/multi-station-shower-trailer-exterior.png | /media/equipment-drive/shower-trailers/20-ft-shower-trailer-5-stalls-with-handwashing-sink/private-shower-trailer-stall-interior.png | /media/equipment-drive/shower-trailers/20-ft-shower-trailer-5-stalls-with-handwashing-sink/shower-trailer-exterior-with-private-shower-stall.png | /media/equipment-drive/shower-trailers/20-ft-shower-trailer-5-stalls-with-handwashing-sink/shower-trailer-rear-exterior-view.png | /media/equipment-drive/shower-trailers/20-ft-shower-trailer-5-stalls-with-handwashing-sink/shower-trailer-sink-and-mirror-area.png","1","5","Previous shower gallery mixed shower containers with shower trailers.","Replaced pooled selection with a single verified title-matched model; shared carousel and full-image controls.","false","","PASS","200","Representative browser checks recorded separately","PASS","","NOT DEPLOYED / UNVERIFIED"
"page","/service-areas/new-hampshire/merrimack-valley/cities/","Merrimack Valley, New Hampshire Facility Rental Locations","false","unspecified","","","0","0","","Restored original navigation layout; no photo section is intended or missing.","false","","PASS","200","Representative browser checks recorded separately","PASS","","NOT DEPLOYED / UNVERIFIED"
"page","/service-areas/new-hampshire/seacoast/","Seacoast, New Hampshire Institutional Facility Shower and Restroom Combination Trailer For Rent","true","shower-restroom-combination","model-10","/media/equipment-drive/luxury-shower-restroom-combination-trailers/22ft-luxury-shower-restroom-combination-trailer-6-stalls/luxury-6-stall-shower-restroom-trailer-entry-steps.png | /media/equipment-drive/luxury-shower-restroom-combination-trailers/22ft-luxury-shower-restroom-combination-trailer-6-stalls/luxury-shower-restroom-trailer-sink-vanity-interior.png | /media/equipment-drive/luxury-shower-restroom-combination-trailers/22ft-luxury-shower-restroom-combination-trailer-6-stalls/22ft-6-stall-shower-restroom-trailer-exterior.png | /media/equipment-drive/luxury-shower-restroom-combination-trailers/22ft-luxury-shower-restroom-combination-trailer-6-stalls/22ft-luxury-shower-restroom-combination-trailer-6-stall-exterior.png | /media/equipment-drive/luxury-shower-restroom-combination-trailers/22ft-luxury-shower-restroom-combination-trailer-6-stalls/luxury-shower-restroom-trailer-private-shower-stall.png","2","3","Previous gallery combined different sizes/stall configurations.","Replaced pooled selection with a single verified title-matched model; shared carousel and full-image controls.","false","","PASS","200","Representative browser checks recorded separately","PASS","","NOT DEPLOYED / UNVERIFIED"
"page","/service-areas/new-hampshire/seacoast/cities/","Seacoast, New Hampshire Facility Rental Locations","false","unspecified","","","0","0","","Restored original navigation layout; no photo section is intended or missing.","false","","PASS","200","Representative browser checks recorded separately","PASS","","NOT DEPLOYED / UNVERIFIED"
"page","/service-areas/new-hampshire/white-mountains/","White Mountains, New Hampshire Commercial Food Service Commercial Kitchen Modular Building For Rent","true","kitchen-modular","","","0","0","Previous gallery supplied kitchen trailers for a modular-building title.","Removed unsafe/ambiguous fallback, or added explicit verified-photography pending state.","true","No matching verified photography exists for the title's equipment/configuration.","PASS","200","Representative browser checks recorded separately","PASS","","NOT DEPLOYED / UNVERIFIED"
"page","/service-areas/new-hampshire/white-mountains/cities/","White Mountains, New Hampshire Facility Rental Locations","false","unspecified","","","0","0","","Restored original navigation layout; no photo section is intended or missing.","false","","PASS","200","Representative browser checks recorded separately","PASS","","NOT DEPLOYED / UNVERIFIED"
"page","/service-areas/new-jersey/","New Jersey Remote Operations Man Camp Temporary Facilities Rental","true","unspecified","","/media/equipment-drive/sleeper-and-accommodation/20ft-accommodation-contractor/20ft-accommodation-unit-bunk-bed-interior.png | /media/equipment-drive/sleeper-and-accommodation/20ft-accommodation-contractor/20ft-mobile-accommodation-bunk-room-interior.png | /media/equipment-drive/sleeper-and-accommodation/20ft-accommodation-contractor/20ft-accommodation-unit-exterior-side-view.png | /media/equipment-drive/sleeper-and-accommodation/20ft-accommodation-contractor/20ft-portable-accommodation-unit-base-camp.png | /media/equipment-drive/mobile-kitchens/24ft-mobile-kitchen/portable-commercial-kitchen-trailer-interior.png | /media/equipment-drive/mobile-kitchens/24ft-mobile-kitchen/mobile-commercial-kitchen-entry-view.png | /media/equipment-drive/mobile-kitchens/24ft-mobile-kitchen/mobile-kitchen-trailer-prep-counter.png | /media/equipment-drive/mobile-kitchens/24ft-mobile-kitchen/commercial-six-burner-gas-range.png | /media/equipment-drive/mobile-kitchens/24ft-mobile-kitchen/mobile-kitchen-trailer-exterior-service-window.png | /media/equipment-drive/shower-trailers/20-ft-shower-trailer-5-stalls-with-handwashing-sink/mobile-shower-trailer-wash-station.png | /media/equipment-drive/shower-trailers/20-ft-shower-trailer-5-stalls-with-handwashing-sink/multi-station-shower-trailer-exterior.png | /media/equipment-drive/shower-trailers/20-ft-shower-trailer-5-stalls-with-handwashing-sink/private-shower-trailer-stall-interior.png | /media/equipment-drive/shower-trailers/20-ft-shower-trailer-5-stalls-with-handwashing-sink/shower-trailer-exterior-with-private-shower-stall.png | /media/equipment-drive/shower-trailers/20-ft-shower-trailer-5-stalls-with-handwashing-sink/shower-trailer-rear-exterior-view.png | /media/equipment-drive/shower-trailers/20-ft-shower-trailer-5-stalls-with-handwashing-sink/shower-trailer-sink-and-mirror-area.png","7","8","Previous fallback displayed mixed equipment despite an unspecified title.","Replaced pooled selection with a single verified title-matched model; shared carousel and full-image controls.","false","","PASS","200","Representative browser checks recorded separately","PASS","","NOT DEPLOYED / UNVERIFIED"
"page","/service-areas/new-jersey/central-jersey/","Central Jersey, New Jersey Institutional Facility Shower and Restroom Combination Trailer For Rent","true","shower-restroom-combination","model-10","/media/equipment-drive/luxury-shower-restroom-combination-trailers/22ft-luxury-shower-restroom-combination-trailer-6-stalls/luxury-6-stall-shower-restroom-trailer-entry-steps.png | /media/equipment-drive/luxury-shower-restroom-combination-trailers/22ft-luxury-shower-restroom-combination-trailer-6-stalls/luxury-shower-restroom-trailer-sink-vanity-interior.png | /media/equipment-drive/luxury-shower-restroom-combination-trailers/22ft-luxury-shower-restroom-combination-trailer-6-stalls/22ft-6-stall-shower-restroom-trailer-exterior.png | /media/equipment-drive/luxury-shower-restroom-combination-trailers/22ft-luxury-shower-restroom-combination-trailer-6-stalls/22ft-luxury-shower-restroom-combination-trailer-6-stall-exterior.png | /media/equipment-drive/luxury-shower-restroom-combination-trailers/22ft-luxury-shower-restroom-combination-trailer-6-stalls/luxury-shower-restroom-trailer-private-shower-stall.png","2","3","Previous gallery combined different sizes/stall configurations.","Replaced pooled selection with a single verified title-matched model; shared carousel and full-image controls.","false","","PASS","200","Representative browser checks recorded separately","PASS","","NOT DEPLOYED / UNVERIFIED"
"page","/service-areas/new-jersey/central-jersey/cities/","Central Jersey, New Jersey Facility Rental Locations","false","unspecified","","","0","0","","Restored original navigation layout; no photo section is intended or missing.","false","","PASS","200","Representative browser checks recorded separately","PASS","","NOT DEPLOYED / UNVERIFIED"
"page","/service-areas/new-jersey/delaware-river-region/","Delaware River Region, New Jersey Workforce Camp Laundry Temporary Facilities Long-Term Rental","true","laundry-unspecified","","/media/equipment-drive/laundry-trailers-and-containers/30ft-laundry-trailer-10-washer-dryer/mobile-laundry-trailer-commercial-washers-dryers.png | /media/equipment-drive/laundry-trailers-and-containers/20ft-laundry-container/Laundry Container 7 units 1.png | /media/equipment-drive/laundry-trailers-and-containers/20ft-laundry-container/Laundry Container 7 units 2.png | /media/equipment-drive/laundry-trailers-and-containers/20ft-laundry-container/Laundry Container 7units.png","4","0","Previous laundry gallery mixed trailer and container form factors.","Replaced pooled selection with a single verified title-matched model; shared carousel and full-image controls.","false","","PASS","200","Representative browser checks recorded separately","PASS","","NOT DEPLOYED / UNVERIFIED"
"page","/service-areas/new-jersey/delaware-river-region/cities/","Delaware River Region, New Jersey Facility Rental Locations","false","unspecified","","","0","0","","Restored original navigation layout; no photo section is intended or missing.","false","","PASS","200","Representative browser checks recorded separately","PASS","","NOT DEPLOYED / UNVERIFIED"
"page","/service-areas/new-jersey/gateway-region/","Gateway Region, New Jersey Emergency Basecamp Shower Trailer Rental","true","shower-trailer","model-21","/media/equipment-drive/shower-trailers/20-ft-shower-trailer-5-stalls-with-handwashing-sink/mobile-shower-trailer-wash-station.png | /media/equipment-drive/shower-trailers/20-ft-shower-trailer-5-stalls-with-handwashing-sink/multi-station-shower-trailer-exterior.png | /media/equipment-drive/shower-trailers/20-ft-shower-trailer-5-stalls-with-handwashing-sink/private-shower-trailer-stall-interior.png | /media/equipment-drive/shower-trailers/20-ft-shower-trailer-5-stalls-with-handwashing-sink/shower-trailer-exterior-with-private-shower-stall.png | /media/equipment-drive/shower-trailers/20-ft-shower-trailer-5-stalls-with-handwashing-sink/shower-trailer-rear-exterior-view.png | /media/equipment-drive/shower-trailers/20-ft-shower-trailer-5-stalls-with-handwashing-sink/shower-trailer-sink-and-mirror-area.png","1","5","Previous shower gallery mixed shower containers with shower trailers.","Replaced pooled selection with a single verified title-matched model; shared carousel and full-image controls.","false","","PASS","200","Representative browser checks recorded separately","PASS","","NOT DEPLOYED / UNVERIFIED"
"page","/service-areas/new-jersey/gateway-region/cities/","Gateway Region, New Jersey Facility Rental Locations","false","unspecified","","","0","0","","Restored original navigation layout; no photo section is intended or missing.","false","","PASS","200","Representative browser checks recorded separately","PASS","","NOT DEPLOYED / UNVERIFIED"
"page","/service-areas/new-jersey/shore-region/","Shore Region, New Jersey Accessible Commercial Site ADA Shower and Restroom Combination Trailer Leasing","true","ada-combination","client-labelled-ada-reference","/images/catalog/restroom-trailers-960.webp","0","1","Previous gallery used non-ADA combination units for an ADA title.","Replaced pooled selection with a single verified title-matched model; shared carousel and full-image controls.","false","","PASS","200","Representative browser checks recorded separately","PASS","","NOT DEPLOYED / UNVERIFIED"
"page","/service-areas/new-jersey/shore-region/cities/","Shore Region, New Jersey Facility Rental Locations","false","unspecified","","","0","0","","Restored original navigation layout; no photo section is intended or missing.","false","","PASS","200","Representative browser checks recorded separately","PASS","","NOT DEPLOYED / UNVERIFIED"
"page","/service-areas/new-jersey/skylands/","Skylands, New Jersey Remote Operations Man Camp Temporary Facilities Rental","true","unspecified","","/media/equipment-drive/sleeper-and-accommodation/20ft-accommodation-contractor/20ft-accommodation-unit-bunk-bed-interior.png | /media/equipment-drive/sleeper-and-accommodation/20ft-accommodation-contractor/20ft-mobile-accommodation-bunk-room-interior.png | /media/equipment-drive/sleeper-and-accommodation/20ft-accommodation-contractor/20ft-accommodation-unit-exterior-side-view.png | /media/equipment-drive/sleeper-and-accommodation/20ft-accommodation-contractor/20ft-portable-accommodation-unit-base-camp.png | /media/equipment-drive/mobile-kitchens/24ft-mobile-kitchen/portable-commercial-kitchen-trailer-interior.png | /media/equipment-drive/mobile-kitchens/24ft-mobile-kitchen/mobile-commercial-kitchen-entry-view.png | /media/equipment-drive/mobile-kitchens/24ft-mobile-kitchen/mobile-kitchen-trailer-prep-counter.png | /media/equipment-drive/mobile-kitchens/24ft-mobile-kitchen/commercial-six-burner-gas-range.png | /media/equipment-drive/mobile-kitchens/24ft-mobile-kitchen/mobile-kitchen-trailer-exterior-service-window.png | /media/equipment-drive/shower-trailers/20-ft-shower-trailer-5-stalls-with-handwashing-sink/mobile-shower-trailer-wash-station.png | /media/equipment-drive/shower-trailers/20-ft-shower-trailer-5-stalls-with-handwashing-sink/multi-station-shower-trailer-exterior.png | /media/equipment-drive/shower-trailers/20-ft-shower-trailer-5-stalls-with-handwashing-sink/private-shower-trailer-stall-interior.png | /media/equipment-drive/shower-trailers/20-ft-shower-trailer-5-stalls-with-handwashing-sink/shower-trailer-exterior-with-private-shower-stall.png | /media/equipment-drive/shower-trailers/20-ft-shower-trailer-5-stalls-with-handwashing-sink/shower-trailer-rear-exterior-view.png | /media/equipment-drive/shower-trailers/20-ft-shower-trailer-5-stalls-with-handwashing-sink/shower-trailer-sink-and-mirror-area.png","7","8","Previous fallback displayed mixed equipment despite an unspecified title.","Replaced pooled selection with a single verified title-matched model; shared carousel and full-image controls.","false","","PASS","200","Representative browser checks recorded separately","PASS","","NOT DEPLOYED / UNVERIFIED"
"page","/service-areas/new-jersey/skylands/cities/","Skylands, New Jersey Facility Rental Locations","false","unspecified","","","0","0","","Restored original navigation layout; no photo section is intended or missing.","false","","PASS","200","Representative browser checks recorded separately","PASS","","NOT DEPLOYED / UNVERIFIED"
"page","/service-areas/new-jersey/southern-shore/","Southern Shore, New Jersey Construction Project Kitchen Emergency Trailer Rental","true","mobile-kitchen","model-12","/media/equipment-drive/mobile-kitchens/24ft-mobile-kitchen/portable-commercial-kitchen-trailer-interior.png | /media/equipment-drive/mobile-kitchens/24ft-mobile-kitchen/mobile-commercial-kitchen-entry-view.png | /media/equipment-drive/mobile-kitchens/24ft-mobile-kitchen/mobile-kitchen-trailer-prep-counter.png | /media/equipment-drive/mobile-kitchens/24ft-mobile-kitchen/commercial-six-burner-gas-range.png | /media/equipment-drive/mobile-kitchens/24ft-mobile-kitchen/mobile-kitchen-trailer-exterior-service-window.png","4","1","Previous gallery pooled standard, bulk and combination kitchens of different sizes.","Replaced pooled selection with a single verified title-matched model; shared carousel and full-image controls.","false","","PASS","200","Representative browser checks recorded separately","PASS","","NOT DEPLOYED / UNVERIFIED"
"page","/service-areas/new-jersey/southern-shore/cities/","Southern Shore, New Jersey Facility Rental Locations","false","unspecified","","","0","0","","Restored original navigation layout; no photo section is intended or missing.","false","","PASS","200","Representative browser checks recorded separately","PASS","","NOT DEPLOYED / UNVERIFIED"
"page","/service-areas/new-mexico/","New Mexico Construction Project Kitchen Emergency Trailer Rental","true","mobile-kitchen","model-12","/media/equipment-drive/mobile-kitchens/24ft-mobile-kitchen/portable-commercial-kitchen-trailer-interior.png | /media/equipment-drive/mobile-kitchens/24ft-mobile-kitchen/mobile-commercial-kitchen-entry-view.png | /media/equipment-drive/mobile-kitchens/24ft-mobile-kitchen/mobile-kitchen-trailer-prep-counter.png | /media/equipment-drive/mobile-kitchens/24ft-mobile-kitchen/commercial-six-burner-gas-range.png | /media/equipment-drive/mobile-kitchens/24ft-mobile-kitchen/mobile-kitchen-trailer-exterior-service-window.png","4","1","Previous gallery pooled standard, bulk and combination kitchens of different sizes.","Replaced pooled selection with a single verified title-matched model; shared carousel and full-image controls.","false","","PASS","200","Representative browser checks recorded separately","PASS","","NOT DEPLOYED / UNVERIFIED"
"page","/service-areas/new-mexico/albuquerque-area/","Albuquerque area, New Mexico Workforce Housing Sleeper Bunk-Bed Facility Leasing","true","sleeper-trailer","april-two-stall-sleeper","/media/equipment-drive/sleeper-and-accommodation/sleeper-trailer-2-stalls/sleeper-trailer-2-stall-bunk-bed-interior.png | /media/equipment-drive/sleeper-and-accommodation/sleeper-trailer-2-stalls/sleeper-trailer-2-stall-sleeping-room.png","2","0","Previous multi-image sleeper gallery lacked reliable image-to-configuration association.","Replaced pooled selection with a single verified title-matched model; shared carousel and full-image controls.","false","","PASS","200","Representative browser checks recorded separately","PASS","","NOT DEPLOYED / UNVERIFIED"
"page","/service-areas/new-mexico/albuquerque-area/cities/","Albuquerque area, New Mexico Facility Rental Locations","false","unspecified","","","0","0","","Restored original navigation layout; no photo section is intended or missing.","false","","PASS","200","Representative browser checks recorded separately","PASS","","NOT DEPLOYED / UNVERIFIED"
"page","/service-areas/new-mexico/north-central-new-mexico/","North Central New Mexico, New Mexico Construction Project Kitchen Emergency Trailer Rental","true","mobile-kitchen","model-12","/media/equipment-drive/mobile-kitchens/24ft-mobile-kitchen/portable-commercial-kitchen-trailer-interior.png | /media/equipment-drive/mobile-kitchens/24ft-mobile-kitchen/mobile-commercial-kitchen-entry-view.png | /media/equipment-drive/mobile-kitchens/24ft-mobile-kitchen/mobile-kitchen-trailer-prep-counter.png | /media/equipment-drive/mobile-kitchens/24ft-mobile-kitchen/commercial-six-burner-gas-range.png | /media/equipment-drive/mobile-kitchens/24ft-mobile-kitchen/mobile-kitchen-trailer-exterior-service-window.png","4","1","Previous gallery pooled standard, bulk and combination kitchens of different sizes.","Replaced pooled selection with a single verified title-matched model; shared carousel and full-image controls.","false","","PASS","200","Representative browser checks recorded separately","PASS","","NOT DEPLOYED / UNVERIFIED"
"page","/service-areas/new-mexico/north-central-new-mexico/cities/","North Central New Mexico, New Mexico Facility Rental Locations","false","unspecified","","","0","0","","Restored original navigation layout; no photo section is intended or missing.","false","","PASS","200","Representative browser checks recorded separately","PASS","","NOT DEPLOYED / UNVERIFIED"
"page","/service-areas/new-mexico/northeast-new-mexico/","Northeast New Mexico, New Mexico Commercial Food Service Commercial Kitchen Modular Building For Rent","true","kitchen-modular","","","0","0","Previous gallery supplied kitchen trailers for a modular-building title.","Removed unsafe/ambiguous fallback, or added explicit verified-photography pending state.","true","No matching verified photography exists for the title's equipment/configuration.","PASS","200","Representative browser checks recorded separately","PASS","","NOT DEPLOYED / UNVERIFIED"
"page","/service-areas/new-mexico/northeast-new-mexico/cities/","Northeast New Mexico, New Mexico Facility Rental Locations","false","unspecified","","","0","0","","Restored original navigation layout; no photo section is intended or missing.","false","","PASS","200","Representative browser checks recorded separately","PASS","","NOT DEPLOYED / UNVERIFIED"
"page","/service-areas/new-mexico/southeast-new-mexico/","Southeast New Mexico, New Mexico Remote Operations Man Camp Temporary Facilities Rental","true","unspecified","","/media/equipment-drive/sleeper-and-accommodation/20ft-accommodation-contractor/20ft-accommodation-unit-bunk-bed-interior.png | /media/equipment-drive/sleeper-and-accommodation/20ft-accommodation-contractor/20ft-mobile-accommodation-bunk-room-interior.png | /media/equipment-drive/sleeper-and-accommodation/20ft-accommodation-contractor/20ft-accommodation-unit-exterior-side-view.png | /media/equipment-drive/sleeper-and-accommodation/20ft-accommodation-contractor/20ft-portable-accommodation-unit-base-camp.png | /media/equipment-drive/mobile-kitchens/24ft-mobile-kitchen/portable-commercial-kitchen-trailer-interior.png | /media/equipment-drive/mobile-kitchens/24ft-mobile-kitchen/mobile-commercial-kitchen-entry-view.png | /media/equipment-drive/mobile-kitchens/24ft-mobile-kitchen/mobile-kitchen-trailer-prep-counter.png | /media/equipment-drive/mobile-kitchens/24ft-mobile-kitchen/commercial-six-burner-gas-range.png | /media/equipment-drive/mobile-kitchens/24ft-mobile-kitchen/mobile-kitchen-trailer-exterior-service-window.png | /media/equipment-drive/shower-trailers/20-ft-shower-trailer-5-stalls-with-handwashing-sink/mobile-shower-trailer-wash-station.png | /media/equipment-drive/shower-trailers/20-ft-shower-trailer-5-stalls-with-handwashing-sink/multi-station-shower-trailer-exterior.png | /media/equipment-drive/shower-trailers/20-ft-shower-trailer-5-stalls-with-handwashing-sink/private-shower-trailer-stall-interior.png | /media/equipment-drive/shower-trailers/20-ft-shower-trailer-5-stalls-with-handwashing-sink/shower-trailer-exterior-with-private-shower-stall.png | /media/equipment-drive/shower-trailers/20-ft-shower-trailer-5-stalls-with-handwashing-sink/shower-trailer-rear-exterior-view.png | /media/equipment-drive/shower-trailers/20-ft-shower-trailer-5-stalls-with-handwashing-sink/shower-trailer-sink-and-mirror-area.png","7","8","Previous fallback displayed mixed equipment despite an unspecified title.","Replaced pooled selection with a single verified title-matched model; shared carousel and full-image controls.","false","","PASS","200","Representative browser checks recorded separately","PASS","","NOT DEPLOYED / UNVERIFIED"
"page","/service-areas/new-mexico/southeast-new-mexico/cities/","Southeast New Mexico, New Mexico Facility Rental Locations","false","unspecified","","","0","0","","Restored original navigation layout; no photo section is intended or missing.","false","","PASS","200","Representative browser checks recorded separately","PASS","","NOT DEPLOYED / UNVERIFIED"
"page","/service-areas/new-mexico/southwest-new-mexico/","Southwest New Mexico, New Mexico Emergency Basecamp Shower Trailer Rental","true","shower-trailer","model-21","/media/equipment-drive/shower-trailers/20-ft-shower-trailer-5-stalls-with-handwashing-sink/mobile-shower-trailer-wash-station.png | /media/equipment-drive/shower-trailers/20-ft-shower-trailer-5-stalls-with-handwashing-sink/multi-station-shower-trailer-exterior.png | /media/equipment-drive/shower-trailers/20-ft-shower-trailer-5-stalls-with-handwashing-sink/private-shower-trailer-stall-interior.png | /media/equipment-drive/shower-trailers/20-ft-shower-trailer-5-stalls-with-handwashing-sink/shower-trailer-exterior-with-private-shower-stall.png | /media/equipment-drive/shower-trailers/20-ft-shower-trailer-5-stalls-with-handwashing-sink/shower-trailer-rear-exterior-view.png | /media/equipment-drive/shower-trailers/20-ft-shower-trailer-5-stalls-with-handwashing-sink/shower-trailer-sink-and-mirror-area.png","1","5","Previous shower gallery mixed shower containers with shower trailers.","Replaced pooled selection with a single verified title-matched model; shared carousel and full-image controls.","false","","PASS","200","Representative browser checks recorded separately","PASS","","NOT DEPLOYED / UNVERIFIED"
"page","/service-areas/new-mexico/southwest-new-mexico/cities/","Southwest New Mexico, New Mexico Facility Rental Locations","false","unspecified","","","0","0","","Restored original navigation layout; no photo section is intended or missing.","false","","PASS","200","Representative browser checks recorded separately","PASS","","NOT DEPLOYED / UNVERIFIED"
"page","/service-areas/new-york/","New York Workforce Housing Sleeper Bunk-Bed Facility Leasing","true","sleeper-trailer","april-two-stall-sleeper","/media/equipment-drive/sleeper-and-accommodation/sleeper-trailer-2-stalls/sleeper-trailer-2-stall-bunk-bed-interior.png | /media/equipment-drive/sleeper-and-accommodation/sleeper-trailer-2-stalls/sleeper-trailer-2-stall-sleeping-room.png","2","0","Previous multi-image sleeper gallery lacked reliable image-to-configuration association.","Replaced pooled selection with a single verified title-matched model; shared carousel and full-image controls.","false","","PASS","200","Representative browser checks recorded separately","PASS","","NOT DEPLOYED / UNVERIFIED"
"page","/service-areas/new-york/capital-region/","Capital Region, New York Remote Operations Man Camp Temporary Facilities Rental","true","unspecified","","/media/equipment-drive/sleeper-and-accommodation/20ft-accommodation-contractor/20ft-accommodation-unit-bunk-bed-interior.png | /media/equipment-drive/sleeper-and-accommodation/20ft-accommodation-contractor/20ft-mobile-accommodation-bunk-room-interior.png | /media/equipment-drive/sleeper-and-accommodation/20ft-accommodation-contractor/20ft-accommodation-unit-exterior-side-view.png | /media/equipment-drive/sleeper-and-accommodation/20ft-accommodation-contractor/20ft-portable-accommodation-unit-base-camp.png | /media/equipment-drive/mobile-kitchens/24ft-mobile-kitchen/portable-commercial-kitchen-trailer-interior.png | /media/equipment-drive/mobile-kitchens/24ft-mobile-kitchen/mobile-commercial-kitchen-entry-view.png | /media/equipment-drive/mobile-kitchens/24ft-mobile-kitchen/mobile-kitchen-trailer-prep-counter.png | /media/equipment-drive/mobile-kitchens/24ft-mobile-kitchen/commercial-six-burner-gas-range.png | /media/equipment-drive/mobile-kitchens/24ft-mobile-kitchen/mobile-kitchen-trailer-exterior-service-window.png | /media/equipment-drive/shower-trailers/20-ft-shower-trailer-5-stalls-with-handwashing-sink/mobile-shower-trailer-wash-station.png | /media/equipment-drive/shower-trailers/20-ft-shower-trailer-5-stalls-with-handwashing-sink/multi-station-shower-trailer-exterior.png | /media/equipment-drive/shower-trailers/20-ft-shower-trailer-5-stalls-with-handwashing-sink/private-shower-trailer-stall-interior.png | /media/equipment-drive/shower-trailers/20-ft-shower-trailer-5-stalls-with-handwashing-sink/shower-trailer-exterior-with-private-shower-stall.png | /media/equipment-drive/shower-trailers/20-ft-shower-trailer-5-stalls-with-handwashing-sink/shower-trailer-rear-exterior-view.png | /media/equipment-drive/shower-trailers/20-ft-shower-trailer-5-stalls-with-handwashing-sink/shower-trailer-sink-and-mirror-area.png","7","8","Previous fallback displayed mixed equipment despite an unspecified title.","Replaced pooled selection with a single verified title-matched model; shared carousel and full-image controls.","false","","PASS","200","Representative browser checks recorded separately","PASS","","NOT DEPLOYED / UNVERIFIED"
"page","/service-areas/new-york/capital-region/cities/","Capital Region, New York Facility Rental Locations","false","unspecified","","","0","0","","Restored original navigation layout; no photo section is intended or missing.","false","","PASS","200","Representative browser checks recorded separately","PASS","","NOT DEPLOYED / UNVERIFIED"
"page","/service-areas/new-york/central-new-york/","Central New York, New York Emergency Basecamp Shower Trailer Rental","true","shower-trailer","model-21","/media/equipment-drive/shower-trailers/20-ft-shower-trailer-5-stalls-with-handwashing-sink/mobile-shower-trailer-wash-station.png | /media/equipment-drive/shower-trailers/20-ft-shower-trailer-5-stalls-with-handwashing-sink/multi-station-shower-trailer-exterior.png | /media/equipment-drive/shower-trailers/20-ft-shower-trailer-5-stalls-with-handwashing-sink/private-shower-trailer-stall-interior.png | /media/equipment-drive/shower-trailers/20-ft-shower-trailer-5-stalls-with-handwashing-sink/shower-trailer-exterior-with-private-shower-stall.png | /media/equipment-drive/shower-trailers/20-ft-shower-trailer-5-stalls-with-handwashing-sink/shower-trailer-rear-exterior-view.png | /media/equipment-drive/shower-trailers/20-ft-shower-trailer-5-stalls-with-handwashing-sink/shower-trailer-sink-and-mirror-area.png","1","5","Previous shower gallery mixed shower containers with shower trailers.","Replaced pooled selection with a single verified title-matched model; shared carousel and full-image controls.","false","","PASS","200","Representative browser checks recorded separately","PASS","","NOT DEPLOYED / UNVERIFIED"
"page","/service-areas/new-york/central-new-york/cities/","Central New York, New York Facility Rental Locations","false","unspecified","","","0","0","","Restored original navigation layout; no photo section is intended or missing.","false","","PASS","200","Representative browser checks recorded separately","PASS","","NOT DEPLOYED / UNVERIFIED"
"page","/service-areas/new-york/finger-lakes/","Finger Lakes, New York Institutional Facility Shower and Restroom Combination Trailer For Rent","true","shower-restroom-combination","model-10","/media/equipment-drive/luxury-shower-restroom-combination-trailers/22ft-luxury-shower-restroom-combination-trailer-6-stalls/luxury-6-stall-shower-restroom-trailer-entry-steps.png | /media/equipment-drive/luxury-shower-restroom-combination-trailers/22ft-luxury-shower-restroom-combination-trailer-6-stalls/luxury-shower-restroom-trailer-sink-vanity-interior.png | /media/equipment-drive/luxury-shower-restroom-combination-trailers/22ft-luxury-shower-restroom-combination-trailer-6-stalls/22ft-6-stall-shower-restroom-trailer-exterior.png | /media/equipment-drive/luxury-shower-restroom-combination-trailers/22ft-luxury-shower-restroom-combination-trailer-6-stalls/22ft-luxury-shower-restroom-combination-trailer-6-stall-exterior.png | /media/equipment-drive/luxury-shower-restroom-combination-trailers/22ft-luxury-shower-restroom-combination-trailer-6-stalls/luxury-shower-restroom-trailer-private-shower-stall.png","2","3","Previous gallery combined different sizes/stall configurations.","Replaced pooled selection with a single verified title-matched model; shared carousel and full-image controls.","false","","PASS","200","Representative browser checks recorded separately","PASS","","NOT DEPLOYED / UNVERIFIED"
"page","/service-areas/new-york/finger-lakes/cities/","Finger Lakes, New York Facility Rental Locations","false","unspecified","","","0","0","","Restored original navigation layout; no photo section is intended or missing.","false","","PASS","200","Representative browser checks recorded separately","PASS","","NOT DEPLOYED / UNVERIFIED"
"page","/service-areas/new-york/hudson-valley/","Hudson Valley, New York Workforce Camp Laundry Temporary Facilities Long-Term Rental","true","laundry-unspecified","","/media/equipment-drive/laundry-trailers-and-containers/30ft-laundry-trailer-10-washer-dryer/mobile-laundry-trailer-commercial-washers-dryers.png | /media/equipment-drive/laundry-trailers-and-containers/20ft-laundry-container/Laundry Container 7 units 1.png | /media/equipment-drive/laundry-trailers-and-containers/20ft-laundry-container/Laundry Container 7 units 2.png | /media/equipment-drive/laundry-trailers-and-containers/20ft-laundry-container/Laundry Container 7units.png","4","0","Previous laundry gallery mixed trailer and container form factors.","Replaced pooled selection with a single verified title-matched model; shared carousel and full-image controls.","false","","PASS","200","Representative browser checks recorded separately","PASS","","NOT DEPLOYED / UNVERIFIED"
"page","/service-areas/new-york/hudson-valley/cities/","Hudson Valley, New York Facility Rental Locations","false","unspecified","","","0","0","","Restored original navigation layout; no photo section is intended or missing.","false","","PASS","200","Representative browser checks recorded separately","PASS","","NOT DEPLOYED / UNVERIFIED"
"page","/service-areas/new-york/new-york-city-and-long-island/","New York City and Long Island, New York Construction Project Kitchen Emergency Trailer Rental","true","mobile-kitchen","model-12","/media/equipment-drive/mobile-kitchens/24ft-mobile-kitchen/portable-commercial-kitchen-trailer-interior.png | /media/equipment-drive/mobile-kitchens/24ft-mobile-kitchen/mobile-commercial-kitchen-entry-view.png | /media/equipment-drive/mobile-kitchens/24ft-mobile-kitchen/mobile-kitchen-trailer-prep-counter.png | /media/equipment-drive/mobile-kitchens/24ft-mobile-kitchen/commercial-six-burner-gas-range.png | /media/equipment-drive/mobile-kitchens/24ft-mobile-kitchen/mobile-kitchen-trailer-exterior-service-window.png","4","1","Previous gallery pooled standard, bulk and combination kitchens of different sizes.","Replaced pooled selection with a single verified title-matched model; shared carousel and full-image controls.","false","","PASS","200","Representative browser checks recorded separately","PASS","","NOT DEPLOYED / UNVERIFIED"
"page","/service-areas/new-york/new-york-city-and-long-island/cities/","New York City and Long Island, New York Facility Rental Locations","false","unspecified","","","0","0","","Restored original navigation layout; no photo section is intended or missing.","false","","PASS","200","Representative browser checks recorded separately","PASS","","NOT DEPLOYED / UNVERIFIED"
"page","/service-areas/new-york/north-country/","North Country, New York Workforce Housing Sleeper Bunk-Bed Facility Leasing","true","sleeper-trailer","april-two-stall-sleeper","/media/equipment-drive/sleeper-and-accommodation/sleeper-trailer-2-stalls/sleeper-trailer-2-stall-bunk-bed-interior.png | /media/equipment-drive/sleeper-and-accommodation/sleeper-trailer-2-stalls/sleeper-trailer-2-stall-sleeping-room.png","2","0","Previous multi-image sleeper gallery lacked reliable image-to-configuration association.","Replaced pooled selection with a single verified title-matched model; shared carousel and full-image controls.","false","","PASS","200","Representative browser checks recorded separately","PASS","","NOT DEPLOYED / UNVERIFIED"
"page","/service-areas/new-york/north-country/cities/","North Country, New York Facility Rental Locations","false","unspecified","","","0","0","","Restored original navigation layout; no photo section is intended or missing.","false","","PASS","200","Representative browser checks recorded separately","PASS","","NOT DEPLOYED / UNVERIFIED"
"page","/service-areas/new-york/western-new-york/","Western New York, New York Accessible Commercial Site ADA Shower and Restroom Combination Trailer Leasing","true","ada-combination","client-labelled-ada-reference","/images/catalog/restroom-trailers-960.webp","0","1","Previous gallery used non-ADA combination units for an ADA title.","Replaced pooled selection with a single verified title-matched model; shared carousel and full-image controls.","false","","PASS","200","Representative browser checks recorded separately","PASS","","NOT DEPLOYED / UNVERIFIED"
"page","/service-areas/new-york/western-new-york/cities/","Western New York, New York Facility Rental Locations","false","unspecified","","","0","0","","Restored original navigation layout; no photo section is intended or missing.","false","","PASS","200","Representative browser checks recorded separately","PASS","","NOT DEPLOYED / UNVERIFIED"
"page","/service-areas/north-carolina/","North Carolina Commercial Food Service Commercial Kitchen Modular Building For Rent","true","kitchen-modular","","","0","0","Previous gallery supplied kitchen trailers for a modular-building title.","Removed unsafe/ambiguous fallback, or added explicit verified-photography pending state.","true","No matching verified photography exists for the title's equipment/configuration.","PASS","200","Representative browser checks recorded separately","PASS","","NOT DEPLOYED / UNVERIFIED"
"page","/service-areas/north-carolina/charlotte-region/","Charlotte region, North Carolina Remote Operations Man Camp Temporary Facilities Rental","true","unspecified","","/media/equipment-drive/sleeper-and-accommodation/20ft-accommodation-contractor/20ft-accommodation-unit-bunk-bed-interior.png | /media/equipment-drive/sleeper-and-accommodation/20ft-accommodation-contractor/20ft-mobile-accommodation-bunk-room-interior.png | /media/equipment-drive/sleeper-and-accommodation/20ft-accommodation-contractor/20ft-accommodation-unit-exterior-side-view.png | /media/equipment-drive/sleeper-and-accommodation/20ft-accommodation-contractor/20ft-portable-accommodation-unit-base-camp.png | /media/equipment-drive/mobile-kitchens/24ft-mobile-kitchen/portable-commercial-kitchen-trailer-interior.png | /media/equipment-drive/mobile-kitchens/24ft-mobile-kitchen/mobile-commercial-kitchen-entry-view.png | /media/equipment-drive/mobile-kitchens/24ft-mobile-kitchen/mobile-kitchen-trailer-prep-counter.png | /media/equipment-drive/mobile-kitchens/24ft-mobile-kitchen/commercial-six-burner-gas-range.png | /media/equipment-drive/mobile-kitchens/24ft-mobile-kitchen/mobile-kitchen-trailer-exterior-service-window.png | /media/equipment-drive/shower-trailers/20-ft-shower-trailer-5-stalls-with-handwashing-sink/mobile-shower-trailer-wash-station.png | /media/equipment-drive/shower-trailers/20-ft-shower-trailer-5-stalls-with-handwashing-sink/multi-station-shower-trailer-exterior.png | /media/equipment-drive/shower-trailers/20-ft-shower-trailer-5-stalls-with-handwashing-sink/private-shower-trailer-stall-interior.png | /media/equipment-drive/shower-trailers/20-ft-shower-trailer-5-stalls-with-handwashing-sink/shower-trailer-exterior-with-private-shower-stall.png | /media/equipment-drive/shower-trailers/20-ft-shower-trailer-5-stalls-with-handwashing-sink/shower-trailer-rear-exterior-view.png | /media/equipment-drive/shower-trailers/20-ft-shower-trailer-5-stalls-with-handwashing-sink/shower-trailer-sink-and-mirror-area.png","7","8","Previous fallback displayed mixed equipment despite an unspecified title.","Replaced pooled selection with a single verified title-matched model; shared carousel and full-image controls.","false","","PASS","200","Representative browser checks recorded separately","PASS","","NOT DEPLOYED / UNVERIFIED"
"page","/service-areas/north-carolina/charlotte-region/cities/","Charlotte region, North Carolina Facility Rental Locations","false","unspecified","","","0","0","","Restored original navigation layout; no photo section is intended or missing.","false","","PASS","200","Representative browser checks recorded separately","PASS","","NOT DEPLOYED / UNVERIFIED"
"page","/service-areas/north-carolina/coastal-plain/","Coastal Plain, North Carolina Institutional Facility Shower and Restroom Combination Trailer For Rent","true","shower-restroom-combination","model-10","/media/equipment-drive/luxury-shower-restroom-combination-trailers/22ft-luxury-shower-restroom-combination-trailer-6-stalls/luxury-6-stall-shower-restroom-trailer-entry-steps.png | /media/equipment-drive/luxury-shower-restroom-combination-trailers/22ft-luxury-shower-restroom-combination-trailer-6-stalls/luxury-shower-restroom-trailer-sink-vanity-interior.png | /media/equipment-drive/luxury-shower-restroom-combination-trailers/22ft-luxury-shower-restroom-combination-trailer-6-stalls/22ft-6-stall-shower-restroom-trailer-exterior.png | /media/equipment-drive/luxury-shower-restroom-combination-trailers/22ft-luxury-shower-restroom-combination-trailer-6-stalls/22ft-luxury-shower-restroom-combination-trailer-6-stall-exterior.png | /media/equipment-drive/luxury-shower-restroom-combination-trailers/22ft-luxury-shower-restroom-combination-trailer-6-stalls/luxury-shower-restroom-trailer-private-shower-stall.png","2","3","Previous gallery combined different sizes/stall configurations.","Replaced pooled selection with a single verified title-matched model; shared carousel and full-image controls.","false","","PASS","200","Representative browser checks recorded separately","PASS","","NOT DEPLOYED / UNVERIFIED"
"page","/service-areas/north-carolina/coastal-plain/cities/","Coastal Plain, North Carolina Facility Rental Locations","false","unspecified","","","0","0","","Restored original navigation layout; no photo section is intended or missing.","false","","PASS","200","Representative browser checks recorded separately","PASS","","NOT DEPLOYED / UNVERIFIED"
"page","/service-areas/north-carolina/mountains/","Mountains, North Carolina Commercial Food Service Commercial Kitchen Modular Building For Rent","true","kitchen-modular","","","0","0","Previous gallery supplied kitchen trailers for a modular-building title.","Removed unsafe/ambiguous fallback, or added explicit verified-photography pending state.","true","No matching verified photography exists for the title's equipment/configuration.","PASS","200","Representative browser checks recorded separately","PASS","","NOT DEPLOYED / UNVERIFIED"
"page","/service-areas/north-carolina/mountains/cities/","Mountains, North Carolina Facility Rental Locations","false","unspecified","","","0","0","","Restored original navigation layout; no photo section is intended or missing.","false","","PASS","200","Representative browser checks recorded separately","PASS","","NOT DEPLOYED / UNVERIFIED"
"page","/service-areas/north-carolina/outer-banks/","Outer Banks, North Carolina Accessible Commercial Site ADA Shower and Restroom Combination Trailer Leasing","true","ada-combination","client-labelled-ada-reference","/images/catalog/restroom-trailers-960.webp","0","1","Previous gallery used non-ADA combination units for an ADA title.","Replaced pooled selection with a single verified title-matched model; shared carousel and full-image controls.","false","","PASS","200","Representative browser checks recorded separately","PASS","","NOT DEPLOYED / UNVERIFIED"
"page","/service-areas/north-carolina/outer-banks/cities/","Outer Banks, North Carolina Facility Rental Locations","false","unspecified","","","0","0","","Restored original navigation layout; no photo section is intended or missing.","false","","PASS","200","Representative browser checks recorded separately","PASS","","NOT DEPLOYED / UNVERIFIED"
"page","/service-areas/north-carolina/piedmont-triad/","Piedmont Triad, North Carolina Workforce Housing Sleeper Bunk-Bed Facility Leasing","true","sleeper-trailer","april-two-stall-sleeper","/media/equipment-drive/sleeper-and-accommodation/sleeper-trailer-2-stalls/sleeper-trailer-2-stall-bunk-bed-interior.png | /media/equipment-drive/sleeper-and-accommodation/sleeper-trailer-2-stalls/sleeper-trailer-2-stall-sleeping-room.png","2","0","Previous multi-image sleeper gallery lacked reliable image-to-configuration association.","Replaced pooled selection with a single verified title-matched model; shared carousel and full-image controls.","false","","PASS","200","Representative browser checks recorded separately","PASS","","NOT DEPLOYED / UNVERIFIED"
"page","/service-areas/north-carolina/piedmont-triad/cities/","Piedmont Triad, North Carolina Facility Rental Locations","false","unspecified","","","0","0","","Restored original navigation layout; no photo section is intended or missing.","false","","PASS","200","Representative browser checks recorded separately","PASS","","NOT DEPLOYED / UNVERIFIED"
"page","/service-areas/north-carolina/research-triangle/","Research Triangle, North Carolina Emergency Basecamp Shower Trailer Rental","true","shower-trailer","model-21","/media/equipment-drive/shower-trailers/20-ft-shower-trailer-5-stalls-with-handwashing-sink/mobile-shower-trailer-wash-station.png | /media/equipment-drive/shower-trailers/20-ft-shower-trailer-5-stalls-with-handwashing-sink/multi-station-shower-trailer-exterior.png | /media/equipment-drive/shower-trailers/20-ft-shower-trailer-5-stalls-with-handwashing-sink/private-shower-trailer-stall-interior.png | /media/equipment-drive/shower-trailers/20-ft-shower-trailer-5-stalls-with-handwashing-sink/shower-trailer-exterior-with-private-shower-stall.png | /media/equipment-drive/shower-trailers/20-ft-shower-trailer-5-stalls-with-handwashing-sink/shower-trailer-rear-exterior-view.png | /media/equipment-drive/shower-trailers/20-ft-shower-trailer-5-stalls-with-handwashing-sink/shower-trailer-sink-and-mirror-area.png","1","5","Previous shower gallery mixed shower containers with shower trailers.","Replaced pooled selection with a single verified title-matched model; shared carousel and full-image controls.","false","","PASS","200","Representative browser checks recorded separately","PASS","","NOT DEPLOYED / UNVERIFIED"
"page","/service-areas/north-carolina/research-triangle/cities/","Research Triangle, North Carolina Facility Rental Locations","false","unspecified","","","0","0","","Restored original navigation layout; no photo section is intended or missing.","false","","PASS","200","Representative browser checks recorded separately","PASS","","NOT DEPLOYED / UNVERIFIED"
"page","/service-areas/north-dakota/","North Dakota Emergency Basecamp Shower Trailer Rental","true","shower-trailer","model-21","/media/equipment-drive/shower-trailers/20-ft-shower-trailer-5-stalls-with-handwashing-sink/mobile-shower-trailer-wash-station.png | /media/equipment-drive/shower-trailers/20-ft-shower-trailer-5-stalls-with-handwashing-sink/multi-station-shower-trailer-exterior.png | /media/equipment-drive/shower-trailers/20-ft-shower-trailer-5-stalls-with-handwashing-sink/private-shower-trailer-stall-interior.png | /media/equipment-drive/shower-trailers/20-ft-shower-trailer-5-stalls-with-handwashing-sink/shower-trailer-exterior-with-private-shower-stall.png | /media/equipment-drive/shower-trailers/20-ft-shower-trailer-5-stalls-with-handwashing-sink/shower-trailer-rear-exterior-view.png | /media/equipment-drive/shower-trailers/20-ft-shower-trailer-5-stalls-with-handwashing-sink/shower-trailer-sink-and-mirror-area.png","1","5","Previous shower gallery mixed shower containers with shower trailers.","Replaced pooled selection with a single verified title-matched model; shared carousel and full-image controls.","false","","PASS","200","Representative browser checks recorded separately","PASS","","NOT DEPLOYED / UNVERIFIED"
"page","/service-areas/north-dakota/north-central-north-dakota/","North Central North Dakota, North Dakota Institutional Facility Shower and Restroom Combination Trailer For Rent","true","shower-restroom-combination","model-10","/media/equipment-drive/luxury-shower-restroom-combination-trailers/22ft-luxury-shower-restroom-combination-trailer-6-stalls/luxury-6-stall-shower-restroom-trailer-entry-steps.png | /media/equipment-drive/luxury-shower-restroom-combination-trailers/22ft-luxury-shower-restroom-combination-trailer-6-stalls/luxury-shower-restroom-trailer-sink-vanity-interior.png | /media/equipment-drive/luxury-shower-restroom-combination-trailers/22ft-luxury-shower-restroom-combination-trailer-6-stalls/22ft-6-stall-shower-restroom-trailer-exterior.png | /media/equipment-drive/luxury-shower-restroom-combination-trailers/22ft-luxury-shower-restroom-combination-trailer-6-stalls/22ft-luxury-shower-restroom-combination-trailer-6-stall-exterior.png | /media/equipment-drive/luxury-shower-restroom-combination-trailers/22ft-luxury-shower-restroom-combination-trailer-6-stalls/luxury-shower-restroom-trailer-private-shower-stall.png","2","3","Previous gallery combined different sizes/stall configurations.","Replaced pooled selection with a single verified title-matched model; shared carousel and full-image controls.","false","","PASS","200","Representative browser checks recorded separately","PASS","","NOT DEPLOYED / UNVERIFIED"
"page","/service-areas/north-dakota/north-central-north-dakota/cities/","North Central North Dakota, North Dakota Facility Rental Locations","false","unspecified","","","0","0","","Restored original navigation layout; no photo section is intended or missing.","false","","PASS","200","Representative browser checks recorded separately","PASS","","NOT DEPLOYED / UNVERIFIED"
"page","/service-areas/north-dakota/red-river-valley/","Red River Valley, North Dakota Accessible Commercial Site ADA Shower and Restroom Combination Trailer Leasing","true","ada-combination","client-labelled-ada-reference","/images/catalog/restroom-trailers-960.webp","0","1","Previous gallery used non-ADA combination units for an ADA title.","Replaced pooled selection with a single verified title-matched model; shared carousel and full-image controls.","false","","PASS","200","Representative browser checks recorded separately","PASS","","NOT DEPLOYED / UNVERIFIED"
"page","/service-areas/north-dakota/red-river-valley/cities/","Red River Valley, North Dakota Facility Rental Locations","false","unspecified","","","0","0","","Restored original navigation layout; no photo section is intended or missing.","false","","PASS","200","Representative browser checks recorded separately","PASS","","NOT DEPLOYED / UNVERIFIED"
"page","/service-areas/north-dakota/south-central-north-dakota/","South Central North Dakota, North Dakota Workforce Camp Laundry Temporary Facilities Long-Term Rental","true","laundry-unspecified","","/media/equipment-drive/laundry-trailers-and-containers/30ft-laundry-trailer-10-washer-dryer/mobile-laundry-trailer-commercial-washers-dryers.png | /media/equipment-drive/laundry-trailers-and-containers/20ft-laundry-container/Laundry Container 7 units 1.png | /media/equipment-drive/laundry-trailers-and-containers/20ft-laundry-container/Laundry Container 7 units 2.png | /media/equipment-drive/laundry-trailers-and-containers/20ft-laundry-container/Laundry Container 7units.png","4","0","Previous laundry gallery mixed trailer and container form factors.","Replaced pooled selection with a single verified title-matched model; shared carousel and full-image controls.","false","","PASS","200","Representative browser checks recorded separately","PASS","","NOT DEPLOYED / UNVERIFIED"
"page","/service-areas/north-dakota/south-central-north-dakota/cities/","South Central North Dakota, North Dakota Facility Rental Locations","false","unspecified","","","0","0","","Restored original navigation layout; no photo section is intended or missing.","false","","PASS","200","Representative browser checks recorded separately","PASS","","NOT DEPLOYED / UNVERIFIED"
"page","/service-areas/north-dakota/western-north-dakota/","Western North Dakota, North Dakota Emergency Basecamp Shower Trailer Rental","true","shower-trailer","model-21","/media/equipment-drive/shower-trailers/20-ft-shower-trailer-5-stalls-with-handwashing-sink/mobile-shower-trailer-wash-station.png | /media/equipment-drive/shower-trailers/20-ft-shower-trailer-5-stalls-with-handwashing-sink/multi-station-shower-trailer-exterior.png | /media/equipment-drive/shower-trailers/20-ft-shower-trailer-5-stalls-with-handwashing-sink/private-shower-trailer-stall-interior.png | /media/equipment-drive/shower-trailers/20-ft-shower-trailer-5-stalls-with-handwashing-sink/shower-trailer-exterior-with-private-shower-stall.png | /media/equipment-drive/shower-trailers/20-ft-shower-trailer-5-stalls-with-handwashing-sink/shower-trailer-rear-exterior-view.png | /media/equipment-drive/shower-trailers/20-ft-shower-trailer-5-stalls-with-handwashing-sink/shower-trailer-sink-and-mirror-area.png","1","5","Previous shower gallery mixed shower containers with shower trailers.","Replaced pooled selection with a single verified title-matched model; shared carousel and full-image controls.","false","","PASS","200","Representative browser checks recorded separately","PASS","","NOT DEPLOYED / UNVERIFIED"
"page","/service-areas/north-dakota/western-north-dakota/cities/","Western North Dakota, North Dakota Facility Rental Locations","false","unspecified","","","0","0","","Restored original navigation layout; no photo section is intended or missing.","false","","PASS","200","Representative browser checks recorded separately","PASS","","NOT DEPLOYED / UNVERIFIED"
"page","/service-areas/ohio/","Ohio Workforce Housing Sleeper Bunk-Bed Facility Leasing","true","sleeper-trailer","april-two-stall-sleeper","/media/equipment-drive/sleeper-and-accommodation/sleeper-trailer-2-stalls/sleeper-trailer-2-stall-bunk-bed-interior.png | /media/equipment-drive/sleeper-and-accommodation/sleeper-trailer-2-stalls/sleeper-trailer-2-stall-sleeping-room.png","2","0","Previous multi-image sleeper gallery lacked reliable image-to-configuration association.","Replaced pooled selection with a single verified title-matched model; shared carousel and full-image controls.","false","","PASS","200","Representative browser checks recorded separately","PASS","","NOT DEPLOYED / UNVERIFIED"
"page","/service-areas/ohio/central-ohio/","Central Ohio, Ohio Emergency Basecamp Shower Trailer Rental","true","shower-trailer","model-21","/media/equipment-drive/shower-trailers/20-ft-shower-trailer-5-stalls-with-handwashing-sink/mobile-shower-trailer-wash-station.png | /media/equipment-drive/shower-trailers/20-ft-shower-trailer-5-stalls-with-handwashing-sink/multi-station-shower-trailer-exterior.png | /media/equipment-drive/shower-trailers/20-ft-shower-trailer-5-stalls-with-handwashing-sink/private-shower-trailer-stall-interior.png | /media/equipment-drive/shower-trailers/20-ft-shower-trailer-5-stalls-with-handwashing-sink/shower-trailer-exterior-with-private-shower-stall.png | /media/equipment-drive/shower-trailers/20-ft-shower-trailer-5-stalls-with-handwashing-sink/shower-trailer-rear-exterior-view.png | /media/equipment-drive/shower-trailers/20-ft-shower-trailer-5-stalls-with-handwashing-sink/shower-trailer-sink-and-mirror-area.png","1","5","Previous shower gallery mixed shower containers with shower trailers.","Replaced pooled selection with a single verified title-matched model; shared carousel and full-image controls.","false","","PASS","200","Representative browser checks recorded separately","PASS","","NOT DEPLOYED / UNVERIFIED"
"page","/service-areas/ohio/central-ohio/cities/","Central Ohio, Ohio Facility Rental Locations","false","unspecified","","","0","0","","Restored original navigation layout; no photo section is intended or missing.","false","","PASS","200","Representative browser checks recorded separately","PASS","","NOT DEPLOYED / UNVERIFIED"
"page","/service-areas/ohio/northeast-ohio/","Northeast Ohio, Ohio Workforce Housing Sleeper Bunk-Bed Facility Leasing","true","sleeper-trailer","april-two-stall-sleeper","/media/equipment-drive/sleeper-and-accommodation/sleeper-trailer-2-stalls/sleeper-trailer-2-stall-bunk-bed-interior.png | /media/equipment-drive/sleeper-and-accommodation/sleeper-trailer-2-stalls/sleeper-trailer-2-stall-sleeping-room.png","2","0","Previous multi-image sleeper gallery lacked reliable image-to-configuration association.","Replaced pooled selection with a single verified title-matched model; shared carousel and full-image controls.","false","","PASS","200","Representative browser checks recorded separately","PASS","","NOT DEPLOYED / UNVERIFIED"
"page","/service-areas/ohio/northeast-ohio/cities/","Northeast Ohio, Ohio Facility Rental Locations","false","unspecified","","","0","0","","Restored original navigation layout; no photo section is intended or missing.","false","","PASS","200","Representative browser checks recorded separately","PASS","","NOT DEPLOYED / UNVERIFIED"
"page","/service-areas/ohio/northwest-ohio/","Northwest Ohio, Ohio Remote Operations Man Camp Temporary Facilities Rental","true","unspecified","","/media/equipment-drive/sleeper-and-accommodation/20ft-accommodation-contractor/20ft-accommodation-unit-bunk-bed-interior.png | /media/equipment-drive/sleeper-and-accommodation/20ft-accommodation-contractor/20ft-mobile-accommodation-bunk-room-interior.png | /media/equipment-drive/sleeper-and-accommodation/20ft-accommodation-contractor/20ft-accommodation-unit-exterior-side-view.png | /media/equipment-drive/sleeper-and-accommodation/20ft-accommodation-contractor/20ft-portable-accommodation-unit-base-camp.png | /media/equipment-drive/mobile-kitchens/24ft-mobile-kitchen/portable-commercial-kitchen-trailer-interior.png | /media/equipment-drive/mobile-kitchens/24ft-mobile-kitchen/mobile-commercial-kitchen-entry-view.png | /media/equipment-drive/mobile-kitchens/24ft-mobile-kitchen/mobile-kitchen-trailer-prep-counter.png | /media/equipment-drive/mobile-kitchens/24ft-mobile-kitchen/commercial-six-burner-gas-range.png | /media/equipment-drive/mobile-kitchens/24ft-mobile-kitchen/mobile-kitchen-trailer-exterior-service-window.png | /media/equipment-drive/shower-trailers/20-ft-shower-trailer-5-stalls-with-handwashing-sink/mobile-shower-trailer-wash-station.png | /media/equipment-drive/shower-trailers/20-ft-shower-trailer-5-stalls-with-handwashing-sink/multi-station-shower-trailer-exterior.png | /media/equipment-drive/shower-trailers/20-ft-shower-trailer-5-stalls-with-handwashing-sink/private-shower-trailer-stall-interior.png | /media/equipment-drive/shower-trailers/20-ft-shower-trailer-5-stalls-with-handwashing-sink/shower-trailer-exterior-with-private-shower-stall.png | /media/equipment-drive/shower-trailers/20-ft-shower-trailer-5-stalls-with-handwashing-sink/shower-trailer-rear-exterior-view.png | /media/equipment-drive/shower-trailers/20-ft-shower-trailer-5-stalls-with-handwashing-sink/shower-trailer-sink-and-mirror-area.png","7","8","Previous fallback displayed mixed equipment despite an unspecified title.","Replaced pooled selection with a single verified title-matched model; shared carousel and full-image controls.","false","","PASS","200","Representative browser checks recorded separately","PASS","","NOT DEPLOYED / UNVERIFIED"
"page","/service-areas/ohio/northwest-ohio/cities/","Northwest Ohio, Ohio Facility Rental Locations","false","unspecified","","","0","0","","Restored original navigation layout; no photo section is intended or missing.","false","","PASS","200","Representative browser checks recorded separately","PASS","","NOT DEPLOYED / UNVERIFIED"
"page","/service-areas/ohio/southeast-ohio/","Southeast Ohio, Ohio Accessible Commercial Site ADA Shower and Restroom Combination Trailer Leasing","true","ada-combination","client-labelled-ada-reference","/images/catalog/restroom-trailers-960.webp","0","1","Previous gallery used non-ADA combination units for an ADA title.","Replaced pooled selection with a single verified title-matched model; shared carousel and full-image controls.","false","","PASS","200","Representative browser checks recorded separately","PASS","","NOT DEPLOYED / UNVERIFIED"
"page","/service-areas/ohio/southeast-ohio/cities/","Southeast Ohio, Ohio Facility Rental Locations","false","unspecified","","","0","0","","Restored original navigation layout; no photo section is intended or missing.","false","","PASS","200","Representative browser checks recorded separately","PASS","","NOT DEPLOYED / UNVERIFIED"
"page","/service-areas/ohio/southwest-ohio/","Southwest Ohio, Ohio Institutional Facility Shower and Restroom Combination Trailer For Rent","true","shower-restroom-combination","model-10","/media/equipment-drive/luxury-shower-restroom-combination-trailers/22ft-luxury-shower-restroom-combination-trailer-6-stalls/luxury-6-stall-shower-restroom-trailer-entry-steps.png | /media/equipment-drive/luxury-shower-restroom-combination-trailers/22ft-luxury-shower-restroom-combination-trailer-6-stalls/luxury-shower-restroom-trailer-sink-vanity-interior.png | /media/equipment-drive/luxury-shower-restroom-combination-trailers/22ft-luxury-shower-restroom-combination-trailer-6-stalls/22ft-6-stall-shower-restroom-trailer-exterior.png | /media/equipment-drive/luxury-shower-restroom-combination-trailers/22ft-luxury-shower-restroom-combination-trailer-6-stalls/22ft-luxury-shower-restroom-combination-trailer-6-stall-exterior.png | /media/equipment-drive/luxury-shower-restroom-combination-trailers/22ft-luxury-shower-restroom-combination-trailer-6-stalls/luxury-shower-restroom-trailer-private-shower-stall.png","2","3","Previous gallery combined different sizes/stall configurations.","Replaced pooled selection with a single verified title-matched model; shared carousel and full-image controls.","false","","PASS","200","Representative browser checks recorded separately","PASS","","NOT DEPLOYED / UNVERIFIED"
"page","/service-areas/ohio/southwest-ohio/cities/","Southwest Ohio, Ohio Facility Rental Locations","false","unspecified","","","0","0","","Restored original navigation layout; no photo section is intended or missing.","false","","PASS","200","Representative browser checks recorded separately","PASS","","NOT DEPLOYED / UNVERIFIED"
"page","/service-areas/oklahoma/","Oklahoma Workforce Camp Laundry Temporary Facilities Long-Term Rental","true","laundry-unspecified","","/media/equipment-drive/laundry-trailers-and-containers/30ft-laundry-trailer-10-washer-dryer/mobile-laundry-trailer-commercial-washers-dryers.png | /media/equipment-drive/laundry-trailers-and-containers/20ft-laundry-container/Laundry Container 7 units 1.png | /media/equipment-drive/laundry-trailers-and-containers/20ft-laundry-container/Laundry Container 7 units 2.png | /media/equipment-drive/laundry-trailers-and-containers/20ft-laundry-container/Laundry Container 7units.png","4","0","Previous laundry gallery mixed trailer and container form factors.","Replaced pooled selection with a single verified title-matched model; shared carousel and full-image controls.","false","","PASS","200","Representative browser checks recorded separately","PASS","","NOT DEPLOYED / UNVERIFIED"
"page","/service-areas/oklahoma/central-oklahoma/","Central Oklahoma, Oklahoma Workforce Housing Sleeper Bunk-Bed Facility Leasing","true","sleeper-trailer","april-two-stall-sleeper","/media/equipment-drive/sleeper-and-accommodation/sleeper-trailer-2-stalls/sleeper-trailer-2-stall-bunk-bed-interior.png | /media/equipment-drive/sleeper-and-accommodation/sleeper-trailer-2-stalls/sleeper-trailer-2-stall-sleeping-room.png","2","0","Previous multi-image sleeper gallery lacked reliable image-to-configuration association.","Replaced pooled selection with a single verified title-matched model; shared carousel and full-image controls.","false","","PASS","200","Representative browser checks recorded separately","PASS","","NOT DEPLOYED / UNVERIFIED"
"page","/service-areas/oklahoma/central-oklahoma/cities/","Central Oklahoma, Oklahoma Facility Rental Locations","false","unspecified","","","0","0","","Restored original navigation layout; no photo section is intended or missing.","false","","PASS","200","Representative browser checks recorded separately","PASS","","NOT DEPLOYED / UNVERIFIED"
"page","/service-areas/oklahoma/green-country/","Green Country, Oklahoma Commercial Food Service Commercial Kitchen Modular Building For Rent","true","kitchen-modular","","","0","0","Previous gallery supplied kitchen trailers for a modular-building title.","Removed unsafe/ambiguous fallback, or added explicit verified-photography pending state.","true","No matching verified photography exists for the title's equipment/configuration.","PASS","200","Representative browser checks recorded separately","PASS","","NOT DEPLOYED / UNVERIFIED"
"page","/service-areas/oklahoma/green-country/cities/","Green Country, Oklahoma Facility Rental Locations","false","unspecified","","","0","0","","Restored original navigation layout; no photo section is intended or missing.","false","","PASS","200","Representative browser checks recorded separately","PASS","","NOT DEPLOYED / UNVERIFIED"
"page","/service-areas/oklahoma/kiamichi-country/","Kiamichi Country, Oklahoma Remote Operations Man Camp Temporary Facilities Rental","true","unspecified","","/media/equipment-drive/sleeper-and-accommodation/20ft-accommodation-contractor/20ft-accommodation-unit-bunk-bed-interior.png | /media/equipment-drive/sleeper-and-accommodation/20ft-accommodation-contractor/20ft-mobile-accommodation-bunk-room-interior.png | /media/equipment-drive/sleeper-and-accommodation/20ft-accommodation-contractor/20ft-accommodation-unit-exterior-side-view.png | /media/equipment-drive/sleeper-and-accommodation/20ft-accommodation-contractor/20ft-portable-accommodation-unit-base-camp.png | /media/equipment-drive/mobile-kitchens/24ft-mobile-kitchen/portable-commercial-kitchen-trailer-interior.png | /media/equipment-drive/mobile-kitchens/24ft-mobile-kitchen/mobile-commercial-kitchen-entry-view.png | /media/equipment-drive/mobile-kitchens/24ft-mobile-kitchen/mobile-kitchen-trailer-prep-counter.png | /media/equipment-drive/mobile-kitchens/24ft-mobile-kitchen/commercial-six-burner-gas-range.png | /media/equipment-drive/mobile-kitchens/24ft-mobile-kitchen/mobile-kitchen-trailer-exterior-service-window.png | /media/equipment-drive/shower-trailers/20-ft-shower-trailer-5-stalls-with-handwashing-sink/mobile-shower-trailer-wash-station.png | /media/equipment-drive/shower-trailers/20-ft-shower-trailer-5-stalls-with-handwashing-sink/multi-station-shower-trailer-exterior.png | /media/equipment-drive/shower-trailers/20-ft-shower-trailer-5-stalls-with-handwashing-sink/private-shower-trailer-stall-interior.png | /media/equipment-drive/shower-trailers/20-ft-shower-trailer-5-stalls-with-handwashing-sink/shower-trailer-exterior-with-private-shower-stall.png | /media/equipment-drive/shower-trailers/20-ft-shower-trailer-5-stalls-with-handwashing-sink/shower-trailer-rear-exterior-view.png | /media/equipment-drive/shower-trailers/20-ft-shower-trailer-5-stalls-with-handwashing-sink/shower-trailer-sink-and-mirror-area.png","7","8","Previous fallback displayed mixed equipment despite an unspecified title.","Replaced pooled selection with a single verified title-matched model; shared carousel and full-image controls.","false","","PASS","200","Representative browser checks recorded separately","PASS","","NOT DEPLOYED / UNVERIFIED"
"page","/service-areas/oklahoma/kiamichi-country/cities/","Kiamichi Country, Oklahoma Facility Rental Locations","false","unspecified","","","0","0","","Restored original navigation layout; no photo section is intended or missing.","false","","PASS","200","Representative browser checks recorded separately","PASS","","NOT DEPLOYED / UNVERIFIED"
"page","/service-areas/oklahoma/northwest-oklahoma/","Northwest Oklahoma, Oklahoma Construction Project Kitchen Emergency Trailer Rental","true","mobile-kitchen","model-12","/media/equipment-drive/mobile-kitchens/24ft-mobile-kitchen/portable-commercial-kitchen-trailer-interior.png | /media/equipment-drive/mobile-kitchens/24ft-mobile-kitchen/mobile-commercial-kitchen-entry-view.png | /media/equipment-drive/mobile-kitchens/24ft-mobile-kitchen/mobile-kitchen-trailer-prep-counter.png | /media/equipment-drive/mobile-kitchens/24ft-mobile-kitchen/commercial-six-burner-gas-range.png | /media/equipment-drive/mobile-kitchens/24ft-mobile-kitchen/mobile-kitchen-trailer-exterior-service-window.png","4","1","Previous gallery pooled standard, bulk and combination kitchens of different sizes.","Replaced pooled selection with a single verified title-matched model; shared carousel and full-image controls.","false","","PASS","200","Representative browser checks recorded separately","PASS","","NOT DEPLOYED / UNVERIFIED"
"page","/service-areas/oklahoma/northwest-oklahoma/cities/","Northwest Oklahoma, Oklahoma Facility Rental Locations","false","unspecified","","","0","0","","Restored original navigation layout; no photo section is intended or missing.","false","","PASS","200","Representative browser checks recorded separately","PASS","","NOT DEPLOYED / UNVERIFIED"
"page","/service-areas/oklahoma/panhandle/","Panhandle, Oklahoma Workforce Camp Laundry Temporary Facilities Long-Term Rental","true","laundry-unspecified","","/media/equipment-drive/laundry-trailers-and-containers/30ft-laundry-trailer-10-washer-dryer/mobile-laundry-trailer-commercial-washers-dryers.png | /media/equipment-drive/laundry-trailers-and-containers/20ft-laundry-container/Laundry Container 7 units 1.png | /media/equipment-drive/laundry-trailers-and-containers/20ft-laundry-container/Laundry Container 7 units 2.png | /media/equipment-drive/laundry-trailers-and-containers/20ft-laundry-container/Laundry Container 7units.png","4","0","Previous laundry gallery mixed trailer and container form factors.","Replaced pooled selection with a single verified title-matched model; shared carousel and full-image controls.","false","","PASS","200","Representative browser checks recorded separately","PASS","","NOT DEPLOYED / UNVERIFIED"
"page","/service-areas/oklahoma/panhandle/cities/","Panhandle, Oklahoma Facility Rental Locations","false","unspecified","","","0","0","","Restored original navigation layout; no photo section is intended or missing.","false","","PASS","200","Representative browser checks recorded separately","PASS","","NOT DEPLOYED / UNVERIFIED"
"page","/service-areas/oklahoma/southwest-oklahoma/","Southwest Oklahoma, Oklahoma Emergency Basecamp Shower Trailer Rental","true","shower-trailer","model-21","/media/equipment-drive/shower-trailers/20-ft-shower-trailer-5-stalls-with-handwashing-sink/mobile-shower-trailer-wash-station.png | /media/equipment-drive/shower-trailers/20-ft-shower-trailer-5-stalls-with-handwashing-sink/multi-station-shower-trailer-exterior.png | /media/equipment-drive/shower-trailers/20-ft-shower-trailer-5-stalls-with-handwashing-sink/private-shower-trailer-stall-interior.png | /media/equipment-drive/shower-trailers/20-ft-shower-trailer-5-stalls-with-handwashing-sink/shower-trailer-exterior-with-private-shower-stall.png | /media/equipment-drive/shower-trailers/20-ft-shower-trailer-5-stalls-with-handwashing-sink/shower-trailer-rear-exterior-view.png | /media/equipment-drive/shower-trailers/20-ft-shower-trailer-5-stalls-with-handwashing-sink/shower-trailer-sink-and-mirror-area.png","1","5","Previous shower gallery mixed shower containers with shower trailers.","Replaced pooled selection with a single verified title-matched model; shared carousel and full-image controls.","false","","PASS","200","Representative browser checks recorded separately","PASS","","NOT DEPLOYED / UNVERIFIED"
"page","/service-areas/oklahoma/southwest-oklahoma/cities/","Southwest Oklahoma, Oklahoma Facility Rental Locations","false","unspecified","","","0","0","","Restored original navigation layout; no photo section is intended or missing.","false","","PASS","200","Representative browser checks recorded separately","PASS","","NOT DEPLOYED / UNVERIFIED"
"page","/service-areas/oregon/","Oregon Workforce Camp Laundry Temporary Facilities Long-Term Rental","true","laundry-unspecified","","/media/equipment-drive/laundry-trailers-and-containers/30ft-laundry-trailer-10-washer-dryer/mobile-laundry-trailer-commercial-washers-dryers.png | /media/equipment-drive/laundry-trailers-and-containers/20ft-laundry-container/Laundry Container 7 units 1.png | /media/equipment-drive/laundry-trailers-and-containers/20ft-laundry-container/Laundry Container 7 units 2.png | /media/equipment-drive/laundry-trailers-and-containers/20ft-laundry-container/Laundry Container 7units.png","4","0","Previous laundry gallery mixed trailer and container form factors.","Replaced pooled selection with a single verified title-matched model; shared carousel and full-image controls.","false","","PASS","200","Representative browser checks recorded separately","PASS","","NOT DEPLOYED / UNVERIFIED"
"page","/service-areas/oregon/central-oregon/","Central Oregon, Oregon Workforce Housing Sleeper Bunk-Bed Facility Leasing","true","sleeper-trailer","april-two-stall-sleeper","/media/equipment-drive/sleeper-and-accommodation/sleeper-trailer-2-stalls/sleeper-trailer-2-stall-bunk-bed-interior.png | /media/equipment-drive/sleeper-and-accommodation/sleeper-trailer-2-stalls/sleeper-trailer-2-stall-sleeping-room.png","2","0","Previous multi-image sleeper gallery lacked reliable image-to-configuration association.","Replaced pooled selection with a single verified title-matched model; shared carousel and full-image controls.","false","","PASS","200","Representative browser checks recorded separately","PASS","","NOT DEPLOYED / UNVERIFIED"
"page","/service-areas/oregon/central-oregon/cities/","Central Oregon, Oregon Facility Rental Locations","false","unspecified","","","0","0","","Restored original navigation layout; no photo section is intended or missing.","false","","PASS","200","Representative browser checks recorded separately","PASS","","NOT DEPLOYED / UNVERIFIED"
"page","/service-areas/oregon/eastern-oregon/","Eastern Oregon, Oregon Remote Operations Man Camp Temporary Facilities Rental","true","unspecified","","/media/equipment-drive/sleeper-and-accommodation/20ft-accommodation-contractor/20ft-accommodation-unit-bunk-bed-interior.png | /media/equipment-drive/sleeper-and-accommodation/20ft-accommodation-contractor/20ft-mobile-accommodation-bunk-room-interior.png | /media/equipment-drive/sleeper-and-accommodation/20ft-accommodation-contractor/20ft-accommodation-unit-exterior-side-view.png | /media/equipment-drive/sleeper-and-accommodation/20ft-accommodation-contractor/20ft-portable-accommodation-unit-base-camp.png | /media/equipment-drive/mobile-kitchens/24ft-mobile-kitchen/portable-commercial-kitchen-trailer-interior.png | /media/equipment-drive/mobile-kitchens/24ft-mobile-kitchen/mobile-commercial-kitchen-entry-view.png | /media/equipment-drive/mobile-kitchens/24ft-mobile-kitchen/mobile-kitchen-trailer-prep-counter.png | /media/equipment-drive/mobile-kitchens/24ft-mobile-kitchen/commercial-six-burner-gas-range.png | /media/equipment-drive/mobile-kitchens/24ft-mobile-kitchen/mobile-kitchen-trailer-exterior-service-window.png | /media/equipment-drive/shower-trailers/20-ft-shower-trailer-5-stalls-with-handwashing-sink/mobile-shower-trailer-wash-station.png | /media/equipment-drive/shower-trailers/20-ft-shower-trailer-5-stalls-with-handwashing-sink/multi-station-shower-trailer-exterior.png | /media/equipment-drive/shower-trailers/20-ft-shower-trailer-5-stalls-with-handwashing-sink/private-shower-trailer-stall-interior.png | /media/equipment-drive/shower-trailers/20-ft-shower-trailer-5-stalls-with-handwashing-sink/shower-trailer-exterior-with-private-shower-stall.png | /media/equipment-drive/shower-trailers/20-ft-shower-trailer-5-stalls-with-handwashing-sink/shower-trailer-rear-exterior-view.png | /media/equipment-drive/shower-trailers/20-ft-shower-trailer-5-stalls-with-handwashing-sink/shower-trailer-sink-and-mirror-area.png","7","8","Previous fallback displayed mixed equipment despite an unspecified title.","Replaced pooled selection with a single verified title-matched model; shared carousel and full-image controls.","false","","PASS","200","Representative browser checks recorded separately","PASS","","NOT DEPLOYED / UNVERIFIED"
"page","/service-areas/oregon/eastern-oregon/cities/","Eastern Oregon, Oregon Facility Rental Locations","false","unspecified","","","0","0","","Restored original navigation layout; no photo section is intended or missing.","false","","PASS","200","Representative browser checks recorded separately","PASS","","NOT DEPLOYED / UNVERIFIED"
"page","/service-areas/oregon/oregon-coast/","Oregon Coast, Oregon Workforce Camp Laundry Temporary Facilities Long-Term Rental","true","laundry-unspecified","","/media/equipment-drive/laundry-trailers-and-containers/30ft-laundry-trailer-10-washer-dryer/mobile-laundry-trailer-commercial-washers-dryers.png | /media/equipment-drive/laundry-trailers-and-containers/20ft-laundry-container/Laundry Container 7 units 1.png | /media/equipment-drive/laundry-trailers-and-containers/20ft-laundry-container/Laundry Container 7 units 2.png | /media/equipment-drive/laundry-trailers-and-containers/20ft-laundry-container/Laundry Container 7units.png","4","0","Previous laundry gallery mixed trailer and container form factors.","Replaced pooled selection with a single verified title-matched model; shared carousel and full-image controls.","false","","PASS","200","Representative browser checks recorded separately","PASS","","NOT DEPLOYED / UNVERIFIED"
"page","/service-areas/oregon/oregon-coast/cities/","Oregon Coast, Oregon Facility Rental Locations","false","unspecified","","","0","0","","Restored original navigation layout; no photo section is intended or missing.","false","","PASS","200","Representative browser checks recorded separately","PASS","","NOT DEPLOYED / UNVERIFIED"
"page","/service-areas/oregon/southern-oregon/","Southern Oregon, Oregon Commercial Food Service Commercial Kitchen Modular Building For Rent","true","kitchen-modular","","","0","0","Previous gallery supplied kitchen trailers for a modular-building title.","Removed unsafe/ambiguous fallback, or added explicit verified-photography pending state.","true","No matching verified photography exists for the title's equipment/configuration.","PASS","200","Representative browser checks recorded separately","PASS","","NOT DEPLOYED / UNVERIFIED"
"page","/service-areas/oregon/southern-oregon/cities/","Southern Oregon, Oregon Facility Rental Locations","false","unspecified","","","0","0","","Restored original navigation layout; no photo section is intended or missing.","false","","PASS","200","Representative browser checks recorded separately","PASS","","NOT DEPLOYED / UNVERIFIED"
"page","/service-areas/oregon/willamette-valley/","Willamette Valley, Oregon Construction Project Kitchen Emergency Trailer Rental","true","mobile-kitchen","model-12","/media/equipment-drive/mobile-kitchens/24ft-mobile-kitchen/portable-commercial-kitchen-trailer-interior.png | /media/equipment-drive/mobile-kitchens/24ft-mobile-kitchen/mobile-commercial-kitchen-entry-view.png | /media/equipment-drive/mobile-kitchens/24ft-mobile-kitchen/mobile-kitchen-trailer-prep-counter.png | /media/equipment-drive/mobile-kitchens/24ft-mobile-kitchen/commercial-six-burner-gas-range.png | /media/equipment-drive/mobile-kitchens/24ft-mobile-kitchen/mobile-kitchen-trailer-exterior-service-window.png","4","1","Previous gallery pooled standard, bulk and combination kitchens of different sizes.","Replaced pooled selection with a single verified title-matched model; shared carousel and full-image controls.","false","","PASS","200","Representative browser checks recorded separately","PASS","","NOT DEPLOYED / UNVERIFIED"
"page","/service-areas/oregon/willamette-valley/cities/","Willamette Valley, Oregon Facility Rental Locations","false","unspecified","","","0","0","","Restored original navigation layout; no photo section is intended or missing.","false","","PASS","200","Representative browser checks recorded separately","PASS","","NOT DEPLOYED / UNVERIFIED"
"page","/service-areas/pennsylvania/","Pennsylvania Institutional Facility Shower and Restroom Combination Trailer For Rent","true","shower-restroom-combination","model-10","/media/equipment-drive/luxury-shower-restroom-combination-trailers/22ft-luxury-shower-restroom-combination-trailer-6-stalls/luxury-6-stall-shower-restroom-trailer-entry-steps.png | /media/equipment-drive/luxury-shower-restroom-combination-trailers/22ft-luxury-shower-restroom-combination-trailer-6-stalls/luxury-shower-restroom-trailer-sink-vanity-interior.png | /media/equipment-drive/luxury-shower-restroom-combination-trailers/22ft-luxury-shower-restroom-combination-trailer-6-stalls/22ft-6-stall-shower-restroom-trailer-exterior.png | /media/equipment-drive/luxury-shower-restroom-combination-trailers/22ft-luxury-shower-restroom-combination-trailer-6-stalls/22ft-luxury-shower-restroom-combination-trailer-6-stall-exterior.png | /media/equipment-drive/luxury-shower-restroom-combination-trailers/22ft-luxury-shower-restroom-combination-trailer-6-stalls/luxury-shower-restroom-trailer-private-shower-stall.png","2","3","Previous gallery combined different sizes/stall configurations.","Replaced pooled selection with a single verified title-matched model; shared carousel and full-image controls.","false","","PASS","200","Representative browser checks recorded separately","PASS","","NOT DEPLOYED / UNVERIFIED"
"page","/service-areas/pennsylvania/central-pennsylvania/","Central Pennsylvania, Pennsylvania Construction Project Kitchen Emergency Trailer Rental","true","mobile-kitchen","model-12","/media/equipment-drive/mobile-kitchens/24ft-mobile-kitchen/portable-commercial-kitchen-trailer-interior.png | /media/equipment-drive/mobile-kitchens/24ft-mobile-kitchen/mobile-commercial-kitchen-entry-view.png | /media/equipment-drive/mobile-kitchens/24ft-mobile-kitchen/mobile-kitchen-trailer-prep-counter.png | /media/equipment-drive/mobile-kitchens/24ft-mobile-kitchen/commercial-six-burner-gas-range.png | /media/equipment-drive/mobile-kitchens/24ft-mobile-kitchen/mobile-kitchen-trailer-exterior-service-window.png","4","1","Previous gallery pooled standard, bulk and combination kitchens of different sizes.","Replaced pooled selection with a single verified title-matched model; shared carousel and full-image controls.","false","","PASS","200","Representative browser checks recorded separately","PASS","","NOT DEPLOYED / UNVERIFIED"
"page","/service-areas/pennsylvania/central-pennsylvania/cities/","Central Pennsylvania, Pennsylvania Facility Rental Locations","false","unspecified","","","0","0","","Restored original navigation layout; no photo section is intended or missing.","false","","PASS","200","Representative browser checks recorded separately","PASS","","NOT DEPLOYED / UNVERIFIED"
"page","/service-areas/pennsylvania/erie-region/","Erie region, Pennsylvania Institutional Facility Shower and Restroom Combination Trailer For Rent","true","shower-restroom-combination","model-10","/media/equipment-drive/luxury-shower-restroom-combination-trailers/22ft-luxury-shower-restroom-combination-trailer-6-stalls/luxury-6-stall-shower-restroom-trailer-entry-steps.png | /media/equipment-drive/luxury-shower-restroom-combination-trailers/22ft-luxury-shower-restroom-combination-trailer-6-stalls/luxury-shower-restroom-trailer-sink-vanity-interior.png | /media/equipment-drive/luxury-shower-restroom-combination-trailers/22ft-luxury-shower-restroom-combination-trailer-6-stalls/22ft-6-stall-shower-restroom-trailer-exterior.png | /media/equipment-drive/luxury-shower-restroom-combination-trailers/22ft-luxury-shower-restroom-combination-trailer-6-stalls/22ft-luxury-shower-restroom-combination-trailer-6-stall-exterior.png | /media/equipment-drive/luxury-shower-restroom-combination-trailers/22ft-luxury-shower-restroom-combination-trailer-6-stalls/luxury-shower-restroom-trailer-private-shower-stall.png","2","3","Previous gallery combined different sizes/stall configurations.","Replaced pooled selection with a single verified title-matched model; shared carousel and full-image controls.","false","","PASS","200","Representative browser checks recorded separately","PASS","","NOT DEPLOYED / UNVERIFIED"
"page","/service-areas/pennsylvania/erie-region/cities/","Erie region, Pennsylvania Facility Rental Locations","false","unspecified","","","0","0","","Restored original navigation layout; no photo section is intended or missing.","false","","PASS","200","Representative browser checks recorded separately","PASS","","NOT DEPLOYED / UNVERIFIED"
"page","/service-areas/pennsylvania/northeast-pennsylvania/","Northeast Pennsylvania, Pennsylvania Commercial Food Service Commercial Kitchen Modular Building For Rent","true","kitchen-modular","","","0","0","Previous gallery supplied kitchen trailers for a modular-building title.","Removed unsafe/ambiguous fallback, or added explicit verified-photography pending state.","true","No matching verified photography exists for the title's equipment/configuration.","PASS","200","Representative browser checks recorded separately","PASS","","NOT DEPLOYED / UNVERIFIED"
"page","/service-areas/pennsylvania/northeast-pennsylvania/cities/","Northeast Pennsylvania, Pennsylvania Facility Rental Locations","false","unspecified","","","0","0","","Restored original navigation layout; no photo section is intended or missing.","false","","PASS","200","Representative browser checks recorded separately","PASS","","NOT DEPLOYED / UNVERIFIED"
"page","/service-areas/pennsylvania/pennsylvania-wilds/","Pennsylvania Wilds, Pennsylvania Workforce Camp Laundry Temporary Facilities Long-Term Rental","true","laundry-unspecified","","/media/equipment-drive/laundry-trailers-and-containers/30ft-laundry-trailer-10-washer-dryer/mobile-laundry-trailer-commercial-washers-dryers.png | /media/equipment-drive/laundry-trailers-and-containers/20ft-laundry-container/Laundry Container 7 units 1.png | /media/equipment-drive/laundry-trailers-and-containers/20ft-laundry-container/Laundry Container 7 units 2.png | /media/equipment-drive/laundry-trailers-and-containers/20ft-laundry-container/Laundry Container 7units.png","4","0","Previous laundry gallery mixed trailer and container form factors.","Replaced pooled selection with a single verified title-matched model; shared carousel and full-image controls.","false","","PASS","200","Representative browser checks recorded separately","PASS","","NOT DEPLOYED / UNVERIFIED"
"page","/service-areas/pennsylvania/pennsylvania-wilds/cities/","Pennsylvania Wilds, Pennsylvania Facility Rental Locations","false","unspecified","","","0","0","","Restored original navigation layout; no photo section is intended or missing.","false","","PASS","200","Representative browser checks recorded separately","PASS","","NOT DEPLOYED / UNVERIFIED"
"page","/service-areas/pennsylvania/philadelphia-and-southeast/","Philadelphia and Southeast, Pennsylvania Workforce Housing Sleeper Bunk-Bed Facility Leasing","true","sleeper-trailer","april-two-stall-sleeper","/media/equipment-drive/sleeper-and-accommodation/sleeper-trailer-2-stalls/sleeper-trailer-2-stall-bunk-bed-interior.png | /media/equipment-drive/sleeper-and-accommodation/sleeper-trailer-2-stalls/sleeper-trailer-2-stall-sleeping-room.png","2","0","Previous multi-image sleeper gallery lacked reliable image-to-configuration association.","Replaced pooled selection with a single verified title-matched model; shared carousel and full-image controls.","false","","PASS","200","Representative browser checks recorded separately","PASS","","NOT DEPLOYED / UNVERIFIED"
"page","/service-areas/pennsylvania/philadelphia-and-southeast/cities/","Philadelphia and Southeast, Pennsylvania Facility Rental Locations","false","unspecified","","","0","0","","Restored original navigation layout; no photo section is intended or missing.","false","","PASS","200","Representative browser checks recorded separately","PASS","","NOT DEPLOYED / UNVERIFIED"
"page","/service-areas/pennsylvania/pittsburgh-and-southwest/","Pittsburgh and Southwest, Pennsylvania Accessible Commercial Site ADA Shower and Restroom Combination Trailer Leasing","true","ada-combination","client-labelled-ada-reference","/images/catalog/restroom-trailers-960.webp","0","1","Previous gallery used non-ADA combination units for an ADA title.","Replaced pooled selection with a single verified title-matched model; shared carousel and full-image controls.","false","","PASS","200","Representative browser checks recorded separately","PASS","","NOT DEPLOYED / UNVERIFIED"
"page","/service-areas/pennsylvania/pittsburgh-and-southwest/cities/","Pittsburgh and Southwest, Pennsylvania Facility Rental Locations","false","unspecified","","","0","0","","Restored original navigation layout; no photo section is intended or missing.","false","","PASS","200","Representative browser checks recorded separately","PASS","","NOT DEPLOYED / UNVERIFIED"
"page","/service-areas/rhode-island/","Rhode Island Accessible Commercial Site ADA Shower and Restroom Combination Trailer Leasing","true","ada-combination","client-labelled-ada-reference","/images/catalog/restroom-trailers-960.webp","0","1","Previous gallery used non-ADA combination units for an ADA title.","Replaced pooled selection with a single verified title-matched model; shared carousel and full-image controls.","false","","PASS","200","Representative browser checks recorded separately","PASS","","NOT DEPLOYED / UNVERIFIED"
"page","/service-areas/rhode-island/blackstone-valley/","Blackstone Valley, Rhode Island Workforce Camp Laundry Temporary Facilities Long-Term Rental","true","laundry-unspecified","","/media/equipment-drive/laundry-trailers-and-containers/30ft-laundry-trailer-10-washer-dryer/mobile-laundry-trailer-commercial-washers-dryers.png | /media/equipment-drive/laundry-trailers-and-containers/20ft-laundry-container/Laundry Container 7 units 1.png | /media/equipment-drive/laundry-trailers-and-containers/20ft-laundry-container/Laundry Container 7 units 2.png | /media/equipment-drive/laundry-trailers-and-containers/20ft-laundry-container/Laundry Container 7units.png","4","0","Previous laundry gallery mixed trailer and container form factors.","Replaced pooled selection with a single verified title-matched model; shared carousel and full-image controls.","false","","PASS","200","Representative browser checks recorded separately","PASS","","NOT DEPLOYED / UNVERIFIED"
"page","/service-areas/rhode-island/blackstone-valley/cities/","Blackstone Valley, Rhode Island Facility Rental Locations","false","unspecified","","","0","0","","Restored original navigation layout; no photo section is intended or missing.","false","","PASS","200","Representative browser checks recorded separately","PASS","","NOT DEPLOYED / UNVERIFIED"
"page","/service-areas/rhode-island/newport-county/","Newport County, Rhode Island Construction Project Kitchen Emergency Trailer Rental","true","mobile-kitchen","model-12","/media/equipment-drive/mobile-kitchens/24ft-mobile-kitchen/portable-commercial-kitchen-trailer-interior.png | /media/equipment-drive/mobile-kitchens/24ft-mobile-kitchen/mobile-commercial-kitchen-entry-view.png | /media/equipment-drive/mobile-kitchens/24ft-mobile-kitchen/mobile-kitchen-trailer-prep-counter.png | /media/equipment-drive/mobile-kitchens/24ft-mobile-kitchen/commercial-six-burner-gas-range.png | /media/equipment-drive/mobile-kitchens/24ft-mobile-kitchen/mobile-kitchen-trailer-exterior-service-window.png","4","1","Previous gallery pooled standard, bulk and combination kitchens of different sizes.","Replaced pooled selection with a single verified title-matched model; shared carousel and full-image controls.","false","","PASS","200","Representative browser checks recorded separately","PASS","","NOT DEPLOYED / UNVERIFIED"
"page","/service-areas/rhode-island/newport-county/cities/","Newport County, Rhode Island Facility Rental Locations","false","unspecified","","","0","0","","Restored original navigation layout; no photo section is intended or missing.","false","","PASS","200","Representative browser checks recorded separately","PASS","","NOT DEPLOYED / UNVERIFIED"
"page","/service-areas/rhode-island/providence-area/","Providence area, Rhode Island Accessible Commercial Site ADA Shower and Restroom Combination Trailer Leasing","true","ada-combination","client-labelled-ada-reference","/images/catalog/restroom-trailers-960.webp","0","1","Previous gallery used non-ADA combination units for an ADA title.","Replaced pooled selection with a single verified title-matched model; shared carousel and full-image controls.","false","","PASS","200","Representative browser checks recorded separately","PASS","","NOT DEPLOYED / UNVERIFIED"
"page","/service-areas/rhode-island/providence-area/cities/","Providence area, Rhode Island Facility Rental Locations","false","unspecified","","","0","0","","Restored original navigation layout; no photo section is intended or missing.","false","","PASS","200","Representative browser checks recorded separately","PASS","","NOT DEPLOYED / UNVERIFIED"
"page","/service-areas/rhode-island/south-county/","South County, Rhode Island Commercial Food Service Commercial Kitchen Modular Building For Rent","true","kitchen-modular","","","0","0","Previous gallery supplied kitchen trailers for a modular-building title.","Removed unsafe/ambiguous fallback, or added explicit verified-photography pending state.","true","No matching verified photography exists for the title's equipment/configuration.","PASS","200","Representative browser checks recorded separately","PASS","","NOT DEPLOYED / UNVERIFIED"
"page","/service-areas/rhode-island/south-county/cities/","South County, Rhode Island Facility Rental Locations","false","unspecified","","","0","0","","Restored original navigation layout; no photo section is intended or missing.","false","","PASS","200","Representative browser checks recorded separately","PASS","","NOT DEPLOYED / UNVERIFIED"
"page","/service-areas/south-carolina/","South Carolina Commercial Food Service Commercial Kitchen Modular Building For Rent","true","kitchen-modular","","","0","0","Previous gallery supplied kitchen trailers for a modular-building title.","Removed unsafe/ambiguous fallback, or added explicit verified-photography pending state.","true","No matching verified photography exists for the title's equipment/configuration.","PASS","200","Representative browser checks recorded separately","PASS","","NOT DEPLOYED / UNVERIFIED"
"page","/service-areas/south-carolina/lowcountry/","Lowcountry, South Carolina Emergency Basecamp Shower Trailer Rental","true","shower-trailer","model-21","/media/equipment-drive/shower-trailers/20-ft-shower-trailer-5-stalls-with-handwashing-sink/mobile-shower-trailer-wash-station.png | /media/equipment-drive/shower-trailers/20-ft-shower-trailer-5-stalls-with-handwashing-sink/multi-station-shower-trailer-exterior.png | /media/equipment-drive/shower-trailers/20-ft-shower-trailer-5-stalls-with-handwashing-sink/private-shower-trailer-stall-interior.png | /media/equipment-drive/shower-trailers/20-ft-shower-trailer-5-stalls-with-handwashing-sink/shower-trailer-exterior-with-private-shower-stall.png | /media/equipment-drive/shower-trailers/20-ft-shower-trailer-5-stalls-with-handwashing-sink/shower-trailer-rear-exterior-view.png | /media/equipment-drive/shower-trailers/20-ft-shower-trailer-5-stalls-with-handwashing-sink/shower-trailer-sink-and-mirror-area.png","1","5","Previous shower gallery mixed shower containers with shower trailers.","Replaced pooled selection with a single verified title-matched model; shared carousel and full-image controls.","false","","PASS","200","Representative browser checks recorded separately","PASS","","NOT DEPLOYED / UNVERIFIED"
"page","/service-areas/south-carolina/lowcountry/cities/","Lowcountry, South Carolina Facility Rental Locations","false","unspecified","","","0","0","","Restored original navigation layout; no photo section is intended or missing.","false","","PASS","200","Representative browser checks recorded separately","PASS","","NOT DEPLOYED / UNVERIFIED"
"page","/service-areas/south-carolina/midlands/","Midlands, South Carolina Workforce Housing Sleeper Bunk-Bed Facility Leasing","true","sleeper-trailer","april-two-stall-sleeper","/media/equipment-drive/sleeper-and-accommodation/sleeper-trailer-2-stalls/sleeper-trailer-2-stall-bunk-bed-interior.png | /media/equipment-drive/sleeper-and-accommodation/sleeper-trailer-2-stalls/sleeper-trailer-2-stall-sleeping-room.png","2","0","Previous multi-image sleeper gallery lacked reliable image-to-configuration association.","Replaced pooled selection with a single verified title-matched model; shared carousel and full-image controls.","false","","PASS","200","Representative browser checks recorded separately","PASS","","NOT DEPLOYED / UNVERIFIED"
"page","/service-areas/south-carolina/midlands/cities/","Midlands, South Carolina Facility Rental Locations","false","unspecified","","","0","0","","Restored original navigation layout; no photo section is intended or missing.","false","","PASS","200","Representative browser checks recorded separately","PASS","","NOT DEPLOYED / UNVERIFIED"
"page","/service-areas/south-carolina/pee-dee/","Pee Dee, South Carolina Remote Operations Man Camp Temporary Facilities Rental","true","unspecified","","/media/equipment-drive/sleeper-and-accommodation/20ft-accommodation-contractor/20ft-accommodation-unit-bunk-bed-interior.png | /media/equipment-drive/sleeper-and-accommodation/20ft-accommodation-contractor/20ft-mobile-accommodation-bunk-room-interior.png | /media/equipment-drive/sleeper-and-accommodation/20ft-accommodation-contractor/20ft-accommodation-unit-exterior-side-view.png | /media/equipment-drive/sleeper-and-accommodation/20ft-accommodation-contractor/20ft-portable-accommodation-unit-base-camp.png | /media/equipment-drive/mobile-kitchens/24ft-mobile-kitchen/portable-commercial-kitchen-trailer-interior.png | /media/equipment-drive/mobile-kitchens/24ft-mobile-kitchen/mobile-commercial-kitchen-entry-view.png | /media/equipment-drive/mobile-kitchens/24ft-mobile-kitchen/mobile-kitchen-trailer-prep-counter.png | /media/equipment-drive/mobile-kitchens/24ft-mobile-kitchen/commercial-six-burner-gas-range.png | /media/equipment-drive/mobile-kitchens/24ft-mobile-kitchen/mobile-kitchen-trailer-exterior-service-window.png | /media/equipment-drive/shower-trailers/20-ft-shower-trailer-5-stalls-with-handwashing-sink/mobile-shower-trailer-wash-station.png | /media/equipment-drive/shower-trailers/20-ft-shower-trailer-5-stalls-with-handwashing-sink/multi-station-shower-trailer-exterior.png | /media/equipment-drive/shower-trailers/20-ft-shower-trailer-5-stalls-with-handwashing-sink/private-shower-trailer-stall-interior.png | /media/equipment-drive/shower-trailers/20-ft-shower-trailer-5-stalls-with-handwashing-sink/shower-trailer-exterior-with-private-shower-stall.png | /media/equipment-drive/shower-trailers/20-ft-shower-trailer-5-stalls-with-handwashing-sink/shower-trailer-rear-exterior-view.png | /media/equipment-drive/shower-trailers/20-ft-shower-trailer-5-stalls-with-handwashing-sink/shower-trailer-sink-and-mirror-area.png","7","8","Previous fallback displayed mixed equipment despite an unspecified title.","Replaced pooled selection with a single verified title-matched model; shared carousel and full-image controls.","false","","PASS","200","Representative browser checks recorded separately","PASS","","NOT DEPLOYED / UNVERIFIED"
"page","/service-areas/south-carolina/pee-dee/cities/","Pee Dee, South Carolina Facility Rental Locations","false","unspecified","","","0","0","","Restored original navigation layout; no photo section is intended or missing.","false","","PASS","200","Representative browser checks recorded separately","PASS","","NOT DEPLOYED / UNVERIFIED"
"page","/service-areas/south-carolina/upstate/","Upstate, South Carolina Commercial Food Service Commercial Kitchen Modular Building For Rent","true","kitchen-modular","","","0","0","Previous gallery supplied kitchen trailers for a modular-building title.","Removed unsafe/ambiguous fallback, or added explicit verified-photography pending state.","true","No matching verified photography exists for the title's equipment/configuration.","PASS","200","Representative browser checks recorded separately","PASS","","NOT DEPLOYED / UNVERIFIED"
"page","/service-areas/south-carolina/upstate/cities/","Upstate, South Carolina Facility Rental Locations","false","unspecified","","","0","0","","Restored original navigation layout; no photo section is intended or missing.","false","","PASS","200","Representative browser checks recorded separately","PASS","","NOT DEPLOYED / UNVERIFIED"
"page","/service-areas/south-dakota/","South Dakota Emergency Basecamp Shower Trailer Rental","true","shower-trailer","model-21","/media/equipment-drive/shower-trailers/20-ft-shower-trailer-5-stalls-with-handwashing-sink/mobile-shower-trailer-wash-station.png | /media/equipment-drive/shower-trailers/20-ft-shower-trailer-5-stalls-with-handwashing-sink/multi-station-shower-trailer-exterior.png | /media/equipment-drive/shower-trailers/20-ft-shower-trailer-5-stalls-with-handwashing-sink/private-shower-trailer-stall-interior.png | /media/equipment-drive/shower-trailers/20-ft-shower-trailer-5-stalls-with-handwashing-sink/shower-trailer-exterior-with-private-shower-stall.png | /media/equipment-drive/shower-trailers/20-ft-shower-trailer-5-stalls-with-handwashing-sink/shower-trailer-rear-exterior-view.png | /media/equipment-drive/shower-trailers/20-ft-shower-trailer-5-stalls-with-handwashing-sink/shower-trailer-sink-and-mirror-area.png","1","5","Previous shower gallery mixed shower containers with shower trailers.","Replaced pooled selection with a single verified title-matched model; shared carousel and full-image controls.","false","","PASS","200","Representative browser checks recorded separately","PASS","","NOT DEPLOYED / UNVERIFIED"
"page","/service-areas/south-dakota/black-hills-and-badlands/","Black Hills and Badlands, South Dakota Emergency Basecamp Shower Trailer Rental","true","shower-trailer","model-21","/media/equipment-drive/shower-trailers/20-ft-shower-trailer-5-stalls-with-handwashing-sink/mobile-shower-trailer-wash-station.png | /media/equipment-drive/shower-trailers/20-ft-shower-trailer-5-stalls-with-handwashing-sink/multi-station-shower-trailer-exterior.png | /media/equipment-drive/shower-trailers/20-ft-shower-trailer-5-stalls-with-handwashing-sink/private-shower-trailer-stall-interior.png | /media/equipment-drive/shower-trailers/20-ft-shower-trailer-5-stalls-with-handwashing-sink/shower-trailer-exterior-with-private-shower-stall.png | /media/equipment-drive/shower-trailers/20-ft-shower-trailer-5-stalls-with-handwashing-sink/shower-trailer-rear-exterior-view.png | /media/equipment-drive/shower-trailers/20-ft-shower-trailer-5-stalls-with-handwashing-sink/shower-trailer-sink-and-mirror-area.png","1","5","Previous shower gallery mixed shower containers with shower trailers.","Replaced pooled selection with a single verified title-matched model; shared carousel and full-image controls.","false","","PASS","200","Representative browser checks recorded separately","PASS","","NOT DEPLOYED / UNVERIFIED"
"page","/service-areas/south-dakota/black-hills-and-badlands/cities/","Black Hills and Badlands, South Dakota Facility Rental Locations","false","unspecified","","","0","0","","Restored original navigation layout; no photo section is intended or missing.","false","","PASS","200","Representative browser checks recorded separately","PASS","","NOT DEPLOYED / UNVERIFIED"
"page","/service-areas/south-dakota/central-south-dakota/","Central South Dakota, South Dakota Institutional Facility Shower and Restroom Combination Trailer For Rent","true","shower-restroom-combination","model-10","/media/equipment-drive/luxury-shower-restroom-combination-trailers/22ft-luxury-shower-restroom-combination-trailer-6-stalls/luxury-6-stall-shower-restroom-trailer-entry-steps.png | /media/equipment-drive/luxury-shower-restroom-combination-trailers/22ft-luxury-shower-restroom-combination-trailer-6-stalls/luxury-shower-restroom-trailer-sink-vanity-interior.png | /media/equipment-drive/luxury-shower-restroom-combination-trailers/22ft-luxury-shower-restroom-combination-trailer-6-stalls/22ft-6-stall-shower-restroom-trailer-exterior.png | /media/equipment-drive/luxury-shower-restroom-combination-trailers/22ft-luxury-shower-restroom-combination-trailer-6-stalls/22ft-luxury-shower-restroom-combination-trailer-6-stall-exterior.png | /media/equipment-drive/luxury-shower-restroom-combination-trailers/22ft-luxury-shower-restroom-combination-trailer-6-stalls/luxury-shower-restroom-trailer-private-shower-stall.png","2","3","Previous gallery combined different sizes/stall configurations.","Replaced pooled selection with a single verified title-matched model; shared carousel and full-image controls.","false","","PASS","200","Representative browser checks recorded separately","PASS","","NOT DEPLOYED / UNVERIFIED"
"page","/service-areas/south-dakota/central-south-dakota/cities/","Central South Dakota, South Dakota Facility Rental Locations","false","unspecified","","","0","0","","Restored original navigation layout; no photo section is intended or missing.","false","","PASS","200","Representative browser checks recorded separately","PASS","","NOT DEPLOYED / UNVERIFIED"
"page","/service-areas/south-dakota/glacial-lakes-and-prairies/","Glacial Lakes and Prairies, South Dakota Accessible Commercial Site ADA Shower and Restroom Combination Trailer Leasing","true","ada-combination","client-labelled-ada-reference","/images/catalog/restroom-trailers-960.webp","0","1","Previous gallery used non-ADA combination units for an ADA title.","Replaced pooled selection with a single verified title-matched model; shared carousel and full-image controls.","false","","PASS","200","Representative browser checks recorded separately","PASS","","NOT DEPLOYED / UNVERIFIED"
"page","/service-areas/south-dakota/glacial-lakes-and-prairies/cities/","Glacial Lakes and Prairies, South Dakota Facility Rental Locations","false","unspecified","","","0","0","","Restored original navigation layout; no photo section is intended or missing.","false","","PASS","200","Representative browser checks recorded separately","PASS","","NOT DEPLOYED / UNVERIFIED"
"page","/service-areas/south-dakota/southeast-south-dakota/","Southeast South Dakota, South Dakota Workforce Camp Laundry Temporary Facilities Long-Term Rental","true","laundry-unspecified","","/media/equipment-drive/laundry-trailers-and-containers/30ft-laundry-trailer-10-washer-dryer/mobile-laundry-trailer-commercial-washers-dryers.png | /media/equipment-drive/laundry-trailers-and-containers/20ft-laundry-container/Laundry Container 7 units 1.png | /media/equipment-drive/laundry-trailers-and-containers/20ft-laundry-container/Laundry Container 7 units 2.png | /media/equipment-drive/laundry-trailers-and-containers/20ft-laundry-container/Laundry Container 7units.png","4","0","Previous laundry gallery mixed trailer and container form factors.","Replaced pooled selection with a single verified title-matched model; shared carousel and full-image controls.","false","","PASS","200","Representative browser checks recorded separately","PASS","","NOT DEPLOYED / UNVERIFIED"
"page","/service-areas/south-dakota/southeast-south-dakota/cities/","Southeast South Dakota, South Dakota Facility Rental Locations","false","unspecified","","","0","0","","Restored original navigation layout; no photo section is intended or missing.","false","","PASS","200","Representative browser checks recorded separately","PASS","","NOT DEPLOYED / UNVERIFIED"
"page","/service-areas/tennessee/","Tennessee Commercial Food Service Commercial Kitchen Modular Building For Rent","true","kitchen-modular","","","0","0","Previous gallery supplied kitchen trailers for a modular-building title.","Removed unsafe/ambiguous fallback, or added explicit verified-photography pending state.","true","No matching verified photography exists for the title's equipment/configuration.","PASS","200","Representative browser checks recorded separately","PASS","","NOT DEPLOYED / UNVERIFIED"
"page","/service-areas/tennessee/cumberland-plateau/","Cumberland Plateau, Tennessee Remote Operations Man Camp Temporary Facilities Rental","true","unspecified","","/media/equipment-drive/sleeper-and-accommodation/20ft-accommodation-contractor/20ft-accommodation-unit-bunk-bed-interior.png | /media/equipment-drive/sleeper-and-accommodation/20ft-accommodation-contractor/20ft-mobile-accommodation-bunk-room-interior.png | /media/equipment-drive/sleeper-and-accommodation/20ft-accommodation-contractor/20ft-accommodation-unit-exterior-side-view.png | /media/equipment-drive/sleeper-and-accommodation/20ft-accommodation-contractor/20ft-portable-accommodation-unit-base-camp.png | /media/equipment-drive/mobile-kitchens/24ft-mobile-kitchen/portable-commercial-kitchen-trailer-interior.png | /media/equipment-drive/mobile-kitchens/24ft-mobile-kitchen/mobile-commercial-kitchen-entry-view.png | /media/equipment-drive/mobile-kitchens/24ft-mobile-kitchen/mobile-kitchen-trailer-prep-counter.png | /media/equipment-drive/mobile-kitchens/24ft-mobile-kitchen/commercial-six-burner-gas-range.png | /media/equipment-drive/mobile-kitchens/24ft-mobile-kitchen/mobile-kitchen-trailer-exterior-service-window.png | /media/equipment-drive/shower-trailers/20-ft-shower-trailer-5-stalls-with-handwashing-sink/mobile-shower-trailer-wash-station.png | /media/equipment-drive/shower-trailers/20-ft-shower-trailer-5-stalls-with-handwashing-sink/multi-station-shower-trailer-exterior.png | /media/equipment-drive/shower-trailers/20-ft-shower-trailer-5-stalls-with-handwashing-sink/private-shower-trailer-stall-interior.png | /media/equipment-drive/shower-trailers/20-ft-shower-trailer-5-stalls-with-handwashing-sink/shower-trailer-exterior-with-private-shower-stall.png | /media/equipment-drive/shower-trailers/20-ft-shower-trailer-5-stalls-with-handwashing-sink/shower-trailer-rear-exterior-view.png | /media/equipment-drive/shower-trailers/20-ft-shower-trailer-5-stalls-with-handwashing-sink/shower-trailer-sink-and-mirror-area.png","7","8","Previous fallback displayed mixed equipment despite an unspecified title.","Replaced pooled selection with a single verified title-matched model; shared carousel and full-image controls.","false","","PASS","200","Representative browser checks recorded separately","PASS","","NOT DEPLOYED / UNVERIFIED"
"page","/service-areas/tennessee/cumberland-plateau/cities/","Cumberland Plateau, Tennessee Facility Rental Locations","false","unspecified","","","0","0","","Restored original navigation layout; no photo section is intended or missing.","false","","PASS","200","Representative browser checks recorded separately","PASS","","NOT DEPLOYED / UNVERIFIED"
"page","/service-areas/tennessee/east-tennessee/","East Tennessee, Tennessee Emergency Basecamp Shower Trailer Rental","true","shower-trailer","model-21","/media/equipment-drive/shower-trailers/20-ft-shower-trailer-5-stalls-with-handwashing-sink/mobile-shower-trailer-wash-station.png | /media/equipment-drive/shower-trailers/20-ft-shower-trailer-5-stalls-with-handwashing-sink/multi-station-shower-trailer-exterior.png | /media/equipment-drive/shower-trailers/20-ft-shower-trailer-5-stalls-with-handwashing-sink/private-shower-trailer-stall-interior.png | /media/equipment-drive/shower-trailers/20-ft-shower-trailer-5-stalls-with-handwashing-sink/shower-trailer-exterior-with-private-shower-stall.png | /media/equipment-drive/shower-trailers/20-ft-shower-trailer-5-stalls-with-handwashing-sink/shower-trailer-rear-exterior-view.png | /media/equipment-drive/shower-trailers/20-ft-shower-trailer-5-stalls-with-handwashing-sink/shower-trailer-sink-and-mirror-area.png","1","5","Previous shower gallery mixed shower containers with shower trailers.","Replaced pooled selection with a single verified title-matched model; shared carousel and full-image controls.","false","","PASS","200","Representative browser checks recorded separately","PASS","","NOT DEPLOYED / UNVERIFIED"
"page","/service-areas/tennessee/east-tennessee/cities/","East Tennessee, Tennessee Facility Rental Locations","false","unspecified","","","0","0","","Restored original navigation layout; no photo section is intended or missing.","false","","PASS","200","Representative browser checks recorded separately","PASS","","NOT DEPLOYED / UNVERIFIED"
"page","/service-areas/tennessee/middle-tennessee/","Middle Tennessee, Tennessee Workforce Housing Sleeper Bunk-Bed Facility Leasing","true","sleeper-trailer","april-two-stall-sleeper","/media/equipment-drive/sleeper-and-accommodation/sleeper-trailer-2-stalls/sleeper-trailer-2-stall-bunk-bed-interior.png | /media/equipment-drive/sleeper-and-accommodation/sleeper-trailer-2-stalls/sleeper-trailer-2-stall-sleeping-room.png","2","0","Previous multi-image sleeper gallery lacked reliable image-to-configuration association.","Replaced pooled selection with a single verified title-matched model; shared carousel and full-image controls.","false","","PASS","200","Representative browser checks recorded separately","PASS","","NOT DEPLOYED / UNVERIFIED"
"page","/service-areas/tennessee/middle-tennessee/cities/","Middle Tennessee, Tennessee Facility Rental Locations","false","unspecified","","","0","0","","Restored original navigation layout; no photo section is intended or missing.","false","","PASS","200","Representative browser checks recorded separately","PASS","","NOT DEPLOYED / UNVERIFIED"
"page","/service-areas/tennessee/west-tennessee/","West Tennessee, Tennessee Commercial Food Service Commercial Kitchen Modular Building For Rent","true","kitchen-modular","","","0","0","Previous gallery supplied kitchen trailers for a modular-building title.","Removed unsafe/ambiguous fallback, or added explicit verified-photography pending state.","true","No matching verified photography exists for the title's equipment/configuration.","PASS","200","Representative browser checks recorded separately","PASS","","NOT DEPLOYED / UNVERIFIED"
"page","/service-areas/tennessee/west-tennessee/cities/","West Tennessee, Tennessee Facility Rental Locations","false","unspecified","","","0","0","","Restored original navigation layout; no photo section is intended or missing.","false","","PASS","200","Representative browser checks recorded separately","PASS","","NOT DEPLOYED / UNVERIFIED"
"page","/service-areas/texas/","Texas Remote Operations Man Camp Temporary Facilities Rental","true","unspecified","","/media/equipment-drive/sleeper-and-accommodation/20ft-accommodation-contractor/20ft-accommodation-unit-bunk-bed-interior.png | /media/equipment-drive/sleeper-and-accommodation/20ft-accommodation-contractor/20ft-mobile-accommodation-bunk-room-interior.png | /media/equipment-drive/sleeper-and-accommodation/20ft-accommodation-contractor/20ft-accommodation-unit-exterior-side-view.png | /media/equipment-drive/sleeper-and-accommodation/20ft-accommodation-contractor/20ft-portable-accommodation-unit-base-camp.png | /media/equipment-drive/mobile-kitchens/24ft-mobile-kitchen/portable-commercial-kitchen-trailer-interior.png | /media/equipment-drive/mobile-kitchens/24ft-mobile-kitchen/mobile-commercial-kitchen-entry-view.png | /media/equipment-drive/mobile-kitchens/24ft-mobile-kitchen/mobile-kitchen-trailer-prep-counter.png | /media/equipment-drive/mobile-kitchens/24ft-mobile-kitchen/commercial-six-burner-gas-range.png | /media/equipment-drive/mobile-kitchens/24ft-mobile-kitchen/mobile-kitchen-trailer-exterior-service-window.png | /media/equipment-drive/shower-trailers/20-ft-shower-trailer-5-stalls-with-handwashing-sink/mobile-shower-trailer-wash-station.png | /media/equipment-drive/shower-trailers/20-ft-shower-trailer-5-stalls-with-handwashing-sink/multi-station-shower-trailer-exterior.png | /media/equipment-drive/shower-trailers/20-ft-shower-trailer-5-stalls-with-handwashing-sink/private-shower-trailer-stall-interior.png | /media/equipment-drive/shower-trailers/20-ft-shower-trailer-5-stalls-with-handwashing-sink/shower-trailer-exterior-with-private-shower-stall.png | /media/equipment-drive/shower-trailers/20-ft-shower-trailer-5-stalls-with-handwashing-sink/shower-trailer-rear-exterior-view.png | /media/equipment-drive/shower-trailers/20-ft-shower-trailer-5-stalls-with-handwashing-sink/shower-trailer-sink-and-mirror-area.png","7","8","Previous fallback displayed mixed equipment despite an unspecified title.","Replaced pooled selection with a single verified title-matched model; shared carousel and full-image controls.","false","","PASS","200","Representative browser checks recorded separately","PASS","","NOT DEPLOYED / UNVERIFIED"
"page","/service-areas/texas/central-texas/","Central Texas, Texas Commercial Food Service Commercial Kitchen Modular Building For Rent","true","kitchen-modular","","","0","0","Previous gallery supplied kitchen trailers for a modular-building title.","Removed unsafe/ambiguous fallback, or added explicit verified-photography pending state.","true","No matching verified photography exists for the title's equipment/configuration.","PASS","200","Representative browser checks recorded separately","PASS","","NOT DEPLOYED / UNVERIFIED"
"page","/service-areas/texas/central-texas/cities/","Central Texas, Texas Facility Rental Locations","false","unspecified","","","0","0","","Restored original navigation layout; no photo section is intended or missing.","false","","PASS","200","Representative browser checks recorded separately","PASS","","NOT DEPLOYED / UNVERIFIED"
"page","/service-areas/texas/east-texas/","East Texas, Texas Construction Project Kitchen Emergency Trailer Rental","true","mobile-kitchen","model-12","/media/equipment-drive/mobile-kitchens/24ft-mobile-kitchen/portable-commercial-kitchen-trailer-interior.png | /media/equipment-drive/mobile-kitchens/24ft-mobile-kitchen/mobile-commercial-kitchen-entry-view.png | /media/equipment-drive/mobile-kitchens/24ft-mobile-kitchen/mobile-kitchen-trailer-prep-counter.png | /media/equipment-drive/mobile-kitchens/24ft-mobile-kitchen/commercial-six-burner-gas-range.png | /media/equipment-drive/mobile-kitchens/24ft-mobile-kitchen/mobile-kitchen-trailer-exterior-service-window.png","4","1","Previous gallery pooled standard, bulk and combination kitchens of different sizes.","Replaced pooled selection with a single verified title-matched model; shared carousel and full-image controls.","false","","PASS","200","Representative browser checks recorded separately","PASS","","NOT DEPLOYED / UNVERIFIED"
"page","/service-areas/texas/east-texas/cities/","East Texas, Texas Facility Rental Locations","false","unspecified","","","0","0","","Restored original navigation layout; no photo section is intended or missing.","false","","PASS","200","Representative browser checks recorded separately","PASS","","NOT DEPLOYED / UNVERIFIED"
"page","/service-areas/texas/gulf-coast/","Gulf Coast, Texas Remote Operations Man Camp Temporary Facilities Rental","true","unspecified","","/media/equipment-drive/sleeper-and-accommodation/20ft-accommodation-contractor/20ft-accommodation-unit-bunk-bed-interior.png | /media/equipment-drive/sleeper-and-accommodation/20ft-accommodation-contractor/20ft-mobile-accommodation-bunk-room-interior.png | /media/equipment-drive/sleeper-and-accommodation/20ft-accommodation-contractor/20ft-accommodation-unit-exterior-side-view.png | /media/equipment-drive/sleeper-and-accommodation/20ft-accommodation-contractor/20ft-portable-accommodation-unit-base-camp.png | /media/equipment-drive/mobile-kitchens/24ft-mobile-kitchen/portable-commercial-kitchen-trailer-interior.png | /media/equipment-drive/mobile-kitchens/24ft-mobile-kitchen/mobile-commercial-kitchen-entry-view.png | /media/equipment-drive/mobile-kitchens/24ft-mobile-kitchen/mobile-kitchen-trailer-prep-counter.png | /media/equipment-drive/mobile-kitchens/24ft-mobile-kitchen/commercial-six-burner-gas-range.png | /media/equipment-drive/mobile-kitchens/24ft-mobile-kitchen/mobile-kitchen-trailer-exterior-service-window.png | /media/equipment-drive/shower-trailers/20-ft-shower-trailer-5-stalls-with-handwashing-sink/mobile-shower-trailer-wash-station.png | /media/equipment-drive/shower-trailers/20-ft-shower-trailer-5-stalls-with-handwashing-sink/multi-station-shower-trailer-exterior.png | /media/equipment-drive/shower-trailers/20-ft-shower-trailer-5-stalls-with-handwashing-sink/private-shower-trailer-stall-interior.png | /media/equipment-drive/shower-trailers/20-ft-shower-trailer-5-stalls-with-handwashing-sink/shower-trailer-exterior-with-private-shower-stall.png | /media/equipment-drive/shower-trailers/20-ft-shower-trailer-5-stalls-with-handwashing-sink/shower-trailer-rear-exterior-view.png | /media/equipment-drive/shower-trailers/20-ft-shower-trailer-5-stalls-with-handwashing-sink/shower-trailer-sink-and-mirror-area.png","7","8","Previous fallback displayed mixed equipment despite an unspecified title.","Replaced pooled selection with a single verified title-matched model; shared carousel and full-image controls.","false","","PASS","200","Representative browser checks recorded separately","PASS","","NOT DEPLOYED / UNVERIFIED"
"page","/service-areas/texas/gulf-coast/cities/","Gulf Coast, Texas Facility Rental Locations","false","unspecified","","","0","0","","Restored original navigation layout; no photo section is intended or missing.","false","","PASS","200","Representative browser checks recorded separately","PASS","","NOT DEPLOYED / UNVERIFIED"
"page","/service-areas/texas/north-texas/","North Texas, Texas Workforce Camp Laundry Temporary Facilities Long-Term Rental","true","laundry-unspecified","","/media/equipment-drive/laundry-trailers-and-containers/30ft-laundry-trailer-10-washer-dryer/mobile-laundry-trailer-commercial-washers-dryers.png | /media/equipment-drive/laundry-trailers-and-containers/20ft-laundry-container/Laundry Container 7 units 1.png | /media/equipment-drive/laundry-trailers-and-containers/20ft-laundry-container/Laundry Container 7 units 2.png | /media/equipment-drive/laundry-trailers-and-containers/20ft-laundry-container/Laundry Container 7units.png","4","0","Previous laundry gallery mixed trailer and container form factors.","Replaced pooled selection with a single verified title-matched model; shared carousel and full-image controls.","false","","PASS","200","Representative browser checks recorded separately","PASS","","NOT DEPLOYED / UNVERIFIED"
"page","/service-areas/texas/north-texas/cities/","North Texas, Texas Facility Rental Locations","false","unspecified","","","0","0","","Restored original navigation layout; no photo section is intended or missing.","false","","PASS","200","Representative browser checks recorded separately","PASS","","NOT DEPLOYED / UNVERIFIED"
"page","/service-areas/texas/panhandle/","Panhandle, Texas Accessible Commercial Site ADA Shower and Restroom Combination Trailer Leasing","true","ada-combination","client-labelled-ada-reference","/images/catalog/restroom-trailers-960.webp","0","1","Previous gallery used non-ADA combination units for an ADA title.","Replaced pooled selection with a single verified title-matched model; shared carousel and full-image controls.","false","","PASS","200","Representative browser checks recorded separately","PASS","","NOT DEPLOYED / UNVERIFIED"
"page","/service-areas/texas/panhandle/cities/","Panhandle, Texas Facility Rental Locations","false","unspecified","","","0","0","","Restored original navigation layout; no photo section is intended or missing.","false","","PASS","200","Representative browser checks recorded separately","PASS","","NOT DEPLOYED / UNVERIFIED"
"page","/service-areas/texas/south-texas/","South Texas, Texas Emergency Basecamp Shower Trailer Rental","true","shower-trailer","model-21","/media/equipment-drive/shower-trailers/20-ft-shower-trailer-5-stalls-with-handwashing-sink/mobile-shower-trailer-wash-station.png | /media/equipment-drive/shower-trailers/20-ft-shower-trailer-5-stalls-with-handwashing-sink/multi-station-shower-trailer-exterior.png | /media/equipment-drive/shower-trailers/20-ft-shower-trailer-5-stalls-with-handwashing-sink/private-shower-trailer-stall-interior.png | /media/equipment-drive/shower-trailers/20-ft-shower-trailer-5-stalls-with-handwashing-sink/shower-trailer-exterior-with-private-shower-stall.png | /media/equipment-drive/shower-trailers/20-ft-shower-trailer-5-stalls-with-handwashing-sink/shower-trailer-rear-exterior-view.png | /media/equipment-drive/shower-trailers/20-ft-shower-trailer-5-stalls-with-handwashing-sink/shower-trailer-sink-and-mirror-area.png","1","5","Previous shower gallery mixed shower containers with shower trailers.","Replaced pooled selection with a single verified title-matched model; shared carousel and full-image controls.","false","","PASS","200","Representative browser checks recorded separately","PASS","","NOT DEPLOYED / UNVERIFIED"
"page","/service-areas/texas/south-texas/cities/","South Texas, Texas Facility Rental Locations","false","unspecified","","","0","0","","Restored original navigation layout; no photo section is intended or missing.","false","","PASS","200","Representative browser checks recorded separately","PASS","","NOT DEPLOYED / UNVERIFIED"
"page","/service-areas/texas/west-texas/","West Texas, Texas Workforce Housing Sleeper Bunk-Bed Facility Leasing","true","sleeper-trailer","april-two-stall-sleeper","/media/equipment-drive/sleeper-and-accommodation/sleeper-trailer-2-stalls/sleeper-trailer-2-stall-bunk-bed-interior.png | /media/equipment-drive/sleeper-and-accommodation/sleeper-trailer-2-stalls/sleeper-trailer-2-stall-sleeping-room.png","2","0","Previous multi-image sleeper gallery lacked reliable image-to-configuration association.","Replaced pooled selection with a single verified title-matched model; shared carousel and full-image controls.","false","","PASS","200","Representative browser checks recorded separately","PASS","","NOT DEPLOYED / UNVERIFIED"
"page","/service-areas/texas/west-texas/cities/","West Texas, Texas Facility Rental Locations","false","unspecified","","","0","0","","Restored original navigation layout; no photo section is intended or missing.","false","","PASS","200","Representative browser checks recorded separately","PASS","","NOT DEPLOYED / UNVERIFIED"
"page","/service-areas/utah/","Utah Commercial Food Service Commercial Kitchen Modular Building For Rent","true","kitchen-modular","","","0","0","Previous gallery supplied kitchen trailers for a modular-building title.","Removed unsafe/ambiguous fallback, or added explicit verified-photography pending state.","true","No matching verified photography exists for the title's equipment/configuration.","PASS","200","Representative browser checks recorded separately","PASS","","NOT DEPLOYED / UNVERIFIED"
"page","/service-areas/utah/central-utah/","Central Utah, Utah Remote Operations Man Camp Temporary Facilities Rental","true","unspecified","","/media/equipment-drive/sleeper-and-accommodation/20ft-accommodation-contractor/20ft-accommodation-unit-bunk-bed-interior.png | /media/equipment-drive/sleeper-and-accommodation/20ft-accommodation-contractor/20ft-mobile-accommodation-bunk-room-interior.png | /media/equipment-drive/sleeper-and-accommodation/20ft-accommodation-contractor/20ft-accommodation-unit-exterior-side-view.png | /media/equipment-drive/sleeper-and-accommodation/20ft-accommodation-contractor/20ft-portable-accommodation-unit-base-camp.png | /media/equipment-drive/mobile-kitchens/24ft-mobile-kitchen/portable-commercial-kitchen-trailer-interior.png | /media/equipment-drive/mobile-kitchens/24ft-mobile-kitchen/mobile-commercial-kitchen-entry-view.png | /media/equipment-drive/mobile-kitchens/24ft-mobile-kitchen/mobile-kitchen-trailer-prep-counter.png | /media/equipment-drive/mobile-kitchens/24ft-mobile-kitchen/commercial-six-burner-gas-range.png | /media/equipment-drive/mobile-kitchens/24ft-mobile-kitchen/mobile-kitchen-trailer-exterior-service-window.png | /media/equipment-drive/shower-trailers/20-ft-shower-trailer-5-stalls-with-handwashing-sink/mobile-shower-trailer-wash-station.png | /media/equipment-drive/shower-trailers/20-ft-shower-trailer-5-stalls-with-handwashing-sink/multi-station-shower-trailer-exterior.png | /media/equipment-drive/shower-trailers/20-ft-shower-trailer-5-stalls-with-handwashing-sink/private-shower-trailer-stall-interior.png | /media/equipment-drive/shower-trailers/20-ft-shower-trailer-5-stalls-with-handwashing-sink/shower-trailer-exterior-with-private-shower-stall.png | /media/equipment-drive/shower-trailers/20-ft-shower-trailer-5-stalls-with-handwashing-sink/shower-trailer-rear-exterior-view.png | /media/equipment-drive/shower-trailers/20-ft-shower-trailer-5-stalls-with-handwashing-sink/shower-trailer-sink-and-mirror-area.png","7","8","Previous fallback displayed mixed equipment despite an unspecified title.","Replaced pooled selection with a single verified title-matched model; shared carousel and full-image controls.","false","","PASS","200","Representative browser checks recorded separately","PASS","","NOT DEPLOYED / UNVERIFIED"
"page","/service-areas/utah/central-utah/cities/","Central Utah, Utah Facility Rental Locations","false","unspecified","","","0","0","","Restored original navigation layout; no photo section is intended or missing.","false","","PASS","200","Representative browser checks recorded separately","PASS","","NOT DEPLOYED / UNVERIFIED"
"page","/service-areas/utah/northern-utah/","Northern Utah, Utah Commercial Food Service Commercial Kitchen Modular Building For Rent","true","kitchen-modular","","","0","0","Previous gallery supplied kitchen trailers for a modular-building title.","Removed unsafe/ambiguous fallback, or added explicit verified-photography pending state.","true","No matching verified photography exists for the title's equipment/configuration.","PASS","200","Representative browser checks recorded separately","PASS","","NOT DEPLOYED / UNVERIFIED"
"page","/service-areas/utah/northern-utah/cities/","Northern Utah, Utah Facility Rental Locations","false","unspecified","","","0","0","","Restored original navigation layout; no photo section is intended or missing.","false","","PASS","200","Representative browser checks recorded separately","PASS","","NOT DEPLOYED / UNVERIFIED"
"page","/service-areas/utah/southeastern-utah/","Southeastern Utah, Utah Emergency Basecamp Shower Trailer Rental","true","shower-trailer","model-21","/media/equipment-drive/shower-trailers/20-ft-shower-trailer-5-stalls-with-handwashing-sink/mobile-shower-trailer-wash-station.png | /media/equipment-drive/shower-trailers/20-ft-shower-trailer-5-stalls-with-handwashing-sink/multi-station-shower-trailer-exterior.png | /media/equipment-drive/shower-trailers/20-ft-shower-trailer-5-stalls-with-handwashing-sink/private-shower-trailer-stall-interior.png | /media/equipment-drive/shower-trailers/20-ft-shower-trailer-5-stalls-with-handwashing-sink/shower-trailer-exterior-with-private-shower-stall.png | /media/equipment-drive/shower-trailers/20-ft-shower-trailer-5-stalls-with-handwashing-sink/shower-trailer-rear-exterior-view.png | /media/equipment-drive/shower-trailers/20-ft-shower-trailer-5-stalls-with-handwashing-sink/shower-trailer-sink-and-mirror-area.png","1","5","Previous shower gallery mixed shower containers with shower trailers.","Replaced pooled selection with a single verified title-matched model; shared carousel and full-image controls.","false","","PASS","200","Representative browser checks recorded separately","PASS","","NOT DEPLOYED / UNVERIFIED"
"page","/service-areas/utah/southeastern-utah/cities/","Southeastern Utah, Utah Facility Rental Locations","false","unspecified","","","0","0","","Restored original navigation layout; no photo section is intended or missing.","false","","PASS","200","Representative browser checks recorded separately","PASS","","NOT DEPLOYED / UNVERIFIED"
"page","/service-areas/utah/southwestern-utah/","Southwestern Utah, Utah Institutional Facility Shower and Restroom Combination Trailer For Rent","true","shower-restroom-combination","model-10","/media/equipment-drive/luxury-shower-restroom-combination-trailers/22ft-luxury-shower-restroom-combination-trailer-6-stalls/luxury-6-stall-shower-restroom-trailer-entry-steps.png | /media/equipment-drive/luxury-shower-restroom-combination-trailers/22ft-luxury-shower-restroom-combination-trailer-6-stalls/luxury-shower-restroom-trailer-sink-vanity-interior.png | /media/equipment-drive/luxury-shower-restroom-combination-trailers/22ft-luxury-shower-restroom-combination-trailer-6-stalls/22ft-6-stall-shower-restroom-trailer-exterior.png | /media/equipment-drive/luxury-shower-restroom-combination-trailers/22ft-luxury-shower-restroom-combination-trailer-6-stalls/22ft-luxury-shower-restroom-combination-trailer-6-stall-exterior.png | /media/equipment-drive/luxury-shower-restroom-combination-trailers/22ft-luxury-shower-restroom-combination-trailer-6-stalls/luxury-shower-restroom-trailer-private-shower-stall.png","2","3","Previous gallery combined different sizes/stall configurations.","Replaced pooled selection with a single verified title-matched model; shared carousel and full-image controls.","false","","PASS","200","Representative browser checks recorded separately","PASS","","NOT DEPLOYED / UNVERIFIED"
"page","/service-areas/utah/southwestern-utah/cities/","Southwestern Utah, Utah Facility Rental Locations","false","unspecified","","","0","0","","Restored original navigation layout; no photo section is intended or missing.","false","","PASS","200","Representative browser checks recorded separately","PASS","","NOT DEPLOYED / UNVERIFIED"
"page","/service-areas/utah/wasatch-front/","Wasatch Front, Utah Workforce Housing Sleeper Bunk-Bed Facility Leasing","true","sleeper-trailer","april-two-stall-sleeper","/media/equipment-drive/sleeper-and-accommodation/sleeper-trailer-2-stalls/sleeper-trailer-2-stall-bunk-bed-interior.png | /media/equipment-drive/sleeper-and-accommodation/sleeper-trailer-2-stalls/sleeper-trailer-2-stall-sleeping-room.png","2","0","Previous multi-image sleeper gallery lacked reliable image-to-configuration association.","Replaced pooled selection with a single verified title-matched model; shared carousel and full-image controls.","false","","PASS","200","Representative browser checks recorded separately","PASS","","NOT DEPLOYED / UNVERIFIED"
"page","/service-areas/utah/wasatch-front/cities/","Wasatch Front, Utah Facility Rental Locations","false","unspecified","","","0","0","","Restored original navigation layout; no photo section is intended or missing.","false","","PASS","200","Representative browser checks recorded separately","PASS","","NOT DEPLOYED / UNVERIFIED"
"page","/service-areas/vermont/","Vermont Construction Project Kitchen Emergency Trailer Rental","true","mobile-kitchen","model-12","/media/equipment-drive/mobile-kitchens/24ft-mobile-kitchen/portable-commercial-kitchen-trailer-interior.png | /media/equipment-drive/mobile-kitchens/24ft-mobile-kitchen/mobile-commercial-kitchen-entry-view.png | /media/equipment-drive/mobile-kitchens/24ft-mobile-kitchen/mobile-kitchen-trailer-prep-counter.png | /media/equipment-drive/mobile-kitchens/24ft-mobile-kitchen/commercial-six-burner-gas-range.png | /media/equipment-drive/mobile-kitchens/24ft-mobile-kitchen/mobile-kitchen-trailer-exterior-service-window.png","4","1","Previous gallery pooled standard, bulk and combination kitchens of different sizes.","Replaced pooled selection with a single verified title-matched model; shared carousel and full-image controls.","false","","PASS","200","Representative browser checks recorded separately","PASS","","NOT DEPLOYED / UNVERIFIED"
"page","/service-areas/vermont/central-vermont/","Central Vermont, Vermont Workforce Housing Sleeper Bunk-Bed Facility Leasing","true","sleeper-trailer","april-two-stall-sleeper","/media/equipment-drive/sleeper-and-accommodation/sleeper-trailer-2-stalls/sleeper-trailer-2-stall-bunk-bed-interior.png | /media/equipment-drive/sleeper-and-accommodation/sleeper-trailer-2-stalls/sleeper-trailer-2-stall-sleeping-room.png","2","0","Previous multi-image sleeper gallery lacked reliable image-to-configuration association.","Replaced pooled selection with a single verified title-matched model; shared carousel and full-image controls.","false","","PASS","200","Representative browser checks recorded separately","PASS","","NOT DEPLOYED / UNVERIFIED"
"page","/service-areas/vermont/central-vermont/cities/","Central Vermont, Vermont Facility Rental Locations","false","unspecified","","","0","0","","Restored original navigation layout; no photo section is intended or missing.","false","","PASS","200","Representative browser checks recorded separately","PASS","","NOT DEPLOYED / UNVERIFIED"
"page","/service-areas/vermont/champlain-valley/","Champlain Valley, Vermont Commercial Food Service Commercial Kitchen Modular Building For Rent","true","kitchen-modular","","","0","0","Previous gallery supplied kitchen trailers for a modular-building title.","Removed unsafe/ambiguous fallback, or added explicit verified-photography pending state.","true","No matching verified photography exists for the title's equipment/configuration.","PASS","200","Representative browser checks recorded separately","PASS","","NOT DEPLOYED / UNVERIFIED"
"page","/service-areas/vermont/champlain-valley/cities/","Champlain Valley, Vermont Facility Rental Locations","false","unspecified","","","0","0","","Restored original navigation layout; no photo section is intended or missing.","false","","PASS","200","Representative browser checks recorded separately","PASS","","NOT DEPLOYED / UNVERIFIED"
"page","/service-areas/vermont/northeast-kingdom/","Northeast Kingdom, Vermont Construction Project Kitchen Emergency Trailer Rental","true","mobile-kitchen","model-12","/media/equipment-drive/mobile-kitchens/24ft-mobile-kitchen/portable-commercial-kitchen-trailer-interior.png | /media/equipment-drive/mobile-kitchens/24ft-mobile-kitchen/mobile-commercial-kitchen-entry-view.png | /media/equipment-drive/mobile-kitchens/24ft-mobile-kitchen/mobile-kitchen-trailer-prep-counter.png | /media/equipment-drive/mobile-kitchens/24ft-mobile-kitchen/commercial-six-burner-gas-range.png | /media/equipment-drive/mobile-kitchens/24ft-mobile-kitchen/mobile-kitchen-trailer-exterior-service-window.png","4","1","Previous gallery pooled standard, bulk and combination kitchens of different sizes.","Replaced pooled selection with a single verified title-matched model; shared carousel and full-image controls.","false","","PASS","200","Representative browser checks recorded separately","PASS","","NOT DEPLOYED / UNVERIFIED"
"page","/service-areas/vermont/northeast-kingdom/cities/","Northeast Kingdom, Vermont Facility Rental Locations","false","unspecified","","","0","0","","Restored original navigation layout; no photo section is intended or missing.","false","","PASS","200","Representative browser checks recorded separately","PASS","","NOT DEPLOYED / UNVERIFIED"
"page","/service-areas/vermont/southern-vermont/","Southern Vermont, Vermont Remote Operations Man Camp Temporary Facilities Rental","true","unspecified","","/media/equipment-drive/sleeper-and-accommodation/20ft-accommodation-contractor/20ft-accommodation-unit-bunk-bed-interior.png | /media/equipment-drive/sleeper-and-accommodation/20ft-accommodation-contractor/20ft-mobile-accommodation-bunk-room-interior.png | /media/equipment-drive/sleeper-and-accommodation/20ft-accommodation-contractor/20ft-accommodation-unit-exterior-side-view.png | /media/equipment-drive/sleeper-and-accommodation/20ft-accommodation-contractor/20ft-portable-accommodation-unit-base-camp.png | /media/equipment-drive/mobile-kitchens/24ft-mobile-kitchen/portable-commercial-kitchen-trailer-interior.png | /media/equipment-drive/mobile-kitchens/24ft-mobile-kitchen/mobile-commercial-kitchen-entry-view.png | /media/equipment-drive/mobile-kitchens/24ft-mobile-kitchen/mobile-kitchen-trailer-prep-counter.png | /media/equipment-drive/mobile-kitchens/24ft-mobile-kitchen/commercial-six-burner-gas-range.png | /media/equipment-drive/mobile-kitchens/24ft-mobile-kitchen/mobile-kitchen-trailer-exterior-service-window.png | /media/equipment-drive/shower-trailers/20-ft-shower-trailer-5-stalls-with-handwashing-sink/mobile-shower-trailer-wash-station.png | /media/equipment-drive/shower-trailers/20-ft-shower-trailer-5-stalls-with-handwashing-sink/multi-station-shower-trailer-exterior.png | /media/equipment-drive/shower-trailers/20-ft-shower-trailer-5-stalls-with-handwashing-sink/private-shower-trailer-stall-interior.png | /media/equipment-drive/shower-trailers/20-ft-shower-trailer-5-stalls-with-handwashing-sink/shower-trailer-exterior-with-private-shower-stall.png | /media/equipment-drive/shower-trailers/20-ft-shower-trailer-5-stalls-with-handwashing-sink/shower-trailer-rear-exterior-view.png | /media/equipment-drive/shower-trailers/20-ft-shower-trailer-5-stalls-with-handwashing-sink/shower-trailer-sink-and-mirror-area.png","7","8","Previous fallback displayed mixed equipment despite an unspecified title.","Replaced pooled selection with a single verified title-matched model; shared carousel and full-image controls.","false","","PASS","200","Representative browser checks recorded separately","PASS","","NOT DEPLOYED / UNVERIFIED"
"page","/service-areas/vermont/southern-vermont/cities/","Southern Vermont, Vermont Facility Rental Locations","false","unspecified","","","0","0","","Restored original navigation layout; no photo section is intended or missing.","false","","PASS","200","Representative browser checks recorded separately","PASS","","NOT DEPLOYED / UNVERIFIED"
"page","/service-areas/virginia/","Virginia Construction Project Kitchen Emergency Trailer Rental","true","mobile-kitchen","model-12","/media/equipment-drive/mobile-kitchens/24ft-mobile-kitchen/portable-commercial-kitchen-trailer-interior.png | /media/equipment-drive/mobile-kitchens/24ft-mobile-kitchen/mobile-commercial-kitchen-entry-view.png | /media/equipment-drive/mobile-kitchens/24ft-mobile-kitchen/mobile-kitchen-trailer-prep-counter.png | /media/equipment-drive/mobile-kitchens/24ft-mobile-kitchen/commercial-six-burner-gas-range.png | /media/equipment-drive/mobile-kitchens/24ft-mobile-kitchen/mobile-kitchen-trailer-exterior-service-window.png","4","1","Previous gallery pooled standard, bulk and combination kitchens of different sizes.","Replaced pooled selection with a single verified title-matched model; shared carousel and full-image controls.","false","","PASS","200","Representative browser checks recorded separately","PASS","","NOT DEPLOYED / UNVERIFIED"
"page","/service-areas/virginia/central-virginia/","Central Virginia, Virginia Workforce Housing Sleeper Bunk-Bed Facility Leasing","true","sleeper-trailer","april-two-stall-sleeper","/media/equipment-drive/sleeper-and-accommodation/sleeper-trailer-2-stalls/sleeper-trailer-2-stall-bunk-bed-interior.png | /media/equipment-drive/sleeper-and-accommodation/sleeper-trailer-2-stalls/sleeper-trailer-2-stall-sleeping-room.png","2","0","Previous multi-image sleeper gallery lacked reliable image-to-configuration association.","Replaced pooled selection with a single verified title-matched model; shared carousel and full-image controls.","false","","PASS","200","Representative browser checks recorded separately","PASS","","NOT DEPLOYED / UNVERIFIED"
"page","/service-areas/virginia/central-virginia/cities/","Central Virginia, Virginia Facility Rental Locations","false","unspecified","","","0","0","","Restored original navigation layout; no photo section is intended or missing.","false","","PASS","200","Representative browser checks recorded separately","PASS","","NOT DEPLOYED / UNVERIFIED"
"page","/service-areas/virginia/eastern-shore/","Eastern Shore, Virginia Emergency Basecamp Shower Trailer Rental","true","shower-trailer","model-21","/media/equipment-drive/shower-trailers/20-ft-shower-trailer-5-stalls-with-handwashing-sink/mobile-shower-trailer-wash-station.png | /media/equipment-drive/shower-trailers/20-ft-shower-trailer-5-stalls-with-handwashing-sink/multi-station-shower-trailer-exterior.png | /media/equipment-drive/shower-trailers/20-ft-shower-trailer-5-stalls-with-handwashing-sink/private-shower-trailer-stall-interior.png | /media/equipment-drive/shower-trailers/20-ft-shower-trailer-5-stalls-with-handwashing-sink/shower-trailer-exterior-with-private-shower-stall.png | /media/equipment-drive/shower-trailers/20-ft-shower-trailer-5-stalls-with-handwashing-sink/shower-trailer-rear-exterior-view.png | /media/equipment-drive/shower-trailers/20-ft-shower-trailer-5-stalls-with-handwashing-sink/shower-trailer-sink-and-mirror-area.png","1","5","Previous shower gallery mixed shower containers with shower trailers.","Replaced pooled selection with a single verified title-matched model; shared carousel and full-image controls.","false","","PASS","200","Representative browser checks recorded separately","PASS","","NOT DEPLOYED / UNVERIFIED"
"page","/service-areas/virginia/eastern-shore/cities/","Eastern Shore, Virginia Facility Rental Locations","false","unspecified","","","0","0","","Restored original navigation layout; no photo section is intended or missing.","false","","PASS","200","Representative browser checks recorded separately","PASS","","NOT DEPLOYED / UNVERIFIED"
"page","/service-areas/virginia/hampton-roads/","Hampton Roads, Virginia Remote Operations Man Camp Temporary Facilities Rental","true","unspecified","","/media/equipment-drive/sleeper-and-accommodation/20ft-accommodation-contractor/20ft-accommodation-unit-bunk-bed-interior.png | /media/equipment-drive/sleeper-and-accommodation/20ft-accommodation-contractor/20ft-mobile-accommodation-bunk-room-interior.png | /media/equipment-drive/sleeper-and-accommodation/20ft-accommodation-contractor/20ft-accommodation-unit-exterior-side-view.png | /media/equipment-drive/sleeper-and-accommodation/20ft-accommodation-contractor/20ft-portable-accommodation-unit-base-camp.png | /media/equipment-drive/mobile-kitchens/24ft-mobile-kitchen/portable-commercial-kitchen-trailer-interior.png | /media/equipment-drive/mobile-kitchens/24ft-mobile-kitchen/mobile-commercial-kitchen-entry-view.png | /media/equipment-drive/mobile-kitchens/24ft-mobile-kitchen/mobile-kitchen-trailer-prep-counter.png | /media/equipment-drive/mobile-kitchens/24ft-mobile-kitchen/commercial-six-burner-gas-range.png | /media/equipment-drive/mobile-kitchens/24ft-mobile-kitchen/mobile-kitchen-trailer-exterior-service-window.png | /media/equipment-drive/shower-trailers/20-ft-shower-trailer-5-stalls-with-handwashing-sink/mobile-shower-trailer-wash-station.png | /media/equipment-drive/shower-trailers/20-ft-shower-trailer-5-stalls-with-handwashing-sink/multi-station-shower-trailer-exterior.png | /media/equipment-drive/shower-trailers/20-ft-shower-trailer-5-stalls-with-handwashing-sink/private-shower-trailer-stall-interior.png | /media/equipment-drive/shower-trailers/20-ft-shower-trailer-5-stalls-with-handwashing-sink/shower-trailer-exterior-with-private-shower-stall.png | /media/equipment-drive/shower-trailers/20-ft-shower-trailer-5-stalls-with-handwashing-sink/shower-trailer-rear-exterior-view.png | /media/equipment-drive/shower-trailers/20-ft-shower-trailer-5-stalls-with-handwashing-sink/shower-trailer-sink-and-mirror-area.png","7","8","Previous fallback displayed mixed equipment despite an unspecified title.","Replaced pooled selection with a single verified title-matched model; shared carousel and full-image controls.","false","","PASS","200","Representative browser checks recorded separately","PASS","","NOT DEPLOYED / UNVERIFIED"
"page","/service-areas/virginia/hampton-roads/cities/","Hampton Roads, Virginia Facility Rental Locations","false","unspecified","","","0","0","","Restored original navigation layout; no photo section is intended or missing.","false","","PASS","200","Representative browser checks recorded separately","PASS","","NOT DEPLOYED / UNVERIFIED"
"page","/service-areas/virginia/northern-virginia/","Northern Virginia, Virginia Construction Project Kitchen Emergency Trailer Rental","true","mobile-kitchen","model-12","/media/equipment-drive/mobile-kitchens/24ft-mobile-kitchen/portable-commercial-kitchen-trailer-interior.png | /media/equipment-drive/mobile-kitchens/24ft-mobile-kitchen/mobile-commercial-kitchen-entry-view.png | /media/equipment-drive/mobile-kitchens/24ft-mobile-kitchen/mobile-kitchen-trailer-prep-counter.png | /media/equipment-drive/mobile-kitchens/24ft-mobile-kitchen/commercial-six-burner-gas-range.png | /media/equipment-drive/mobile-kitchens/24ft-mobile-kitchen/mobile-kitchen-trailer-exterior-service-window.png","4","1","Previous gallery pooled standard, bulk and combination kitchens of different sizes.","Replaced pooled selection with a single verified title-matched model; shared carousel and full-image controls.","false","","PASS","200","Representative browser checks recorded separately","PASS","","NOT DEPLOYED / UNVERIFIED"
"page","/service-areas/virginia/northern-virginia/cities/","Northern Virginia, Virginia Facility Rental Locations","false","unspecified","","","0","0","","Restored original navigation layout; no photo section is intended or missing.","false","","PASS","200","Representative browser checks recorded separately","PASS","","NOT DEPLOYED / UNVERIFIED"
"page","/service-areas/virginia/shenandoah-valley/","Shenandoah Valley, Virginia Commercial Food Service Commercial Kitchen Modular Building For Rent","true","kitchen-modular","","","0","0","Previous gallery supplied kitchen trailers for a modular-building title.","Removed unsafe/ambiguous fallback, or added explicit verified-photography pending state.","true","No matching verified photography exists for the title's equipment/configuration.","PASS","200","Representative browser checks recorded separately","PASS","","NOT DEPLOYED / UNVERIFIED"
"page","/service-areas/virginia/shenandoah-valley/cities/","Shenandoah Valley, Virginia Facility Rental Locations","false","unspecified","","","0","0","","Restored original navigation layout; no photo section is intended or missing.","false","","PASS","200","Representative browser checks recorded separately","PASS","","NOT DEPLOYED / UNVERIFIED"
"page","/service-areas/virginia/southwest-virginia/","Southwest Virginia, Virginia Institutional Facility Shower and Restroom Combination Trailer For Rent","true","shower-restroom-combination","model-10","/media/equipment-drive/luxury-shower-restroom-combination-trailers/22ft-luxury-shower-restroom-combination-trailer-6-stalls/luxury-6-stall-shower-restroom-trailer-entry-steps.png | /media/equipment-drive/luxury-shower-restroom-combination-trailers/22ft-luxury-shower-restroom-combination-trailer-6-stalls/luxury-shower-restroom-trailer-sink-vanity-interior.png | /media/equipment-drive/luxury-shower-restroom-combination-trailers/22ft-luxury-shower-restroom-combination-trailer-6-stalls/22ft-6-stall-shower-restroom-trailer-exterior.png | /media/equipment-drive/luxury-shower-restroom-combination-trailers/22ft-luxury-shower-restroom-combination-trailer-6-stalls/22ft-luxury-shower-restroom-combination-trailer-6-stall-exterior.png | /media/equipment-drive/luxury-shower-restroom-combination-trailers/22ft-luxury-shower-restroom-combination-trailer-6-stalls/luxury-shower-restroom-trailer-private-shower-stall.png","2","3","Previous gallery combined different sizes/stall configurations.","Replaced pooled selection with a single verified title-matched model; shared carousel and full-image controls.","false","","PASS","200","Representative browser checks recorded separately","PASS","","NOT DEPLOYED / UNVERIFIED"
"page","/service-areas/virginia/southwest-virginia/cities/","Southwest Virginia, Virginia Facility Rental Locations","false","unspecified","","","0","0","","Restored original navigation layout; no photo section is intended or missing.","false","","PASS","200","Representative browser checks recorded separately","PASS","","NOT DEPLOYED / UNVERIFIED"
"page","/service-areas/washington/","Washington Remote Operations Man Camp Temporary Facilities Rental","true","unspecified","","/media/equipment-drive/sleeper-and-accommodation/20ft-accommodation-contractor/20ft-accommodation-unit-bunk-bed-interior.png | /media/equipment-drive/sleeper-and-accommodation/20ft-accommodation-contractor/20ft-mobile-accommodation-bunk-room-interior.png | /media/equipment-drive/sleeper-and-accommodation/20ft-accommodation-contractor/20ft-accommodation-unit-exterior-side-view.png | /media/equipment-drive/sleeper-and-accommodation/20ft-accommodation-contractor/20ft-portable-accommodation-unit-base-camp.png | /media/equipment-drive/mobile-kitchens/24ft-mobile-kitchen/portable-commercial-kitchen-trailer-interior.png | /media/equipment-drive/mobile-kitchens/24ft-mobile-kitchen/mobile-commercial-kitchen-entry-view.png | /media/equipment-drive/mobile-kitchens/24ft-mobile-kitchen/mobile-kitchen-trailer-prep-counter.png | /media/equipment-drive/mobile-kitchens/24ft-mobile-kitchen/commercial-six-burner-gas-range.png | /media/equipment-drive/mobile-kitchens/24ft-mobile-kitchen/mobile-kitchen-trailer-exterior-service-window.png | /media/equipment-drive/shower-trailers/20-ft-shower-trailer-5-stalls-with-handwashing-sink/mobile-shower-trailer-wash-station.png | /media/equipment-drive/shower-trailers/20-ft-shower-trailer-5-stalls-with-handwashing-sink/multi-station-shower-trailer-exterior.png | /media/equipment-drive/shower-trailers/20-ft-shower-trailer-5-stalls-with-handwashing-sink/private-shower-trailer-stall-interior.png | /media/equipment-drive/shower-trailers/20-ft-shower-trailer-5-stalls-with-handwashing-sink/shower-trailer-exterior-with-private-shower-stall.png | /media/equipment-drive/shower-trailers/20-ft-shower-trailer-5-stalls-with-handwashing-sink/shower-trailer-rear-exterior-view.png | /media/equipment-drive/shower-trailers/20-ft-shower-trailer-5-stalls-with-handwashing-sink/shower-trailer-sink-and-mirror-area.png","7","8","Previous fallback displayed mixed equipment despite an unspecified title.","Replaced pooled selection with a single verified title-matched model; shared carousel and full-image controls.","false","","PASS","200","Representative browser checks recorded separately","PASS","","NOT DEPLOYED / UNVERIFIED"
"page","/service-areas/washington/central-washington/","Central Washington, Washington Accessible Commercial Site ADA Shower and Restroom Combination Trailer Leasing","true","ada-combination","client-labelled-ada-reference","/images/catalog/restroom-trailers-960.webp","0","1","Previous gallery used non-ADA combination units for an ADA title.","Replaced pooled selection with a single verified title-matched model; shared carousel and full-image controls.","false","","PASS","200","Representative browser checks recorded separately","PASS","","NOT DEPLOYED / UNVERIFIED"
"page","/service-areas/washington/central-washington/cities/","Central Washington, Washington Facility Rental Locations","false","unspecified","","","0","0","","Restored original navigation layout; no photo section is intended or missing.","false","","PASS","200","Representative browser checks recorded separately","PASS","","NOT DEPLOYED / UNVERIFIED"
"page","/service-areas/washington/eastern-washington/","Eastern Washington, Washington Workforce Camp Laundry Temporary Facilities Long-Term Rental","true","laundry-unspecified","","/media/equipment-drive/laundry-trailers-and-containers/30ft-laundry-trailer-10-washer-dryer/mobile-laundry-trailer-commercial-washers-dryers.png | /media/equipment-drive/laundry-trailers-and-containers/20ft-laundry-container/Laundry Container 7 units 1.png | /media/equipment-drive/laundry-trailers-and-containers/20ft-laundry-container/Laundry Container 7 units 2.png | /media/equipment-drive/laundry-trailers-and-containers/20ft-laundry-container/Laundry Container 7units.png","4","0","Previous laundry gallery mixed trailer and container form factors.","Replaced pooled selection with a single verified title-matched model; shared carousel and full-image controls.","false","","PASS","200","Representative browser checks recorded separately","PASS","","NOT DEPLOYED / UNVERIFIED"
"page","/service-areas/washington/eastern-washington/cities/","Eastern Washington, Washington Facility Rental Locations","false","unspecified","","","0","0","","Restored original navigation layout; no photo section is intended or missing.","false","","PASS","200","Representative browser checks recorded separately","PASS","","NOT DEPLOYED / UNVERIFIED"
"page","/service-areas/washington/north-cascades/","North Cascades, Washington Institutional Facility Shower and Restroom Combination Trailer For Rent","true","shower-restroom-combination","model-10","/media/equipment-drive/luxury-shower-restroom-combination-trailers/22ft-luxury-shower-restroom-combination-trailer-6-stalls/luxury-6-stall-shower-restroom-trailer-entry-steps.png | /media/equipment-drive/luxury-shower-restroom-combination-trailers/22ft-luxury-shower-restroom-combination-trailer-6-stalls/luxury-shower-restroom-trailer-sink-vanity-interior.png | /media/equipment-drive/luxury-shower-restroom-combination-trailers/22ft-luxury-shower-restroom-combination-trailer-6-stalls/22ft-6-stall-shower-restroom-trailer-exterior.png | /media/equipment-drive/luxury-shower-restroom-combination-trailers/22ft-luxury-shower-restroom-combination-trailer-6-stalls/22ft-luxury-shower-restroom-combination-trailer-6-stall-exterior.png | /media/equipment-drive/luxury-shower-restroom-combination-trailers/22ft-luxury-shower-restroom-combination-trailer-6-stalls/luxury-shower-restroom-trailer-private-shower-stall.png","2","3","Previous gallery combined different sizes/stall configurations.","Replaced pooled selection with a single verified title-matched model; shared carousel and full-image controls.","false","","PASS","200","Representative browser checks recorded separately","PASS","","NOT DEPLOYED / UNVERIFIED"
"page","/service-areas/washington/north-cascades/cities/","North Cascades, Washington Facility Rental Locations","false","unspecified","","","0","0","","Restored original navigation layout; no photo section is intended or missing.","false","","PASS","200","Representative browser checks recorded separately","PASS","","NOT DEPLOYED / UNVERIFIED"
"page","/service-areas/washington/olympic-peninsula/","Olympic Peninsula, Washington Remote Operations Man Camp Temporary Facilities Rental","true","unspecified","","/media/equipment-drive/sleeper-and-accommodation/20ft-accommodation-contractor/20ft-accommodation-unit-bunk-bed-interior.png | /media/equipment-drive/sleeper-and-accommodation/20ft-accommodation-contractor/20ft-mobile-accommodation-bunk-room-interior.png | /media/equipment-drive/sleeper-and-accommodation/20ft-accommodation-contractor/20ft-accommodation-unit-exterior-side-view.png | /media/equipment-drive/sleeper-and-accommodation/20ft-accommodation-contractor/20ft-portable-accommodation-unit-base-camp.png | /media/equipment-drive/mobile-kitchens/24ft-mobile-kitchen/portable-commercial-kitchen-trailer-interior.png | /media/equipment-drive/mobile-kitchens/24ft-mobile-kitchen/mobile-commercial-kitchen-entry-view.png | /media/equipment-drive/mobile-kitchens/24ft-mobile-kitchen/mobile-kitchen-trailer-prep-counter.png | /media/equipment-drive/mobile-kitchens/24ft-mobile-kitchen/commercial-six-burner-gas-range.png | /media/equipment-drive/mobile-kitchens/24ft-mobile-kitchen/mobile-kitchen-trailer-exterior-service-window.png | /media/equipment-drive/shower-trailers/20-ft-shower-trailer-5-stalls-with-handwashing-sink/mobile-shower-trailer-wash-station.png | /media/equipment-drive/shower-trailers/20-ft-shower-trailer-5-stalls-with-handwashing-sink/multi-station-shower-trailer-exterior.png | /media/equipment-drive/shower-trailers/20-ft-shower-trailer-5-stalls-with-handwashing-sink/private-shower-trailer-stall-interior.png | /media/equipment-drive/shower-trailers/20-ft-shower-trailer-5-stalls-with-handwashing-sink/shower-trailer-exterior-with-private-shower-stall.png | /media/equipment-drive/shower-trailers/20-ft-shower-trailer-5-stalls-with-handwashing-sink/shower-trailer-rear-exterior-view.png | /media/equipment-drive/shower-trailers/20-ft-shower-trailer-5-stalls-with-handwashing-sink/shower-trailer-sink-and-mirror-area.png","7","8","Previous fallback displayed mixed equipment despite an unspecified title.","Replaced pooled selection with a single verified title-matched model; shared carousel and full-image controls.","false","","PASS","200","Representative browser checks recorded separately","PASS","","NOT DEPLOYED / UNVERIFIED"
"page","/service-areas/washington/olympic-peninsula/cities/","Olympic Peninsula, Washington Facility Rental Locations","false","unspecified","","","0","0","","Restored original navigation layout; no photo section is intended or missing.","false","","PASS","200","Representative browser checks recorded separately","PASS","","NOT DEPLOYED / UNVERIFIED"
"page","/service-areas/washington/olympic-peninsula/port-angeles/","Port Angeles, Washington Industrial Basecamp Commercial Kitchen Trailer Rental","true","mobile-kitchen","model-12","/media/equipment-drive/mobile-kitchens/24ft-mobile-kitchen/portable-commercial-kitchen-trailer-interior.png | /media/equipment-drive/mobile-kitchens/24ft-mobile-kitchen/mobile-commercial-kitchen-entry-view.png | /media/equipment-drive/mobile-kitchens/24ft-mobile-kitchen/mobile-kitchen-trailer-prep-counter.png | /media/equipment-drive/mobile-kitchens/24ft-mobile-kitchen/commercial-six-burner-gas-range.png | /media/equipment-drive/mobile-kitchens/24ft-mobile-kitchen/mobile-kitchen-trailer-exterior-service-window.png","4","1","Previous gallery pooled standard, bulk and combination kitchens of different sizes.","Replaced pooled selection with a single verified title-matched model; shared carousel and full-image controls.","false","","PASS","200","Representative browser checks recorded separately","PASS","","NOT DEPLOYED / UNVERIFIED"
"page","/service-areas/washington/olympic-peninsula/sequim/","Sequim, Washington Remote Operations Man Camp Temporary Facilities Rental","true","unspecified","","/media/equipment-drive/sleeper-and-accommodation/20ft-accommodation-contractor/20ft-accommodation-unit-bunk-bed-interior.png | /media/equipment-drive/sleeper-and-accommodation/20ft-accommodation-contractor/20ft-mobile-accommodation-bunk-room-interior.png | /media/equipment-drive/sleeper-and-accommodation/20ft-accommodation-contractor/20ft-accommodation-unit-exterior-side-view.png | /media/equipment-drive/sleeper-and-accommodation/20ft-accommodation-contractor/20ft-portable-accommodation-unit-base-camp.png | /media/equipment-drive/mobile-kitchens/24ft-mobile-kitchen/portable-commercial-kitchen-trailer-interior.png | /media/equipment-drive/mobile-kitchens/24ft-mobile-kitchen/mobile-commercial-kitchen-entry-view.png | /media/equipment-drive/mobile-kitchens/24ft-mobile-kitchen/mobile-kitchen-trailer-prep-counter.png | /media/equipment-drive/mobile-kitchens/24ft-mobile-kitchen/commercial-six-burner-gas-range.png | /media/equipment-drive/mobile-kitchens/24ft-mobile-kitchen/mobile-kitchen-trailer-exterior-service-window.png | /media/equipment-drive/shower-trailers/20-ft-shower-trailer-5-stalls-with-handwashing-sink/mobile-shower-trailer-wash-station.png | /media/equipment-drive/shower-trailers/20-ft-shower-trailer-5-stalls-with-handwashing-sink/multi-station-shower-trailer-exterior.png | /media/equipment-drive/shower-trailers/20-ft-shower-trailer-5-stalls-with-handwashing-sink/private-shower-trailer-stall-interior.png | /media/equipment-drive/shower-trailers/20-ft-shower-trailer-5-stalls-with-handwashing-sink/shower-trailer-exterior-with-private-shower-stall.png | /media/equipment-drive/shower-trailers/20-ft-shower-trailer-5-stalls-with-handwashing-sink/shower-trailer-rear-exterior-view.png | /media/equipment-drive/shower-trailers/20-ft-shower-trailer-5-stalls-with-handwashing-sink/shower-trailer-sink-and-mirror-area.png","7","8","Previous fallback displayed mixed equipment despite an unspecified title.","Replaced pooled selection with a single verified title-matched model; shared carousel and full-image controls.","false","","PASS","200","Representative browser checks recorded separately","PASS","","NOT DEPLOYED / UNVERIFIED"
"page","/service-areas/washington/puget-sound/","Puget Sound, Washington Emergency Basecamp Shower Trailer Rental","true","shower-trailer","model-21","/media/equipment-drive/shower-trailers/20-ft-shower-trailer-5-stalls-with-handwashing-sink/mobile-shower-trailer-wash-station.png | /media/equipment-drive/shower-trailers/20-ft-shower-trailer-5-stalls-with-handwashing-sink/multi-station-shower-trailer-exterior.png | /media/equipment-drive/shower-trailers/20-ft-shower-trailer-5-stalls-with-handwashing-sink/private-shower-trailer-stall-interior.png | /media/equipment-drive/shower-trailers/20-ft-shower-trailer-5-stalls-with-handwashing-sink/shower-trailer-exterior-with-private-shower-stall.png | /media/equipment-drive/shower-trailers/20-ft-shower-trailer-5-stalls-with-handwashing-sink/shower-trailer-rear-exterior-view.png | /media/equipment-drive/shower-trailers/20-ft-shower-trailer-5-stalls-with-handwashing-sink/shower-trailer-sink-and-mirror-area.png","1","5","Previous shower gallery mixed shower containers with shower trailers.","Replaced pooled selection with a single verified title-matched model; shared carousel and full-image controls.","false","","PASS","200","Representative browser checks recorded separately","PASS","","NOT DEPLOYED / UNVERIFIED"
"page","/service-areas/washington/puget-sound/cities/","Puget Sound, Washington Facility Rental Locations","false","unspecified","","","0","0","","Restored original navigation layout; no photo section is intended or missing.","false","","PASS","200","Representative browser checks recorded separately","PASS","","NOT DEPLOYED / UNVERIFIED"
"page","/service-areas/washington/puget-sound/olympia/","Olympia, Washington Institutional Facility Shower and Restroom Combination Trailer For Rent","true","shower-restroom-combination","model-10","/media/equipment-drive/luxury-shower-restroom-combination-trailers/22ft-luxury-shower-restroom-combination-trailer-6-stalls/luxury-6-stall-shower-restroom-trailer-entry-steps.png | /media/equipment-drive/luxury-shower-restroom-combination-trailers/22ft-luxury-shower-restroom-combination-trailer-6-stalls/luxury-shower-restroom-trailer-sink-vanity-interior.png | /media/equipment-drive/luxury-shower-restroom-combination-trailers/22ft-luxury-shower-restroom-combination-trailer-6-stalls/22ft-6-stall-shower-restroom-trailer-exterior.png | /media/equipment-drive/luxury-shower-restroom-combination-trailers/22ft-luxury-shower-restroom-combination-trailer-6-stalls/22ft-luxury-shower-restroom-combination-trailer-6-stall-exterior.png | /media/equipment-drive/luxury-shower-restroom-combination-trailers/22ft-luxury-shower-restroom-combination-trailer-6-stalls/luxury-shower-restroom-trailer-private-shower-stall.png","2","3","Previous gallery combined different sizes/stall configurations.","Replaced pooled selection with a single verified title-matched model; shared carousel and full-image controls.","false","","PASS","200","Representative browser checks recorded separately","PASS","","NOT DEPLOYED / UNVERIFIED"
"page","/service-areas/washington/puget-sound/seattle/","Seattle, Washington Construction Project Kitchen Emergency Trailer Rental","true","mobile-kitchen","model-12","/media/equipment-drive/mobile-kitchens/24ft-mobile-kitchen/portable-commercial-kitchen-trailer-interior.png | /media/equipment-drive/mobile-kitchens/24ft-mobile-kitchen/mobile-commercial-kitchen-entry-view.png | /media/equipment-drive/mobile-kitchens/24ft-mobile-kitchen/mobile-kitchen-trailer-prep-counter.png | /media/equipment-drive/mobile-kitchens/24ft-mobile-kitchen/commercial-six-burner-gas-range.png | /media/equipment-drive/mobile-kitchens/24ft-mobile-kitchen/mobile-kitchen-trailer-exterior-service-window.png","4","1","Previous gallery pooled standard, bulk and combination kitchens of different sizes.","Replaced pooled selection with a single verified title-matched model; shared carousel and full-image controls.","false","","PASS","200","Representative browser checks recorded separately","PASS","","NOT DEPLOYED / UNVERIFIED"
"page","/service-areas/washington/puget-sound/tacoma/","Tacoma, Washington Workforce Housing Sleeper Bunk-Bed Facility Leasing","true","sleeper-trailer","april-two-stall-sleeper","/media/equipment-drive/sleeper-and-accommodation/sleeper-trailer-2-stalls/sleeper-trailer-2-stall-bunk-bed-interior.png | /media/equipment-drive/sleeper-and-accommodation/sleeper-trailer-2-stalls/sleeper-trailer-2-stall-sleeping-room.png","2","0","Previous multi-image sleeper gallery lacked reliable image-to-configuration association.","Replaced pooled selection with a single verified title-matched model; shared carousel and full-image controls.","false","","PASS","200","Representative browser checks recorded separately","PASS","","NOT DEPLOYED / UNVERIFIED"
"page","/service-areas/washington/southwest-washington/","Southwest Washington, Washington Construction Project Kitchen Emergency Trailer Rental","true","mobile-kitchen","model-12","/media/equipment-drive/mobile-kitchens/24ft-mobile-kitchen/portable-commercial-kitchen-trailer-interior.png | /media/equipment-drive/mobile-kitchens/24ft-mobile-kitchen/mobile-commercial-kitchen-entry-view.png | /media/equipment-drive/mobile-kitchens/24ft-mobile-kitchen/mobile-kitchen-trailer-prep-counter.png | /media/equipment-drive/mobile-kitchens/24ft-mobile-kitchen/commercial-six-burner-gas-range.png | /media/equipment-drive/mobile-kitchens/24ft-mobile-kitchen/mobile-kitchen-trailer-exterior-service-window.png","4","1","Previous gallery pooled standard, bulk and combination kitchens of different sizes.","Replaced pooled selection with a single verified title-matched model; shared carousel and full-image controls.","false","","PASS","200","Representative browser checks recorded separately","PASS","","NOT DEPLOYED / UNVERIFIED"
"page","/service-areas/washington/southwest-washington/cities/","Southwest Washington, Washington Facility Rental Locations","false","unspecified","","","0","0","","Restored original navigation layout; no photo section is intended or missing.","false","","PASS","200","Representative browser checks recorded separately","PASS","","NOT DEPLOYED / UNVERIFIED"
"page","/service-areas/west-virginia/","West Virginia Remote Operations Man Camp Temporary Facilities Rental","true","unspecified","","/media/equipment-drive/sleeper-and-accommodation/20ft-accommodation-contractor/20ft-accommodation-unit-bunk-bed-interior.png | /media/equipment-drive/sleeper-and-accommodation/20ft-accommodation-contractor/20ft-mobile-accommodation-bunk-room-interior.png | /media/equipment-drive/sleeper-and-accommodation/20ft-accommodation-contractor/20ft-accommodation-unit-exterior-side-view.png | /media/equipment-drive/sleeper-and-accommodation/20ft-accommodation-contractor/20ft-portable-accommodation-unit-base-camp.png | /media/equipment-drive/mobile-kitchens/24ft-mobile-kitchen/portable-commercial-kitchen-trailer-interior.png | /media/equipment-drive/mobile-kitchens/24ft-mobile-kitchen/mobile-commercial-kitchen-entry-view.png | /media/equipment-drive/mobile-kitchens/24ft-mobile-kitchen/mobile-kitchen-trailer-prep-counter.png | /media/equipment-drive/mobile-kitchens/24ft-mobile-kitchen/commercial-six-burner-gas-range.png | /media/equipment-drive/mobile-kitchens/24ft-mobile-kitchen/mobile-kitchen-trailer-exterior-service-window.png | /media/equipment-drive/shower-trailers/20-ft-shower-trailer-5-stalls-with-handwashing-sink/mobile-shower-trailer-wash-station.png | /media/equipment-drive/shower-trailers/20-ft-shower-trailer-5-stalls-with-handwashing-sink/multi-station-shower-trailer-exterior.png | /media/equipment-drive/shower-trailers/20-ft-shower-trailer-5-stalls-with-handwashing-sink/private-shower-trailer-stall-interior.png | /media/equipment-drive/shower-trailers/20-ft-shower-trailer-5-stalls-with-handwashing-sink/shower-trailer-exterior-with-private-shower-stall.png | /media/equipment-drive/shower-trailers/20-ft-shower-trailer-5-stalls-with-handwashing-sink/shower-trailer-rear-exterior-view.png | /media/equipment-drive/shower-trailers/20-ft-shower-trailer-5-stalls-with-handwashing-sink/shower-trailer-sink-and-mirror-area.png","7","8","Previous fallback displayed mixed equipment despite an unspecified title.","Replaced pooled selection with a single verified title-matched model; shared carousel and full-image controls.","false","","PASS","200","Representative browser checks recorded separately","PASS","","NOT DEPLOYED / UNVERIFIED"
"page","/service-areas/west-virginia/eastern-panhandle/","Eastern Panhandle, West Virginia Institutional Facility Shower and Restroom Combination Trailer For Rent","true","shower-restroom-combination","model-10","/media/equipment-drive/luxury-shower-restroom-combination-trailers/22ft-luxury-shower-restroom-combination-trailer-6-stalls/luxury-6-stall-shower-restroom-trailer-entry-steps.png | /media/equipment-drive/luxury-shower-restroom-combination-trailers/22ft-luxury-shower-restroom-combination-trailer-6-stalls/luxury-shower-restroom-trailer-sink-vanity-interior.png | /media/equipment-drive/luxury-shower-restroom-combination-trailers/22ft-luxury-shower-restroom-combination-trailer-6-stalls/22ft-6-stall-shower-restroom-trailer-exterior.png | /media/equipment-drive/luxury-shower-restroom-combination-trailers/22ft-luxury-shower-restroom-combination-trailer-6-stalls/22ft-luxury-shower-restroom-combination-trailer-6-stall-exterior.png | /media/equipment-drive/luxury-shower-restroom-combination-trailers/22ft-luxury-shower-restroom-combination-trailer-6-stalls/luxury-shower-restroom-trailer-private-shower-stall.png","2","3","Previous gallery combined different sizes/stall configurations.","Replaced pooled selection with a single verified title-matched model; shared carousel and full-image controls.","false","","PASS","200","Representative browser checks recorded separately","PASS","","NOT DEPLOYED / UNVERIFIED"
"page","/service-areas/west-virginia/eastern-panhandle/cities/","Eastern Panhandle, West Virginia Facility Rental Locations","false","unspecified","","","0","0","","Restored original navigation layout; no photo section is intended or missing.","false","","PASS","200","Representative browser checks recorded separately","PASS","","NOT DEPLOYED / UNVERIFIED"
"page","/service-areas/west-virginia/metro-valley/","Metro Valley, West Virginia Accessible Commercial Site ADA Shower and Restroom Combination Trailer Leasing","true","ada-combination","client-labelled-ada-reference","/images/catalog/restroom-trailers-960.webp","0","1","Previous gallery used non-ADA combination units for an ADA title.","Replaced pooled selection with a single verified title-matched model; shared carousel and full-image controls.","false","","PASS","200","Representative browser checks recorded separately","PASS","","NOT DEPLOYED / UNVERIFIED"
"page","/service-areas/west-virginia/metro-valley/cities/","Metro Valley, West Virginia Facility Rental Locations","false","unspecified","","","0","0","","Restored original navigation layout; no photo section is intended or missing.","false","","PASS","200","Representative browser checks recorded separately","PASS","","NOT DEPLOYED / UNVERIFIED"
"page","/service-areas/west-virginia/mountaineer-country/","Mountaineer Country, West Virginia Emergency Basecamp Shower Trailer Rental","true","shower-trailer","model-21","/media/equipment-drive/shower-trailers/20-ft-shower-trailer-5-stalls-with-handwashing-sink/mobile-shower-trailer-wash-station.png | /media/equipment-drive/shower-trailers/20-ft-shower-trailer-5-stalls-with-handwashing-sink/multi-station-shower-trailer-exterior.png | /media/equipment-drive/shower-trailers/20-ft-shower-trailer-5-stalls-with-handwashing-sink/private-shower-trailer-stall-interior.png | /media/equipment-drive/shower-trailers/20-ft-shower-trailer-5-stalls-with-handwashing-sink/shower-trailer-exterior-with-private-shower-stall.png | /media/equipment-drive/shower-trailers/20-ft-shower-trailer-5-stalls-with-handwashing-sink/shower-trailer-rear-exterior-view.png | /media/equipment-drive/shower-trailers/20-ft-shower-trailer-5-stalls-with-handwashing-sink/shower-trailer-sink-and-mirror-area.png","1","5","Previous shower gallery mixed shower containers with shower trailers.","Replaced pooled selection with a single verified title-matched model; shared carousel and full-image controls.","false","","PASS","200","Representative browser checks recorded separately","PASS","","NOT DEPLOYED / UNVERIFIED"
"page","/service-areas/west-virginia/mountaineer-country/cities/","Mountaineer Country, West Virginia Facility Rental Locations","false","unspecified","","","0","0","","Restored original navigation layout; no photo section is intended or missing.","false","","PASS","200","Representative browser checks recorded separately","PASS","","NOT DEPLOYED / UNVERIFIED"
"page","/service-areas/west-virginia/new-river-greenbrier-valley/","New River Greenbrier Valley, West Virginia Workforce Camp Laundry Temporary Facilities Long-Term Rental","true","laundry-unspecified","","/media/equipment-drive/laundry-trailers-and-containers/30ft-laundry-trailer-10-washer-dryer/mobile-laundry-trailer-commercial-washers-dryers.png | /media/equipment-drive/laundry-trailers-and-containers/20ft-laundry-container/Laundry Container 7 units 1.png | /media/equipment-drive/laundry-trailers-and-containers/20ft-laundry-container/Laundry Container 7 units 2.png | /media/equipment-drive/laundry-trailers-and-containers/20ft-laundry-container/Laundry Container 7units.png","4","0","Previous laundry gallery mixed trailer and container form factors.","Replaced pooled selection with a single verified title-matched model; shared carousel and full-image controls.","false","","PASS","200","Representative browser checks recorded separately","PASS","","NOT DEPLOYED / UNVERIFIED"
"page","/service-areas/west-virginia/new-river-greenbrier-valley/cities/","New River Greenbrier Valley, West Virginia Facility Rental Locations","false","unspecified","","","0","0","","Restored original navigation layout; no photo section is intended or missing.","false","","PASS","200","Representative browser checks recorded separately","PASS","","NOT DEPLOYED / UNVERIFIED"
"page","/service-areas/west-virginia/northern-panhandle/","Northern Panhandle, West Virginia Remote Operations Man Camp Temporary Facilities Rental","true","unspecified","","/media/equipment-drive/sleeper-and-accommodation/20ft-accommodation-contractor/20ft-accommodation-unit-bunk-bed-interior.png | /media/equipment-drive/sleeper-and-accommodation/20ft-accommodation-contractor/20ft-mobile-accommodation-bunk-room-interior.png | /media/equipment-drive/sleeper-and-accommodation/20ft-accommodation-contractor/20ft-accommodation-unit-exterior-side-view.png | /media/equipment-drive/sleeper-and-accommodation/20ft-accommodation-contractor/20ft-portable-accommodation-unit-base-camp.png | /media/equipment-drive/mobile-kitchens/24ft-mobile-kitchen/portable-commercial-kitchen-trailer-interior.png | /media/equipment-drive/mobile-kitchens/24ft-mobile-kitchen/mobile-commercial-kitchen-entry-view.png | /media/equipment-drive/mobile-kitchens/24ft-mobile-kitchen/mobile-kitchen-trailer-prep-counter.png | /media/equipment-drive/mobile-kitchens/24ft-mobile-kitchen/commercial-six-burner-gas-range.png | /media/equipment-drive/mobile-kitchens/24ft-mobile-kitchen/mobile-kitchen-trailer-exterior-service-window.png | /media/equipment-drive/shower-trailers/20-ft-shower-trailer-5-stalls-with-handwashing-sink/mobile-shower-trailer-wash-station.png | /media/equipment-drive/shower-trailers/20-ft-shower-trailer-5-stalls-with-handwashing-sink/multi-station-shower-trailer-exterior.png | /media/equipment-drive/shower-trailers/20-ft-shower-trailer-5-stalls-with-handwashing-sink/private-shower-trailer-stall-interior.png | /media/equipment-drive/shower-trailers/20-ft-shower-trailer-5-stalls-with-handwashing-sink/shower-trailer-exterior-with-private-shower-stall.png | /media/equipment-drive/shower-trailers/20-ft-shower-trailer-5-stalls-with-handwashing-sink/shower-trailer-rear-exterior-view.png | /media/equipment-drive/shower-trailers/20-ft-shower-trailer-5-stalls-with-handwashing-sink/shower-trailer-sink-and-mirror-area.png","7","8","Previous fallback displayed mixed equipment despite an unspecified title.","Replaced pooled selection with a single verified title-matched model; shared carousel and full-image controls.","false","","PASS","200","Representative browser checks recorded separately","PASS","","NOT DEPLOYED / UNVERIFIED"
"page","/service-areas/west-virginia/northern-panhandle/cities/","Northern Panhandle, West Virginia Facility Rental Locations","false","unspecified","","","0","0","","Restored original navigation layout; no photo section is intended or missing.","false","","PASS","200","Representative browser checks recorded separately","PASS","","NOT DEPLOYED / UNVERIFIED"
"page","/service-areas/west-virginia/southern-coalfields/","Southern Coalfields, West Virginia Construction Project Kitchen Emergency Trailer Rental","true","mobile-kitchen","model-12","/media/equipment-drive/mobile-kitchens/24ft-mobile-kitchen/portable-commercial-kitchen-trailer-interior.png | /media/equipment-drive/mobile-kitchens/24ft-mobile-kitchen/mobile-commercial-kitchen-entry-view.png | /media/equipment-drive/mobile-kitchens/24ft-mobile-kitchen/mobile-kitchen-trailer-prep-counter.png | /media/equipment-drive/mobile-kitchens/24ft-mobile-kitchen/commercial-six-burner-gas-range.png | /media/equipment-drive/mobile-kitchens/24ft-mobile-kitchen/mobile-kitchen-trailer-exterior-service-window.png","4","1","Previous gallery pooled standard, bulk and combination kitchens of different sizes.","Replaced pooled selection with a single verified title-matched model; shared carousel and full-image controls.","false","","PASS","200","Representative browser checks recorded separately","PASS","","NOT DEPLOYED / UNVERIFIED"
"page","/service-areas/west-virginia/southern-coalfields/cities/","Southern Coalfields, West Virginia Facility Rental Locations","false","unspecified","","","0","0","","Restored original navigation layout; no photo section is intended or missing.","false","","PASS","200","Representative browser checks recorded separately","PASS","","NOT DEPLOYED / UNVERIFIED"
"page","/service-areas/wisconsin/","Wisconsin Emergency Basecamp Shower Trailer Rental","true","shower-trailer","model-21","/media/equipment-drive/shower-trailers/20-ft-shower-trailer-5-stalls-with-handwashing-sink/mobile-shower-trailer-wash-station.png | /media/equipment-drive/shower-trailers/20-ft-shower-trailer-5-stalls-with-handwashing-sink/multi-station-shower-trailer-exterior.png | /media/equipment-drive/shower-trailers/20-ft-shower-trailer-5-stalls-with-handwashing-sink/private-shower-trailer-stall-interior.png | /media/equipment-drive/shower-trailers/20-ft-shower-trailer-5-stalls-with-handwashing-sink/shower-trailer-exterior-with-private-shower-stall.png | /media/equipment-drive/shower-trailers/20-ft-shower-trailer-5-stalls-with-handwashing-sink/shower-trailer-rear-exterior-view.png | /media/equipment-drive/shower-trailers/20-ft-shower-trailer-5-stalls-with-handwashing-sink/shower-trailer-sink-and-mirror-area.png","1","5","Previous shower gallery mixed shower containers with shower trailers.","Replaced pooled selection with a single verified title-matched model; shared carousel and full-image controls.","false","","PASS","200","Representative browser checks recorded separately","PASS","","NOT DEPLOYED / UNVERIFIED"
"page","/service-areas/wisconsin/central-wisconsin/","Central Wisconsin, Wisconsin Accessible Commercial Site ADA Shower and Restroom Combination Trailer Leasing","true","ada-combination","client-labelled-ada-reference","/images/catalog/restroom-trailers-960.webp","0","1","Previous gallery used non-ADA combination units for an ADA title.","Replaced pooled selection with a single verified title-matched model; shared carousel and full-image controls.","false","","PASS","200","Representative browser checks recorded separately","PASS","","NOT DEPLOYED / UNVERIFIED"
"page","/service-areas/wisconsin/central-wisconsin/cities/","Central Wisconsin, Wisconsin Facility Rental Locations","false","unspecified","","","0","0","","Restored original navigation layout; no photo section is intended or missing.","false","","PASS","200","Representative browser checks recorded separately","PASS","","NOT DEPLOYED / UNVERIFIED"
"page","/service-areas/wisconsin/driftless-area/","Driftless Area, Wisconsin Workforce Housing Sleeper Bunk-Bed Facility Leasing","true","sleeper-trailer","april-two-stall-sleeper","/media/equipment-drive/sleeper-and-accommodation/sleeper-trailer-2-stalls/sleeper-trailer-2-stall-bunk-bed-interior.png | /media/equipment-drive/sleeper-and-accommodation/sleeper-trailer-2-stalls/sleeper-trailer-2-stall-sleeping-room.png","2","0","Previous multi-image sleeper gallery lacked reliable image-to-configuration association.","Replaced pooled selection with a single verified title-matched model; shared carousel and full-image controls.","false","","PASS","200","Representative browser checks recorded separately","PASS","","NOT DEPLOYED / UNVERIFIED"
"page","/service-areas/wisconsin/driftless-area/cities/","Driftless Area, Wisconsin Facility Rental Locations","false","unspecified","","","0","0","","Restored original navigation layout; no photo section is intended or missing.","false","","PASS","200","Representative browser checks recorded separately","PASS","","NOT DEPLOYED / UNVERIFIED"
"page","/service-areas/wisconsin/fox-valley/","Fox Valley, Wisconsin Workforce Camp Laundry Temporary Facilities Long-Term Rental","true","laundry-unspecified","","/media/equipment-drive/laundry-trailers-and-containers/30ft-laundry-trailer-10-washer-dryer/mobile-laundry-trailer-commercial-washers-dryers.png | /media/equipment-drive/laundry-trailers-and-containers/20ft-laundry-container/Laundry Container 7 units 1.png | /media/equipment-drive/laundry-trailers-and-containers/20ft-laundry-container/Laundry Container 7 units 2.png | /media/equipment-drive/laundry-trailers-and-containers/20ft-laundry-container/Laundry Container 7units.png","4","0","Previous laundry gallery mixed trailer and container form factors.","Replaced pooled selection with a single verified title-matched model; shared carousel and full-image controls.","false","","PASS","200","Representative browser checks recorded separately","PASS","","NOT DEPLOYED / UNVERIFIED"
"page","/service-areas/wisconsin/fox-valley/cities/","Fox Valley, Wisconsin Facility Rental Locations","false","unspecified","","","0","0","","Restored original navigation layout; no photo section is intended or missing.","false","","PASS","200","Representative browser checks recorded separately","PASS","","NOT DEPLOYED / UNVERIFIED"
"page","/service-areas/wisconsin/lake-superior-region/","Lake Superior region, Wisconsin Institutional Facility Shower and Restroom Combination Trailer For Rent","true","shower-restroom-combination","model-10","/media/equipment-drive/luxury-shower-restroom-combination-trailers/22ft-luxury-shower-restroom-combination-trailer-6-stalls/luxury-6-stall-shower-restroom-trailer-entry-steps.png | /media/equipment-drive/luxury-shower-restroom-combination-trailers/22ft-luxury-shower-restroom-combination-trailer-6-stalls/luxury-shower-restroom-trailer-sink-vanity-interior.png | /media/equipment-drive/luxury-shower-restroom-combination-trailers/22ft-luxury-shower-restroom-combination-trailer-6-stalls/22ft-6-stall-shower-restroom-trailer-exterior.png | /media/equipment-drive/luxury-shower-restroom-combination-trailers/22ft-luxury-shower-restroom-combination-trailer-6-stalls/22ft-luxury-shower-restroom-combination-trailer-6-stall-exterior.png | /media/equipment-drive/luxury-shower-restroom-combination-trailers/22ft-luxury-shower-restroom-combination-trailer-6-stalls/luxury-shower-restroom-trailer-private-shower-stall.png","2","3","Previous gallery combined different sizes/stall configurations.","Replaced pooled selection with a single verified title-matched model; shared carousel and full-image controls.","false","","PASS","200","Representative browser checks recorded separately","PASS","","NOT DEPLOYED / UNVERIFIED"
"page","/service-areas/wisconsin/lake-superior-region/cities/","Lake Superior region, Wisconsin Facility Rental Locations","false","unspecified","","","0","0","","Restored original navigation layout; no photo section is intended or missing.","false","","PASS","200","Representative browser checks recorded separately","PASS","","NOT DEPLOYED / UNVERIFIED"
"page","/service-areas/wisconsin/madison-area/","Madison area, Wisconsin Construction Project Kitchen Emergency Trailer Rental","true","mobile-kitchen","model-12","/media/equipment-drive/mobile-kitchens/24ft-mobile-kitchen/portable-commercial-kitchen-trailer-interior.png | /media/equipment-drive/mobile-kitchens/24ft-mobile-kitchen/mobile-commercial-kitchen-entry-view.png | /media/equipment-drive/mobile-kitchens/24ft-mobile-kitchen/mobile-kitchen-trailer-prep-counter.png | /media/equipment-drive/mobile-kitchens/24ft-mobile-kitchen/commercial-six-burner-gas-range.png | /media/equipment-drive/mobile-kitchens/24ft-mobile-kitchen/mobile-kitchen-trailer-exterior-service-window.png","4","1","Previous gallery pooled standard, bulk and combination kitchens of different sizes.","Replaced pooled selection with a single verified title-matched model; shared carousel and full-image controls.","false","","PASS","200","Representative browser checks recorded separately","PASS","","NOT DEPLOYED / UNVERIFIED"
"page","/service-areas/wisconsin/madison-area/cities/","Madison area, Wisconsin Facility Rental Locations","false","unspecified","","","0","0","","Restored original navigation layout; no photo section is intended or missing.","false","","PASS","200","Representative browser checks recorded separately","PASS","","NOT DEPLOYED / UNVERIFIED"
"page","/service-areas/wisconsin/milwaukee-and-southeast/","Milwaukee and Southeast, Wisconsin Commercial Food Service Commercial Kitchen Modular Building For Rent","true","kitchen-modular","","","0","0","Previous gallery supplied kitchen trailers for a modular-building title.","Removed unsafe/ambiguous fallback, or added explicit verified-photography pending state.","true","No matching verified photography exists for the title's equipment/configuration.","PASS","200","Representative browser checks recorded separately","PASS","","NOT DEPLOYED / UNVERIFIED"
"page","/service-areas/wisconsin/milwaukee-and-southeast/cities/","Milwaukee and Southeast, Wisconsin Facility Rental Locations","false","unspecified","","","0","0","","Restored original navigation layout; no photo section is intended or missing.","false","","PASS","200","Representative browser checks recorded separately","PASS","","NOT DEPLOYED / UNVERIFIED"
"page","/service-areas/wisconsin/northwoods/","Northwoods, Wisconsin Emergency Basecamp Shower Trailer Rental","true","shower-trailer","model-21","/media/equipment-drive/shower-trailers/20-ft-shower-trailer-5-stalls-with-handwashing-sink/mobile-shower-trailer-wash-station.png | /media/equipment-drive/shower-trailers/20-ft-shower-trailer-5-stalls-with-handwashing-sink/multi-station-shower-trailer-exterior.png | /media/equipment-drive/shower-trailers/20-ft-shower-trailer-5-stalls-with-handwashing-sink/private-shower-trailer-stall-interior.png | /media/equipment-drive/shower-trailers/20-ft-shower-trailer-5-stalls-with-handwashing-sink/shower-trailer-exterior-with-private-shower-stall.png | /media/equipment-drive/shower-trailers/20-ft-shower-trailer-5-stalls-with-handwashing-sink/shower-trailer-rear-exterior-view.png | /media/equipment-drive/shower-trailers/20-ft-shower-trailer-5-stalls-with-handwashing-sink/shower-trailer-sink-and-mirror-area.png","1","5","Previous shower gallery mixed shower containers with shower trailers.","Replaced pooled selection with a single verified title-matched model; shared carousel and full-image controls.","false","","PASS","200","Representative browser checks recorded separately","PASS","","NOT DEPLOYED / UNVERIFIED"
"page","/service-areas/wisconsin/northwoods/cities/","Northwoods, Wisconsin Facility Rental Locations","false","unspecified","","","0","0","","Restored original navigation layout; no photo section is intended or missing.","false","","PASS","200","Representative browser checks recorded separately","PASS","","NOT DEPLOYED / UNVERIFIED"
"page","/service-areas/wyoming/","Wyoming Workforce Camp Laundry Temporary Facilities Long-Term Rental","true","laundry-unspecified","","/media/equipment-drive/laundry-trailers-and-containers/30ft-laundry-trailer-10-washer-dryer/mobile-laundry-trailer-commercial-washers-dryers.png | /media/equipment-drive/laundry-trailers-and-containers/20ft-laundry-container/Laundry Container 7 units 1.png | /media/equipment-drive/laundry-trailers-and-containers/20ft-laundry-container/Laundry Container 7 units 2.png | /media/equipment-drive/laundry-trailers-and-containers/20ft-laundry-container/Laundry Container 7units.png","4","0","Previous laundry gallery mixed trailer and container form factors.","Replaced pooled selection with a single verified title-matched model; shared carousel and full-image controls.","false","","PASS","200","Representative browser checks recorded separately","PASS","","NOT DEPLOYED / UNVERIFIED"
"page","/service-areas/wyoming/central-wyoming/","Central Wyoming, Wyoming Commercial Food Service Commercial Kitchen Modular Building For Rent","true","kitchen-modular","","","0","0","Previous gallery supplied kitchen trailers for a modular-building title.","Removed unsafe/ambiguous fallback, or added explicit verified-photography pending state.","true","No matching verified photography exists for the title's equipment/configuration.","PASS","200","Representative browser checks recorded separately","PASS","","NOT DEPLOYED / UNVERIFIED"
"page","/service-areas/wyoming/central-wyoming/cities/","Central Wyoming, Wyoming Facility Rental Locations","false","unspecified","","","0","0","","Restored original navigation layout; no photo section is intended or missing.","false","","PASS","200","Representative browser checks recorded separately","PASS","","NOT DEPLOYED / UNVERIFIED"
"page","/service-areas/wyoming/northeast-wyoming/","Northeast Wyoming, Wyoming Construction Project Kitchen Emergency Trailer Rental","true","mobile-kitchen","model-12","/media/equipment-drive/mobile-kitchens/24ft-mobile-kitchen/portable-commercial-kitchen-trailer-interior.png | /media/equipment-drive/mobile-kitchens/24ft-mobile-kitchen/mobile-commercial-kitchen-entry-view.png | /media/equipment-drive/mobile-kitchens/24ft-mobile-kitchen/mobile-kitchen-trailer-prep-counter.png | /media/equipment-drive/mobile-kitchens/24ft-mobile-kitchen/commercial-six-burner-gas-range.png | /media/equipment-drive/mobile-kitchens/24ft-mobile-kitchen/mobile-kitchen-trailer-exterior-service-window.png","4","1","Previous gallery pooled standard, bulk and combination kitchens of different sizes.","Replaced pooled selection with a single verified title-matched model; shared carousel and full-image controls.","false","","PASS","200","Representative browser checks recorded separately","PASS","","NOT DEPLOYED / UNVERIFIED"
"page","/service-areas/wyoming/northeast-wyoming/cities/","Northeast Wyoming, Wyoming Facility Rental Locations","false","unspecified","","","0","0","","Restored original navigation layout; no photo section is intended or missing.","false","","PASS","200","Representative browser checks recorded separately","PASS","","NOT DEPLOYED / UNVERIFIED"
"page","/service-areas/wyoming/northwest-wyoming/","Northwest Wyoming, Wyoming Workforce Camp Laundry Temporary Facilities Long-Term Rental","true","laundry-unspecified","","/media/equipment-drive/laundry-trailers-and-containers/30ft-laundry-trailer-10-washer-dryer/mobile-laundry-trailer-commercial-washers-dryers.png | /media/equipment-drive/laundry-trailers-and-containers/20ft-laundry-container/Laundry Container 7 units 1.png | /media/equipment-drive/laundry-trailers-and-containers/20ft-laundry-container/Laundry Container 7 units 2.png | /media/equipment-drive/laundry-trailers-and-containers/20ft-laundry-container/Laundry Container 7units.png","4","0","Previous laundry gallery mixed trailer and container form factors.","Replaced pooled selection with a single verified title-matched model; shared carousel and full-image controls.","false","","PASS","200","Representative browser checks recorded separately","PASS","","NOT DEPLOYED / UNVERIFIED"
"page","/service-areas/wyoming/northwest-wyoming/cities/","Northwest Wyoming, Wyoming Facility Rental Locations","false","unspecified","","","0","0","","Restored original navigation layout; no photo section is intended or missing.","false","","PASS","200","Representative browser checks recorded separately","PASS","","NOT DEPLOYED / UNVERIFIED"
"page","/service-areas/wyoming/southeast-wyoming/","Southeast Wyoming, Wyoming Remote Operations Man Camp Temporary Facilities Rental","true","unspecified","","/media/equipment-drive/sleeper-and-accommodation/20ft-accommodation-contractor/20ft-accommodation-unit-bunk-bed-interior.png | /media/equipment-drive/sleeper-and-accommodation/20ft-accommodation-contractor/20ft-mobile-accommodation-bunk-room-interior.png | /media/equipment-drive/sleeper-and-accommodation/20ft-accommodation-contractor/20ft-accommodation-unit-exterior-side-view.png | /media/equipment-drive/sleeper-and-accommodation/20ft-accommodation-contractor/20ft-portable-accommodation-unit-base-camp.png | /media/equipment-drive/mobile-kitchens/24ft-mobile-kitchen/portable-commercial-kitchen-trailer-interior.png | /media/equipment-drive/mobile-kitchens/24ft-mobile-kitchen/mobile-commercial-kitchen-entry-view.png | /media/equipment-drive/mobile-kitchens/24ft-mobile-kitchen/mobile-kitchen-trailer-prep-counter.png | /media/equipment-drive/mobile-kitchens/24ft-mobile-kitchen/commercial-six-burner-gas-range.png | /media/equipment-drive/mobile-kitchens/24ft-mobile-kitchen/mobile-kitchen-trailer-exterior-service-window.png | /media/equipment-drive/shower-trailers/20-ft-shower-trailer-5-stalls-with-handwashing-sink/mobile-shower-trailer-wash-station.png | /media/equipment-drive/shower-trailers/20-ft-shower-trailer-5-stalls-with-handwashing-sink/multi-station-shower-trailer-exterior.png | /media/equipment-drive/shower-trailers/20-ft-shower-trailer-5-stalls-with-handwashing-sink/private-shower-trailer-stall-interior.png | /media/equipment-drive/shower-trailers/20-ft-shower-trailer-5-stalls-with-handwashing-sink/shower-trailer-exterior-with-private-shower-stall.png | /media/equipment-drive/shower-trailers/20-ft-shower-trailer-5-stalls-with-handwashing-sink/shower-trailer-rear-exterior-view.png | /media/equipment-drive/shower-trailers/20-ft-shower-trailer-5-stalls-with-handwashing-sink/shower-trailer-sink-and-mirror-area.png","7","8","Previous fallback displayed mixed equipment despite an unspecified title.","Replaced pooled selection with a single verified title-matched model; shared carousel and full-image controls.","false","","PASS","200","Representative browser checks recorded separately","PASS","","NOT DEPLOYED / UNVERIFIED"
"page","/service-areas/wyoming/southeast-wyoming/cities/","Southeast Wyoming, Wyoming Facility Rental Locations","false","unspecified","","","0","0","","Restored original navigation layout; no photo section is intended or missing.","false","","PASS","200","Representative browser checks recorded separately","PASS","","NOT DEPLOYED / UNVERIFIED"
"page","/service-areas/wyoming/southwest-wyoming/","Southwest Wyoming, Wyoming Workforce Housing Sleeper Bunk-Bed Facility Leasing","true","sleeper-trailer","april-two-stall-sleeper","/media/equipment-drive/sleeper-and-accommodation/sleeper-trailer-2-stalls/sleeper-trailer-2-stall-bunk-bed-interior.png | /media/equipment-drive/sleeper-and-accommodation/sleeper-trailer-2-stalls/sleeper-trailer-2-stall-sleeping-room.png","2","0","Previous multi-image sleeper gallery lacked reliable image-to-configuration association.","Replaced pooled selection with a single verified title-matched model; shared carousel and full-image controls.","false","","PASS","200","Representative browser checks recorded separately","PASS","","NOT DEPLOYED / UNVERIFIED"
"page","/service-areas/wyoming/southwest-wyoming/cities/","Southwest Wyoming, Wyoming Facility Rental Locations","false","unspecified","","","0","0","","Restored original navigation layout; no photo section is intended or missing.","false","","PASS","200","Representative browser checks recorded separately","PASS","","NOT DEPLOYED / UNVERIFIED"
"full-map","/service-areas/#state-modal=Alabama","Alabama Emergency Basecamp Shower Trailer Rental","","shower-trailer","model-21","/media/equipment-drive/shower-trailers/20-ft-shower-trailer-5-stalls-with-handwashing-sink/mobile-shower-trailer-wash-station.png | /media/equipment-drive/shower-trailers/20-ft-shower-trailer-5-stalls-with-handwashing-sink/multi-station-shower-trailer-exterior.png | /media/equipment-drive/shower-trailers/20-ft-shower-trailer-5-stalls-with-handwashing-sink/private-shower-trailer-stall-interior.png | /media/equipment-drive/shower-trailers/20-ft-shower-trailer-5-stalls-with-handwashing-sink/shower-trailer-exterior-with-private-shower-stall.png | /media/equipment-drive/shower-trailers/20-ft-shower-trailer-5-stalls-with-handwashing-sink/shower-trailer-rear-exterior-view.png | /media/equipment-drive/shower-trailers/20-ft-shower-trailer-5-stalls-with-handwashing-sink/shower-trailer-sink-and-mirror-area.png","1","5","Previous modal kept a fixed mixed-equipment gallery regardless of title.","Exact-title SSR template shared with dedicated pages; destroy/recreate gallery and reset on opening; no previous-state image retention.","false","","PASS","","PASS","PASS","","NOT DEPLOYED / UNVERIFIED"
"full-map","/service-areas/#state-modal=Alaska","Alaska Accessible Commercial Site ADA Shower and Restroom Combination Trailer Leasing","","ada-combination","client-labelled-ada-reference","/images/catalog/restroom-trailers-960.webp","0","1","Previous modal kept a fixed mixed-equipment gallery regardless of title.","Exact-title SSR template shared with dedicated pages; destroy/recreate gallery and reset on opening; no previous-state image retention.","false","","PASS","","PASS","PASS","","NOT DEPLOYED / UNVERIFIED"
"full-map","/service-areas/#state-modal=Arizona","Arizona Institutional Facility Shower and Restroom Combination Trailer For Rent","","shower-restroom-combination","model-10","/media/equipment-drive/luxury-shower-restroom-combination-trailers/22ft-luxury-shower-restroom-combination-trailer-6-stalls/luxury-6-stall-shower-restroom-trailer-entry-steps.png | /media/equipment-drive/luxury-shower-restroom-combination-trailers/22ft-luxury-shower-restroom-combination-trailer-6-stalls/luxury-shower-restroom-trailer-sink-vanity-interior.png | /media/equipment-drive/luxury-shower-restroom-combination-trailers/22ft-luxury-shower-restroom-combination-trailer-6-stalls/22ft-6-stall-shower-restroom-trailer-exterior.png | /media/equipment-drive/luxury-shower-restroom-combination-trailers/22ft-luxury-shower-restroom-combination-trailer-6-stalls/22ft-luxury-shower-restroom-combination-trailer-6-stall-exterior.png | /media/equipment-drive/luxury-shower-restroom-combination-trailers/22ft-luxury-shower-restroom-combination-trailer-6-stalls/luxury-shower-restroom-trailer-private-shower-stall.png","2","3","Previous modal kept a fixed mixed-equipment gallery regardless of title.","Exact-title SSR template shared with dedicated pages; destroy/recreate gallery and reset on opening; no previous-state image retention.","false","","PASS","","PASS","PASS","","NOT DEPLOYED / UNVERIFIED"
"full-map","/service-areas/#state-modal=Arkansas","Arkansas Commercial Food Service Commercial Kitchen Modular Building For Rent","","kitchen-modular","","","0","0","Previous modal kept a fixed mixed-equipment gallery regardless of title.","Exact-title SSR template shared with dedicated pages; destroy/recreate gallery and reset on opening; no previous-state image retention.","true","No matching verified photography exists for the title's equipment/configuration.","PASS","","PASS","PASS","","NOT DEPLOYED / UNVERIFIED"
"full-map","/service-areas/#state-modal=California","California Institutional Facility Shower and Restroom Combination Trailer For Rent","","shower-restroom-combination","model-10","/media/equipment-drive/luxury-shower-restroom-combination-trailers/22ft-luxury-shower-restroom-combination-trailer-6-stalls/luxury-6-stall-shower-restroom-trailer-entry-steps.png | /media/equipment-drive/luxury-shower-restroom-combination-trailers/22ft-luxury-shower-restroom-combination-trailer-6-stalls/luxury-shower-restroom-trailer-sink-vanity-interior.png | /media/equipment-drive/luxury-shower-restroom-combination-trailers/22ft-luxury-shower-restroom-combination-trailer-6-stalls/22ft-6-stall-shower-restroom-trailer-exterior.png | /media/equipment-drive/luxury-shower-restroom-combination-trailers/22ft-luxury-shower-restroom-combination-trailer-6-stalls/22ft-luxury-shower-restroom-combination-trailer-6-stall-exterior.png | /media/equipment-drive/luxury-shower-restroom-combination-trailers/22ft-luxury-shower-restroom-combination-trailer-6-stalls/luxury-shower-restroom-trailer-private-shower-stall.png","2","3","Previous modal kept a fixed mixed-equipment gallery regardless of title.","Exact-title SSR template shared with dedicated pages; destroy/recreate gallery and reset on opening; no previous-state image retention.","false","","PASS","","PASS","PASS","","NOT DEPLOYED / UNVERIFIED"
"full-map","/service-areas/#state-modal=Colorado","Colorado Construction Project Kitchen Emergency Trailer Rental","","mobile-kitchen","model-12","/media/equipment-drive/mobile-kitchens/24ft-mobile-kitchen/portable-commercial-kitchen-trailer-interior.png | /media/equipment-drive/mobile-kitchens/24ft-mobile-kitchen/mobile-commercial-kitchen-entry-view.png | /media/equipment-drive/mobile-kitchens/24ft-mobile-kitchen/mobile-kitchen-trailer-prep-counter.png | /media/equipment-drive/mobile-kitchens/24ft-mobile-kitchen/commercial-six-burner-gas-range.png | /media/equipment-drive/mobile-kitchens/24ft-mobile-kitchen/mobile-kitchen-trailer-exterior-service-window.png","4","1","Previous modal kept a fixed mixed-equipment gallery regardless of title.","Exact-title SSR template shared with dedicated pages; destroy/recreate gallery and reset on opening; no previous-state image retention.","false","","PASS","","PASS","PASS","","NOT DEPLOYED / UNVERIFIED"
"full-map","/service-areas/#state-modal=Connecticut","Connecticut Construction Project Kitchen Emergency Trailer Rental","","mobile-kitchen","model-12","/media/equipment-drive/mobile-kitchens/24ft-mobile-kitchen/portable-commercial-kitchen-trailer-interior.png | /media/equipment-drive/mobile-kitchens/24ft-mobile-kitchen/mobile-commercial-kitchen-entry-view.png | /media/equipment-drive/mobile-kitchens/24ft-mobile-kitchen/mobile-kitchen-trailer-prep-counter.png | /media/equipment-drive/mobile-kitchens/24ft-mobile-kitchen/commercial-six-burner-gas-range.png | /media/equipment-drive/mobile-kitchens/24ft-mobile-kitchen/mobile-kitchen-trailer-exterior-service-window.png","4","1","Previous modal kept a fixed mixed-equipment gallery regardless of title.","Exact-title SSR template shared with dedicated pages; destroy/recreate gallery and reset on opening; no previous-state image retention.","false","","PASS","","PASS","PASS","","NOT DEPLOYED / UNVERIFIED"
"full-map","/service-areas/#state-modal=Delaware","Delaware Accessible Commercial Site ADA Shower and Restroom Combination Trailer Leasing","","ada-combination","client-labelled-ada-reference","/images/catalog/restroom-trailers-960.webp","0","1","Previous modal kept a fixed mixed-equipment gallery regardless of title.","Exact-title SSR template shared with dedicated pages; destroy/recreate gallery and reset on opening; no previous-state image retention.","false","","PASS","","PASS","PASS","","NOT DEPLOYED / UNVERIFIED"
"full-map","/service-areas/#state-modal=Florida","Florida Workforce Housing Sleeper Bunk-Bed Facility Leasing","","sleeper-trailer","april-two-stall-sleeper","/media/equipment-drive/sleeper-and-accommodation/sleeper-trailer-2-stalls/sleeper-trailer-2-stall-bunk-bed-interior.png | /media/equipment-drive/sleeper-and-accommodation/sleeper-trailer-2-stalls/sleeper-trailer-2-stall-sleeping-room.png","2","0","Previous modal kept a fixed mixed-equipment gallery regardless of title.","Exact-title SSR template shared with dedicated pages; destroy/recreate gallery and reset on opening; no previous-state image retention.","false","","PASS","","PASS","PASS","","NOT DEPLOYED / UNVERIFIED"
"full-map","/service-areas/#state-modal=Georgia","Georgia Remote Operations Man Camp Temporary Facilities Rental","","unspecified","","/media/equipment-drive/sleeper-and-accommodation/20ft-accommodation-contractor/20ft-accommodation-unit-bunk-bed-interior.png | /media/equipment-drive/sleeper-and-accommodation/20ft-accommodation-contractor/20ft-mobile-accommodation-bunk-room-interior.png | /media/equipment-drive/sleeper-and-accommodation/20ft-accommodation-contractor/20ft-accommodation-unit-exterior-side-view.png | /media/equipment-drive/sleeper-and-accommodation/20ft-accommodation-contractor/20ft-portable-accommodation-unit-base-camp.png | /media/equipment-drive/mobile-kitchens/24ft-mobile-kitchen/portable-commercial-kitchen-trailer-interior.png | /media/equipment-drive/mobile-kitchens/24ft-mobile-kitchen/mobile-commercial-kitchen-entry-view.png | /media/equipment-drive/mobile-kitchens/24ft-mobile-kitchen/mobile-kitchen-trailer-prep-counter.png | /media/equipment-drive/mobile-kitchens/24ft-mobile-kitchen/commercial-six-burner-gas-range.png | /media/equipment-drive/mobile-kitchens/24ft-mobile-kitchen/mobile-kitchen-trailer-exterior-service-window.png | /media/equipment-drive/shower-trailers/20-ft-shower-trailer-5-stalls-with-handwashing-sink/mobile-shower-trailer-wash-station.png | /media/equipment-drive/shower-trailers/20-ft-shower-trailer-5-stalls-with-handwashing-sink/multi-station-shower-trailer-exterior.png | /media/equipment-drive/shower-trailers/20-ft-shower-trailer-5-stalls-with-handwashing-sink/private-shower-trailer-stall-interior.png | /media/equipment-drive/shower-trailers/20-ft-shower-trailer-5-stalls-with-handwashing-sink/shower-trailer-exterior-with-private-shower-stall.png | /media/equipment-drive/shower-trailers/20-ft-shower-trailer-5-stalls-with-handwashing-sink/shower-trailer-rear-exterior-view.png | /media/equipment-drive/shower-trailers/20-ft-shower-trailer-5-stalls-with-handwashing-sink/shower-trailer-sink-and-mirror-area.png","7","8","Previous modal kept a fixed mixed-equipment gallery regardless of title.","Exact-title SSR template shared with dedicated pages; destroy/recreate gallery and reset on opening; no previous-state image retention.","false","","PASS","","PASS","PASS","","NOT DEPLOYED / UNVERIFIED"
"full-map","/service-areas/#state-modal=Hawaii","Hawaii Accessible Commercial Site ADA Shower and Restroom Combination Trailer Leasing","","ada-combination","client-labelled-ada-reference","/images/catalog/restroom-trailers-960.webp","0","1","Previous modal kept a fixed mixed-equipment gallery regardless of title.","Exact-title SSR template shared with dedicated pages; destroy/recreate gallery and reset on opening; no previous-state image retention.","false","","PASS","","PASS","PASS","","NOT DEPLOYED / UNVERIFIED"
"full-map","/service-areas/#state-modal=Idaho","Idaho Workforce Housing Sleeper Bunk-Bed Facility Leasing","","sleeper-trailer","april-two-stall-sleeper","/media/equipment-drive/sleeper-and-accommodation/sleeper-trailer-2-stalls/sleeper-trailer-2-stall-bunk-bed-interior.png | /media/equipment-drive/sleeper-and-accommodation/sleeper-trailer-2-stalls/sleeper-trailer-2-stall-sleeping-room.png","2","0","Previous modal kept a fixed mixed-equipment gallery regardless of title.","Exact-title SSR template shared with dedicated pages; destroy/recreate gallery and reset on opening; no previous-state image retention.","false","","PASS","","PASS","PASS","","NOT DEPLOYED / UNVERIFIED"
"full-map","/service-areas/#state-modal=Illinois","Illinois Accessible Commercial Site ADA Shower and Restroom Combination Trailer Leasing","","ada-combination","client-labelled-ada-reference","/images/catalog/restroom-trailers-960.webp","0","1","Previous modal kept a fixed mixed-equipment gallery regardless of title.","Exact-title SSR template shared with dedicated pages; destroy/recreate gallery and reset on opening; no previous-state image retention.","false","","PASS","","PASS","PASS","","NOT DEPLOYED / UNVERIFIED"
"full-map","/service-areas/#state-modal=Indiana","Indiana Workforce Camp Laundry Temporary Facilities Long-Term Rental","","laundry-unspecified","","/media/equipment-drive/laundry-trailers-and-containers/30ft-laundry-trailer-10-washer-dryer/mobile-laundry-trailer-commercial-washers-dryers.png | /media/equipment-drive/laundry-trailers-and-containers/20ft-laundry-container/Laundry Container 7 units 1.png | /media/equipment-drive/laundry-trailers-and-containers/20ft-laundry-container/Laundry Container 7 units 2.png | /media/equipment-drive/laundry-trailers-and-containers/20ft-laundry-container/Laundry Container 7units.png","4","0","Previous modal kept a fixed mixed-equipment gallery regardless of title.","Exact-title SSR template shared with dedicated pages; destroy/recreate gallery and reset on opening; no previous-state image retention.","false","","PASS","","PASS","PASS","","NOT DEPLOYED / UNVERIFIED"
"full-map","/service-areas/#state-modal=Iowa","Iowa Remote Operations Man Camp Temporary Facilities Rental","","unspecified","","/media/equipment-drive/sleeper-and-accommodation/20ft-accommodation-contractor/20ft-accommodation-unit-bunk-bed-interior.png | /media/equipment-drive/sleeper-and-accommodation/20ft-accommodation-contractor/20ft-mobile-accommodation-bunk-room-interior.png | /media/equipment-drive/sleeper-and-accommodation/20ft-accommodation-contractor/20ft-accommodation-unit-exterior-side-view.png | /media/equipment-drive/sleeper-and-accommodation/20ft-accommodation-contractor/20ft-portable-accommodation-unit-base-camp.png | /media/equipment-drive/mobile-kitchens/24ft-mobile-kitchen/portable-commercial-kitchen-trailer-interior.png | /media/equipment-drive/mobile-kitchens/24ft-mobile-kitchen/mobile-commercial-kitchen-entry-view.png | /media/equipment-drive/mobile-kitchens/24ft-mobile-kitchen/mobile-kitchen-trailer-prep-counter.png | /media/equipment-drive/mobile-kitchens/24ft-mobile-kitchen/commercial-six-burner-gas-range.png | /media/equipment-drive/mobile-kitchens/24ft-mobile-kitchen/mobile-kitchen-trailer-exterior-service-window.png | /media/equipment-drive/shower-trailers/20-ft-shower-trailer-5-stalls-with-handwashing-sink/mobile-shower-trailer-wash-station.png | /media/equipment-drive/shower-trailers/20-ft-shower-trailer-5-stalls-with-handwashing-sink/multi-station-shower-trailer-exterior.png | /media/equipment-drive/shower-trailers/20-ft-shower-trailer-5-stalls-with-handwashing-sink/private-shower-trailer-stall-interior.png | /media/equipment-drive/shower-trailers/20-ft-shower-trailer-5-stalls-with-handwashing-sink/shower-trailer-exterior-with-private-shower-stall.png | /media/equipment-drive/shower-trailers/20-ft-shower-trailer-5-stalls-with-handwashing-sink/shower-trailer-rear-exterior-view.png | /media/equipment-drive/shower-trailers/20-ft-shower-trailer-5-stalls-with-handwashing-sink/shower-trailer-sink-and-mirror-area.png","7","8","Previous modal kept a fixed mixed-equipment gallery regardless of title.","Exact-title SSR template shared with dedicated pages; destroy/recreate gallery and reset on opening; no previous-state image retention.","false","","PASS","","PASS","PASS","","NOT DEPLOYED / UNVERIFIED"
"full-map","/service-areas/#state-modal=Kansas","Kansas Construction Project Kitchen Emergency Trailer Rental","","mobile-kitchen","model-12","/media/equipment-drive/mobile-kitchens/24ft-mobile-kitchen/portable-commercial-kitchen-trailer-interior.png | /media/equipment-drive/mobile-kitchens/24ft-mobile-kitchen/mobile-commercial-kitchen-entry-view.png | /media/equipment-drive/mobile-kitchens/24ft-mobile-kitchen/mobile-kitchen-trailer-prep-counter.png | /media/equipment-drive/mobile-kitchens/24ft-mobile-kitchen/commercial-six-burner-gas-range.png | /media/equipment-drive/mobile-kitchens/24ft-mobile-kitchen/mobile-kitchen-trailer-exterior-service-window.png","4","1","Previous modal kept a fixed mixed-equipment gallery regardless of title.","Exact-title SSR template shared with dedicated pages; destroy/recreate gallery and reset on opening; no previous-state image retention.","false","","PASS","","PASS","PASS","","NOT DEPLOYED / UNVERIFIED"
"full-map","/service-areas/#state-modal=Kentucky","Kentucky Workforce Camp Laundry Temporary Facilities Long-Term Rental","","laundry-unspecified","","/media/equipment-drive/laundry-trailers-and-containers/30ft-laundry-trailer-10-washer-dryer/mobile-laundry-trailer-commercial-washers-dryers.png | /media/equipment-drive/laundry-trailers-and-containers/20ft-laundry-container/Laundry Container 7 units 1.png | /media/equipment-drive/laundry-trailers-and-containers/20ft-laundry-container/Laundry Container 7 units 2.png | /media/equipment-drive/laundry-trailers-and-containers/20ft-laundry-container/Laundry Container 7units.png","4","0","Previous modal kept a fixed mixed-equipment gallery regardless of title.","Exact-title SSR template shared with dedicated pages; destroy/recreate gallery and reset on opening; no previous-state image retention.","false","","PASS","","PASS","PASS","","NOT DEPLOYED / UNVERIFIED"
"full-map","/service-areas/#state-modal=Louisiana","Louisiana Emergency Basecamp Shower Trailer Rental","","shower-trailer","model-21","/media/equipment-drive/shower-trailers/20-ft-shower-trailer-5-stalls-with-handwashing-sink/mobile-shower-trailer-wash-station.png | /media/equipment-drive/shower-trailers/20-ft-shower-trailer-5-stalls-with-handwashing-sink/multi-station-shower-trailer-exterior.png | /media/equipment-drive/shower-trailers/20-ft-shower-trailer-5-stalls-with-handwashing-sink/private-shower-trailer-stall-interior.png | /media/equipment-drive/shower-trailers/20-ft-shower-trailer-5-stalls-with-handwashing-sink/shower-trailer-exterior-with-private-shower-stall.png | /media/equipment-drive/shower-trailers/20-ft-shower-trailer-5-stalls-with-handwashing-sink/shower-trailer-rear-exterior-view.png | /media/equipment-drive/shower-trailers/20-ft-shower-trailer-5-stalls-with-handwashing-sink/shower-trailer-sink-and-mirror-area.png","1","5","Previous modal kept a fixed mixed-equipment gallery regardless of title.","Exact-title SSR template shared with dedicated pages; destroy/recreate gallery and reset on opening; no previous-state image retention.","false","","PASS","","PASS","PASS","","NOT DEPLOYED / UNVERIFIED"
"full-map","/service-areas/#state-modal=Maine","Maine Commercial Food Service Commercial Kitchen Modular Building For Rent","","kitchen-modular","","","0","0","Previous modal kept a fixed mixed-equipment gallery regardless of title.","Exact-title SSR template shared with dedicated pages; destroy/recreate gallery and reset on opening; no previous-state image retention.","true","No matching verified photography exists for the title's equipment/configuration.","PASS","","PASS","PASS","","NOT DEPLOYED / UNVERIFIED"
"full-map","/service-areas/#state-modal=Maryland","Maryland Commercial Food Service Commercial Kitchen Modular Building For Rent","","kitchen-modular","","","0","0","Previous modal kept a fixed mixed-equipment gallery regardless of title.","Exact-title SSR template shared with dedicated pages; destroy/recreate gallery and reset on opening; no previous-state image retention.","true","No matching verified photography exists for the title's equipment/configuration.","PASS","","PASS","PASS","","NOT DEPLOYED / UNVERIFIED"
"full-map","/service-areas/#state-modal=Massachusetts","Massachusetts Remote Operations Man Camp Temporary Facilities Rental","","unspecified","","/media/equipment-drive/sleeper-and-accommodation/20ft-accommodation-contractor/20ft-accommodation-unit-bunk-bed-interior.png | /media/equipment-drive/sleeper-and-accommodation/20ft-accommodation-contractor/20ft-mobile-accommodation-bunk-room-interior.png | /media/equipment-drive/sleeper-and-accommodation/20ft-accommodation-contractor/20ft-accommodation-unit-exterior-side-view.png | /media/equipment-drive/sleeper-and-accommodation/20ft-accommodation-contractor/20ft-portable-accommodation-unit-base-camp.png | /media/equipment-drive/mobile-kitchens/24ft-mobile-kitchen/portable-commercial-kitchen-trailer-interior.png | /media/equipment-drive/mobile-kitchens/24ft-mobile-kitchen/mobile-commercial-kitchen-entry-view.png | /media/equipment-drive/mobile-kitchens/24ft-mobile-kitchen/mobile-kitchen-trailer-prep-counter.png | /media/equipment-drive/mobile-kitchens/24ft-mobile-kitchen/commercial-six-burner-gas-range.png | /media/equipment-drive/mobile-kitchens/24ft-mobile-kitchen/mobile-kitchen-trailer-exterior-service-window.png | /media/equipment-drive/shower-trailers/20-ft-shower-trailer-5-stalls-with-handwashing-sink/mobile-shower-trailer-wash-station.png | /media/equipment-drive/shower-trailers/20-ft-shower-trailer-5-stalls-with-handwashing-sink/multi-station-shower-trailer-exterior.png | /media/equipment-drive/shower-trailers/20-ft-shower-trailer-5-stalls-with-handwashing-sink/private-shower-trailer-stall-interior.png | /media/equipment-drive/shower-trailers/20-ft-shower-trailer-5-stalls-with-handwashing-sink/shower-trailer-exterior-with-private-shower-stall.png | /media/equipment-drive/shower-trailers/20-ft-shower-trailer-5-stalls-with-handwashing-sink/shower-trailer-rear-exterior-view.png | /media/equipment-drive/shower-trailers/20-ft-shower-trailer-5-stalls-with-handwashing-sink/shower-trailer-sink-and-mirror-area.png","7","8","Previous modal kept a fixed mixed-equipment gallery regardless of title.","Exact-title SSR template shared with dedicated pages; destroy/recreate gallery and reset on opening; no previous-state image retention.","false","","PASS","","PASS","PASS","","NOT DEPLOYED / UNVERIFIED"
"full-map","/service-areas/#state-modal=Michigan","Michigan Workforce Camp Laundry Temporary Facilities Long-Term Rental","","laundry-unspecified","","/media/equipment-drive/laundry-trailers-and-containers/30ft-laundry-trailer-10-washer-dryer/mobile-laundry-trailer-commercial-washers-dryers.png | /media/equipment-drive/laundry-trailers-and-containers/20ft-laundry-container/Laundry Container 7 units 1.png | /media/equipment-drive/laundry-trailers-and-containers/20ft-laundry-container/Laundry Container 7 units 2.png | /media/equipment-drive/laundry-trailers-and-containers/20ft-laundry-container/Laundry Container 7units.png","4","0","Previous modal kept a fixed mixed-equipment gallery regardless of title.","Exact-title SSR template shared with dedicated pages; destroy/recreate gallery and reset on opening; no previous-state image retention.","false","","PASS","","PASS","PASS","","NOT DEPLOYED / UNVERIFIED"
"full-map","/service-areas/#state-modal=Minnesota","Minnesota Workforce Camp Laundry Temporary Facilities Long-Term Rental","","laundry-unspecified","","/media/equipment-drive/laundry-trailers-and-containers/30ft-laundry-trailer-10-washer-dryer/mobile-laundry-trailer-commercial-washers-dryers.png | /media/equipment-drive/laundry-trailers-and-containers/20ft-laundry-container/Laundry Container 7 units 1.png | /media/equipment-drive/laundry-trailers-and-containers/20ft-laundry-container/Laundry Container 7 units 2.png | /media/equipment-drive/laundry-trailers-and-containers/20ft-laundry-container/Laundry Container 7units.png","4","0","Previous modal kept a fixed mixed-equipment gallery regardless of title.","Exact-title SSR template shared with dedicated pages; destroy/recreate gallery and reset on opening; no previous-state image retention.","false","","PASS","","PASS","PASS","","NOT DEPLOYED / UNVERIFIED"
"full-map","/service-areas/#state-modal=Mississippi","Mississippi Workforce Housing Sleeper Bunk-Bed Facility Leasing","","sleeper-trailer","april-two-stall-sleeper","/media/equipment-drive/sleeper-and-accommodation/sleeper-trailer-2-stalls/sleeper-trailer-2-stall-bunk-bed-interior.png | /media/equipment-drive/sleeper-and-accommodation/sleeper-trailer-2-stalls/sleeper-trailer-2-stall-sleeping-room.png","2","0","Previous modal kept a fixed mixed-equipment gallery regardless of title.","Exact-title SSR template shared with dedicated pages; destroy/recreate gallery and reset on opening; no previous-state image retention.","false","","PASS","","PASS","PASS","","NOT DEPLOYED / UNVERIFIED"
"full-map","/service-areas/#state-modal=Missouri","Missouri Emergency Basecamp Shower Trailer Rental","","shower-trailer","model-21","/media/equipment-drive/shower-trailers/20-ft-shower-trailer-5-stalls-with-handwashing-sink/mobile-shower-trailer-wash-station.png | /media/equipment-drive/shower-trailers/20-ft-shower-trailer-5-stalls-with-handwashing-sink/multi-station-shower-trailer-exterior.png | /media/equipment-drive/shower-trailers/20-ft-shower-trailer-5-stalls-with-handwashing-sink/private-shower-trailer-stall-interior.png | /media/equipment-drive/shower-trailers/20-ft-shower-trailer-5-stalls-with-handwashing-sink/shower-trailer-exterior-with-private-shower-stall.png | /media/equipment-drive/shower-trailers/20-ft-shower-trailer-5-stalls-with-handwashing-sink/shower-trailer-rear-exterior-view.png | /media/equipment-drive/shower-trailers/20-ft-shower-trailer-5-stalls-with-handwashing-sink/shower-trailer-sink-and-mirror-area.png","1","5","Previous modal kept a fixed mixed-equipment gallery regardless of title.","Exact-title SSR template shared with dedicated pages; destroy/recreate gallery and reset on opening; no previous-state image retention.","false","","PASS","","PASS","PASS","","NOT DEPLOYED / UNVERIFIED"
"full-map","/service-areas/#state-modal=Montana","Montana Commercial Food Service Commercial Kitchen Modular Building For Rent","","kitchen-modular","","","0","0","Previous modal kept a fixed mixed-equipment gallery regardless of title.","Exact-title SSR template shared with dedicated pages; destroy/recreate gallery and reset on opening; no previous-state image retention.","true","No matching verified photography exists for the title's equipment/configuration.","PASS","","PASS","PASS","","NOT DEPLOYED / UNVERIFIED"
"full-map","/service-areas/#state-modal=Nebraska","Nebraska Workforce Housing Sleeper Bunk-Bed Facility Leasing","","sleeper-trailer","april-two-stall-sleeper","/media/equipment-drive/sleeper-and-accommodation/sleeper-trailer-2-stalls/sleeper-trailer-2-stall-bunk-bed-interior.png | /media/equipment-drive/sleeper-and-accommodation/sleeper-trailer-2-stalls/sleeper-trailer-2-stall-sleeping-room.png","2","0","Previous modal kept a fixed mixed-equipment gallery regardless of title.","Exact-title SSR template shared with dedicated pages; destroy/recreate gallery and reset on opening; no previous-state image retention.","false","","PASS","","PASS","PASS","","NOT DEPLOYED / UNVERIFIED"
"full-map","/service-areas/#state-modal=Nevada","Nevada Workforce Housing Sleeper Bunk-Bed Facility Leasing","","sleeper-trailer","april-two-stall-sleeper","/media/equipment-drive/sleeper-and-accommodation/sleeper-trailer-2-stalls/sleeper-trailer-2-stall-bunk-bed-interior.png | /media/equipment-drive/sleeper-and-accommodation/sleeper-trailer-2-stalls/sleeper-trailer-2-stall-sleeping-room.png","2","0","Previous modal kept a fixed mixed-equipment gallery regardless of title.","Exact-title SSR template shared with dedicated pages; destroy/recreate gallery and reset on opening; no previous-state image retention.","false","","PASS","","PASS","PASS","","NOT DEPLOYED / UNVERIFIED"
"full-map","/service-areas/#state-modal=New%20Hampshire","New Hampshire Construction Project Kitchen Emergency Trailer Rental","","mobile-kitchen","model-12","/media/equipment-drive/mobile-kitchens/24ft-mobile-kitchen/portable-commercial-kitchen-trailer-interior.png | /media/equipment-drive/mobile-kitchens/24ft-mobile-kitchen/mobile-commercial-kitchen-entry-view.png | /media/equipment-drive/mobile-kitchens/24ft-mobile-kitchen/mobile-kitchen-trailer-prep-counter.png | /media/equipment-drive/mobile-kitchens/24ft-mobile-kitchen/commercial-six-burner-gas-range.png | /media/equipment-drive/mobile-kitchens/24ft-mobile-kitchen/mobile-kitchen-trailer-exterior-service-window.png","4","1","Previous modal kept a fixed mixed-equipment gallery regardless of title.","Exact-title SSR template shared with dedicated pages; destroy/recreate gallery and reset on opening; no previous-state image retention.","false","","PASS","","PASS","PASS","","NOT DEPLOYED / UNVERIFIED"
"full-map","/service-areas/#state-modal=New%20Jersey","New Jersey Remote Operations Man Camp Temporary Facilities Rental","","unspecified","","/media/equipment-drive/sleeper-and-accommodation/20ft-accommodation-contractor/20ft-accommodation-unit-bunk-bed-interior.png | /media/equipment-drive/sleeper-and-accommodation/20ft-accommodation-contractor/20ft-mobile-accommodation-bunk-room-interior.png | /media/equipment-drive/sleeper-and-accommodation/20ft-accommodation-contractor/20ft-accommodation-unit-exterior-side-view.png | /media/equipment-drive/sleeper-and-accommodation/20ft-accommodation-contractor/20ft-portable-accommodation-unit-base-camp.png | /media/equipment-drive/mobile-kitchens/24ft-mobile-kitchen/portable-commercial-kitchen-trailer-interior.png | /media/equipment-drive/mobile-kitchens/24ft-mobile-kitchen/mobile-commercial-kitchen-entry-view.png | /media/equipment-drive/mobile-kitchens/24ft-mobile-kitchen/mobile-kitchen-trailer-prep-counter.png | /media/equipment-drive/mobile-kitchens/24ft-mobile-kitchen/commercial-six-burner-gas-range.png | /media/equipment-drive/mobile-kitchens/24ft-mobile-kitchen/mobile-kitchen-trailer-exterior-service-window.png | /media/equipment-drive/shower-trailers/20-ft-shower-trailer-5-stalls-with-handwashing-sink/mobile-shower-trailer-wash-station.png | /media/equipment-drive/shower-trailers/20-ft-shower-trailer-5-stalls-with-handwashing-sink/multi-station-shower-trailer-exterior.png | /media/equipment-drive/shower-trailers/20-ft-shower-trailer-5-stalls-with-handwashing-sink/private-shower-trailer-stall-interior.png | /media/equipment-drive/shower-trailers/20-ft-shower-trailer-5-stalls-with-handwashing-sink/shower-trailer-exterior-with-private-shower-stall.png | /media/equipment-drive/shower-trailers/20-ft-shower-trailer-5-stalls-with-handwashing-sink/shower-trailer-rear-exterior-view.png | /media/equipment-drive/shower-trailers/20-ft-shower-trailer-5-stalls-with-handwashing-sink/shower-trailer-sink-and-mirror-area.png","7","8","Previous modal kept a fixed mixed-equipment gallery regardless of title.","Exact-title SSR template shared with dedicated pages; destroy/recreate gallery and reset on opening; no previous-state image retention.","false","","PASS","","PASS","PASS","","NOT DEPLOYED / UNVERIFIED"
"full-map","/service-areas/#state-modal=New%20Mexico","New Mexico Construction Project Kitchen Emergency Trailer Rental","","mobile-kitchen","model-12","/media/equipment-drive/mobile-kitchens/24ft-mobile-kitchen/portable-commercial-kitchen-trailer-interior.png | /media/equipment-drive/mobile-kitchens/24ft-mobile-kitchen/mobile-commercial-kitchen-entry-view.png | /media/equipment-drive/mobile-kitchens/24ft-mobile-kitchen/mobile-kitchen-trailer-prep-counter.png | /media/equipment-drive/mobile-kitchens/24ft-mobile-kitchen/commercial-six-burner-gas-range.png | /media/equipment-drive/mobile-kitchens/24ft-mobile-kitchen/mobile-kitchen-trailer-exterior-service-window.png","4","1","Previous modal kept a fixed mixed-equipment gallery regardless of title.","Exact-title SSR template shared with dedicated pages; destroy/recreate gallery and reset on opening; no previous-state image retention.","false","","PASS","","PASS","PASS","","NOT DEPLOYED / UNVERIFIED"
"full-map","/service-areas/#state-modal=New%20York","New York Workforce Housing Sleeper Bunk-Bed Facility Leasing","","sleeper-trailer","april-two-stall-sleeper","/media/equipment-drive/sleeper-and-accommodation/sleeper-trailer-2-stalls/sleeper-trailer-2-stall-bunk-bed-interior.png | /media/equipment-drive/sleeper-and-accommodation/sleeper-trailer-2-stalls/sleeper-trailer-2-stall-sleeping-room.png","2","0","Previous modal kept a fixed mixed-equipment gallery regardless of title.","Exact-title SSR template shared with dedicated pages; destroy/recreate gallery and reset on opening; no previous-state image retention.","false","","PASS","","PASS","PASS","","NOT DEPLOYED / UNVERIFIED"
"full-map","/service-areas/#state-modal=North%20Carolina","North Carolina Commercial Food Service Commercial Kitchen Modular Building For Rent","","kitchen-modular","","","0","0","Previous modal kept a fixed mixed-equipment gallery regardless of title.","Exact-title SSR template shared with dedicated pages; destroy/recreate gallery and reset on opening; no previous-state image retention.","true","No matching verified photography exists for the title's equipment/configuration.","PASS","","PASS","PASS","","NOT DEPLOYED / UNVERIFIED"
"full-map","/service-areas/#state-modal=North%20Dakota","North Dakota Emergency Basecamp Shower Trailer Rental","","shower-trailer","model-21","/media/equipment-drive/shower-trailers/20-ft-shower-trailer-5-stalls-with-handwashing-sink/mobile-shower-trailer-wash-station.png | /media/equipment-drive/shower-trailers/20-ft-shower-trailer-5-stalls-with-handwashing-sink/multi-station-shower-trailer-exterior.png | /media/equipment-drive/shower-trailers/20-ft-shower-trailer-5-stalls-with-handwashing-sink/private-shower-trailer-stall-interior.png | /media/equipment-drive/shower-trailers/20-ft-shower-trailer-5-stalls-with-handwashing-sink/shower-trailer-exterior-with-private-shower-stall.png | /media/equipment-drive/shower-trailers/20-ft-shower-trailer-5-stalls-with-handwashing-sink/shower-trailer-rear-exterior-view.png | /media/equipment-drive/shower-trailers/20-ft-shower-trailer-5-stalls-with-handwashing-sink/shower-trailer-sink-and-mirror-area.png","1","5","Previous modal kept a fixed mixed-equipment gallery regardless of title.","Exact-title SSR template shared with dedicated pages; destroy/recreate gallery and reset on opening; no previous-state image retention.","false","","PASS","","PASS","PASS","","NOT DEPLOYED / UNVERIFIED"
"full-map","/service-areas/#state-modal=Ohio","Ohio Workforce Housing Sleeper Bunk-Bed Facility Leasing","","sleeper-trailer","april-two-stall-sleeper","/media/equipment-drive/sleeper-and-accommodation/sleeper-trailer-2-stalls/sleeper-trailer-2-stall-bunk-bed-interior.png | /media/equipment-drive/sleeper-and-accommodation/sleeper-trailer-2-stalls/sleeper-trailer-2-stall-sleeping-room.png","2","0","Previous modal kept a fixed mixed-equipment gallery regardless of title.","Exact-title SSR template shared with dedicated pages; destroy/recreate gallery and reset on opening; no previous-state image retention.","false","","PASS","","PASS","PASS","","NOT DEPLOYED / UNVERIFIED"
"full-map","/service-areas/#state-modal=Oklahoma","Oklahoma Workforce Camp Laundry Temporary Facilities Long-Term Rental","","laundry-unspecified","","/media/equipment-drive/laundry-trailers-and-containers/30ft-laundry-trailer-10-washer-dryer/mobile-laundry-trailer-commercial-washers-dryers.png | /media/equipment-drive/laundry-trailers-and-containers/20ft-laundry-container/Laundry Container 7 units 1.png | /media/equipment-drive/laundry-trailers-and-containers/20ft-laundry-container/Laundry Container 7 units 2.png | /media/equipment-drive/laundry-trailers-and-containers/20ft-laundry-container/Laundry Container 7units.png","4","0","Previous modal kept a fixed mixed-equipment gallery regardless of title.","Exact-title SSR template shared with dedicated pages; destroy/recreate gallery and reset on opening; no previous-state image retention.","false","","PASS","","PASS","PASS","","NOT DEPLOYED / UNVERIFIED"
"full-map","/service-areas/#state-modal=Oregon","Oregon Workforce Camp Laundry Temporary Facilities Long-Term Rental","","laundry-unspecified","","/media/equipment-drive/laundry-trailers-and-containers/30ft-laundry-trailer-10-washer-dryer/mobile-laundry-trailer-commercial-washers-dryers.png | /media/equipment-drive/laundry-trailers-and-containers/20ft-laundry-container/Laundry Container 7 units 1.png | /media/equipment-drive/laundry-trailers-and-containers/20ft-laundry-container/Laundry Container 7 units 2.png | /media/equipment-drive/laundry-trailers-and-containers/20ft-laundry-container/Laundry Container 7units.png","4","0","Previous modal kept a fixed mixed-equipment gallery regardless of title.","Exact-title SSR template shared with dedicated pages; destroy/recreate gallery and reset on opening; no previous-state image retention.","false","","PASS","","PASS","PASS","","NOT DEPLOYED / UNVERIFIED"
"full-map","/service-areas/#state-modal=Pennsylvania","Pennsylvania Institutional Facility Shower and Restroom Combination Trailer For Rent","","shower-restroom-combination","model-10","/media/equipment-drive/luxury-shower-restroom-combination-trailers/22ft-luxury-shower-restroom-combination-trailer-6-stalls/luxury-6-stall-shower-restroom-trailer-entry-steps.png | /media/equipment-drive/luxury-shower-restroom-combination-trailers/22ft-luxury-shower-restroom-combination-trailer-6-stalls/luxury-shower-restroom-trailer-sink-vanity-interior.png | /media/equipment-drive/luxury-shower-restroom-combination-trailers/22ft-luxury-shower-restroom-combination-trailer-6-stalls/22ft-6-stall-shower-restroom-trailer-exterior.png | /media/equipment-drive/luxury-shower-restroom-combination-trailers/22ft-luxury-shower-restroom-combination-trailer-6-stalls/22ft-luxury-shower-restroom-combination-trailer-6-stall-exterior.png | /media/equipment-drive/luxury-shower-restroom-combination-trailers/22ft-luxury-shower-restroom-combination-trailer-6-stalls/luxury-shower-restroom-trailer-private-shower-stall.png","2","3","Previous modal kept a fixed mixed-equipment gallery regardless of title.","Exact-title SSR template shared with dedicated pages; destroy/recreate gallery and reset on opening; no previous-state image retention.","false","","PASS","","PASS","PASS","","NOT DEPLOYED / UNVERIFIED"
"full-map","/service-areas/#state-modal=Rhode%20Island","Rhode Island Accessible Commercial Site ADA Shower and Restroom Combination Trailer Leasing","","ada-combination","client-labelled-ada-reference","/images/catalog/restroom-trailers-960.webp","0","1","Previous modal kept a fixed mixed-equipment gallery regardless of title.","Exact-title SSR template shared with dedicated pages; destroy/recreate gallery and reset on opening; no previous-state image retention.","false","","PASS","","PASS","PASS","","NOT DEPLOYED / UNVERIFIED"
"full-map","/service-areas/#state-modal=South%20Carolina","South Carolina Commercial Food Service Commercial Kitchen Modular Building For Rent","","kitchen-modular","","","0","0","Previous modal kept a fixed mixed-equipment gallery regardless of title.","Exact-title SSR template shared with dedicated pages; destroy/recreate gallery and reset on opening; no previous-state image retention.","true","No matching verified photography exists for the title's equipment/configuration.","PASS","","PASS","PASS","","NOT DEPLOYED / UNVERIFIED"
"full-map","/service-areas/#state-modal=South%20Dakota","South Dakota Emergency Basecamp Shower Trailer Rental","","shower-trailer","model-21","/media/equipment-drive/shower-trailers/20-ft-shower-trailer-5-stalls-with-handwashing-sink/mobile-shower-trailer-wash-station.png | /media/equipment-drive/shower-trailers/20-ft-shower-trailer-5-stalls-with-handwashing-sink/multi-station-shower-trailer-exterior.png | /media/equipment-drive/shower-trailers/20-ft-shower-trailer-5-stalls-with-handwashing-sink/private-shower-trailer-stall-interior.png | /media/equipment-drive/shower-trailers/20-ft-shower-trailer-5-stalls-with-handwashing-sink/shower-trailer-exterior-with-private-shower-stall.png | /media/equipment-drive/shower-trailers/20-ft-shower-trailer-5-stalls-with-handwashing-sink/shower-trailer-rear-exterior-view.png | /media/equipment-drive/shower-trailers/20-ft-shower-trailer-5-stalls-with-handwashing-sink/shower-trailer-sink-and-mirror-area.png","1","5","Previous modal kept a fixed mixed-equipment gallery regardless of title.","Exact-title SSR template shared with dedicated pages; destroy/recreate gallery and reset on opening; no previous-state image retention.","false","","PASS","","PASS","PASS","","NOT DEPLOYED / UNVERIFIED"
"full-map","/service-areas/#state-modal=Tennessee","Tennessee Commercial Food Service Commercial Kitchen Modular Building For Rent","","kitchen-modular","","","0","0","Previous modal kept a fixed mixed-equipment gallery regardless of title.","Exact-title SSR template shared with dedicated pages; destroy/recreate gallery and reset on opening; no previous-state image retention.","true","No matching verified photography exists for the title's equipment/configuration.","PASS","","PASS","PASS","","NOT DEPLOYED / UNVERIFIED"
"full-map","/service-areas/#state-modal=Texas","Texas Remote Operations Man Camp Temporary Facilities Rental","","unspecified","","/media/equipment-drive/sleeper-and-accommodation/20ft-accommodation-contractor/20ft-accommodation-unit-bunk-bed-interior.png | /media/equipment-drive/sleeper-and-accommodation/20ft-accommodation-contractor/20ft-mobile-accommodation-bunk-room-interior.png | /media/equipment-drive/sleeper-and-accommodation/20ft-accommodation-contractor/20ft-accommodation-unit-exterior-side-view.png | /media/equipment-drive/sleeper-and-accommodation/20ft-accommodation-contractor/20ft-portable-accommodation-unit-base-camp.png | /media/equipment-drive/mobile-kitchens/24ft-mobile-kitchen/portable-commercial-kitchen-trailer-interior.png | /media/equipment-drive/mobile-kitchens/24ft-mobile-kitchen/mobile-commercial-kitchen-entry-view.png | /media/equipment-drive/mobile-kitchens/24ft-mobile-kitchen/mobile-kitchen-trailer-prep-counter.png | /media/equipment-drive/mobile-kitchens/24ft-mobile-kitchen/commercial-six-burner-gas-range.png | /media/equipment-drive/mobile-kitchens/24ft-mobile-kitchen/mobile-kitchen-trailer-exterior-service-window.png | /media/equipment-drive/shower-trailers/20-ft-shower-trailer-5-stalls-with-handwashing-sink/mobile-shower-trailer-wash-station.png | /media/equipment-drive/shower-trailers/20-ft-shower-trailer-5-stalls-with-handwashing-sink/multi-station-shower-trailer-exterior.png | /media/equipment-drive/shower-trailers/20-ft-shower-trailer-5-stalls-with-handwashing-sink/private-shower-trailer-stall-interior.png | /media/equipment-drive/shower-trailers/20-ft-shower-trailer-5-stalls-with-handwashing-sink/shower-trailer-exterior-with-private-shower-stall.png | /media/equipment-drive/shower-trailers/20-ft-shower-trailer-5-stalls-with-handwashing-sink/shower-trailer-rear-exterior-view.png | /media/equipment-drive/shower-trailers/20-ft-shower-trailer-5-stalls-with-handwashing-sink/shower-trailer-sink-and-mirror-area.png","7","8","Previous modal kept a fixed mixed-equipment gallery regardless of title.","Exact-title SSR template shared with dedicated pages; destroy/recreate gallery and reset on opening; no previous-state image retention.","false","","PASS","","PASS","PASS","","NOT DEPLOYED / UNVERIFIED"
"full-map","/service-areas/#state-modal=Utah","Utah Commercial Food Service Commercial Kitchen Modular Building For Rent","","kitchen-modular","","","0","0","Previous modal kept a fixed mixed-equipment gallery regardless of title.","Exact-title SSR template shared with dedicated pages; destroy/recreate gallery and reset on opening; no previous-state image retention.","true","No matching verified photography exists for the title's equipment/configuration.","PASS","","PASS","PASS","","NOT DEPLOYED / UNVERIFIED"
"full-map","/service-areas/#state-modal=Vermont","Vermont Construction Project Kitchen Emergency Trailer Rental","","mobile-kitchen","model-12","/media/equipment-drive/mobile-kitchens/24ft-mobile-kitchen/portable-commercial-kitchen-trailer-interior.png | /media/equipment-drive/mobile-kitchens/24ft-mobile-kitchen/mobile-commercial-kitchen-entry-view.png | /media/equipment-drive/mobile-kitchens/24ft-mobile-kitchen/mobile-kitchen-trailer-prep-counter.png | /media/equipment-drive/mobile-kitchens/24ft-mobile-kitchen/commercial-six-burner-gas-range.png | /media/equipment-drive/mobile-kitchens/24ft-mobile-kitchen/mobile-kitchen-trailer-exterior-service-window.png","4","1","Previous modal kept a fixed mixed-equipment gallery regardless of title.","Exact-title SSR template shared with dedicated pages; destroy/recreate gallery and reset on opening; no previous-state image retention.","false","","PASS","","PASS","PASS","","NOT DEPLOYED / UNVERIFIED"
"full-map","/service-areas/#state-modal=Virginia","Virginia Construction Project Kitchen Emergency Trailer Rental","","mobile-kitchen","model-12","/media/equipment-drive/mobile-kitchens/24ft-mobile-kitchen/portable-commercial-kitchen-trailer-interior.png | /media/equipment-drive/mobile-kitchens/24ft-mobile-kitchen/mobile-commercial-kitchen-entry-view.png | /media/equipment-drive/mobile-kitchens/24ft-mobile-kitchen/mobile-kitchen-trailer-prep-counter.png | /media/equipment-drive/mobile-kitchens/24ft-mobile-kitchen/commercial-six-burner-gas-range.png | /media/equipment-drive/mobile-kitchens/24ft-mobile-kitchen/mobile-kitchen-trailer-exterior-service-window.png","4","1","Previous modal kept a fixed mixed-equipment gallery regardless of title.","Exact-title SSR template shared with dedicated pages; destroy/recreate gallery and reset on opening; no previous-state image retention.","false","","PASS","","PASS","PASS","","NOT DEPLOYED / UNVERIFIED"
"full-map","/service-areas/#state-modal=Washington","Washington Remote Operations Man Camp Temporary Facilities Rental","","unspecified","","/media/equipment-drive/sleeper-and-accommodation/20ft-accommodation-contractor/20ft-accommodation-unit-bunk-bed-interior.png | /media/equipment-drive/sleeper-and-accommodation/20ft-accommodation-contractor/20ft-mobile-accommodation-bunk-room-interior.png | /media/equipment-drive/sleeper-and-accommodation/20ft-accommodation-contractor/20ft-accommodation-unit-exterior-side-view.png | /media/equipment-drive/sleeper-and-accommodation/20ft-accommodation-contractor/20ft-portable-accommodation-unit-base-camp.png | /media/equipment-drive/mobile-kitchens/24ft-mobile-kitchen/portable-commercial-kitchen-trailer-interior.png | /media/equipment-drive/mobile-kitchens/24ft-mobile-kitchen/mobile-commercial-kitchen-entry-view.png | /media/equipment-drive/mobile-kitchens/24ft-mobile-kitchen/mobile-kitchen-trailer-prep-counter.png | /media/equipment-drive/mobile-kitchens/24ft-mobile-kitchen/commercial-six-burner-gas-range.png | /media/equipment-drive/mobile-kitchens/24ft-mobile-kitchen/mobile-kitchen-trailer-exterior-service-window.png | /media/equipment-drive/shower-trailers/20-ft-shower-trailer-5-stalls-with-handwashing-sink/mobile-shower-trailer-wash-station.png | /media/equipment-drive/shower-trailers/20-ft-shower-trailer-5-stalls-with-handwashing-sink/multi-station-shower-trailer-exterior.png | /media/equipment-drive/shower-trailers/20-ft-shower-trailer-5-stalls-with-handwashing-sink/private-shower-trailer-stall-interior.png | /media/equipment-drive/shower-trailers/20-ft-shower-trailer-5-stalls-with-handwashing-sink/shower-trailer-exterior-with-private-shower-stall.png | /media/equipment-drive/shower-trailers/20-ft-shower-trailer-5-stalls-with-handwashing-sink/shower-trailer-rear-exterior-view.png | /media/equipment-drive/shower-trailers/20-ft-shower-trailer-5-stalls-with-handwashing-sink/shower-trailer-sink-and-mirror-area.png","7","8","Previous modal kept a fixed mixed-equipment gallery regardless of title.","Exact-title SSR template shared with dedicated pages; destroy/recreate gallery and reset on opening; no previous-state image retention.","false","","PASS","","PASS","PASS","","NOT DEPLOYED / UNVERIFIED"
"full-map","/service-areas/#state-modal=West%20Virginia","West Virginia Remote Operations Man Camp Temporary Facilities Rental","","unspecified","","/media/equipment-drive/sleeper-and-accommodation/20ft-accommodation-contractor/20ft-accommodation-unit-bunk-bed-interior.png | /media/equipment-drive/sleeper-and-accommodation/20ft-accommodation-contractor/20ft-mobile-accommodation-bunk-room-interior.png | /media/equipment-drive/sleeper-and-accommodation/20ft-accommodation-contractor/20ft-accommodation-unit-exterior-side-view.png | /media/equipment-drive/sleeper-and-accommodation/20ft-accommodation-contractor/20ft-portable-accommodation-unit-base-camp.png | /media/equipment-drive/mobile-kitchens/24ft-mobile-kitchen/portable-commercial-kitchen-trailer-interior.png | /media/equipment-drive/mobile-kitchens/24ft-mobile-kitchen/mobile-commercial-kitchen-entry-view.png | /media/equipment-drive/mobile-kitchens/24ft-mobile-kitchen/mobile-kitchen-trailer-prep-counter.png | /media/equipment-drive/mobile-kitchens/24ft-mobile-kitchen/commercial-six-burner-gas-range.png | /media/equipment-drive/mobile-kitchens/24ft-mobile-kitchen/mobile-kitchen-trailer-exterior-service-window.png | /media/equipment-drive/shower-trailers/20-ft-shower-trailer-5-stalls-with-handwashing-sink/mobile-shower-trailer-wash-station.png | /media/equipment-drive/shower-trailers/20-ft-shower-trailer-5-stalls-with-handwashing-sink/multi-station-shower-trailer-exterior.png | /media/equipment-drive/shower-trailers/20-ft-shower-trailer-5-stalls-with-handwashing-sink/private-shower-trailer-stall-interior.png | /media/equipment-drive/shower-trailers/20-ft-shower-trailer-5-stalls-with-handwashing-sink/shower-trailer-exterior-with-private-shower-stall.png | /media/equipment-drive/shower-trailers/20-ft-shower-trailer-5-stalls-with-handwashing-sink/shower-trailer-rear-exterior-view.png | /media/equipment-drive/shower-trailers/20-ft-shower-trailer-5-stalls-with-handwashing-sink/shower-trailer-sink-and-mirror-area.png","7","8","Previous modal kept a fixed mixed-equipment gallery regardless of title.","Exact-title SSR template shared with dedicated pages; destroy/recreate gallery and reset on opening; no previous-state image retention.","false","","PASS","","PASS","PASS","","NOT DEPLOYED / UNVERIFIED"
"full-map","/service-areas/#state-modal=Wisconsin","Wisconsin Emergency Basecamp Shower Trailer Rental","","shower-trailer","model-21","/media/equipment-drive/shower-trailers/20-ft-shower-trailer-5-stalls-with-handwashing-sink/mobile-shower-trailer-wash-station.png | /media/equipment-drive/shower-trailers/20-ft-shower-trailer-5-stalls-with-handwashing-sink/multi-station-shower-trailer-exterior.png | /media/equipment-drive/shower-trailers/20-ft-shower-trailer-5-stalls-with-handwashing-sink/private-shower-trailer-stall-interior.png | /media/equipment-drive/shower-trailers/20-ft-shower-trailer-5-stalls-with-handwashing-sink/shower-trailer-exterior-with-private-shower-stall.png | /media/equipment-drive/shower-trailers/20-ft-shower-trailer-5-stalls-with-handwashing-sink/shower-trailer-rear-exterior-view.png | /media/equipment-drive/shower-trailers/20-ft-shower-trailer-5-stalls-with-handwashing-sink/shower-trailer-sink-and-mirror-area.png","1","5","Previous modal kept a fixed mixed-equipment gallery regardless of title.","Exact-title SSR template shared with dedicated pages; destroy/recreate gallery and reset on opening; no previous-state image retention.","false","","PASS","","PASS","PASS","","NOT DEPLOYED / UNVERIFIED"
"full-map","/service-areas/#state-modal=Wyoming","Wyoming Workforce Camp Laundry Temporary Facilities Long-Term Rental","","laundry-unspecified","","/media/equipment-drive/laundry-trailers-and-containers/30ft-laundry-trailer-10-washer-dryer/mobile-laundry-trailer-commercial-washers-dryers.png | /media/equipment-drive/laundry-trailers-and-containers/20ft-laundry-container/Laundry Container 7 units 1.png | /media/equipment-drive/laundry-trailers-and-containers/20ft-laundry-container/Laundry Container 7 units 2.png | /media/equipment-drive/laundry-trailers-and-containers/20ft-laundry-container/Laundry Container 7units.png","4","0","Previous modal kept a fixed mixed-equipment gallery regardless of title.","Exact-title SSR template shared with dedicated pages; destroy/recreate gallery and reset on opening; no previous-state image retention.","false","","PASS","","PASS","PASS","","NOT DEPLOYED / UNVERIFIED"
"compact-map","/#state-modal=Alabama","Alabama Emergency Basecamp Shower Trailer Rental","","shower-trailer","model-21","/media/equipment-drive/shower-trailers/20-ft-shower-trailer-5-stalls-with-handwashing-sink/mobile-shower-trailer-wash-station.png | /media/equipment-drive/shower-trailers/20-ft-shower-trailer-5-stalls-with-handwashing-sink/multi-station-shower-trailer-exterior.png | /media/equipment-drive/shower-trailers/20-ft-shower-trailer-5-stalls-with-handwashing-sink/private-shower-trailer-stall-interior.png | /media/equipment-drive/shower-trailers/20-ft-shower-trailer-5-stalls-with-handwashing-sink/shower-trailer-exterior-with-private-shower-stall.png | /media/equipment-drive/shower-trailers/20-ft-shower-trailer-5-stalls-with-handwashing-sink/shower-trailer-rear-exterior-view.png | /media/equipment-drive/shower-trailers/20-ft-shower-trailer-5-stalls-with-handwashing-sink/shower-trailer-sink-and-mirror-area.png","1","5","Compact modal previously had no title-driven equipment gallery.","Exact-title SSR template shared with dedicated pages; destroy/recreate gallery and reset on opening; no previous-state image retention.","false","","PASS","","PASS","PASS","","NOT DEPLOYED / UNVERIFIED"
"compact-map","/#state-modal=Alaska","Alaska Accessible Commercial Site ADA Shower and Restroom Combination Trailer Leasing","","ada-combination","client-labelled-ada-reference","/images/catalog/restroom-trailers-960.webp","0","1","Compact modal previously had no title-driven equipment gallery.","Exact-title SSR template shared with dedicated pages; destroy/recreate gallery and reset on opening; no previous-state image retention.","false","","PASS","","PASS","PASS","","NOT DEPLOYED / UNVERIFIED"
"compact-map","/#state-modal=Arizona","Arizona Institutional Facility Shower and Restroom Combination Trailer For Rent","","shower-restroom-combination","model-10","/media/equipment-drive/luxury-shower-restroom-combination-trailers/22ft-luxury-shower-restroom-combination-trailer-6-stalls/luxury-6-stall-shower-restroom-trailer-entry-steps.png | /media/equipment-drive/luxury-shower-restroom-combination-trailers/22ft-luxury-shower-restroom-combination-trailer-6-stalls/luxury-shower-restroom-trailer-sink-vanity-interior.png | /media/equipment-drive/luxury-shower-restroom-combination-trailers/22ft-luxury-shower-restroom-combination-trailer-6-stalls/22ft-6-stall-shower-restroom-trailer-exterior.png | /media/equipment-drive/luxury-shower-restroom-combination-trailers/22ft-luxury-shower-restroom-combination-trailer-6-stalls/22ft-luxury-shower-restroom-combination-trailer-6-stall-exterior.png | /media/equipment-drive/luxury-shower-restroom-combination-trailers/22ft-luxury-shower-restroom-combination-trailer-6-stalls/luxury-shower-restroom-trailer-private-shower-stall.png","2","3","Compact modal previously had no title-driven equipment gallery.","Exact-title SSR template shared with dedicated pages; destroy/recreate gallery and reset on opening; no previous-state image retention.","false","","PASS","","PASS","PASS","","NOT DEPLOYED / UNVERIFIED"
"compact-map","/#state-modal=Arkansas","Arkansas Commercial Food Service Commercial Kitchen Modular Building For Rent","","kitchen-modular","","","0","0","Compact modal previously had no title-driven equipment gallery.","Exact-title SSR template shared with dedicated pages; destroy/recreate gallery and reset on opening; no previous-state image retention.","true","No matching verified photography exists for the title's equipment/configuration.","PASS","","PASS","PASS","","NOT DEPLOYED / UNVERIFIED"
"compact-map","/#state-modal=California","California Institutional Facility Shower and Restroom Combination Trailer For Rent","","shower-restroom-combination","model-10","/media/equipment-drive/luxury-shower-restroom-combination-trailers/22ft-luxury-shower-restroom-combination-trailer-6-stalls/luxury-6-stall-shower-restroom-trailer-entry-steps.png | /media/equipment-drive/luxury-shower-restroom-combination-trailers/22ft-luxury-shower-restroom-combination-trailer-6-stalls/luxury-shower-restroom-trailer-sink-vanity-interior.png | /media/equipment-drive/luxury-shower-restroom-combination-trailers/22ft-luxury-shower-restroom-combination-trailer-6-stalls/22ft-6-stall-shower-restroom-trailer-exterior.png | /media/equipment-drive/luxury-shower-restroom-combination-trailers/22ft-luxury-shower-restroom-combination-trailer-6-stalls/22ft-luxury-shower-restroom-combination-trailer-6-stall-exterior.png | /media/equipment-drive/luxury-shower-restroom-combination-trailers/22ft-luxury-shower-restroom-combination-trailer-6-stalls/luxury-shower-restroom-trailer-private-shower-stall.png","2","3","Compact modal previously had no title-driven equipment gallery.","Exact-title SSR template shared with dedicated pages; destroy/recreate gallery and reset on opening; no previous-state image retention.","false","","PASS","","PASS","PASS","","NOT DEPLOYED / UNVERIFIED"
"compact-map","/#state-modal=Colorado","Colorado Construction Project Kitchen Emergency Trailer Rental","","mobile-kitchen","model-12","/media/equipment-drive/mobile-kitchens/24ft-mobile-kitchen/portable-commercial-kitchen-trailer-interior.png | /media/equipment-drive/mobile-kitchens/24ft-mobile-kitchen/mobile-commercial-kitchen-entry-view.png | /media/equipment-drive/mobile-kitchens/24ft-mobile-kitchen/mobile-kitchen-trailer-prep-counter.png | /media/equipment-drive/mobile-kitchens/24ft-mobile-kitchen/commercial-six-burner-gas-range.png | /media/equipment-drive/mobile-kitchens/24ft-mobile-kitchen/mobile-kitchen-trailer-exterior-service-window.png","4","1","Compact modal previously had no title-driven equipment gallery.","Exact-title SSR template shared with dedicated pages; destroy/recreate gallery and reset on opening; no previous-state image retention.","false","","PASS","","PASS","PASS","","NOT DEPLOYED / UNVERIFIED"
"compact-map","/#state-modal=Connecticut","Connecticut Construction Project Kitchen Emergency Trailer Rental","","mobile-kitchen","model-12","/media/equipment-drive/mobile-kitchens/24ft-mobile-kitchen/portable-commercial-kitchen-trailer-interior.png | /media/equipment-drive/mobile-kitchens/24ft-mobile-kitchen/mobile-commercial-kitchen-entry-view.png | /media/equipment-drive/mobile-kitchens/24ft-mobile-kitchen/mobile-kitchen-trailer-prep-counter.png | /media/equipment-drive/mobile-kitchens/24ft-mobile-kitchen/commercial-six-burner-gas-range.png | /media/equipment-drive/mobile-kitchens/24ft-mobile-kitchen/mobile-kitchen-trailer-exterior-service-window.png","4","1","Compact modal previously had no title-driven equipment gallery.","Exact-title SSR template shared with dedicated pages; destroy/recreate gallery and reset on opening; no previous-state image retention.","false","","PASS","","PASS","PASS","","NOT DEPLOYED / UNVERIFIED"
"compact-map","/#state-modal=Delaware","Delaware Accessible Commercial Site ADA Shower and Restroom Combination Trailer Leasing","","ada-combination","client-labelled-ada-reference","/images/catalog/restroom-trailers-960.webp","0","1","Compact modal previously had no title-driven equipment gallery.","Exact-title SSR template shared with dedicated pages; destroy/recreate gallery and reset on opening; no previous-state image retention.","false","","PASS","","PASS","PASS","","NOT DEPLOYED / UNVERIFIED"
"compact-map","/#state-modal=Florida","Florida Workforce Housing Sleeper Bunk-Bed Facility Leasing","","sleeper-trailer","april-two-stall-sleeper","/media/equipment-drive/sleeper-and-accommodation/sleeper-trailer-2-stalls/sleeper-trailer-2-stall-bunk-bed-interior.png | /media/equipment-drive/sleeper-and-accommodation/sleeper-trailer-2-stalls/sleeper-trailer-2-stall-sleeping-room.png","2","0","Compact modal previously had no title-driven equipment gallery.","Exact-title SSR template shared with dedicated pages; destroy/recreate gallery and reset on opening; no previous-state image retention.","false","","PASS","","PASS","PASS","","NOT DEPLOYED / UNVERIFIED"
"compact-map","/#state-modal=Georgia","Georgia Remote Operations Man Camp Temporary Facilities Rental","","unspecified","","/media/equipment-drive/sleeper-and-accommodation/20ft-accommodation-contractor/20ft-accommodation-unit-bunk-bed-interior.png | /media/equipment-drive/sleeper-and-accommodation/20ft-accommodation-contractor/20ft-mobile-accommodation-bunk-room-interior.png | /media/equipment-drive/sleeper-and-accommodation/20ft-accommodation-contractor/20ft-accommodation-unit-exterior-side-view.png | /media/equipment-drive/sleeper-and-accommodation/20ft-accommodation-contractor/20ft-portable-accommodation-unit-base-camp.png | /media/equipment-drive/mobile-kitchens/24ft-mobile-kitchen/portable-commercial-kitchen-trailer-interior.png | /media/equipment-drive/mobile-kitchens/24ft-mobile-kitchen/mobile-commercial-kitchen-entry-view.png | /media/equipment-drive/mobile-kitchens/24ft-mobile-kitchen/mobile-kitchen-trailer-prep-counter.png | /media/equipment-drive/mobile-kitchens/24ft-mobile-kitchen/commercial-six-burner-gas-range.png | /media/equipment-drive/mobile-kitchens/24ft-mobile-kitchen/mobile-kitchen-trailer-exterior-service-window.png | /media/equipment-drive/shower-trailers/20-ft-shower-trailer-5-stalls-with-handwashing-sink/mobile-shower-trailer-wash-station.png | /media/equipment-drive/shower-trailers/20-ft-shower-trailer-5-stalls-with-handwashing-sink/multi-station-shower-trailer-exterior.png | /media/equipment-drive/shower-trailers/20-ft-shower-trailer-5-stalls-with-handwashing-sink/private-shower-trailer-stall-interior.png | /media/equipment-drive/shower-trailers/20-ft-shower-trailer-5-stalls-with-handwashing-sink/shower-trailer-exterior-with-private-shower-stall.png | /media/equipment-drive/shower-trailers/20-ft-shower-trailer-5-stalls-with-handwashing-sink/shower-trailer-rear-exterior-view.png | /media/equipment-drive/shower-trailers/20-ft-shower-trailer-5-stalls-with-handwashing-sink/shower-trailer-sink-and-mirror-area.png","7","8","Compact modal previously had no title-driven equipment gallery.","Exact-title SSR template shared with dedicated pages; destroy/recreate gallery and reset on opening; no previous-state image retention.","false","","PASS","","PASS","PASS","","NOT DEPLOYED / UNVERIFIED"
"compact-map","/#state-modal=Hawaii","Hawaii Accessible Commercial Site ADA Shower and Restroom Combination Trailer Leasing","","ada-combination","client-labelled-ada-reference","/images/catalog/restroom-trailers-960.webp","0","1","Compact modal previously had no title-driven equipment gallery.","Exact-title SSR template shared with dedicated pages; destroy/recreate gallery and reset on opening; no previous-state image retention.","false","","PASS","","PASS","PASS","","NOT DEPLOYED / UNVERIFIED"
"compact-map","/#state-modal=Idaho","Idaho Workforce Housing Sleeper Bunk-Bed Facility Leasing","","sleeper-trailer","april-two-stall-sleeper","/media/equipment-drive/sleeper-and-accommodation/sleeper-trailer-2-stalls/sleeper-trailer-2-stall-bunk-bed-interior.png | /media/equipment-drive/sleeper-and-accommodation/sleeper-trailer-2-stalls/sleeper-trailer-2-stall-sleeping-room.png","2","0","Compact modal previously had no title-driven equipment gallery.","Exact-title SSR template shared with dedicated pages; destroy/recreate gallery and reset on opening; no previous-state image retention.","false","","PASS","","PASS","PASS","","NOT DEPLOYED / UNVERIFIED"
"compact-map","/#state-modal=Illinois","Illinois Accessible Commercial Site ADA Shower and Restroom Combination Trailer Leasing","","ada-combination","client-labelled-ada-reference","/images/catalog/restroom-trailers-960.webp","0","1","Compact modal previously had no title-driven equipment gallery.","Exact-title SSR template shared with dedicated pages; destroy/recreate gallery and reset on opening; no previous-state image retention.","false","","PASS","","PASS","PASS","","NOT DEPLOYED / UNVERIFIED"
"compact-map","/#state-modal=Indiana","Indiana Workforce Camp Laundry Temporary Facilities Long-Term Rental","","laundry-unspecified","","/media/equipment-drive/laundry-trailers-and-containers/30ft-laundry-trailer-10-washer-dryer/mobile-laundry-trailer-commercial-washers-dryers.png | /media/equipment-drive/laundry-trailers-and-containers/20ft-laundry-container/Laundry Container 7 units 1.png | /media/equipment-drive/laundry-trailers-and-containers/20ft-laundry-container/Laundry Container 7 units 2.png | /media/equipment-drive/laundry-trailers-and-containers/20ft-laundry-container/Laundry Container 7units.png","4","0","Compact modal previously had no title-driven equipment gallery.","Exact-title SSR template shared with dedicated pages; destroy/recreate gallery and reset on opening; no previous-state image retention.","false","","PASS","","PASS","PASS","","NOT DEPLOYED / UNVERIFIED"
"compact-map","/#state-modal=Iowa","Iowa Remote Operations Man Camp Temporary Facilities Rental","","unspecified","","/media/equipment-drive/sleeper-and-accommodation/20ft-accommodation-contractor/20ft-accommodation-unit-bunk-bed-interior.png | /media/equipment-drive/sleeper-and-accommodation/20ft-accommodation-contractor/20ft-mobile-accommodation-bunk-room-interior.png | /media/equipment-drive/sleeper-and-accommodation/20ft-accommodation-contractor/20ft-accommodation-unit-exterior-side-view.png | /media/equipment-drive/sleeper-and-accommodation/20ft-accommodation-contractor/20ft-portable-accommodation-unit-base-camp.png | /media/equipment-drive/mobile-kitchens/24ft-mobile-kitchen/portable-commercial-kitchen-trailer-interior.png | /media/equipment-drive/mobile-kitchens/24ft-mobile-kitchen/mobile-commercial-kitchen-entry-view.png | /media/equipment-drive/mobile-kitchens/24ft-mobile-kitchen/mobile-kitchen-trailer-prep-counter.png | /media/equipment-drive/mobile-kitchens/24ft-mobile-kitchen/commercial-six-burner-gas-range.png | /media/equipment-drive/mobile-kitchens/24ft-mobile-kitchen/mobile-kitchen-trailer-exterior-service-window.png | /media/equipment-drive/shower-trailers/20-ft-shower-trailer-5-stalls-with-handwashing-sink/mobile-shower-trailer-wash-station.png | /media/equipment-drive/shower-trailers/20-ft-shower-trailer-5-stalls-with-handwashing-sink/multi-station-shower-trailer-exterior.png | /media/equipment-drive/shower-trailers/20-ft-shower-trailer-5-stalls-with-handwashing-sink/private-shower-trailer-stall-interior.png | /media/equipment-drive/shower-trailers/20-ft-shower-trailer-5-stalls-with-handwashing-sink/shower-trailer-exterior-with-private-shower-stall.png | /media/equipment-drive/shower-trailers/20-ft-shower-trailer-5-stalls-with-handwashing-sink/shower-trailer-rear-exterior-view.png | /media/equipment-drive/shower-trailers/20-ft-shower-trailer-5-stalls-with-handwashing-sink/shower-trailer-sink-and-mirror-area.png","7","8","Compact modal previously had no title-driven equipment gallery.","Exact-title SSR template shared with dedicated pages; destroy/recreate gallery and reset on opening; no previous-state image retention.","false","","PASS","","PASS","PASS","","NOT DEPLOYED / UNVERIFIED"
"compact-map","/#state-modal=Kansas","Kansas Construction Project Kitchen Emergency Trailer Rental","","mobile-kitchen","model-12","/media/equipment-drive/mobile-kitchens/24ft-mobile-kitchen/portable-commercial-kitchen-trailer-interior.png | /media/equipment-drive/mobile-kitchens/24ft-mobile-kitchen/mobile-commercial-kitchen-entry-view.png | /media/equipment-drive/mobile-kitchens/24ft-mobile-kitchen/mobile-kitchen-trailer-prep-counter.png | /media/equipment-drive/mobile-kitchens/24ft-mobile-kitchen/commercial-six-burner-gas-range.png | /media/equipment-drive/mobile-kitchens/24ft-mobile-kitchen/mobile-kitchen-trailer-exterior-service-window.png","4","1","Compact modal previously had no title-driven equipment gallery.","Exact-title SSR template shared with dedicated pages; destroy/recreate gallery and reset on opening; no previous-state image retention.","false","","PASS","","PASS","PASS","","NOT DEPLOYED / UNVERIFIED"
"compact-map","/#state-modal=Kentucky","Kentucky Workforce Camp Laundry Temporary Facilities Long-Term Rental","","laundry-unspecified","","/media/equipment-drive/laundry-trailers-and-containers/30ft-laundry-trailer-10-washer-dryer/mobile-laundry-trailer-commercial-washers-dryers.png | /media/equipment-drive/laundry-trailers-and-containers/20ft-laundry-container/Laundry Container 7 units 1.png | /media/equipment-drive/laundry-trailers-and-containers/20ft-laundry-container/Laundry Container 7 units 2.png | /media/equipment-drive/laundry-trailers-and-containers/20ft-laundry-container/Laundry Container 7units.png","4","0","Compact modal previously had no title-driven equipment gallery.","Exact-title SSR template shared with dedicated pages; destroy/recreate gallery and reset on opening; no previous-state image retention.","false","","PASS","","PASS","PASS","","NOT DEPLOYED / UNVERIFIED"
"compact-map","/#state-modal=Louisiana","Louisiana Emergency Basecamp Shower Trailer Rental","","shower-trailer","model-21","/media/equipment-drive/shower-trailers/20-ft-shower-trailer-5-stalls-with-handwashing-sink/mobile-shower-trailer-wash-station.png | /media/equipment-drive/shower-trailers/20-ft-shower-trailer-5-stalls-with-handwashing-sink/multi-station-shower-trailer-exterior.png | /media/equipment-drive/shower-trailers/20-ft-shower-trailer-5-stalls-with-handwashing-sink/private-shower-trailer-stall-interior.png | /media/equipment-drive/shower-trailers/20-ft-shower-trailer-5-stalls-with-handwashing-sink/shower-trailer-exterior-with-private-shower-stall.png | /media/equipment-drive/shower-trailers/20-ft-shower-trailer-5-stalls-with-handwashing-sink/shower-trailer-rear-exterior-view.png | /media/equipment-drive/shower-trailers/20-ft-shower-trailer-5-stalls-with-handwashing-sink/shower-trailer-sink-and-mirror-area.png","1","5","Compact modal previously had no title-driven equipment gallery.","Exact-title SSR template shared with dedicated pages; destroy/recreate gallery and reset on opening; no previous-state image retention.","false","","PASS","","PASS","PASS","","NOT DEPLOYED / UNVERIFIED"
"compact-map","/#state-modal=Maine","Maine Commercial Food Service Commercial Kitchen Modular Building For Rent","","kitchen-modular","","","0","0","Compact modal previously had no title-driven equipment gallery.","Exact-title SSR template shared with dedicated pages; destroy/recreate gallery and reset on opening; no previous-state image retention.","true","No matching verified photography exists for the title's equipment/configuration.","PASS","","PASS","PASS","","NOT DEPLOYED / UNVERIFIED"
"compact-map","/#state-modal=Maryland","Maryland Commercial Food Service Commercial Kitchen Modular Building For Rent","","kitchen-modular","","","0","0","Compact modal previously had no title-driven equipment gallery.","Exact-title SSR template shared with dedicated pages; destroy/recreate gallery and reset on opening; no previous-state image retention.","true","No matching verified photography exists for the title's equipment/configuration.","PASS","","PASS","PASS","","NOT DEPLOYED / UNVERIFIED"
"compact-map","/#state-modal=Massachusetts","Massachusetts Remote Operations Man Camp Temporary Facilities Rental","","unspecified","","/media/equipment-drive/sleeper-and-accommodation/20ft-accommodation-contractor/20ft-accommodation-unit-bunk-bed-interior.png | /media/equipment-drive/sleeper-and-accommodation/20ft-accommodation-contractor/20ft-mobile-accommodation-bunk-room-interior.png | /media/equipment-drive/sleeper-and-accommodation/20ft-accommodation-contractor/20ft-accommodation-unit-exterior-side-view.png | /media/equipment-drive/sleeper-and-accommodation/20ft-accommodation-contractor/20ft-portable-accommodation-unit-base-camp.png | /media/equipment-drive/mobile-kitchens/24ft-mobile-kitchen/portable-commercial-kitchen-trailer-interior.png | /media/equipment-drive/mobile-kitchens/24ft-mobile-kitchen/mobile-commercial-kitchen-entry-view.png | /media/equipment-drive/mobile-kitchens/24ft-mobile-kitchen/mobile-kitchen-trailer-prep-counter.png | /media/equipment-drive/mobile-kitchens/24ft-mobile-kitchen/commercial-six-burner-gas-range.png | /media/equipment-drive/mobile-kitchens/24ft-mobile-kitchen/mobile-kitchen-trailer-exterior-service-window.png | /media/equipment-drive/shower-trailers/20-ft-shower-trailer-5-stalls-with-handwashing-sink/mobile-shower-trailer-wash-station.png | /media/equipment-drive/shower-trailers/20-ft-shower-trailer-5-stalls-with-handwashing-sink/multi-station-shower-trailer-exterior.png | /media/equipment-drive/shower-trailers/20-ft-shower-trailer-5-stalls-with-handwashing-sink/private-shower-trailer-stall-interior.png | /media/equipment-drive/shower-trailers/20-ft-shower-trailer-5-stalls-with-handwashing-sink/shower-trailer-exterior-with-private-shower-stall.png | /media/equipment-drive/shower-trailers/20-ft-shower-trailer-5-stalls-with-handwashing-sink/shower-trailer-rear-exterior-view.png | /media/equipment-drive/shower-trailers/20-ft-shower-trailer-5-stalls-with-handwashing-sink/shower-trailer-sink-and-mirror-area.png","7","8","Compact modal previously had no title-driven equipment gallery.","Exact-title SSR template shared with dedicated pages; destroy/recreate gallery and reset on opening; no previous-state image retention.","false","","PASS","","PASS","PASS","","NOT DEPLOYED / UNVERIFIED"
"compact-map","/#state-modal=Michigan","Michigan Workforce Camp Laundry Temporary Facilities Long-Term Rental","","laundry-unspecified","","/media/equipment-drive/laundry-trailers-and-containers/30ft-laundry-trailer-10-washer-dryer/mobile-laundry-trailer-commercial-washers-dryers.png | /media/equipment-drive/laundry-trailers-and-containers/20ft-laundry-container/Laundry Container 7 units 1.png | /media/equipment-drive/laundry-trailers-and-containers/20ft-laundry-container/Laundry Container 7 units 2.png | /media/equipment-drive/laundry-trailers-and-containers/20ft-laundry-container/Laundry Container 7units.png","4","0","Compact modal previously had no title-driven equipment gallery.","Exact-title SSR template shared with dedicated pages; destroy/recreate gallery and reset on opening; no previous-state image retention.","false","","PASS","","PASS","PASS","","NOT DEPLOYED / UNVERIFIED"
"compact-map","/#state-modal=Minnesota","Minnesota Workforce Camp Laundry Temporary Facilities Long-Term Rental","","laundry-unspecified","","/media/equipment-drive/laundry-trailers-and-containers/30ft-laundry-trailer-10-washer-dryer/mobile-laundry-trailer-commercial-washers-dryers.png | /media/equipment-drive/laundry-trailers-and-containers/20ft-laundry-container/Laundry Container 7 units 1.png | /media/equipment-drive/laundry-trailers-and-containers/20ft-laundry-container/Laundry Container 7 units 2.png | /media/equipment-drive/laundry-trailers-and-containers/20ft-laundry-container/Laundry Container 7units.png","4","0","Compact modal previously had no title-driven equipment gallery.","Exact-title SSR template shared with dedicated pages; destroy/recreate gallery and reset on opening; no previous-state image retention.","false","","PASS","","PASS","PASS","","NOT DEPLOYED / UNVERIFIED"
"compact-map","/#state-modal=Mississippi","Mississippi Workforce Housing Sleeper Bunk-Bed Facility Leasing","","sleeper-trailer","april-two-stall-sleeper","/media/equipment-drive/sleeper-and-accommodation/sleeper-trailer-2-stalls/sleeper-trailer-2-stall-bunk-bed-interior.png | /media/equipment-drive/sleeper-and-accommodation/sleeper-trailer-2-stalls/sleeper-trailer-2-stall-sleeping-room.png","2","0","Compact modal previously had no title-driven equipment gallery.","Exact-title SSR template shared with dedicated pages; destroy/recreate gallery and reset on opening; no previous-state image retention.","false","","PASS","","PASS","PASS","","NOT DEPLOYED / UNVERIFIED"
"compact-map","/#state-modal=Missouri","Missouri Emergency Basecamp Shower Trailer Rental","","shower-trailer","model-21","/media/equipment-drive/shower-trailers/20-ft-shower-trailer-5-stalls-with-handwashing-sink/mobile-shower-trailer-wash-station.png | /media/equipment-drive/shower-trailers/20-ft-shower-trailer-5-stalls-with-handwashing-sink/multi-station-shower-trailer-exterior.png | /media/equipment-drive/shower-trailers/20-ft-shower-trailer-5-stalls-with-handwashing-sink/private-shower-trailer-stall-interior.png | /media/equipment-drive/shower-trailers/20-ft-shower-trailer-5-stalls-with-handwashing-sink/shower-trailer-exterior-with-private-shower-stall.png | /media/equipment-drive/shower-trailers/20-ft-shower-trailer-5-stalls-with-handwashing-sink/shower-trailer-rear-exterior-view.png | /media/equipment-drive/shower-trailers/20-ft-shower-trailer-5-stalls-with-handwashing-sink/shower-trailer-sink-and-mirror-area.png","1","5","Compact modal previously had no title-driven equipment gallery.","Exact-title SSR template shared with dedicated pages; destroy/recreate gallery and reset on opening; no previous-state image retention.","false","","PASS","","PASS","PASS","","NOT DEPLOYED / UNVERIFIED"
"compact-map","/#state-modal=Montana","Montana Commercial Food Service Commercial Kitchen Modular Building For Rent","","kitchen-modular","","","0","0","Compact modal previously had no title-driven equipment gallery.","Exact-title SSR template shared with dedicated pages; destroy/recreate gallery and reset on opening; no previous-state image retention.","true","No matching verified photography exists for the title's equipment/configuration.","PASS","","PASS","PASS","","NOT DEPLOYED / UNVERIFIED"
"compact-map","/#state-modal=Nebraska","Nebraska Workforce Housing Sleeper Bunk-Bed Facility Leasing","","sleeper-trailer","april-two-stall-sleeper","/media/equipment-drive/sleeper-and-accommodation/sleeper-trailer-2-stalls/sleeper-trailer-2-stall-bunk-bed-interior.png | /media/equipment-drive/sleeper-and-accommodation/sleeper-trailer-2-stalls/sleeper-trailer-2-stall-sleeping-room.png","2","0","Compact modal previously had no title-driven equipment gallery.","Exact-title SSR template shared with dedicated pages; destroy/recreate gallery and reset on opening; no previous-state image retention.","false","","PASS","","PASS","PASS","","NOT DEPLOYED / UNVERIFIED"
"compact-map","/#state-modal=Nevada","Nevada Workforce Housing Sleeper Bunk-Bed Facility Leasing","","sleeper-trailer","april-two-stall-sleeper","/media/equipment-drive/sleeper-and-accommodation/sleeper-trailer-2-stalls/sleeper-trailer-2-stall-bunk-bed-interior.png | /media/equipment-drive/sleeper-and-accommodation/sleeper-trailer-2-stalls/sleeper-trailer-2-stall-sleeping-room.png","2","0","Compact modal previously had no title-driven equipment gallery.","Exact-title SSR template shared with dedicated pages; destroy/recreate gallery and reset on opening; no previous-state image retention.","false","","PASS","","PASS","PASS","","NOT DEPLOYED / UNVERIFIED"
"compact-map","/#state-modal=New%20Hampshire","New Hampshire Construction Project Kitchen Emergency Trailer Rental","","mobile-kitchen","model-12","/media/equipment-drive/mobile-kitchens/24ft-mobile-kitchen/portable-commercial-kitchen-trailer-interior.png | /media/equipment-drive/mobile-kitchens/24ft-mobile-kitchen/mobile-commercial-kitchen-entry-view.png | /media/equipment-drive/mobile-kitchens/24ft-mobile-kitchen/mobile-kitchen-trailer-prep-counter.png | /media/equipment-drive/mobile-kitchens/24ft-mobile-kitchen/commercial-six-burner-gas-range.png | /media/equipment-drive/mobile-kitchens/24ft-mobile-kitchen/mobile-kitchen-trailer-exterior-service-window.png","4","1","Compact modal previously had no title-driven equipment gallery.","Exact-title SSR template shared with dedicated pages; destroy/recreate gallery and reset on opening; no previous-state image retention.","false","","PASS","","PASS","PASS","","NOT DEPLOYED / UNVERIFIED"
"compact-map","/#state-modal=New%20Jersey","New Jersey Remote Operations Man Camp Temporary Facilities Rental","","unspecified","","/media/equipment-drive/sleeper-and-accommodation/20ft-accommodation-contractor/20ft-accommodation-unit-bunk-bed-interior.png | /media/equipment-drive/sleeper-and-accommodation/20ft-accommodation-contractor/20ft-mobile-accommodation-bunk-room-interior.png | /media/equipment-drive/sleeper-and-accommodation/20ft-accommodation-contractor/20ft-accommodation-unit-exterior-side-view.png | /media/equipment-drive/sleeper-and-accommodation/20ft-accommodation-contractor/20ft-portable-accommodation-unit-base-camp.png | /media/equipment-drive/mobile-kitchens/24ft-mobile-kitchen/portable-commercial-kitchen-trailer-interior.png | /media/equipment-drive/mobile-kitchens/24ft-mobile-kitchen/mobile-commercial-kitchen-entry-view.png | /media/equipment-drive/mobile-kitchens/24ft-mobile-kitchen/mobile-kitchen-trailer-prep-counter.png | /media/equipment-drive/mobile-kitchens/24ft-mobile-kitchen/commercial-six-burner-gas-range.png | /media/equipment-drive/mobile-kitchens/24ft-mobile-kitchen/mobile-kitchen-trailer-exterior-service-window.png | /media/equipment-drive/shower-trailers/20-ft-shower-trailer-5-stalls-with-handwashing-sink/mobile-shower-trailer-wash-station.png | /media/equipment-drive/shower-trailers/20-ft-shower-trailer-5-stalls-with-handwashing-sink/multi-station-shower-trailer-exterior.png | /media/equipment-drive/shower-trailers/20-ft-shower-trailer-5-stalls-with-handwashing-sink/private-shower-trailer-stall-interior.png | /media/equipment-drive/shower-trailers/20-ft-shower-trailer-5-stalls-with-handwashing-sink/shower-trailer-exterior-with-private-shower-stall.png | /media/equipment-drive/shower-trailers/20-ft-shower-trailer-5-stalls-with-handwashing-sink/shower-trailer-rear-exterior-view.png | /media/equipment-drive/shower-trailers/20-ft-shower-trailer-5-stalls-with-handwashing-sink/shower-trailer-sink-and-mirror-area.png","7","8","Compact modal previously had no title-driven equipment gallery.","Exact-title SSR template shared with dedicated pages; destroy/recreate gallery and reset on opening; no previous-state image retention.","false","","PASS","","PASS","PASS","","NOT DEPLOYED / UNVERIFIED"
"compact-map","/#state-modal=New%20Mexico","New Mexico Construction Project Kitchen Emergency Trailer Rental","","mobile-kitchen","model-12","/media/equipment-drive/mobile-kitchens/24ft-mobile-kitchen/portable-commercial-kitchen-trailer-interior.png | /media/equipment-drive/mobile-kitchens/24ft-mobile-kitchen/mobile-commercial-kitchen-entry-view.png | /media/equipment-drive/mobile-kitchens/24ft-mobile-kitchen/mobile-kitchen-trailer-prep-counter.png | /media/equipment-drive/mobile-kitchens/24ft-mobile-kitchen/commercial-six-burner-gas-range.png | /media/equipment-drive/mobile-kitchens/24ft-mobile-kitchen/mobile-kitchen-trailer-exterior-service-window.png","4","1","Compact modal previously had no title-driven equipment gallery.","Exact-title SSR template shared with dedicated pages; destroy/recreate gallery and reset on opening; no previous-state image retention.","false","","PASS","","PASS","PASS","","NOT DEPLOYED / UNVERIFIED"
"compact-map","/#state-modal=New%20York","New York Workforce Housing Sleeper Bunk-Bed Facility Leasing","","sleeper-trailer","april-two-stall-sleeper","/media/equipment-drive/sleeper-and-accommodation/sleeper-trailer-2-stalls/sleeper-trailer-2-stall-bunk-bed-interior.png | /media/equipment-drive/sleeper-and-accommodation/sleeper-trailer-2-stalls/sleeper-trailer-2-stall-sleeping-room.png","2","0","Compact modal previously had no title-driven equipment gallery.","Exact-title SSR template shared with dedicated pages; destroy/recreate gallery and reset on opening; no previous-state image retention.","false","","PASS","","PASS","PASS","","NOT DEPLOYED / UNVERIFIED"
"compact-map","/#state-modal=North%20Carolina","North Carolina Commercial Food Service Commercial Kitchen Modular Building For Rent","","kitchen-modular","","","0","0","Compact modal previously had no title-driven equipment gallery.","Exact-title SSR template shared with dedicated pages; destroy/recreate gallery and reset on opening; no previous-state image retention.","true","No matching verified photography exists for the title's equipment/configuration.","PASS","","PASS","PASS","","NOT DEPLOYED / UNVERIFIED"
"compact-map","/#state-modal=North%20Dakota","North Dakota Emergency Basecamp Shower Trailer Rental","","shower-trailer","model-21","/media/equipment-drive/shower-trailers/20-ft-shower-trailer-5-stalls-with-handwashing-sink/mobile-shower-trailer-wash-station.png | /media/equipment-drive/shower-trailers/20-ft-shower-trailer-5-stalls-with-handwashing-sink/multi-station-shower-trailer-exterior.png | /media/equipment-drive/shower-trailers/20-ft-shower-trailer-5-stalls-with-handwashing-sink/private-shower-trailer-stall-interior.png | /media/equipment-drive/shower-trailers/20-ft-shower-trailer-5-stalls-with-handwashing-sink/shower-trailer-exterior-with-private-shower-stall.png | /media/equipment-drive/shower-trailers/20-ft-shower-trailer-5-stalls-with-handwashing-sink/shower-trailer-rear-exterior-view.png | /media/equipment-drive/shower-trailers/20-ft-shower-trailer-5-stalls-with-handwashing-sink/shower-trailer-sink-and-mirror-area.png","1","5","Compact modal previously had no title-driven equipment gallery.","Exact-title SSR template shared with dedicated pages; destroy/recreate gallery and reset on opening; no previous-state image retention.","false","","PASS","","PASS","PASS","","NOT DEPLOYED / UNVERIFIED"
"compact-map","/#state-modal=Ohio","Ohio Workforce Housing Sleeper Bunk-Bed Facility Leasing","","sleeper-trailer","april-two-stall-sleeper","/media/equipment-drive/sleeper-and-accommodation/sleeper-trailer-2-stalls/sleeper-trailer-2-stall-bunk-bed-interior.png | /media/equipment-drive/sleeper-and-accommodation/sleeper-trailer-2-stalls/sleeper-trailer-2-stall-sleeping-room.png","2","0","Compact modal previously had no title-driven equipment gallery.","Exact-title SSR template shared with dedicated pages; destroy/recreate gallery and reset on opening; no previous-state image retention.","false","","PASS","","PASS","PASS","","NOT DEPLOYED / UNVERIFIED"
"compact-map","/#state-modal=Oklahoma","Oklahoma Workforce Camp Laundry Temporary Facilities Long-Term Rental","","laundry-unspecified","","/media/equipment-drive/laundry-trailers-and-containers/30ft-laundry-trailer-10-washer-dryer/mobile-laundry-trailer-commercial-washers-dryers.png | /media/equipment-drive/laundry-trailers-and-containers/20ft-laundry-container/Laundry Container 7 units 1.png | /media/equipment-drive/laundry-trailers-and-containers/20ft-laundry-container/Laundry Container 7 units 2.png | /media/equipment-drive/laundry-trailers-and-containers/20ft-laundry-container/Laundry Container 7units.png","4","0","Compact modal previously had no title-driven equipment gallery.","Exact-title SSR template shared with dedicated pages; destroy/recreate gallery and reset on opening; no previous-state image retention.","false","","PASS","","PASS","PASS","","NOT DEPLOYED / UNVERIFIED"
"compact-map","/#state-modal=Oregon","Oregon Workforce Camp Laundry Temporary Facilities Long-Term Rental","","laundry-unspecified","","/media/equipment-drive/laundry-trailers-and-containers/30ft-laundry-trailer-10-washer-dryer/mobile-laundry-trailer-commercial-washers-dryers.png | /media/equipment-drive/laundry-trailers-and-containers/20ft-laundry-container/Laundry Container 7 units 1.png | /media/equipment-drive/laundry-trailers-and-containers/20ft-laundry-container/Laundry Container 7 units 2.png | /media/equipment-drive/laundry-trailers-and-containers/20ft-laundry-container/Laundry Container 7units.png","4","0","Compact modal previously had no title-driven equipment gallery.","Exact-title SSR template shared with dedicated pages; destroy/recreate gallery and reset on opening; no previous-state image retention.","false","","PASS","","PASS","PASS","","NOT DEPLOYED / UNVERIFIED"
"compact-map","/#state-modal=Pennsylvania","Pennsylvania Institutional Facility Shower and Restroom Combination Trailer For Rent","","shower-restroom-combination","model-10","/media/equipment-drive/luxury-shower-restroom-combination-trailers/22ft-luxury-shower-restroom-combination-trailer-6-stalls/luxury-6-stall-shower-restroom-trailer-entry-steps.png | /media/equipment-drive/luxury-shower-restroom-combination-trailers/22ft-luxury-shower-restroom-combination-trailer-6-stalls/luxury-shower-restroom-trailer-sink-vanity-interior.png | /media/equipment-drive/luxury-shower-restroom-combination-trailers/22ft-luxury-shower-restroom-combination-trailer-6-stalls/22ft-6-stall-shower-restroom-trailer-exterior.png | /media/equipment-drive/luxury-shower-restroom-combination-trailers/22ft-luxury-shower-restroom-combination-trailer-6-stalls/22ft-luxury-shower-restroom-combination-trailer-6-stall-exterior.png | /media/equipment-drive/luxury-shower-restroom-combination-trailers/22ft-luxury-shower-restroom-combination-trailer-6-stalls/luxury-shower-restroom-trailer-private-shower-stall.png","2","3","Compact modal previously had no title-driven equipment gallery.","Exact-title SSR template shared with dedicated pages; destroy/recreate gallery and reset on opening; no previous-state image retention.","false","","PASS","","PASS","PASS","","NOT DEPLOYED / UNVERIFIED"
"compact-map","/#state-modal=Rhode%20Island","Rhode Island Accessible Commercial Site ADA Shower and Restroom Combination Trailer Leasing","","ada-combination","client-labelled-ada-reference","/images/catalog/restroom-trailers-960.webp","0","1","Compact modal previously had no title-driven equipment gallery.","Exact-title SSR template shared with dedicated pages; destroy/recreate gallery and reset on opening; no previous-state image retention.","false","","PASS","","PASS","PASS","","NOT DEPLOYED / UNVERIFIED"
"compact-map","/#state-modal=South%20Carolina","South Carolina Commercial Food Service Commercial Kitchen Modular Building For Rent","","kitchen-modular","","","0","0","Compact modal previously had no title-driven equipment gallery.","Exact-title SSR template shared with dedicated pages; destroy/recreate gallery and reset on opening; no previous-state image retention.","true","No matching verified photography exists for the title's equipment/configuration.","PASS","","PASS","PASS","","NOT DEPLOYED / UNVERIFIED"
"compact-map","/#state-modal=South%20Dakota","South Dakota Emergency Basecamp Shower Trailer Rental","","shower-trailer","model-21","/media/equipment-drive/shower-trailers/20-ft-shower-trailer-5-stalls-with-handwashing-sink/mobile-shower-trailer-wash-station.png | /media/equipment-drive/shower-trailers/20-ft-shower-trailer-5-stalls-with-handwashing-sink/multi-station-shower-trailer-exterior.png | /media/equipment-drive/shower-trailers/20-ft-shower-trailer-5-stalls-with-handwashing-sink/private-shower-trailer-stall-interior.png | /media/equipment-drive/shower-trailers/20-ft-shower-trailer-5-stalls-with-handwashing-sink/shower-trailer-exterior-with-private-shower-stall.png | /media/equipment-drive/shower-trailers/20-ft-shower-trailer-5-stalls-with-handwashing-sink/shower-trailer-rear-exterior-view.png | /media/equipment-drive/shower-trailers/20-ft-shower-trailer-5-stalls-with-handwashing-sink/shower-trailer-sink-and-mirror-area.png","1","5","Compact modal previously had no title-driven equipment gallery.","Exact-title SSR template shared with dedicated pages; destroy/recreate gallery and reset on opening; no previous-state image retention.","false","","PASS","","PASS","PASS","","NOT DEPLOYED / UNVERIFIED"
"compact-map","/#state-modal=Tennessee","Tennessee Commercial Food Service Commercial Kitchen Modular Building For Rent","","kitchen-modular","","","0","0","Compact modal previously had no title-driven equipment gallery.","Exact-title SSR template shared with dedicated pages; destroy/recreate gallery and reset on opening; no previous-state image retention.","true","No matching verified photography exists for the title's equipment/configuration.","PASS","","PASS","PASS","","NOT DEPLOYED / UNVERIFIED"
"compact-map","/#state-modal=Texas","Texas Remote Operations Man Camp Temporary Facilities Rental","","unspecified","","/media/equipment-drive/sleeper-and-accommodation/20ft-accommodation-contractor/20ft-accommodation-unit-bunk-bed-interior.png | /media/equipment-drive/sleeper-and-accommodation/20ft-accommodation-contractor/20ft-mobile-accommodation-bunk-room-interior.png | /media/equipment-drive/sleeper-and-accommodation/20ft-accommodation-contractor/20ft-accommodation-unit-exterior-side-view.png | /media/equipment-drive/sleeper-and-accommodation/20ft-accommodation-contractor/20ft-portable-accommodation-unit-base-camp.png | /media/equipment-drive/mobile-kitchens/24ft-mobile-kitchen/portable-commercial-kitchen-trailer-interior.png | /media/equipment-drive/mobile-kitchens/24ft-mobile-kitchen/mobile-commercial-kitchen-entry-view.png | /media/equipment-drive/mobile-kitchens/24ft-mobile-kitchen/mobile-kitchen-trailer-prep-counter.png | /media/equipment-drive/mobile-kitchens/24ft-mobile-kitchen/commercial-six-burner-gas-range.png | /media/equipment-drive/mobile-kitchens/24ft-mobile-kitchen/mobile-kitchen-trailer-exterior-service-window.png | /media/equipment-drive/shower-trailers/20-ft-shower-trailer-5-stalls-with-handwashing-sink/mobile-shower-trailer-wash-station.png | /media/equipment-drive/shower-trailers/20-ft-shower-trailer-5-stalls-with-handwashing-sink/multi-station-shower-trailer-exterior.png | /media/equipment-drive/shower-trailers/20-ft-shower-trailer-5-stalls-with-handwashing-sink/private-shower-trailer-stall-interior.png | /media/equipment-drive/shower-trailers/20-ft-shower-trailer-5-stalls-with-handwashing-sink/shower-trailer-exterior-with-private-shower-stall.png | /media/equipment-drive/shower-trailers/20-ft-shower-trailer-5-stalls-with-handwashing-sink/shower-trailer-rear-exterior-view.png | /media/equipment-drive/shower-trailers/20-ft-shower-trailer-5-stalls-with-handwashing-sink/shower-trailer-sink-and-mirror-area.png","7","8","Compact modal previously had no title-driven equipment gallery.","Exact-title SSR template shared with dedicated pages; destroy/recreate gallery and reset on opening; no previous-state image retention.","false","","PASS","","PASS","PASS","","NOT DEPLOYED / UNVERIFIED"
"compact-map","/#state-modal=Utah","Utah Commercial Food Service Commercial Kitchen Modular Building For Rent","","kitchen-modular","","","0","0","Compact modal previously had no title-driven equipment gallery.","Exact-title SSR template shared with dedicated pages; destroy/recreate gallery and reset on opening; no previous-state image retention.","true","No matching verified photography exists for the title's equipment/configuration.","PASS","","PASS","PASS","","NOT DEPLOYED / UNVERIFIED"
"compact-map","/#state-modal=Vermont","Vermont Construction Project Kitchen Emergency Trailer Rental","","mobile-kitchen","model-12","/media/equipment-drive/mobile-kitchens/24ft-mobile-kitchen/portable-commercial-kitchen-trailer-interior.png | /media/equipment-drive/mobile-kitchens/24ft-mobile-kitchen/mobile-commercial-kitchen-entry-view.png | /media/equipment-drive/mobile-kitchens/24ft-mobile-kitchen/mobile-kitchen-trailer-prep-counter.png | /media/equipment-drive/mobile-kitchens/24ft-mobile-kitchen/commercial-six-burner-gas-range.png | /media/equipment-drive/mobile-kitchens/24ft-mobile-kitchen/mobile-kitchen-trailer-exterior-service-window.png","4","1","Compact modal previously had no title-driven equipment gallery.","Exact-title SSR template shared with dedicated pages; destroy/recreate gallery and reset on opening; no previous-state image retention.","false","","PASS","","PASS","PASS","","NOT DEPLOYED / UNVERIFIED"
"compact-map","/#state-modal=Virginia","Virginia Construction Project Kitchen Emergency Trailer Rental","","mobile-kitchen","model-12","/media/equipment-drive/mobile-kitchens/24ft-mobile-kitchen/portable-commercial-kitchen-trailer-interior.png | /media/equipment-drive/mobile-kitchens/24ft-mobile-kitchen/mobile-commercial-kitchen-entry-view.png | /media/equipment-drive/mobile-kitchens/24ft-mobile-kitchen/mobile-kitchen-trailer-prep-counter.png | /media/equipment-drive/mobile-kitchens/24ft-mobile-kitchen/commercial-six-burner-gas-range.png | /media/equipment-drive/mobile-kitchens/24ft-mobile-kitchen/mobile-kitchen-trailer-exterior-service-window.png","4","1","Compact modal previously had no title-driven equipment gallery.","Exact-title SSR template shared with dedicated pages; destroy/recreate gallery and reset on opening; no previous-state image retention.","false","","PASS","","PASS","PASS","","NOT DEPLOYED / UNVERIFIED"
"compact-map","/#state-modal=Washington","Washington Remote Operations Man Camp Temporary Facilities Rental","","unspecified","","/media/equipment-drive/sleeper-and-accommodation/20ft-accommodation-contractor/20ft-accommodation-unit-bunk-bed-interior.png | /media/equipment-drive/sleeper-and-accommodation/20ft-accommodation-contractor/20ft-mobile-accommodation-bunk-room-interior.png | /media/equipment-drive/sleeper-and-accommodation/20ft-accommodation-contractor/20ft-accommodation-unit-exterior-side-view.png | /media/equipment-drive/sleeper-and-accommodation/20ft-accommodation-contractor/20ft-portable-accommodation-unit-base-camp.png | /media/equipment-drive/mobile-kitchens/24ft-mobile-kitchen/portable-commercial-kitchen-trailer-interior.png | /media/equipment-drive/mobile-kitchens/24ft-mobile-kitchen/mobile-commercial-kitchen-entry-view.png | /media/equipment-drive/mobile-kitchens/24ft-mobile-kitchen/mobile-kitchen-trailer-prep-counter.png | /media/equipment-drive/mobile-kitchens/24ft-mobile-kitchen/commercial-six-burner-gas-range.png | /media/equipment-drive/mobile-kitchens/24ft-mobile-kitchen/mobile-kitchen-trailer-exterior-service-window.png | /media/equipment-drive/shower-trailers/20-ft-shower-trailer-5-stalls-with-handwashing-sink/mobile-shower-trailer-wash-station.png | /media/equipment-drive/shower-trailers/20-ft-shower-trailer-5-stalls-with-handwashing-sink/multi-station-shower-trailer-exterior.png | /media/equipment-drive/shower-trailers/20-ft-shower-trailer-5-stalls-with-handwashing-sink/private-shower-trailer-stall-interior.png | /media/equipment-drive/shower-trailers/20-ft-shower-trailer-5-stalls-with-handwashing-sink/shower-trailer-exterior-with-private-shower-stall.png | /media/equipment-drive/shower-trailers/20-ft-shower-trailer-5-stalls-with-handwashing-sink/shower-trailer-rear-exterior-view.png | /media/equipment-drive/shower-trailers/20-ft-shower-trailer-5-stalls-with-handwashing-sink/shower-trailer-sink-and-mirror-area.png","7","8","Compact modal previously had no title-driven equipment gallery.","Exact-title SSR template shared with dedicated pages; destroy/recreate gallery and reset on opening; no previous-state image retention.","false","","PASS","","PASS","PASS","","NOT DEPLOYED / UNVERIFIED"
"compact-map","/#state-modal=West%20Virginia","West Virginia Remote Operations Man Camp Temporary Facilities Rental","","unspecified","","/media/equipment-drive/sleeper-and-accommodation/20ft-accommodation-contractor/20ft-accommodation-unit-bunk-bed-interior.png | /media/equipment-drive/sleeper-and-accommodation/20ft-accommodation-contractor/20ft-mobile-accommodation-bunk-room-interior.png | /media/equipment-drive/sleeper-and-accommodation/20ft-accommodation-contractor/20ft-accommodation-unit-exterior-side-view.png | /media/equipment-drive/sleeper-and-accommodation/20ft-accommodation-contractor/20ft-portable-accommodation-unit-base-camp.png | /media/equipment-drive/mobile-kitchens/24ft-mobile-kitchen/portable-commercial-kitchen-trailer-interior.png | /media/equipment-drive/mobile-kitchens/24ft-mobile-kitchen/mobile-commercial-kitchen-entry-view.png | /media/equipment-drive/mobile-kitchens/24ft-mobile-kitchen/mobile-kitchen-trailer-prep-counter.png | /media/equipment-drive/mobile-kitchens/24ft-mobile-kitchen/commercial-six-burner-gas-range.png | /media/equipment-drive/mobile-kitchens/24ft-mobile-kitchen/mobile-kitchen-trailer-exterior-service-window.png | /media/equipment-drive/shower-trailers/20-ft-shower-trailer-5-stalls-with-handwashing-sink/mobile-shower-trailer-wash-station.png | /media/equipment-drive/shower-trailers/20-ft-shower-trailer-5-stalls-with-handwashing-sink/multi-station-shower-trailer-exterior.png | /media/equipment-drive/shower-trailers/20-ft-shower-trailer-5-stalls-with-handwashing-sink/private-shower-trailer-stall-interior.png | /media/equipment-drive/shower-trailers/20-ft-shower-trailer-5-stalls-with-handwashing-sink/shower-trailer-exterior-with-private-shower-stall.png | /media/equipment-drive/shower-trailers/20-ft-shower-trailer-5-stalls-with-handwashing-sink/shower-trailer-rear-exterior-view.png | /media/equipment-drive/shower-trailers/20-ft-shower-trailer-5-stalls-with-handwashing-sink/shower-trailer-sink-and-mirror-area.png","7","8","Compact modal previously had no title-driven equipment gallery.","Exact-title SSR template shared with dedicated pages; destroy/recreate gallery and reset on opening; no previous-state image retention.","false","","PASS","","PASS","PASS","","NOT DEPLOYED / UNVERIFIED"
"compact-map","/#state-modal=Wisconsin","Wisconsin Emergency Basecamp Shower Trailer Rental","","shower-trailer","model-21","/media/equipment-drive/shower-trailers/20-ft-shower-trailer-5-stalls-with-handwashing-sink/mobile-shower-trailer-wash-station.png | /media/equipment-drive/shower-trailers/20-ft-shower-trailer-5-stalls-with-handwashing-sink/multi-station-shower-trailer-exterior.png | /media/equipment-drive/shower-trailers/20-ft-shower-trailer-5-stalls-with-handwashing-sink/private-shower-trailer-stall-interior.png | /media/equipment-drive/shower-trailers/20-ft-shower-trailer-5-stalls-with-handwashing-sink/shower-trailer-exterior-with-private-shower-stall.png | /media/equipment-drive/shower-trailers/20-ft-shower-trailer-5-stalls-with-handwashing-sink/shower-trailer-rear-exterior-view.png | /media/equipment-drive/shower-trailers/20-ft-shower-trailer-5-stalls-with-handwashing-sink/shower-trailer-sink-and-mirror-area.png","1","5","Compact modal previously had no title-driven equipment gallery.","Exact-title SSR template shared with dedicated pages; destroy/recreate gallery and reset on opening; no previous-state image retention.","false","","PASS","","PASS","PASS","","NOT DEPLOYED / UNVERIFIED"
"compact-map","/#state-modal=Wyoming","Wyoming Workforce Camp Laundry Temporary Facilities Long-Term Rental","","laundry-unspecified","","/media/equipment-drive/laundry-trailers-and-containers/30ft-laundry-trailer-10-washer-dryer/mobile-laundry-trailer-commercial-washers-dryers.png | /media/equipment-drive/laundry-trailers-and-containers/20ft-laundry-container/Laundry Container 7 units 1.png | /media/equipment-drive/laundry-trailers-and-containers/20ft-laundry-container/Laundry Container 7 units 2.png | /media/equipment-drive/laundry-trailers-and-containers/20ft-laundry-container/Laundry Container 7units.png","4","0","Compact modal previously had no title-driven equipment gallery.","Exact-title SSR template shared with dedicated pages; destroy/recreate gallery and reset on opening; no previous-state image retention.","false","","PASS","","PASS","PASS","","NOT DEPLOYED / UNVERIFIED"
