kind,url,h1,intro,beforeIntro,introChanged,family,navigationWithoutImages,galleryCount,slideCount,photographyPending,httpStatus,staticResult,errors
"page","/","Temporary Facilities and Trailer RentalRent or Lease Nationwide","Plan nationwide rental or leasing of temporary facilities around the work your site needs to keep running. Compare commercial kitchen trailers, hygiene facilities, crew accommodation and supporting equipment by product type, then confirm the available configuration, utilities, delivery access and rental period. For dedicated commercial kitchen and dishwashing rentals, visit Temporary Kitchens 123. Our rental team is available 24/7; dispatch timing requires confirmation.","Rent or lease mobile commercial kitchens, shower and restroom combination trailers, shower trailers, and sleeper or bunkbed trailers. Supporting Temporary Facilities rental options include laundry, dishwashing, refrigeration, restrooms and handwashing. For dedicated commercial kitchen and dishwashing rentals, visit Temporary Kitchens 123. Emergency 24/7.","true","unspecified","false","8","34","false","200","PASS","[]"
"page","/services/","Nationwide Temporary Facility Rental Services","Explore temporary facility rental services for commercial and institutional operations. Select a service below to review its own equipment and requirements, from commercial cooking and warewashing to cold storage, hygiene and crew accommodation. Different product types are identified separately.","Bring food service, hygiene and crew facilities into one site plan. Explore the services below, then discuss how they need to work together.","true","unspecified","false","8","34","false","200","PASS","[]"
"page","/industries/","Commercial and Institutional Temporary Facility Rental","Match temporary facility rentals to the operation you need to maintain. Explore construction and workforce projects, food service and hospitality, government services or emergency response, then review the equipment and site requirements relevant to that setting.","Start with the work your team needs to keep doing. Each setting brings different requirements for food service, staff welfare and site access.","true","unspecified","false","0","0","false","200","PASS","[]"
"page","/service-areas/","USA Temporary Facilities Rental Service Areas","Find Temporary123 rental service areas across the United States. Select a state on the map, then open its regional or city guides for equipment-specific rental planning. Confirm availability and delivery arrangements for your exact site and dates.","Rent or lease Temporary Facilities with Temporary123. Rental services include mobile kitchens, hygiene facilities and workforce support in all 50 states. Emergency 24/7.","true","unspecified","true","0","0","false","200","PASS","[]"
"page","/seo-dashboard/","SEO Migration Dashboard","Review Temporary123 migration evidence, protected URLs and preview crawl checks. Indexing and authority values remain unknown until supported by their connected providers; a successful HTTP check is not proof of Google indexing.","Temporary123 · Top-25 authority pilot and preview crawl status","true","unspecified","false","0","0","false","200","PASS","[]"
"page","/rental-calculator/","Nationwide Temporary Facility Rental and Delivery Calculator","Calculate a preliminary equipment and delivery starting estimate for your selected temporary facility and trailer length. Enter the project state, city and dates for planning; final rental-period pricing, transport charges and availability require a separate quote.","Build a preliminary starting estimate for a temporary facility, trailer delivery and base-camp support anywhere in the United States.","true","unspecified","false","0","0","false","200","PASS","[]"
"page","/planning/","Bring the essentials.We’ll take it from there.","Prepare your temporary-facility project brief with the intended use, site address, available utilities, delivery access and rental dates. Review the details below before contacting the rental team.","What will the facilities support? Include occupancy, meal volume, operating hours and any special equipment needs.","true","unspecified","false","0","0","false","200","PASS","[]"
"page","/about-us/","Temporary facilities built around the work.","Temporary123 helps project teams plan temporary facilities around the operation that must continue. Equipment selection, site access, utilities and rental timing are reviewed together for construction, food service, public-service and remote-workforce projects.","Temporary123 supports construction, emergency response, government, food service and remote workforce operations with coordinated temporary facility rentals.","true","unspecified","false","0","0","false","200","PASS","[]"
"page","/blog/","Field notes for better site planning.","Use these planning guides to prepare a facility rental brief. Each guide covers a specific subject: kitchen workflow, temporary hygiene access or workforce accommodation, with the capacity, utility and delivery questions to resolve before booking.","Practical guidance for mobile kitchen rentals, restroom and shower trailers, workforce housing and temporary site support.","true","unspecified","false","0","0","false","200","PASS","[]"
"page","/contact-us/","The right facilitiesstart here.","Start your facility rental request with the equipment you need, project address, rental dates and expected users. Share available utilities and delivery restrictions so the team can review the correct configuration and availability.","Share your site, dates and requirements with Temporary123.","true","unspecified","false","0","0","false","200","PASS","[]"
"page","/privacy/","Privacy","Review the information on this page about using the Temporary123 website and contacting the business. For questions about information you provide during a rental inquiry, contact the team using the published telephone number.","This website provides information about Temporary123 services. Calling the published telephone number connects you directly with the business.","true","unspecified","false","0","0","false","200","PASS","[]"
"page","/equipment-rental/","Nationwide Temporary Facility and Equipment Rental","Compare Temporary123 equipment by its named product type and configuration. The directory separates kitchen trailers, cold storage, hygiene facilities, accommodation and site-support equipment. Review the photograph or labelled layout for each entry, then confirm the actual available unit, utilities and delivery requirements.","Compare equipment layouts and explore the facilities your operation needs. Confirm availability, access and connections with our team before selecting a unit.","true","unspecified","false","8","34","true","200","PASS","[]"
"page","/20ft-refrigeration-trailers/","20ft Refrigeration Trailer Rental","The 20ft Refrigeration Trailer option provides trailer-based refrigerated storage for temperature-sensitive supplies. Confirm temperature requirements, usable volume, loading access, electrical supply and trailer delivery space.","The 20ft Refrigeration Trailer provides temporary refrigerated or frozen storage. The reference describes adjustable temperature control and shelving configurations for different storage needs.","true","refrigerated-trailer","false","1","5","false","200","PASS","[]"
"page","/26ft-military-bulk-kitchen/","26ft Military Bulk Kitchen","Review the 26ft Military Bulk Kitchen reference for temporary high-volume food preparation. Match the proposed cooking workflow to the menu, meal periods and service volume, then confirm the actual unit length, appliance specification, utilities and transport requirements. Photographs of other kitchen sizes do not establish this model.","Explore our service areas","true","mobile-kitchen","false","0","0","false","200","PASS","[]"
"page","/2800-correctional-facilities-series/","2800 Correctional Facilities Series","Review the 2800 Correctional Facilities Series as a modular workspace option for a correctional-site project. Define staff activities, occupancy, access controls and the required room arrangement, then confirm the actual building specification, installation requirements and facility approvals with the project team.","Are you searching for a dynamic and effective workspace solution? Look no further than our cutting-edge 24’x60’ Modular Office Building, now part of the 2800 Correctional Facilities Series. At Temporary123, we recognize the significance of a well-crafted and efficient workspace, and our modular office building is meticulously designed to cater to your specific requirements.","true","unspecified","false","0","0","false","200","PASS","[]"
"page","/2800-military-series/","2800 Military Series","Review the 2800 Military Series modular workspace reference for an operational project. Specify working areas, staffing, communications, power and access requirements, then confirm the actual layout and installation scope. The series name and imagery do not establish a particular mission capability or approval.","Are you seeking an innovative and efficient workspace solution tailored specifically for military operations? Enter our groundbreaking Modular Office Building, now prominently featured in the 2800 Military Series at Temporary123. Recognizing the paramount importance of a well-designed and functional workspace in military settings, our modular office solution is meticulously crafted to meet the unique demands of tactical operations.","true","unspecified","false","0","0","false","200","PASS","[]"
"page","/4000-correctional-facilities-series/","4000 Correctional Facilities Series","Review the 4000 Correctional Facilities Series reference for a correctional-site space requirement. Confirm the actual modular layout, intended staff activities, occupancy, utilities and controlled access before planning installation. This page does not establish security performance or project approval.","","true","unspecified","false","0","0","false","200","PASS","[]"
"page","/4000-military-series/","4000 Military Series","Review the 4000 Military Series modular workspace option against your operational brief. Define staff functions, room arrangement, communications, utilities and delivery constraints, then confirm the actual configuration and installation scope with the project team.","Are you actively seeking a groundbreaking solution tailored explicitly for military operations? Look no further than our advanced Modular Office Building, prominently featured in the 4000 Military Series at Temporary123. This series is meticulously engineered to address the distinctive demands of tactical operations, providing a workspace that goes beyond conventional standards.","true","unspecified","false","0","0","false","200","PASS","[]"
"page","/40ft-military-bulk-kitchen/","40ft Military Bulk Kitchen","Review the 40ft Military Bulk Kitchen option for bulk meal preparation in a temporary feeding operation. Confirm the actual cooking line, batch-production equipment, preparation space, utilities and delivery footprint against your menu and meal volume. Reference images do not establish current availability or a military specification.","Are you in search of a cutting-edge culinary solution designed specifically for military operations? Look no further than our state-of-the-art 40ft Military Bulk Kitchen at Temporary123. We understand the critical importance of an efficiently designed and functional culinary workspace in military settings, and our bulk kitchen is meticulously crafted to cater to the specific needs of operational kitchens.","true","mobile-kitchen","false","0","0","false","200","PASS","[]"
"page","/4500-correctional-facilities-series/","4500 Correctional Facilities Series","Review the 4500 Correctional Facilities Series for the temporary space your correctional operation requires. Discuss staff workflow, occupancy, controlled access and utilities, and confirm the actual modular configuration and applicable facility requirements before booking.","Hey, champions of safety and functionality! Say hello to the trendsetting 4500 Correctional Facilities Series at Temporary123. We’re all about adding a dash of wit and wisdom to your secure spaces, transforming confinement into clever and efficient workspaces.","true","unspecified","false","0","0","false","200","PASS","[]"
"page","/4500-military-series/","4500 Military Series","Review the 4500 Military Series workspace reference for field coordination and operational planning. Confirm the room arrangement, staff capacity, communications provisions, power and site access for the actual unit. The series label alone does not establish performance or mission readiness.","Attention, commanders and strategic leaders! Brace yourselves for the pinnacle of military workspace solutions – our unparalleled 4500 Military Series at Temporary123. Geared to elevate your military operations, this series is not just about spaces; it’s about fostering excellence, adaptability, and unbridled success in every mission.","true","unspecified","false","0","0","false","200","PASS","[]"
"page","/base-camps-for-rent/","Base Camps for Rent | Modular & Scalable Housing Solutions","Plan a rented base camp with modular housing and supporting facilities sized to the workforce. Identify sleeping occupancy, meal periods, hygiene requirements and the project phases, then confirm each unit's layout, utilities, delivery method and servicing responsibilities.","Welcome to Base Camps for Rent, your reliable source for modular, scalable, and fully-equipped base camp solutions designed to support teams in remote or temporary locations. Whether your needs involve disaster relief, construction projects, or exploration missions, our base camps provide comfortable and functional accommodations to keep your team productive and secure.","true","unspecified","false","0","0","false","200","PASS","[]"
"page","/camp-management-and-design/","Camp Management and Design","Plan camp management and design around how the workforce will live and operate on site. Map accommodation, meals, hygiene, circulation and servicing, then define management responsibilities, utility requirements and delivery phases for the proposed camp.","At Temporary 123, we take pride in our commitment to excellence when it comes to designing and constructing remote lodgings. Our dedicated team understands the unique challenges of providing safe, reliable, and clean accommodations for your workforce. With a wealth of expertise, we guarantee a seamless and efficient process in creating custom-designed land camps tailored to your specific needs.","true","unspecified","false","0","0","false","200","PASS","[]"
"page","/construction-man-camp-rentals/","Construction Man Camp Rentals | Workforce Housing for Construction Sites","Plan construction man-camp rental around peak crew numbers, shift changes and the duration of the build. Coordinate sleeping accommodation, meals and hygiene without obstructing construction traffic, then confirm each facility, utility connection and servicing responsibility for the actual job site.","Welcome to Construction Man Camp Rentals, your leading provider of flexible, durable, and fully-equipped workforce housing solutions for construction job sites. Whether you need accommodations for large crews, remote projects, or temporary operations, our man camps deliver comfort, security, and scalability to meet your requirements.","true","unspecified","false","0","0","false","200","PASS","[]"
"page","/disaster-relief-man-camp-workforce-rentals/","Emergency Response Trailer Rental","Plan emergency-response trailer rental around the facilities your response team needs first. Identify the required working, sleeping, food-service or hygiene functions, site access and known utilities. The rental team must confirm available equipment, setup responsibilities and dispatch timing for the conditions you report.","Emergency 24/7 rental support helps you plan Temporary Facilities to rent or lease when essential services are interrupted. Start with mobile commercial kitchens, shower and restroom combination trailers, shower trailers, and sleeper or bunkbed trailers for response teams. Coordinate food, hygiene and rest within an emergency base camp or man camp.","true","unspecified","false","1","6","false","200","PASS","[]"
"page","/equipment-rental-refrigeration-12ft-refrigerated-trailer/","12ft Refrigeration Trailer Rental","The 12ft Refrigeration Trailer option provides trailer-based refrigerated storage for temperature-sensitive supplies. Confirm temperature requirements, usable volume, loading access, electrical supply and trailer delivery space.","The 12ft Refrigeration Trailer provides compact temporary cold storage for businesses and events with limited space. Temporary123 lists adjustable cooling, optional freezer configurations and short- or long-term rental.","true","refrigerated-trailer","false","0","0","true","200","PASS","[]"
"page","/equipment-rental/breakroom-trailer/","Breakroom trailers Rental","Plan breakroom trailer rental around the number of people using the space during each break. The drawing is a layout reference, not a photograph. Confirm seating, counters, appliances, ventilation, utilities and the actual trailer dimensions.","A place for staff to take a break. Talk through seating, appliances and the number of people using the space.","true","unspecified","false","1","1","false","200","PASS","[]"
"page","/equipment-rental/classroom-trailers/","Classroom trailers Rental","Plan classroom trailer rental around the teaching or training program, class size and seating arrangement. The displayed drawing is a classroom layout reference, not a photograph. Confirm the actual room dimensions, access, power, ventilation and delivery requirements before selecting a unit.","Temporary learning and training space. Start with class size, seating and the length of your program.","true","unspecified","false","1","1","false","200","PASS","[]"
"page","/equipment-rental/fencing-barricades-trash-receptacles/","Fencing, barricades & receptacles Rental","Plan fencing, barricades and receptacles as separate site-control and waste-management items. The catalogue view shows barricades only. Confirm the specific products, boundaries, circulation routes, placement and servicing required for your site.","Organize boundaries, circulation and waste points. Share a site plan so placement can be discussed.","true","unspecified","false","1","1","false","200","PASS","[]"
"page","/equipment-rental/generator-trailers/","Generator trailers Rental","Plan generator trailer rental around the connected equipment, starting loads and operating hours. Review the towable-generator reference and confirm output, voltage, connection arrangements, fuel, placement and servicing for the actual unit.","Temporary power for your equipment. Confirm electrical loads, connection requirements and operating hours.","true","unspecified","false","1","1","false","200","PASS","[]"
"page","/equipment-rental/laundry-trailers/","Laundry Trailer Rental","Plan laundry trailer rental around workwear volume, crew size and the washing schedule. Review trailer-based washing and drying capacity, then confirm machine layout, power, water, drainage and service access. Container-based laundry is a different product type.","Mobile laundry facilities for workforce camps, emergency operations and long-duration projects.","true","laundry-trailer","false","0","0","false","200","PASS","[]"
"page","/equipment-rental/mobile-kitchen-trailers/","Kitchen Trailer Rental","Plan commercial kitchen trailer rental around the food you prepare and the service you need to maintain. Compare cooking and preparation layouts, then confirm appliance requirements, power, potable water, drainage, ventilation clearance and trailer access for the available unit.","Commercial mobile kitchen rentals for planned projects, renovations and emergency food service.","true","mobile-kitchen","false","0","0","false","200","PASS","[]"
"page","/equipment-rental/mobile-office-trailers/","Mobile office trailers Rental","Plan mobile office trailer rental for on-site desk work and coordination. Review the office reference and confirm workstation layout, occupancy, communications, power, ventilation and delivery access for the actual unit.","Workspace at the job site. Discuss desk space, occupancy and the utilities your team needs.","true","unspecified","false","1","1","false","200","PASS","[]"
"page","/equipment-rental/modular-buildings/","Modular buildings Rental","Plan modular building rental around the activities, occupancy and space your operation needs. The image is a building-assembly reference, not a completed interior. Confirm the actual building system, room layout, utilities, transport and installation requirements.","Temporary building options for a changing operation. Share your space requirements and site details.","true","unspecified","false","1","1","false","200","PASS","[]"
"page","/equipment-rental/modular-command-center-trailers/","Military command center trailers Rental","Plan command-center trailer rental around the coordination team, working areas and communications requirements. Review the labelled layout reference, then confirm the actual room arrangement, equipment, utilities and delivery footprint. The image does not establish mission capability or installed communications systems.","A starting point for a field coordination space. Discuss your operational and equipment requirements.","true","unspecified","false","1","1","false","200","PASS","[]"
"page","/equipment-rental/ramp-rentals/","Ramp rentals","Plan ramp rental around the facility entrance, change in level and users who need access. Review the ramp and deck reference, then confirm dimensions, available approach space, installation and suitability for the specific access requirement.","Plan a suitable access route to your facilities. Confirm height, available space and user requirements.","true","unspecified","false","1","1","false","200","PASS","[]"
"page","/equipment-rental/refrigeration/","Refrigerated Trailer Rental","Plan refrigerated trailer rental around the supplies you store, required temperatures and loading schedule. Confirm usable storage volume, electrical supply and trailer access. The separately labelled 20 ft container option uses an approved shared interior reference; no container exterior is pictured.","Temporary cold storage options for ingredients, prepared food and temperature-sensitive supplies.","true","refrigerated-trailer","false","1","1","false","200","PASS","[]"
"page","/equipment-rental/restroom-trailers/","Restroom Trailer Rental","Plan restroom-only trailer rental for temporary toilet and handwashing access. Confirm stall count, accessible arrangements, privacy, water supply and wastewater servicing for the available unit. Shower/restroom combination options are separate products and do not establish a restroom-only configuration.","Restroom rental options use our shower and restroom combination trailers: 13 ft with 3 stalls, 22 ft with 6 stalls, 30 ft with 8 stalls, and accessible configurations.","true","restroom-trailer","false","0","0","false","200","PASS","[]"
"page","/equipment-rental/security-camera-trailers/","Security camera trailers Rental","Plan security-camera trailer rental around the areas you need to observe and the site operating schedule. Review placement, power, communications and monitoring responsibilities, then confirm the actual camera equipment and coverage with the supplier.","Camera trailer options for a temporary site. Discuss coverage areas, placement and monitoring needs.","true","unspecified","false","1","1","false","200","PASS","[]"
"page","/equipment-rental/shower-trailer/","Emergency Shower Trailer Rental","Plan emergency shower trailer rental around the number of users, peak washing times and hot-water demand. Confirm the available shower-only configuration, water supply, wastewater servicing and delivery access. A shower container is a separate delivery option, not the same unit as the trailer.","Shower-only options include a 22 ft trailer with 10 stalls and a 20 ft container with 5 stalls.","true","shower-trailer","false","0","0","false","200","PASS","[]"
"page","/equipment-rental/stair-rentals/","Stair rentals","Plan stair rental for access to the selected temporary facility. Confirm the entry height, available landing space, expected users and installation requirements. A ramp photograph does not establish the required stair configuration; matching stair photography is pending.","Access steps for temporary facilities. Confirm platform heights and placement before delivery.","true","unspecified","false","0","0","true","200","PASS","[]"
"page","/equipment-rental/tent-structures/","Tent rentals","Plan a temporary tent structure around the intended operation, required covered area and site conditions. Review the interior reference and confirm footprint, installation access, anchoring, utilities and the requirements applicable to the actual location.","Covered temporary space for your operation. Discuss footprint, site conditions and the intended use.","true","unspecified","false","1","1","false","200","PASS","[]"
"page","/equipment-rental/wastewater-and-freshwater-container/","Wastewater & freshwater containers Rental","Plan water-storage and wastewater containers around the volume and type of water your site must handle. The exterior tank reference does not establish potable-water or wastewater suitability. Confirm the selected tank, connections, placement, collection and servicing responsibilities.","Water storage and wastewater support. Discuss expected usage, placement and servicing arrangements.","true","unspecified","false","1","1","false","200","PASS","[]"
"page","/facility-management-and-base-operations-support/","Facility Management and Base Operations Support","Define facility management and base-operations support around the functions your site needs to maintain. Agree responsibility for accommodation services, maintenance, utilities, supplies and daily coordination, together with staffing, schedules and the scope of the proposed service agreement.","Temporary 123 provides your workforce with the life support services needed to keep them safe, secure comfortable and happy in even the most severe and difficult environments. Our base support services are all encompassing and the quality of our services and personnel is outstanding.","true","unspecified","false","0","0","false","200","PASS","[]"
"page","/food-services-2/","Food Service Kitchen Trailer Lease","Lease a kitchen trailer to maintain food preparation and cooking during a renovation, interruption or temporary food-service operation. Plan the cooking line around your menu and meal volume, then confirm preparation space, food storage, utilities, ventilation and delivery access. The gallery shows identified kitchen equipment references.","Keep your food operation connected with Temporary Facilities for rent or lease. Food service rental options lead with mobile commercial kitchens, shower and restroom combination trailers, shower trailers, and sleeper or bunkbed trailers when staff need on-site support. Build the facility mix around the service you need to maintain.","true","mobile-kitchen","false","1","5","false","200","PASS","[]"
"page","/government-and-non-government/","Acquired Government and Non-Goverment Approvals","Review the government and non-government approval information presented for Temporary123. Check the current documents, issuing organization, validity and scope for your specific procurement or project; a listed approval should not be assumed to cover every facility or service.","Temporary 123 has the following government and non-government approvals :","true","unspecified","false","0","0","false","200","PASS","[]"
"page","/government/","Government Temporary Facilities Rental","Plan government temporary facility rentals around the public service that must continue during maintenance, field work or an interruption. Specify the required working space, food-service, hygiene or accommodation functions, together with access controls and utility requirements. Confirm procurement documents and the available equipment for the actual project.","Plan public-service continuity with Temporary Facilities for rent or lease. Our rental services start with mobile commercial kitchens, shower and restroom combination trailers, shower trailers, and sleeper or bunkbed trailers. Discuss a coordinated base camp or man camp when multiple facilities are required at one location.","true","unspecified","false","1","5","false","200","PASS","[]"
"page","/government/correctional-facilities/","Correctional Facilities","Plan temporary space for correctional-facility operations, staff activities or renovation continuity. Specify the intended use, occupancy, controlled access, utilities and site constraints, then confirm the actual modular layout and applicable facility requirements. Equipment imagery does not establish security performance.","Our temporary facilities offer a secure and customizable solution for correctional facilities looking for additional space for inmates or staff. Whether you need to create space for a specific program, additional housing, or temporary facilities during renovations, our team can provide fully equipped modular units that are designed to meet the unique requirements of correctional facilities.","true","unspecified","false","0","0","false","200","PASS","[]"
"page","/government/hospitals/","Hospitals","Plan temporary facilities around the hospital function that must remain available during maintenance or disruption. Identify the required space, users, access, utilities and operating constraints, then confirm the actual equipment and project requirements. No clinical capability or healthcare approval is established by the images alone.","","true","unspecified","false","0","0","false","200","PASS","[]"
"page","/government/military-kitchen/","Military Kitchen","Plan a military-kitchen project around the feeding requirement, menu and peak meal periods. Review cooking, preparation and food-storage space, then confirm the actual appliance line, utilities, transport and project-specific requirements. Equipment selection and any required approvals must be confirmed for the proposed installation.","Temporary 123 specializes in the United States Military feeding programs. The US military kitchen equipment typically consist of double stack convection ovens, tilt kettle, tilt skillets and double stack steamers. There are other specific health code regulations of the U.S required in a military kitchen facility.","true","mobile-kitchen","false","0","0","false","200","PASS","[]"
"page","/gsa-schedule/","GSA Schedule","Review the published GSA Schedule and supplier-document information for Temporary123. Confirm current contract details, the eligible purchasing route, available services and requirements with the rental team before relying on them for a procurement.","Temporary 123 Inc. is proud to be an approved GSA Schedule Contract Holder, making it easier and faster for federal, state, and local government agencies to procure our critical mobile facility services across the U.S. and Canada.","true","unspecified","false","0","0","false","200","PASS","[]"
"page","/hospitality/","Hospitality","Discuss hospitality support for a temporary or remote workforce location. Define the required food service, housekeeping, accommodation and daily support functions, then confirm staffing, site resources, service responsibilities and the scope available for your project.","Temporary 123, delivers the same hospitality services that you’d expect at a fine hotel. Excellent food, superior housekeeping, a variety of recreational activities and more. The distinction,is that we can provide these services in some of the most remote locations around the world.","true","unspecified","false","0","0","false","200","PASS","[]"
"page","/man-camp-rental/","Man Camp Rental | Workforce Housing for Remote Sites","Plan man-camp rental for crews working at remote job sites. Match sleeping accommodation to occupancy and shift patterns, then coordinate the required food-service, hygiene and utility facilities. Confirm each product's layout, transport method and servicing plan for the site and rental period.","Welcome to Mobile Man Camp Rental, your trusted source for portable, scalable, and fully-equipped workforce housing solutions designed to meet the needs of remote and temporary job sites. Whether you’re supporting oilfield operations, construction projects, or emergency response efforts, our mobile man camps deliver flexible and comfortable accommodations to keep your team operational and productive.","true","unspecified","false","0","0","false","200","PASS","[]"
"page","/man-camps-for-rent/","Construction Trailer Rental & Base Camp Facilities","Plan construction trailer rentals and base-camp facilities around the crew's working day. Define accommodation, meal preparation, hygiene, office and utility requirements separately, then coordinate the camp layout and delivery sequence. Confirm each available product and its capacity rather than treating different facilities as one unit.","Rent or lease Temporary Facilities around your crew's working day. Construction rental plans start with mobile commercial kitchens, shower and restroom combination trailers, shower trailers, and sleeper or bunkbed accommodation. Bring meals, hygiene and rest together in one base camp or man camp plan.","true","unspecified","false","1","1","false","200","PASS","[]"
"page","/mining-man-camp-rentals/","Mining Man Camp Rentals | Workforce Housing for Mining Operations","Plan mining man-camp rentals around crew rotations, occupancy and the phases of the mining project. Coordinate accommodation and the required meal, hygiene and utility functions, then review transport access, installation space and servicing responsibilities for the actual site.","Welcome to Mining Man Camp Rentals, your premier provider of flexible, durable, and fully-equipped workforce housing solutions for mining operations. Whether you need accommodations for exploration teams, drilling crews, or mining contractors, our man camps offer comfort, reliability, and scalability to meet your project’s requirements.","true","unspecified","false","0","0","false","200","PASS","[]"
"page","/mobile-kitchen-trailer-rental/","Mobile Kitchen Trailer Rental","Rent a mobile kitchen trailer to maintain commercial food preparation and cooking while permanent facilities are unavailable. Match the cooking line and preparation space to your menu, meal volume and service schedule, then confirm utilities, ventilation, delivery access and the available trailer configuration.","At Temporary 123, we provide reliable Mobile Kitchen Trailer Rental solutions for businesses, organizations, and project teams that need a fully functional commercial kitchen in a temporary or remote location. Our experienced team helps clients select and deploy the right Mobile Kitchen Trailer based on their operational requirements, available space, project duration, and food service needs.","true","mobile-kitchen","false","0","0","false","200","PASS","[]"
"page","/mobile-man-camp-for-lease/","Mobile Man Camp for Lease | Flexible Workforce Housing Solutions","Plan a mobile man-camp lease around workforce occupancy, project duration and any anticipated relocation. Coordinate sleeping accommodation with the required food-service, hygiene and utility facilities, then confirm delivery, setup, servicing and lease responsibilities for each product.","Welcome to Mobile Man Camp for Lease, your trusted provider of flexible, modular, and fully-equipped mobile accommodations designed to meet the housing needs of your workforce in remote or dynamic locations. Whether you’re overseeing oilfield projects, large-scale construction, or disaster recovery efforts, our mobile man camps offer an adaptable and efficient housing solution for your team, wherever they may be working.","true","unspecified","false","0","0","false","200","PASS","[]"
"page","/mobile-staffing/","Mobile Staffing","Discuss mobile staffing against the specific roles, skills and work schedule your project needs. Provide the location, assignment duration, supervision arrangements and required qualifications, then confirm personnel availability and responsibilities. Certifications and deployment arrangements must be checked for the actual assignment.","Temporary 123 has the resources, experience and capabilities to provide you with skilled and unskilled personnel anywhere in the world. Our workforce is a group of well-trained professionals with wide ranging expertise in diverse fields. We can offer multinational and multilingual staff per your specific requirements. Our professionals are all certified in their fields of expertise.","true","unspecified","false","0","0","false","200","PASS","[]"
"page","/mobile-units-for-disaster-relief-special-events/","Mobile Units for Disaster Relief & Special Events","Plan mobile accommodation and support units for disaster-relief teams or special-event operations. Specify the number of users, shift or event schedule, access conditions and utilities, then confirm the available unit's sleeping layout, servicing needs and delivery timing rather than assuming a particular bed capacity.","Temporary 123’s mobile sleeping units feature 14-bed or 42-bed units complete with an optional exterior hand washing unit which allows for on-site sanitation and personal care. These completely self-sufficient units have been instrumental for wildfire crews, remote man-camps, evacuations, and quarantine situations.","true","unspecified","false","0","0","false","200","PASS","[]"
"page","/modular-kitchen-facilities/","Modular Kitchen Facilities","Plan modular kitchen facilities for temporary cooking and food preparation in a building-based layout. Define the menu, production workflow, footprint and appliance requirements, then confirm installation, utilities, access and the actual modular configuration. Kitchen trailers are a separate form factor.","","true","kitchen-modular","false","0","0","false","200","PASS","[]"
"page","/oilfield-man-camp-rentals/","Oilfield Man Camp Rentals | Workforce Housing for Oilfield Projects","Plan oilfield man-camp rentals around crew rotations and the duration of drilling, pipeline or support work. Coordinate sleeping accommodation, meals, hygiene and utilities, then confirm access, placement, servicing and the facilities available for the actual project.","Welcome to Oilfield Man Camp Rentals, your trusted source for fully-equipped and scalable workforce housing solutions tailored for oilfield operations. Whether you need accommodations for drilling crews, exploration teams, or pipeline construction workers, our man camps provide comfort, security, and efficiency to keep your operations running smoothly.","true","unspecified","false","0","0","false","200","PASS","[]"
"page","/portable-dishwashing-trailer-rental/","Dishwashing Trailer Rental","Rent dedicated dishwashing trailer capacity for serviceware, utensils and kitchen equipment. Match the wash process and rack throughput to your operation, then confirm loading space, water temperature, power, drainage and trailer placement.","Portable dishwashing facilities for high-volume sanitation and food service support.","true","dishwashing","false","0","0","false","200","PASS","[]"
"page","/portable-man-camps-for-rent/","Portable Man Camps for Rent | Flexible Workforce Housing Solutions","Compare portable man-camp rental options for temporary workforce housing. Define crew occupancy, shift patterns and the required support functions, then confirm transport method, setup space, utilities and servicing for each accommodation and facility unit.","Welcome to Portable Man Camps for Rent, your go-to provider for flexible, modular, and fully-equipped workforce housing solutions. Whether you need temporary accommodations for oilfield crews, construction teams, or disaster relief operations, our portable man camps deliver comfort, functionality, and scalability to meet your project’s demands.","true","unspecified","false","0","0","false","200","PASS","[]"
"page","/remote-basecamp-temporary-housing-rent-mobile-trailers-modular-buildings-restroom-shower-laundry-dining-temporary-building-rentals/","Remote Basecamp Temporary Housing, Mobile Trailers & Modular Building Rentals","Plan remote-basecamp temporary housing with clearly identified mobile trailers and modular-building options. Match accommodation, washing, laundry and dining requirements to the crew and operating schedule, then confirm each product's layout, delivery method, utilities and servicing for the actual site.","Temporary 123 provides complete temporary facility solutions, including remote basecamp housing, mobile trailers, modular buildings, restroom and shower trailers, laundry facilities, and temporary dining buildings for construction, emergency response, and workforce projects.","true","unspecified","false","0","0","false","200","PASS","[]"
"page","/remote-containerized-military-berthing-solution-for-rent/","Containerized Sleeper Units Rental","The Containerized Sleeper Units option provides container-based crew accommodation. Confirm the bunk layout, privacy, ventilation, occupancy and container lifting or placement requirements.","Containerized Sleeper Units provide insulated accommodation with bunk beds, climate control and personal storage. The reference describes power and lighting for longer worksites and temporary deployments.","true","sleeper-container","false","1","2","false","200","PASS","[]"
"page","/remote-man-camp-for-rent/","Remote Man Camp for Rent | Workforce Housing for Remote Locations","Plan a remote man camp for rent around the workforce that will stay on site. Separate sleeping, meal, washing and daily support needs, then review transport access, available utilities and servicing responsibilities before selecting the actual camp facilities.","Welcome to Remote Man Camp for Rent, your reliable provider of comfortable, modular, and fully-equipped accommodations designed to meet the workforce housing needs in remote locations. Whether you’re managing oilfield operations, large-scale construction projects, or emergency relief efforts, our remote man camps offer flexible and convenient housing solutions tailored to support your workforce in challenging environments.","true","unspecified","false","0","0","false","200","PASS","[]"
"page","/remote-man-camp-rental/","Remote Man Camp Rental | Workforce Housing for Remote Job Sites","Plan remote man-camp rental for the occupancy and working pattern of your job site. Coordinate accommodation with essential food-service, hygiene and utility functions, then confirm the equipment layout, transport, setup and ongoing servicing requirements.","Welcome to Remote Man Camp Rental, your trusted provider of fully-equipped and scalable workforce housing solutions for remote job sites. Whether you’re managing oilfield projects, construction operations, or emergency response efforts, our remote man camps deliver comfort, security, and efficiency to keep your team productive.","true","unspecified","false","0","0","false","200","PASS","[]"
"page","/restroom-trailer-rental/","Restroom Trailer Rental","Plan restroom trailer rental for temporary toilet and handwashing access. Match the actual restroom-only configuration to expected users, privacy and accessibility requirements, then confirm water, wastewater and servicing. Shower/restroom combination imagery is not evidence of a restroom-only unit.","At Temporary 123, we provide dependable Restroom Trailer Rental solutions for businesses, organizations, event planners, and project teams that need clean, functional restroom facilities at temporary or remote locations. Our restroom trailers are designed to provide a practical alternative when permanent restroom facilities are unavailable, undergoing renovation, or unable to accommodate increased demand.","true","restroom-trailer","false","0","0","false","200","PASS","[]"
"page","/shower-trailer-rental/","Shower Trailer Rental","Plan shower trailer rental for private washing access at a temporary site or during permanent washroom downtime. Review peak use, hot-water demand, water supply, drainage and servicing, and confirm the available shower-only stall layout separately from combination units or containers.","At Temporary 123, we provide reliable Shower Trailer Rental solutions for businesses, organizations, event planners, and project teams that need temporary shower facilities at remote or temporary locations. Our shower trailers offer a practical solution when permanent shower facilities are unavailable, undergoing renovation, or unable to support increased demand.","true","shower-trailer","false","0","0","false","200","PASS","[]"
"page","/sleeper-trailer-rental/","Sleeper Trailer Rental","Plan sleeper trailer rental around the crew's sleeping occupancy, shifts and privacy needs. Review the identified bunk-room references and confirm the actual bed layout, ventilation, utilities, trailer dimensions and placement requirements. Do not infer an unlisted chassis or capacity from an interior photograph.","At Temporary 123, we provide dependable Sleeper Trailer Rental solutions for businesses, organizations, project teams, and workforce operations that need comfortable temporary accommodations at remote or temporary locations. Our sleeper trailers provide a practical solution when permanent lodging is unavailable, limited, or unable to accommodate additional personnel.","true","sleeper-trailer","false","0","0","false","200","PASS","[]"
"page","/temporary-man-camp-solutions/","Temporary Man Camp Solutions | Portable Workforce Housing Options","Compare temporary man-camp solutions for portable workforce housing and daily site support. Define occupancy, sleeping arrangements, meals and hygiene requirements, then confirm each product, utility connection, transport method and service responsibility for the proposed camp.","Welcome to Temporary Man Camp Solutions, your premier provider of flexible, portable, and fully-equipped workforce housing for remote and temporary job sites. Whether you need accommodations for construction crews, oilfield workers, or emergency response teams, our solutions offer comfort, reliability, and scalability to meet your needs.","true","unspecified","false","0","0","false","200","PASS","[]"
"page","/turnkey-man-camp-solutions/","Turnkey Man Camp Solutions | Fully-Equipped Workforce Housing","Define a turnkey man-camp proposal around the workforce housing and support functions your project requires. Confirm which accommodation, meal, hygiene, utility, installation and management services are included, and agree delivery phases and responsibilities before booking. Turnkey scope must be confirmed for the actual project.","Welcome to Turnkey Man Camp Solutions, your trusted provider of fully-equipped, scalable, and ready-to-deploy workforce housing solutions. Whether you’re managing large construction projects, oilfield operations, or emergency response efforts, our turnkey solutions deliver comfort, security, and efficiency with minimal setup time.","true","unspecified","false","0","0","false","200","PASS","[]"
"page","/video/","Temporary 123 Videos","View the Temporary123 equipment video and image references available on this page. Match each example to its labelled facility type, then confirm the actual model, configuration and availability with the rental team; a media example does not establish a completed deployment at your location.","","true","unspecified","false","0","0","false","200","PASS","[]"
"page","/equipment-rental/handwashing-stations/","Portable Handwashing Stations Rental","Plan portable handwashing trailer rental for convenient washing access at temporary work areas. Review the identified sink-trailer views and confirm sink access, water supply, drainage, expected users and servicing. Hands-free operation must be confirmed for the actual unit.","Portable Handwashing Stations provide a dedicated wash point close to work and food-service areas. Temporary123's published drawing shows a hands-free foot pump, a basin and soap and towel dispensers.","true","handwashing-trailer","false","1","2","false","200","PASS","[]"
"page","/equipment-rental/mobile-sleep-trailers/","Sleeper Bunk-Bed Facility Rental","Plan sleeper and bunk-bed facilities around crew occupancy, shift patterns and privacy requirements. Review the identified sleeping-room references and confirm bed layout, ventilation, utilities, overall dimensions and delivery configuration before selecting an available unit.","Temporary sleeping facilities for rotating crews, remote operations and extended deployments.","true","sleeper-trailer","false","0","0","false","200","PASS","[]"
"page","/equipment-rental/mobile-crew-camps/","Mobile crew camps Rental","Plan mobile crew-camp rental around occupancy, shifts and project duration. The site-plan reference separates accommodation, meals, hygiene and supporting facilities rather than showing one combined unit. Confirm the actual products, camp footprint, utilities and servicing plan.","Plan accommodation and support facilities together. Start with crew numbers and the site layout.","true","unspecified","false","1","1","false","200","PASS","[]"
"page","/equipment-rental/refrigerated-containers/","40ft Refrigerated Container Rental","The 40ft Refrigerated Container option provides container-based refrigerated storage. Review usable space, loading access, temperature requirements, power and container placement separately from a towable trailer.","The 40ft Refrigerated Container is a container-based option for larger or longer-term cold-storage needs. The reference lists refrigeration and freezing capability with configurable shelving or racking.","true","refrigerated-container","false","1","1","false","200","PASS","[]"
"page","/equipment-rental/bunkhouse-trailers/","Bunkhouse trailers Rental","Plan bunkhouse trailer rental around crew sleeping occupancy, shifts and privacy. Review the approved bunk-room interiors and confirm the actual bed layout, ventilation, utilities, dimensions and delivery configuration. A container interior is not proof of a trailer chassis.","Discuss shared sleeping accommodation for your crew. Review occupancy, layout and the rental schedule.","true","unspecified","false","1","2","false","200","PASS","[]"
"page","/equipment-rental/dining-structure-rental/","Dining structures Rental","Plan dining-structure rental around seating, meal periods and movement between food service and the dining area. Confirm the covered space, furnishings, access and site requirements. Kitchen-fleet photographs are not dining-space photography; a matching image is pending.","Plan dining space alongside your food service operation. Discuss seating, meal periods and the site footprint.","true","unspecified","false","0","0","true","200","PASS","[]"
"page","/services/shower-restroom-combination-trailers/","Shower and Restroom Combination Trailer Rental","Compare shower and restroom combination trailers that provide washing and toilet facilities in the same product. Review the named stall configurations separately and confirm privacy, water heating, wastewater servicing, available floor plans and any required accessible arrangements.","Luxury combination trailers include 13 ft with 3 stalls, 22 ft with 6 stalls, 30 ft with 8 stalls, and accessible configurations.","true","shower-restroom-combination","false","0","0","false","200","PASS","[]"
"page","/services/mobile-kitchen-trailers/24ft/","24ft Mobile Kitchen Trailer Rental","The 24ft Mobile Kitchen Trailer option provides temporary cooking and food-preparation space. Match the cooking line and preparation layout to your menu, meal volume and service schedule, then confirm power, water, drainage and trailer access for the available unit.","The 24ft Mobile Kitchen Trailer brings cooking, refrigerated storage and preparation space into one temporary facility. Consider it when you need a complete cooking line during a renovation or an off-site event.","true","mobile-kitchen","false","1","5","false","200","PASS","[]"
"page","/services/mobile-kitchen-trailers/26ft-bulk/","26ft Bulk Mobile Kitchen Rental","The 26ft Bulk Mobile Kitchen option provides temporary cooking and food-preparation space. Match the cooking line and preparation layout to your menu, meal volume and service schedule, then confirm power, water, drainage and trailer access for the available unit.","The 26ft Bulk Mobile Kitchen is listed for larger food preparation and catering operations. Its published equipment includes fryers alongside ovens, grills, stoves, refrigeration and preparation stations.","true","mobile-kitchen","false","0","0","true","200","PASS","[]"
"page","/services/mobile-kitchen-trailers/28ft/","28ft Mobile Kitchen Trailer Rental","The 28ft Mobile Kitchen Trailer option provides temporary cooking and food-preparation space. Match the cooking line and preparation layout to your menu, meal volume and service schedule, then confirm power, water, drainage and trailer access for the available unit.","The 28ft Mobile Kitchen Trailer combines cooking appliances with refrigerated storage and preparation stations for temporary food production. The reference lists ovens, grills, fryers and stoves.","true","mobile-kitchen","false","1","7","false","200","PASS","[]"
"page","/services/mobile-kitchen-trailers/38ft/","38ft Mobile Kitchen Trailer Rental","The 38ft Mobile Kitchen Trailer option provides temporary cooking and food-preparation space. Match the cooking line and preparation layout to your menu, meal volume and service schedule, then confirm power, water, drainage and trailer access for the available unit.","The 38ft Mobile Kitchen Trailer is listed for large cooking operations, with ovens, stoves, grills, fryers, refrigerators, freezers and preparation space.","true","mobile-kitchen","false","1","2","false","200","PASS","[]"
"page","/services/mobile-kitchen-trailers/40ft/","40ft Mobile Kitchen Trailer Rental","The 40ft Mobile Kitchen Trailer option provides temporary cooking and food-preparation space. Match the cooking line and preparation layout to your menu, meal volume and service schedule, then confirm power, water, drainage and trailer access for the available unit.","The 40ft Mobile Kitchen Trailer provides a longer-format facility for food preparation, cooking and cold storage. Its listing includes ovens, stoves, grills, fryers, refrigerators and freezers.","true","mobile-kitchen","false","1","8","false","200","PASS","[]"
"page","/services/mobile-kitchen-trailers/40ft-combination/","40ft Combination Mobile Kitchen Rental","The 40ft Combination Mobile Kitchen option provides temporary cooking and food-preparation space. Match the cooking line and preparation layout to your menu, meal volume and service schedule, then confirm power, water, drainage and trailer access for the available unit.","The 40ft Combination Mobile Kitchen combines cooking, preparation and storage functions. Steamers appear in the published equipment list alongside ovens, stoves, grills, fryers and refrigeration.","true","mobile-kitchen","false","1","8","false","200","PASS","[]"
"page","/services/mobile-kitchen-trailers/40ft-bulk-combination/","40ft Bulk Combination Mobile Kitchen Rental","The 40ft Bulk Combination Mobile Kitchen option provides temporary cooking and food-preparation space. Match the cooking line and preparation layout to your menu, meal volume and service schedule, then confirm power, water, drainage and trailer access for the available unit.","The 40ft Bulk Combination Mobile Kitchen is described for bulk food production. The listed appliance types include industrial ovens, stoves, grills, fryers, steamers and refrigeration.","true","mobile-kitchen","false","1","6","false","200","PASS","[]"
"page","/services/dishwashing-trailers/22ft/","22ft Dishwashing Trailer Rental","The 22ft Dishwashing Trailer option provides dedicated space for washing serviceware and kitchen utensils. Match the washing process and throughput to your operation, then confirm loading space, hot-water supply, power and drainage.","The 22ft Dishwashing Trailer provides a dedicated space for cleaning plates, utensils and cookware during temporary food service. Its published layout separates washing, rinsing and drying, with commercial dishwashing equipment and hot-water provision.","true","dishwashing","false","0","0","true","200","PASS","[]"
"page","/services/dishwashing-trailers/24ft/","24ft Dishwashing Trailer Rental","The 24ft Dishwashing Trailer option provides dedicated space for washing serviceware and kitchen utensils. Match the washing process and throughput to your operation, then confirm loading space, hot-water supply, power and drainage.","The 24ft Dishwashing Trailer is listed with commercial warewashing equipment, hot-water sanitation and separate wash, rinse and drying stations. It supports dish handling for catering, events and remote food service.","true","dishwashing","false","0","0","true","200","PASS","[]"
"page","/services/dishwashing-trailers/26ft/","26ft Dishwashing Trailer Rental","The 26ft Dishwashing Trailer option provides dedicated space for washing serviceware and kitchen utensils. Match the washing process and throughput to your operation, then confirm loading space, hot-water supply, power and drainage.","The 26ft Dishwashing Trailer supports commercial dish cleaning with dedicated washing, rinsing and drying stations. The reference describes hot-water provision, water supply, waste storage and power connections.","true","dishwashing","false","0","0","true","200","PASS","[]"
"page","/services/dishwashing-trailers/38ft-conveyor/","38ft Conveyor Dishwashing Trailer Rental","The 38ft Conveyor Dishwashing Trailer option provides dedicated space for washing serviceware and kitchen utensils. Match the washing process and throughput to your operation, then confirm loading space, hot-water supply, power and drainage.","The 38ft Conveyor Dishwashing Trailer uses a conveyor system to move dishes through the cleaning process. It is the conveyor option in this range, intended for sustained dish returns at larger food-service operations.","true","dishwashing","false","1","10","false","200","PASS","[]"
"page","/services/shower-trailers/22ft-10-stall/","22 ft 10-Stall Shower Trailer Rental","The 22 ft Shower Trailer, 10 Stalls option provides shower-only washing facilities for temporary sites and interrupted permanent washrooms. Confirm the available stall layout, peak use, hot-water supply, drainage and servicing. Shower/restroom combinations are separate products.","Temporary123 offers one shower-only configuration: a 22 ft mobile shower trailer with 10 stalls. It is available for rental or lease planning for construction sites, man camps, renovations and emergency base camps.","true","shower-trailer","false","0","0","true","200","PASS","[]"
"page","/services/shower-containers/20ft-5-stall/","20 ft 5-Stall Shower Container Rental","The 20 ft Shower Container, 5 Stalls option provides washing facilities in a container-based unit. Review the shower layout, hot-water supply, drainage and container access; its delivery method differs from a shower trailer.","Temporary123 offers a 20 ft mobile shower container with 5 stalls for rental or lease planning. It can support construction sites, man camps, renovations and emergency base camps when a containerized layout suits the delivery plan.","true","shower-container","false","1","3","false","200","PASS","[]"
"page","/services/shower-restroom-combination-trailers/13ft-3-stall/","13 ft 3-Stall Shower and Restroom Combination Trailer Rental","The 13 ft Luxury Shower and Restroom Combination Trailer, 3 Stalls option combines shower and toilet facilities in the named trailer option. Confirm the stall arrangement, privacy, water heating, wastewater capacity and service access for the actual unit.","Temporary123 offers the 13 ft luxury shower and restroom combination trailer, 3 stalls for rental or lease planning. The published client equipment schedule identifies the trailer length and total stall capacity shown on this page.","true","shower-restroom-combination","false","1","2","false","200","PASS","[]"
"page","/services/shower-restroom-combination-trailers/22ft-6-stall/","22 ft 6-Stall Shower and Restroom Combination Trailer Rental","The 22 ft Luxury Shower and Restroom Combination Trailer, 6 Stalls option combines shower and toilet facilities in the named trailer option. Confirm the stall arrangement, privacy, water heating, wastewater capacity and service access for the actual unit.","Temporary123 offers the 22 ft luxury shower and restroom combination trailer, 6 stalls for rental or lease planning. The published client equipment schedule identifies the trailer length and total stall capacity shown on this page.","true","shower-restroom-combination","false","1","5","false","200","PASS","[]"
"page","/services/shower-restroom-combination-trailers/30ft-8-stall/","30 ft 8-Stall Shower and Restroom Combination Trailer Rental","The 30 ft Luxury Shower and Restroom Combination Trailer, 8 Stalls option combines shower and toilet facilities in the named trailer option. Confirm the stall arrangement, privacy, water heating, wastewater capacity and service access for the actual unit.","Temporary123 offers the 30 ft luxury shower and restroom combination trailer, 8 stalls for rental or lease planning. The published client equipment schedule identifies the trailer length and total stall capacity shown on this page.","true","shower-restroom-combination","false","0","0","true","200","PASS","[]"
"page","/services/shower-restroom-combination-trailers/3-stall-1-ada/","ADA Shower and Restroom Combination Trailer Rental","The Luxury Shower and Restroom Combination Trailer, 3 Stalls + 1 ADA option is an accessible shower-and-restroom combination option for project planning. Confirm the actual accessible room, access route, ramp, floor plan and dimensions; catalogue imagery alone does not verify those features.","Temporary123 offers the luxury shower and restroom combination trailer, 3 stalls + 1 ada for rental or lease planning. The published client equipment schedule identifies the trailer length and total stall capacity shown on this page.","true","ada-combination","false","0","0","true","200","FAIL","[""Head metadata changed""]"
"page","/services/shower-restroom-combination-trailers/8-stall-1-ada/","ADA Shower and Restroom Combination Trailer Rental","The Luxury Shower and Restroom Combination Trailer, 8 Stalls + 1 ADA option is an accessible shower-and-restroom combination option for project planning. Confirm the actual accessible room, access route, ramp, floor plan and dimensions; catalogue imagery alone does not verify those features.","Temporary123 offers the luxury shower and restroom combination trailer, 8 stalls + 1 ada for rental or lease planning. The published client equipment schedule identifies the trailer length and total stall capacity shown on this page.","true","ada-combination","false","0","0","true","200","FAIL","[""Head metadata changed""]"
"page","/services/mobile-sleeper-trailers/20ft-shared/","20ft Shared Sleeper Trailer Rental","The 20ft Shared Sleeper Trailer option provides temporary crew sleeping space between shifts. Review bed layout, privacy, ventilation, occupancy and placement; interior reference images do not establish an unlisted trailer length.","The 20ft Shared Sleeper Trailer provides communal sleeping accommodation with bunks or sleeping pods. Heating and air conditioning are described in the listing, along with power and utility systems.","true","sleeper-trailer","false","0","0","true","200","PASS","[]"
"page","/services/mobile-sleeper-trailers/20ft-contractor/","20ft Contractor Sleeper Trailer Rental","The 20ft Contractor Sleeper Trailer option provides contractor sleeping accommodation for extended assignments. Confirm the bunk layout, occupancy, ventilation and delivery form factor; an interior view does not establish the chassis.","The 20ft Contractor Sleeper Trailer is described with individual sleeping areas, heating, air conditioning and storage for personal belongings or work equipment.","true","contractor-accommodation","false","1","2","false","200","PASS","[]"
"page","/services/mobile-sleeper-trailers/20ft-vip/","20ft VIP Sleeper Trailer Rental","The 20ft VIP Sleeper Trailer option provides private-room accommodation rather than communal bunk sleeping. Confirm the room layout, furnishings, utilities and actual delivery configuration before booking.","The 20ft VIP Sleeper Trailer is listed with a private sleeping area, bathroom, kitchenette and space for work or relaxation. Heating and air conditioning support the accommodation.","true","vip-accommodation","false","1","1","false","200","PASS","[]"
"page","/services/laundry-trailers/24ft/","24ft Mobile Laundry Trailer Rental","The 24ft Mobile Laundry Trailer option provides trailer-based washing and drying space for crew laundry. Match machine capacity and washing schedules to the laundry volume, then confirm power, water, drainage and service access.","The 24ft Mobile Laundry Trailer brings industrial washers and dryers to temporary sites. The reference describes space for multiple users, with water-system and power connections for on-site laundry.","true","laundry-trailer","false","0","0","true","200","PASS","[]"
"page","/services/laundry-trailers/30ft/","30ft Mobile Laundry Trailer Rental","The 30ft Mobile Laundry Trailer option provides trailer-based washing and drying space for crew laundry. Match machine capacity and washing schedules to the laundry volume, then confirm power, water, drainage and service access.","The 30ft Mobile Laundry Trailer is listed with industrial washers and dryers and a larger interior work area. It is an option for workforce camps, response operations and projects with recurring laundry demand.","true","laundry-trailer","false","1","1","false","200","PASS","[]"
"page","/services/handwashing-trailers/hands-free/","Hands-Free Handwashing Stations Rental","Plan hands-free handwashing facilities around the required operating method, users and available water and drainage. Confirm the actual foot-operated or sensor-operated equipment with the rental team. Generic sink-trailer photographs do not verify hands-free operation.","Hands-Free Handwashing Stations use a foot pump to operate the water supply. The published Temporary123 equipment drawing shows a basin with soap and hand-towel dispensers.","true","handwashing-trailer","false","0","0","true","200","PASS","[]"
"page","/service-areas/alabama/north-alabama/","North Alabama, Alabama Accessible Commercial Site ADA Shower and Restroom Combination Trailer Leasing","Arrange ADA shower and restroom combination leasing in North Alabama, Alabama for commercial sites with accessibility requirements. Review accessible washing and toilet facilities, the access route, ramp and room layout. The catalogue reference does not show the accessible room or ramp; confirm those features and the actual configuration before booking. For sites near Huntsville or Florence, provide the exact delivery address and access details.","Rent or lease Temporary Facilities in North Alabama, Alabama. Teams planning work in North Alabama, Alabama can arrange temporary facilities around the site's access, occupancy and schedule. Rent mobile kitchens, shower and restroom combination trailers, and sleeper or bunkbed trailers when the project needs a reliable base camp.","true","ada-combination","false","1","1","false","200","FAIL","[""Head metadata changed""]"
"page","/service-areas/alabama/central-alabama/","Central Alabama, Alabama Workforce Camp Laundry Temporary Facilities Long-Term Rental","Arrange temporary laundry facilities long-term rental in Central Alabama, Alabama for workforce camps. Compare the separately labelled 30 ft laundry trailer and 20 ft laundry container interiors. Match washing and drying requirements to crew size, laundry volume, utilities and the appropriate delivery method. For sites near Birmingham or Montgomery, provide the exact delivery address and access details.","Rent or lease Temporary Facilities in Central Alabama, Alabama. A Central Alabama project in Alabama may need a temporary facility plan that connects food service, hygiene and crew support. Compare short-term rental options with a longer lease, then confirm delivery access and utility requirements for the exact site.","true","laundry-unspecified","false","2","4","false","200","FAIL","[""Head metadata changed""]"
"page","/service-areas/alabama/wiregrass/","Wiregrass, Alabama Construction Project Kitchen Emergency Trailer Rental","Arrange commercial kitchen trailer rental in Wiregrass, Alabama for construction projects. Plan cooking and preparation space around your menu, meal volume and service schedule. Confirm the cooking line, power, potable water, drainage and trailer access. For sites near Dothan or Enterprise, provide the exact delivery address and access details.","Rent or lease Temporary Facilities in Wiregrass, Alabama. For work across Wiregrass, Alabama, Temporary123 helps project teams plan rental facilities before mobilization. The conversation can cover mobile commercial kitchens, 22 ft 10-stall shower trailers, combination units and sleeper or bunkbed rentals for short or extended assignments.","true","mobile-kitchen","false","1","5","false","200","FAIL","[""Head metadata changed""]"
"page","/service-areas/alabama/gulf-coast/","Gulf Coast, Alabama Commercial Food Service Commercial Kitchen Modular Building For Rent","Arrange commercial kitchen modular building rental in Gulf Coast, Alabama for your operation. Plan the cooking and preparation building around the menu, workflow, installation footprint and utilities. Confirm the modular layout; kitchen-trailer photographs are not a substitute for building imagery. For sites near Mobile or Gulf Shores, provide the exact delivery address and access details.","Rent or lease Temporary Facilities in Gulf Coast, Alabama. Project managers in Gulf Coast, Alabama can use a temporary facilities rental plan to keep crews supported during construction, renovation or remote work. Review the site route, equipment footprint and servicing plan before choosing a rent or lease arrangement.","true","kitchen-modular","false","0","0","true","200","FAIL","[""Head metadata changed""]"
"page","/service-areas/alaska/southcentral/","Southcentral, Alaska Accessible Commercial Site ADA Shower and Restroom Combination Trailer Leasing","Arrange ADA shower and restroom combination leasing in Southcentral, Alaska for commercial sites with accessibility requirements. Review accessible washing and toilet facilities, the access route, ramp and room layout. The catalogue reference does not show the accessible room or ramp; confirm those features and the actual configuration before booking. For sites near Anchorage or Palmer, provide the exact delivery address and access details.","Rent or lease Temporary Facilities in Southcentral, Alaska. Teams planning work in Southcentral, Alaska can arrange temporary facilities around the site's access, occupancy and schedule. Rent mobile kitchens, shower and restroom combination trailers, and sleeper or bunkbed trailers when the project needs a reliable base camp.","true","ada-combination","false","1","1","false","200","FAIL","[""Head metadata changed""]"
"page","/service-areas/alaska/interior/","Interior, Alaska Workforce Camp Laundry Temporary Facilities Long-Term Rental","Arrange temporary laundry facilities long-term rental in Interior, Alaska for workforce camps. Compare the separately labelled 30 ft laundry trailer and 20 ft laundry container interiors. Match washing and drying requirements to crew size, laundry volume, utilities and the appropriate delivery method. For sites near Fairbanks or Delta Junction, provide the exact delivery address and access details.","Rent or lease Temporary Facilities in Interior, Alaska. A Interior project in Alaska may need a temporary facility plan that connects food service, hygiene and crew support. Compare short-term rental options with a longer lease, then confirm delivery access and utility requirements for the exact site.","true","laundry-unspecified","false","2","4","false","200","FAIL","[""Head metadata changed""]"
"page","/service-areas/alaska/southeast/","Southeast, Alaska Construction Project Kitchen Emergency Trailer Rental","Arrange commercial kitchen trailer rental in Southeast, Alaska for construction projects. Plan cooking and preparation space around your menu, meal volume and service schedule. Confirm the cooking line, power, potable water, drainage and trailer access. For sites near Juneau or Ketchikan, provide the exact delivery address and access details.","Rent or lease Temporary Facilities in Southeast, Alaska. For work across Southeast, Alaska, Temporary123 helps project teams plan rental facilities before mobilization. The conversation can cover mobile commercial kitchens, 22 ft 10-stall shower trailers, combination units and sleeper or bunkbed rentals for short or extended assignments.","true","mobile-kitchen","false","1","5","false","200","FAIL","[""Head metadata changed""]"
"page","/service-areas/alaska/southwest/","Southwest, Alaska Commercial Food Service Commercial Kitchen Modular Building For Rent","Arrange commercial kitchen modular building rental in Southwest, Alaska for your operation. Plan the cooking and preparation building around the menu, workflow, installation footprint and utilities. Confirm the modular layout; kitchen-trailer photographs are not a substitute for building imagery. For sites near Bethel or Dillingham, provide the exact delivery address and access details.","Rent or lease Temporary Facilities in Southwest, Alaska. Project managers in Southwest, Alaska can use a temporary facilities rental plan to keep crews supported during construction, renovation or remote work. Review the site route, equipment footprint and servicing plan before choosing a rent or lease arrangement.","true","kitchen-modular","false","0","0","true","200","FAIL","[""Head metadata changed""]"
"page","/service-areas/alaska/arctic/","Arctic, Alaska Workforce Housing Sleeper Bunk-Bed Facility Leasing","Arrange sleeper and bunk-bed facilities leasing in Arctic, Alaska for crews working away from home. Plan sleeping space around occupancy, shifts, privacy and ventilation. Bunk-room photos are references; confirm the available layout, trailer dimensions and delivery access. For sites near Utqiagvik or Kotzebue, provide the exact delivery address and access details.","Rent or lease Temporary Facilities in Arctic, Alaska. When a site is located in Arctic, Alaska, a coordinated temporary facility rental keeps the next phase moving. Discuss kitchen capacity, shower and restroom combinations, sleeper or bunkbed trailers and the delivery sequence with our team.","true","sleeper-trailer","false","1","2","false","200","FAIL","[""Head metadata changed""]"
"page","/service-areas/arizona/northern-arizona/","Northern Arizona, Arizona Institutional Facility Shower and Restroom Combination Trailer For Rent","Arrange shower and restroom combination trailer rental in Northern Arizona, Arizona for institutional operations. Plan shower and toilet access together, with privacy, stall layout, water heating and wastewater servicing. Match the required combination configuration to its identified equipment reference. For sites near Flagstaff or Prescott, provide the exact delivery address and access details.","Rent or lease Temporary Facilities in Northern Arizona, Arizona. Teams planning work in Northern Arizona, Arizona can arrange temporary facilities around the site's access, occupancy and schedule. Rent mobile kitchens, shower and restroom combination trailers, and sleeper or bunkbed trailers when the project needs a reliable base camp.","true","shower-restroom-combination","false","1","5","false","200","FAIL","[""Head metadata changed""]"
"page","/service-areas/arizona/phoenix-area/","Phoenix area, Arizona Accessible Commercial Site ADA Shower and Restroom Combination Trailer Leasing","Arrange ADA shower and restroom combination leasing in Phoenix area, Arizona for commercial sites with accessibility requirements. Review accessible washing and toilet facilities, the access route, ramp and room layout. The catalogue reference does not show the accessible room or ramp; confirm those features and the actual configuration before booking. For sites near Phoenix or Mesa, provide the exact delivery address and access details.","Rent or lease Temporary Facilities in Phoenix area, Arizona. A Phoenix area project in Arizona may need a temporary facility plan that connects food service, hygiene and crew support. Compare short-term rental options with a longer lease, then confirm delivery access and utility requirements for the exact site.","true","ada-combination","false","1","1","false","200","FAIL","[""Head metadata changed""]"
"page","/service-areas/arizona/southern-arizona/","Southern Arizona, Arizona Workforce Camp Laundry Temporary Facilities Long-Term Rental","Arrange temporary laundry facilities long-term rental in Southern Arizona, Arizona for workforce camps. Compare the separately labelled 30 ft laundry trailer and 20 ft laundry container interiors. Match washing and drying requirements to crew size, laundry volume, utilities and the appropriate delivery method. For sites near Tucson or Sierra Vista, provide the exact delivery address and access details.","Rent or lease Temporary Facilities in Southern Arizona, Arizona. For work across Southern Arizona, Arizona, Temporary123 helps project teams plan rental facilities before mobilization. The conversation can cover mobile commercial kitchens, 22 ft 10-stall shower trailers, combination units and sleeper or bunkbed rentals for short or extended assignments.","true","laundry-unspecified","false","2","4","false","200","FAIL","[""Head metadata changed""]"
"page","/service-areas/arkansas/ozarks/","Ozarks, Arkansas Commercial Food Service Commercial Kitchen Modular Building For Rent","Arrange commercial kitchen modular building rental in Ozarks, Arkansas for your operation. Plan the cooking and preparation building around the menu, workflow, installation footprint and utilities. Confirm the modular layout; kitchen-trailer photographs are not a substitute for building imagery. For sites near Fayetteville or Mountain Home, provide the exact delivery address and access details.","Rent or lease Temporary Facilities in Ozarks, Arkansas. Teams planning work in Ozarks, Arkansas can arrange temporary facilities around the site's access, occupancy and schedule. Rent mobile kitchens, shower and restroom combination trailers, and sleeper or bunkbed trailers when the project needs a reliable base camp.","true","kitchen-modular","false","0","0","true","200","FAIL","[""Head metadata changed""]"
"page","/service-areas/arkansas/arkansas-river-valley/","Arkansas River Valley, Arkansas Workforce Housing Sleeper Bunk-Bed Facility Leasing","Arrange sleeper and bunk-bed facilities leasing in Arkansas River Valley, Arkansas for crews working away from home. Plan sleeping space around occupancy, shifts, privacy and ventilation. Bunk-room photos are references; confirm the available layout, trailer dimensions and delivery access. For sites near Fort Smith or Russellville, provide the exact delivery address and access details.","Rent or lease Temporary Facilities in Arkansas River Valley, Arkansas. A Arkansas River Valley project in Arkansas may need a temporary facility plan that connects food service, hygiene and crew support. Compare short-term rental options with a longer lease, then confirm delivery access and utility requirements for the exact site.","true","sleeper-trailer","false","1","2","false","200","FAIL","[""Head metadata changed""]"
"page","/service-areas/arkansas/delta/","Delta, Arkansas Remote Operations Man Camp Temporary Facilities Rental","Plan man-camp temporary facilities in Delta, Arkansas for remote operations. Compare the separately labelled office/sleeper/shower-restroom trailer, 38 ft all-electric kitchen reference and shower-only trailer. Coordinate accommodation, food preparation, hygiene, utilities and delivery while confirming each product's actual layout. For sites near Jonesboro or Helena-West Helena, provide the exact delivery address and access details.","Rent or lease Temporary Facilities in Delta, Arkansas. For work across Delta, Arkansas, Temporary123 helps project teams plan rental facilities before mobilization. The conversation can cover mobile commercial kitchens, 22 ft 10-stall shower trailers, combination units and sleeper or bunkbed rentals for short or extended assignments.","true","unspecified","false","3","8","false","200","FAIL","[""Head metadata changed""]"
"page","/service-areas/arkansas/southwest-arkansas/","Southwest Arkansas, Arkansas Emergency Basecamp Shower Trailer Rental","Arrange shower-only trailer rental in Southwest Arkansas, Arkansas for emergency basecamps. Plan private washing facilities around peak use, hot-water supply, water connections, wastewater and servicing access. The gallery identifies its reference unit; confirm the actual available shower-only layout. For sites near Texarkana or El Dorado, provide the exact delivery address and access details.","Rent or lease Temporary Facilities in Southwest Arkansas, Arkansas. Project managers in Southwest Arkansas, Arkansas can use a temporary facilities rental plan to keep crews supported during construction, renovation or remote work. Review the site route, equipment footprint and servicing plan before choosing a rent or lease arrangement.","true","shower-trailer","false","1","6","false","200","FAIL","[""Head metadata changed""]"
"page","/service-areas/california/north-coast/","North Coast, California Remote Operations Man Camp Temporary Facilities Rental","Plan man-camp temporary facilities in North Coast, California for remote operations. Compare the separately labelled office/sleeper/shower-restroom trailer, 38 ft all-electric kitchen reference and shower-only trailer. Coordinate accommodation, food preparation, hygiene, utilities and delivery while confirming each product's actual layout. For sites near Eureka or Crescent City, provide the exact delivery address and access details.","Rent or lease Temporary Facilities in North Coast, California. Teams planning work in North Coast, California can arrange temporary facilities around the site's access, occupancy and schedule. Rent mobile kitchens, shower and restroom combination trailers, and sleeper or bunkbed trailers when the project needs a reliable base camp.","true","unspecified","false","3","8","false","200","FAIL","[""Head metadata changed""]"
"page","/service-areas/california/bay-area/","Bay Area, California Emergency Basecamp Shower Trailer Rental","Arrange shower-only trailer rental in Bay Area, California for emergency basecamps. Plan private washing facilities around peak use, hot-water supply, water connections, wastewater and servicing access. The gallery identifies its reference unit; confirm the actual available shower-only layout. For sites near San Francisco or Oakland, provide the exact delivery address and access details.","Rent or lease Temporary Facilities in Bay Area, California. A Bay Area project in California may need a temporary facility plan that connects food service, hygiene and crew support. Compare short-term rental options with a longer lease, then confirm delivery access and utility requirements for the exact site.","true","shower-trailer","false","1","6","false","200","FAIL","[""Head metadata changed""]"
"page","/service-areas/california/central-valley/","Central Valley, California Institutional Facility Shower and Restroom Combination Trailer For Rent","Arrange shower and restroom combination trailer rental in Central Valley, California for institutional operations. Plan shower and toilet access together, with privacy, stall layout, water heating and wastewater servicing. Match the required combination configuration to its identified equipment reference. For sites near Fresno or Bakersfield, provide the exact delivery address and access details.","Rent or lease Temporary Facilities in Central Valley, California. For work across Central Valley, California, Temporary123 helps project teams plan rental facilities before mobilization. The conversation can cover mobile commercial kitchens, 22 ft 10-stall shower trailers, combination units and sleeper or bunkbed rentals for short or extended assignments.","true","shower-restroom-combination","false","1","5","false","200","FAIL","[""Head metadata changed""]"
"page","/service-areas/california/los-angeles-basin/","Los Angeles Basin, California Accessible Commercial Site ADA Shower and Restroom Combination Trailer Leasing","Arrange ADA shower and restroom combination leasing in Los Angeles Basin, California for commercial sites with accessibility requirements. Review accessible washing and toilet facilities, the access route, ramp and room layout. The catalogue reference does not show the accessible room or ramp; confirm those features and the actual configuration before booking. For sites near Los Angeles or Long Beach, provide the exact delivery address and access details.","Rent or lease Temporary Facilities in Los Angeles Basin, California. Project managers in Los Angeles Basin, California can use a temporary facilities rental plan to keep crews supported during construction, renovation or remote work. Review the site route, equipment footprint and servicing plan before choosing a rent or lease arrangement.","true","ada-combination","false","1","1","false","200","FAIL","[""Head metadata changed""]"
"page","/service-areas/california/inland-empire/","Inland Empire, California Workforce Camp Laundry Temporary Facilities Long-Term Rental","Arrange temporary laundry facilities long-term rental in Inland Empire, California for workforce camps. Compare the separately labelled 30 ft laundry trailer and 20 ft laundry container interiors. Match washing and drying requirements to crew size, laundry volume, utilities and the appropriate delivery method. For sites near Riverside or San Bernardino, provide the exact delivery address and access details.","Rent or lease Temporary Facilities in Inland Empire, California. When a site is located in Inland Empire, California, a coordinated temporary facility rental keeps the next phase moving. Discuss kitchen capacity, shower and restroom combinations, sleeper or bunkbed trailers and the delivery sequence with our team.","true","laundry-unspecified","false","2","4","false","200","FAIL","[""Head metadata changed""]"
"page","/service-areas/california/san-diego/","San Diego, California Construction Project Kitchen Emergency Trailer Rental","Arrange commercial kitchen trailer rental in San Diego, California for construction projects. Plan cooking and preparation space around your menu, meal volume and service schedule. Confirm the cooking line, power, potable water, drainage and trailer access. For sites near San Diego or Oceanside, provide the exact delivery address and access details.","Rent or lease Temporary Facilities in San Diego, California. A clear rental brief for San Diego, California should name the work area, crew size and operating dates. Temporary123 can help compare mobile kitchen, hygiene and sleeper trailer options for a short-term rent or a longer lease.","true","mobile-kitchen","false","1","5","false","200","FAIL","[""Head metadata changed""]"
"page","/service-areas/colorado/front-range/","Front Range, Colorado Emergency Basecamp Shower Trailer Rental","Arrange shower-only trailer rental in Front Range, Colorado for emergency basecamps. Plan private washing facilities around peak use, hot-water supply, water connections, wastewater and servicing access. The gallery identifies its reference unit; confirm the actual available shower-only layout. For sites near Denver or Colorado Springs, provide the exact delivery address and access details.","Rent or lease Temporary Facilities in Front Range, Colorado. Teams planning work in Front Range, Colorado can arrange temporary facilities around the site's access, occupancy and schedule. Rent mobile kitchens, shower and restroom combination trailers, and sleeper or bunkbed trailers when the project needs a reliable base camp.","true","shower-trailer","false","1","6","false","200","FAIL","[""Head metadata changed""]"
"page","/service-areas/colorado/western-slope/","Western Slope, Colorado Institutional Facility Shower and Restroom Combination Trailer For Rent","Arrange shower and restroom combination trailer rental in Western Slope, Colorado for institutional operations. Plan shower and toilet access together, with privacy, stall layout, water heating and wastewater servicing. Match the required combination configuration to its identified equipment reference. For sites near Grand Junction or Durango, provide the exact delivery address and access details.","Rent or lease Temporary Facilities in Western Slope, Colorado. A Western Slope project in Colorado may need a temporary facility plan that connects food service, hygiene and crew support. Compare short-term rental options with a longer lease, then confirm delivery access and utility requirements for the exact site.","true","shower-restroom-combination","false","1","5","false","200","FAIL","[""Head metadata changed""]"
"page","/service-areas/colorado/eastern-plains/","Eastern Plains, Colorado Accessible Commercial Site ADA Shower and Restroom Combination Trailer Leasing","Arrange ADA shower and restroom combination leasing in Eastern Plains, Colorado for commercial sites with accessibility requirements. Review accessible washing and toilet facilities, the access route, ramp and room layout. The catalogue reference does not show the accessible room or ramp; confirm those features and the actual configuration before booking. For sites near Sterling or Burlington, provide the exact delivery address and access details.","Rent or lease Temporary Facilities in Eastern Plains, Colorado. For work across Eastern Plains, Colorado, Temporary123 helps project teams plan rental facilities before mobilization. The conversation can cover mobile commercial kitchens, 22 ft 10-stall shower trailers, combination units and sleeper or bunkbed rentals for short or extended assignments.","true","ada-combination","false","1","1","false","200","FAIL","[""Head metadata changed""]"
"page","/service-areas/colorado/san-luis-valley/","San Luis Valley, Colorado Workforce Camp Laundry Temporary Facilities Long-Term Rental","Arrange temporary laundry facilities long-term rental in San Luis Valley, Colorado for workforce camps. Compare the separately labelled 30 ft laundry trailer and 20 ft laundry container interiors. Match washing and drying requirements to crew size, laundry volume, utilities and the appropriate delivery method. For sites near Alamosa or Monte Vista, provide the exact delivery address and access details.","Rent or lease Temporary Facilities in San Luis Valley, Colorado. Project managers in San Luis Valley, Colorado can use a temporary facilities rental plan to keep crews supported during construction, renovation or remote work. Review the site route, equipment footprint and servicing plan before choosing a rent or lease arrangement.","true","laundry-unspecified","false","2","4","false","200","FAIL","[""Head metadata changed""]"
"page","/service-areas/connecticut/litchfield-hills/","Litchfield Hills, Connecticut Construction Project Kitchen Emergency Trailer Rental","Arrange commercial kitchen trailer rental in Litchfield Hills, Connecticut for construction projects. Plan cooking and preparation space around your menu, meal volume and service schedule. Confirm the cooking line, power, potable water, drainage and trailer access. For sites near Torrington or New Milford, provide the exact delivery address and access details.","Rent or lease Temporary Facilities in Litchfield Hills, Connecticut. Teams planning work in Litchfield Hills, Connecticut can arrange temporary facilities around the site's access, occupancy and schedule. Rent mobile kitchens, shower and restroom combination trailers, and sleeper or bunkbed trailers when the project needs a reliable base camp.","true","mobile-kitchen","false","1","5","false","200","FAIL","[""Head metadata changed""]"
"page","/service-areas/connecticut/greater-hartford/","Greater Hartford, Connecticut Commercial Food Service Commercial Kitchen Modular Building For Rent","Arrange commercial kitchen modular building rental in Greater Hartford, Connecticut for your operation. Plan the cooking and preparation building around the menu, workflow, installation footprint and utilities. Confirm the modular layout; kitchen-trailer photographs are not a substitute for building imagery. For sites near Hartford or New Britain, provide the exact delivery address and access details.","Rent or lease Temporary Facilities in Greater Hartford, Connecticut. A Greater Hartford project in Connecticut may need a temporary facility plan that connects food service, hygiene and crew support. Compare short-term rental options with a longer lease, then confirm delivery access and utility requirements for the exact site.","true","kitchen-modular","false","0","0","true","200","FAIL","[""Head metadata changed""]"
"page","/service-areas/connecticut/connecticut-river-valley/","Connecticut River Valley, Connecticut Workforce Housing Sleeper Bunk-Bed Facility Leasing","Arrange sleeper and bunk-bed facilities leasing in Connecticut River Valley, Connecticut for crews working away from home. Plan sleeping space around occupancy, shifts, privacy and ventilation. Bunk-room photos are references; confirm the available layout, trailer dimensions and delivery access. For sites near Middletown or East Hartford, provide the exact delivery address and access details.","Rent or lease Temporary Facilities in Connecticut River Valley, Connecticut. For work across Connecticut River Valley, Connecticut, Temporary123 helps project teams plan rental facilities before mobilization. The conversation can cover mobile commercial kitchens, 22 ft 10-stall shower trailers, combination units and sleeper or bunkbed rentals for short or extended assignments.","true","sleeper-trailer","false","1","2","false","200","FAIL","[""Head metadata changed""]"
"page","/service-areas/connecticut/connecticut-shoreline/","Connecticut Shoreline, Connecticut Remote Operations Man Camp Temporary Facilities Rental","Plan man-camp temporary facilities in Connecticut Shoreline, Connecticut for remote operations. Compare the separately labelled office/sleeper/shower-restroom trailer, 38 ft all-electric kitchen reference and shower-only trailer. Coordinate accommodation, food preparation, hygiene, utilities and delivery while confirming each product's actual layout. For sites near New Haven or New London, provide the exact delivery address and access details.","Rent or lease Temporary Facilities in Connecticut Shoreline, Connecticut. Project managers in Connecticut Shoreline, Connecticut can use a temporary facilities rental plan to keep crews supported during construction, renovation or remote work. Review the site route, equipment footprint and servicing plan before choosing a rent or lease arrangement.","true","unspecified","false","3","8","false","200","FAIL","[""Head metadata changed""]"
"page","/service-areas/delaware/northern-delaware/","Northern Delaware, Delaware Accessible Commercial Site ADA Shower and Restroom Combination Trailer Leasing","Arrange ADA shower and restroom combination leasing in Northern Delaware, Delaware for commercial sites with accessibility requirements. Review accessible washing and toilet facilities, the access route, ramp and room layout. The catalogue reference does not show the accessible room or ramp; confirm those features and the actual configuration before booking. For sites near Wilmington or Newark, provide the exact delivery address and access details.","Rent or lease Temporary Facilities in Northern Delaware, Delaware. Teams planning work in Northern Delaware, Delaware can arrange temporary facilities around the site's access, occupancy and schedule. Rent mobile kitchens, shower and restroom combination trailers, and sleeper or bunkbed trailers when the project needs a reliable base camp.","true","ada-combination","false","1","1","false","200","FAIL","[""Head metadata changed""]"
"page","/service-areas/delaware/central-delaware/","Central Delaware, Delaware Workforce Camp Laundry Temporary Facilities Long-Term Rental","Arrange temporary laundry facilities long-term rental in Central Delaware, Delaware for workforce camps. Compare the separately labelled 30 ft laundry trailer and 20 ft laundry container interiors. Match washing and drying requirements to crew size, laundry volume, utilities and the appropriate delivery method. For sites near Dover or Middletown, provide the exact delivery address and access details.","Rent or lease Temporary Facilities in Central Delaware, Delaware. A Central Delaware project in Delaware may need a temporary facility plan that connects food service, hygiene and crew support. Compare short-term rental options with a longer lease, then confirm delivery access and utility requirements for the exact site.","true","laundry-unspecified","false","2","4","false","200","FAIL","[""Head metadata changed""]"
"page","/service-areas/delaware/delaware-beaches/","Delaware Beaches, Delaware Construction Project Kitchen Emergency Trailer Rental","Arrange commercial kitchen trailer rental in Delaware Beaches, Delaware for construction projects. Plan cooking and preparation space around your menu, meal volume and service schedule. Confirm the cooking line, power, potable water, drainage and trailer access. For sites near Rehoboth Beach or Bethany Beach, provide the exact delivery address and access details.","Rent or lease Temporary Facilities in Delaware Beaches, Delaware. For work across Delaware Beaches, Delaware, Temporary123 helps project teams plan rental facilities before mobilization. The conversation can cover mobile commercial kitchens, 22 ft 10-stall shower trailers, combination units and sleeper or bunkbed rentals for short or extended assignments.","true","mobile-kitchen","false","1","5","false","200","FAIL","[""Head metadata changed""]"
"page","/service-areas/florida/panhandle/","Panhandle, Florida Workforce Housing Sleeper Bunk-Bed Facility Leasing","Arrange sleeper and bunk-bed facilities leasing in Panhandle, Florida for crews working away from home. Plan sleeping space around occupancy, shifts, privacy and ventilation. Bunk-room photos are references; confirm the available layout, trailer dimensions and delivery access. For sites near Pensacola or Tallahassee, provide the exact delivery address and access details.","Rent or lease Temporary Facilities in Panhandle, Florida. Teams planning work in Panhandle, Florida can arrange temporary facilities around the site's access, occupancy and schedule. Rent mobile kitchens, shower and restroom combination trailers, and sleeper or bunkbed trailers when the project needs a reliable base camp.","true","sleeper-trailer","false","1","2","false","200","FAIL","[""Head metadata changed""]"
"page","/service-areas/florida/north-florida/","North Florida, Florida Remote Operations Man Camp Temporary Facilities Rental","Plan man-camp temporary facilities in North Florida, Florida for remote operations. Compare the separately labelled office/sleeper/shower-restroom trailer, 38 ft all-electric kitchen reference and shower-only trailer. Coordinate accommodation, food preparation, hygiene, utilities and delivery while confirming each product's actual layout. For sites near Jacksonville or Gainesville, provide the exact delivery address and access details.","Rent or lease Temporary Facilities in North Florida, Florida. A North Florida project in Florida may need a temporary facility plan that connects food service, hygiene and crew support. Compare short-term rental options with a longer lease, then confirm delivery access and utility requirements for the exact site.","true","unspecified","false","3","8","false","200","FAIL","[""Head metadata changed""]"
"page","/service-areas/florida/central-florida/","Central Florida, Florida Emergency Basecamp Shower Trailer Rental","Arrange shower-only trailer rental in Central Florida, Florida for emergency basecamps. Plan private washing facilities around peak use, hot-water supply, water connections, wastewater and servicing access. The gallery identifies its reference unit; confirm the actual available shower-only layout. For sites near Orlando or Tampa, provide the exact delivery address and access details.","Rent or lease Temporary Facilities in Central Florida, Florida. For work across Central Florida, Florida, Temporary123 helps project teams plan rental facilities before mobilization. The conversation can cover mobile commercial kitchens, 22 ft 10-stall shower trailers, combination units and sleeper or bunkbed rentals for short or extended assignments.","true","shower-trailer","false","1","6","false","200","FAIL","[""Head metadata changed""]"
"page","/service-areas/florida/south-florida/","South Florida, Florida Institutional Facility Shower and Restroom Combination Trailer For Rent","Arrange shower and restroom combination trailer rental in South Florida, Florida for institutional operations. Plan shower and toilet access together, with privacy, stall layout, water heating and wastewater servicing. Match the required combination configuration to its identified equipment reference. For sites near Miami or Fort Lauderdale, provide the exact delivery address and access details.","Rent or lease Temporary Facilities in South Florida, Florida. Project managers in South Florida, Florida can use a temporary facilities rental plan to keep crews supported during construction, renovation or remote work. Review the site route, equipment footprint and servicing plan before choosing a rent or lease arrangement.","true","shower-restroom-combination","false","1","5","false","200","FAIL","[""Head metadata changed""]"
"page","/service-areas/florida/florida-keys/","Florida Keys, Florida Accessible Commercial Site ADA Shower and Restroom Combination Trailer Leasing","Arrange ADA shower and restroom combination leasing in Florida Keys, Florida for commercial sites with accessibility requirements. Review accessible washing and toilet facilities, the access route, ramp and room layout. The catalogue reference does not show the accessible room or ramp; confirm those features and the actual configuration before booking. For sites near Key West or Marathon, provide the exact delivery address and access details.","Rent or lease Temporary Facilities in Florida Keys, Florida. When a site is located in Florida Keys, Florida, a coordinated temporary facility rental keeps the next phase moving. Discuss kitchen capacity, shower and restroom combinations, sleeper or bunkbed trailers and the delivery sequence with our team.","true","ada-combination","false","1","1","false","200","FAIL","[""Head metadata changed""]"
"page","/service-areas/georgia/north-georgia/","North Georgia, Georgia Remote Operations Man Camp Temporary Facilities Rental","Plan man-camp temporary facilities in North Georgia, Georgia for remote operations. Compare the separately labelled office/sleeper/shower-restroom trailer, 38 ft all-electric kitchen reference and shower-only trailer. Coordinate accommodation, food preparation, hygiene, utilities and delivery while confirming each product's actual layout. For sites near Rome or Dalton, provide the exact delivery address and access details.","Rent or lease Temporary Facilities in North Georgia, Georgia. Teams planning work in North Georgia, Georgia can arrange temporary facilities around the site's access, occupancy and schedule. Rent mobile kitchens, shower and restroom combination trailers, and sleeper or bunkbed trailers when the project needs a reliable base camp.","true","unspecified","false","3","8","false","200","FAIL","[""Head metadata changed""]"
"page","/service-areas/georgia/metro-atlanta/","Metro Atlanta, Georgia Emergency Basecamp Shower Trailer Rental","Arrange shower-only trailer rental in Metro Atlanta, Georgia for emergency basecamps. Plan private washing facilities around peak use, hot-water supply, water connections, wastewater and servicing access. The gallery identifies its reference unit; confirm the actual available shower-only layout. For sites near Atlanta or Marietta, provide the exact delivery address and access details.","Rent or lease Temporary Facilities in Metro Atlanta, Georgia. A Metro Atlanta project in Georgia may need a temporary facility plan that connects food service, hygiene and crew support. Compare short-term rental options with a longer lease, then confirm delivery access and utility requirements for the exact site.","true","shower-trailer","false","1","6","false","200","FAIL","[""Head metadata changed""]"
"page","/service-areas/georgia/central-georgia/","Central Georgia, Georgia Institutional Facility Shower and Restroom Combination Trailer For Rent","Arrange shower and restroom combination trailer rental in Central Georgia, Georgia for institutional operations. Plan shower and toilet access together, with privacy, stall layout, water heating and wastewater servicing. Match the required combination configuration to its identified equipment reference. For sites near Macon or Columbus, provide the exact delivery address and access details.","Rent or lease Temporary Facilities in Central Georgia, Georgia. For work across Central Georgia, Georgia, Temporary123 helps project teams plan rental facilities before mobilization. The conversation can cover mobile commercial kitchens, 22 ft 10-stall shower trailers, combination units and sleeper or bunkbed rentals for short or extended assignments.","true","shower-restroom-combination","false","1","5","false","200","FAIL","[""Head metadata changed""]"
"page","/service-areas/georgia/coastal-georgia/","Coastal Georgia, Georgia Accessible Commercial Site ADA Shower and Restroom Combination Trailer Leasing","Arrange ADA shower and restroom combination leasing in Coastal Georgia, Georgia for commercial sites with accessibility requirements. Review accessible washing and toilet facilities, the access route, ramp and room layout. The catalogue reference does not show the accessible room or ramp; confirm those features and the actual configuration before booking. For sites near Savannah or Brunswick, provide the exact delivery address and access details.","Rent or lease Temporary Facilities in Coastal Georgia, Georgia. Project managers in Coastal Georgia, Georgia can use a temporary facilities rental plan to keep crews supported during construction, renovation or remote work. Review the site route, equipment footprint and servicing plan before choosing a rent or lease arrangement.","true","ada-combination","false","1","1","false","200","FAIL","[""Head metadata changed""]"
"page","/service-areas/georgia/south-georgia/","South Georgia, Georgia Workforce Camp Laundry Temporary Facilities Long-Term Rental","Arrange temporary laundry facilities long-term rental in South Georgia, Georgia for workforce camps. Compare the separately labelled 30 ft laundry trailer and 20 ft laundry container interiors. Match washing and drying requirements to crew size, laundry volume, utilities and the appropriate delivery method. For sites near Valdosta or Albany, provide the exact delivery address and access details.","Rent or lease Temporary Facilities in South Georgia, Georgia. When a site is located in South Georgia, Georgia, a coordinated temporary facility rental keeps the next phase moving. Discuss kitchen capacity, shower and restroom combinations, sleeper or bunkbed trailers and the delivery sequence with our team.","true","laundry-unspecified","false","2","4","false","200","FAIL","[""Head metadata changed""]"
"page","/service-areas/hawaii/oahu/","Oahu, Hawaii Accessible Commercial Site ADA Shower and Restroom Combination Trailer Leasing","Arrange ADA shower and restroom combination leasing in Oahu, Hawaii for commercial sites with accessibility requirements. Review accessible washing and toilet facilities, the access route, ramp and room layout. The catalogue reference does not show the accessible room or ramp; confirm those features and the actual configuration before booking. For sites near Honolulu or Kapolei, provide the exact delivery address and access details.","Rent or lease Temporary Facilities in Oahu, Hawaii. Teams planning work in Oahu, Hawaii can arrange temporary facilities around the site's access, occupancy and schedule. Rent mobile kitchens, shower and restroom combination trailers, and sleeper or bunkbed trailers when the project needs a reliable base camp.","true","ada-combination","false","1","1","false","200","FAIL","[""Head metadata changed""]"
"page","/service-areas/hawaii/maui-county/","Maui County, Hawaii Workforce Camp Laundry Temporary Facilities Long-Term Rental","Arrange temporary laundry facilities long-term rental in Maui County, Hawaii for workforce camps. Compare the separately labelled 30 ft laundry trailer and 20 ft laundry container interiors. Match washing and drying requirements to crew size, laundry volume, utilities and the appropriate delivery method. For sites near Kahului or Lahaina, provide the exact delivery address and access details.","Rent or lease Temporary Facilities in Maui County, Hawaii. A Maui County project in Hawaii may need a temporary facility plan that connects food service, hygiene and crew support. Compare short-term rental options with a longer lease, then confirm delivery access and utility requirements for the exact site.","true","laundry-unspecified","false","2","4","false","200","FAIL","[""Head metadata changed""]"
"page","/service-areas/hawaii/hawaii-island/","Hawaii Island, Hawaii Construction Project Kitchen Emergency Trailer Rental","Arrange commercial kitchen trailer rental in Hawaii Island, Hawaii for construction projects. Plan cooking and preparation space around your menu, meal volume and service schedule. Confirm the cooking line, power, potable water, drainage and trailer access. For sites near Hilo or Kailua-Kona, provide the exact delivery address and access details.","Rent or lease Temporary Facilities in Hawaii Island, Hawaii. For work across Hawaii Island, Hawaii, Temporary123 helps project teams plan rental facilities before mobilization. The conversation can cover mobile commercial kitchens, 22 ft 10-stall shower trailers, combination units and sleeper or bunkbed rentals for short or extended assignments.","true","mobile-kitchen","false","1","5","false","200","FAIL","[""Head metadata changed""]"
"page","/service-areas/hawaii/kauai/","Kauai, Hawaii Commercial Food Service Commercial Kitchen Modular Building For Rent","Arrange commercial kitchen modular building rental in Kauai, Hawaii for your operation. Plan the cooking and preparation building around the menu, workflow, installation footprint and utilities. Confirm the modular layout; kitchen-trailer photographs are not a substitute for building imagery. For sites near Lihue or Kapaa, provide the exact delivery address and access details.","Rent or lease Temporary Facilities in Kauai, Hawaii. Project managers in Kauai, Hawaii can use a temporary facilities rental plan to keep crews supported during construction, renovation or remote work. Review the site route, equipment footprint and servicing plan before choosing a rent or lease arrangement.","true","kitchen-modular","false","0","0","true","200","FAIL","[""Head metadata changed""]"
"page","/service-areas/idaho/north-idaho/","North Idaho, Idaho Workforce Housing Sleeper Bunk-Bed Facility Leasing","Arrange sleeper and bunk-bed facilities leasing in North Idaho, Idaho for crews working away from home. Plan sleeping space around occupancy, shifts, privacy and ventilation. Bunk-room photos are references; confirm the available layout, trailer dimensions and delivery access. For sites near Coeur d'Alene or Lewiston, provide the exact delivery address and access details.","Rent or lease Temporary Facilities in North Idaho, Idaho. Teams planning work in North Idaho, Idaho can arrange temporary facilities around the site's access, occupancy and schedule. Rent mobile kitchens, shower and restroom combination trailers, and sleeper or bunkbed trailers when the project needs a reliable base camp.","true","sleeper-trailer","false","1","2","false","200","FAIL","[""Head metadata changed""]"
"page","/service-areas/idaho/southwest-idaho/","Southwest Idaho, Idaho Remote Operations Man Camp Temporary Facilities Rental","Plan man-camp temporary facilities in Southwest Idaho, Idaho for remote operations. Compare the separately labelled office/sleeper/shower-restroom trailer, 38 ft all-electric kitchen reference and shower-only trailer. Coordinate accommodation, food preparation, hygiene, utilities and delivery while confirming each product's actual layout. For sites near Boise or Nampa, provide the exact delivery address and access details.","Rent or lease Temporary Facilities in Southwest Idaho, Idaho. A Southwest Idaho project in Idaho may need a temporary facility plan that connects food service, hygiene and crew support. Compare short-term rental options with a longer lease, then confirm delivery access and utility requirements for the exact site.","true","unspecified","false","3","8","false","200","FAIL","[""Head metadata changed""]"
"page","/service-areas/idaho/central-mountains/","Central Mountains, Idaho Emergency Basecamp Shower Trailer Rental","Arrange shower-only trailer rental in Central Mountains, Idaho for emergency basecamps. Plan private washing facilities around peak use, hot-water supply, water connections, wastewater and servicing access. The gallery identifies its reference unit; confirm the actual available shower-only layout. For sites near Ketchum or McCall, provide the exact delivery address and access details.","Rent or lease Temporary Facilities in Central Mountains, Idaho. For work across Central Mountains, Idaho, Temporary123 helps project teams plan rental facilities before mobilization. The conversation can cover mobile commercial kitchens, 22 ft 10-stall shower trailers, combination units and sleeper or bunkbed rentals for short or extended assignments.","true","shower-trailer","false","1","6","false","200","FAIL","[""Head metadata changed""]"
"page","/service-areas/idaho/eastern-idaho/","Eastern Idaho, Idaho Institutional Facility Shower and Restroom Combination Trailer For Rent","Arrange shower and restroom combination trailer rental in Eastern Idaho, Idaho for institutional operations. Plan shower and toilet access together, with privacy, stall layout, water heating and wastewater servicing. Match the required combination configuration to its identified equipment reference. For sites near Idaho Falls or Pocatello, provide the exact delivery address and access details.","Rent or lease Temporary Facilities in Eastern Idaho, Idaho. Project managers in Eastern Idaho, Idaho can use a temporary facilities rental plan to keep crews supported during construction, renovation or remote work. Review the site route, equipment footprint and servicing plan before choosing a rent or lease arrangement.","true","shower-restroom-combination","false","1","5","false","200","FAIL","[""Head metadata changed""]"
"page","/service-areas/illinois/chicago-area/","Chicago area, Illinois Accessible Commercial Site ADA Shower and Restroom Combination Trailer Leasing","Arrange ADA shower and restroom combination leasing in Chicago area, Illinois for commercial sites with accessibility requirements. Review accessible washing and toilet facilities, the access route, ramp and room layout. The catalogue reference does not show the accessible room or ramp; confirm those features and the actual configuration before booking. For sites near Chicago or Joliet, provide the exact delivery address and access details.","Rent or lease Temporary Facilities in Chicago area, Illinois. Teams planning work in Chicago area, Illinois can arrange temporary facilities around the site's access, occupancy and schedule. Rent mobile kitchens, shower and restroom combination trailers, and sleeper or bunkbed trailers when the project needs a reliable base camp.","true","ada-combination","false","1","1","false","200","FAIL","[""Head metadata changed""]"
"page","/service-areas/illinois/northern-illinois/","Northern Illinois, Illinois Workforce Camp Laundry Temporary Facilities Long-Term Rental","Arrange temporary laundry facilities long-term rental in Northern Illinois, Illinois for workforce camps. Compare the separately labelled 30 ft laundry trailer and 20 ft laundry container interiors. Match washing and drying requirements to crew size, laundry volume, utilities and the appropriate delivery method. For sites near Rockford or DeKalb, provide the exact delivery address and access details.","Rent or lease Temporary Facilities in Northern Illinois, Illinois. A Northern Illinois project in Illinois may need a temporary facility plan that connects food service, hygiene and crew support. Compare short-term rental options with a longer lease, then confirm delivery access and utility requirements for the exact site.","true","laundry-unspecified","false","2","4","false","200","FAIL","[""Head metadata changed""]"
"page","/service-areas/illinois/central-illinois/","Central Illinois, Illinois Construction Project Kitchen Emergency Trailer Rental","Arrange commercial kitchen trailer rental in Central Illinois, Illinois for construction projects. Plan cooking and preparation space around your menu, meal volume and service schedule. Confirm the cooking line, power, potable water, drainage and trailer access. For sites near Springfield or Peoria, provide the exact delivery address and access details.","Rent or lease Temporary Facilities in Central Illinois, Illinois. For work across Central Illinois, Illinois, Temporary123 helps project teams plan rental facilities before mobilization. The conversation can cover mobile commercial kitchens, 22 ft 10-stall shower trailers, combination units and sleeper or bunkbed rentals for short or extended assignments.","true","mobile-kitchen","false","1","5","false","200","FAIL","[""Head metadata changed""]"
"page","/service-areas/illinois/southern-illinois/","Southern Illinois, Illinois Commercial Food Service Commercial Kitchen Modular Building For Rent","Arrange commercial kitchen modular building rental in Southern Illinois, Illinois for your operation. Plan the cooking and preparation building around the menu, workflow, installation footprint and utilities. Confirm the modular layout; kitchen-trailer photographs are not a substitute for building imagery. For sites near Carbondale or Marion, provide the exact delivery address and access details.","Rent or lease Temporary Facilities in Southern Illinois, Illinois. Project managers in Southern Illinois, Illinois can use a temporary facilities rental plan to keep crews supported during construction, renovation or remote work. Review the site route, equipment footprint and servicing plan before choosing a rent or lease arrangement.","true","kitchen-modular","false","0","0","true","200","FAIL","[""Head metadata changed""]"
"page","/service-areas/indiana/northern-indiana/","Northern Indiana, Indiana Workforce Camp Laundry Temporary Facilities Long-Term Rental","Arrange temporary laundry facilities long-term rental in Northern Indiana, Indiana for workforce camps. Compare the separately labelled 30 ft laundry trailer and 20 ft laundry container interiors. Match washing and drying requirements to crew size, laundry volume, utilities and the appropriate delivery method. For sites near Fort Wayne or South Bend, provide the exact delivery address and access details.","Rent or lease Temporary Facilities in Northern Indiana, Indiana. Teams planning work in Northern Indiana, Indiana can arrange temporary facilities around the site's access, occupancy and schedule. Rent mobile kitchens, shower and restroom combination trailers, and sleeper or bunkbed trailers when the project needs a reliable base camp.","true","laundry-unspecified","false","2","4","false","200","FAIL","[""Head metadata changed""]"
"page","/service-areas/indiana/central-indiana/","Central Indiana, Indiana Construction Project Kitchen Emergency Trailer Rental","Arrange commercial kitchen trailer rental in Central Indiana, Indiana for construction projects. Plan cooking and preparation space around your menu, meal volume and service schedule. Confirm the cooking line, power, potable water, drainage and trailer access. For sites near Indianapolis or Muncie, provide the exact delivery address and access details.","Rent or lease Temporary Facilities in Central Indiana, Indiana. A Central Indiana project in Indiana may need a temporary facility plan that connects food service, hygiene and crew support. Compare short-term rental options with a longer lease, then confirm delivery access and utility requirements for the exact site.","true","mobile-kitchen","false","1","5","false","200","FAIL","[""Head metadata changed""]"
"page","/service-areas/indiana/southern-indiana/","Southern Indiana, Indiana Commercial Food Service Commercial Kitchen Modular Building For Rent","Arrange commercial kitchen modular building rental in Southern Indiana, Indiana for your operation. Plan the cooking and preparation building around the menu, workflow, installation footprint and utilities. Confirm the modular layout; kitchen-trailer photographs are not a substitute for building imagery. For sites near Evansville or Bloomington, provide the exact delivery address and access details.","Rent or lease Temporary Facilities in Southern Indiana, Indiana. For work across Southern Indiana, Indiana, Temporary123 helps project teams plan rental facilities before mobilization. The conversation can cover mobile commercial kitchens, 22 ft 10-stall shower trailers, combination units and sleeper or bunkbed rentals for short or extended assignments.","true","kitchen-modular","false","0","0","true","200","FAIL","[""Head metadata changed""]"
"page","/service-areas/iowa/northwest-iowa/","Northwest Iowa, Iowa Remote Operations Man Camp Temporary Facilities Rental","Plan man-camp temporary facilities in Northwest Iowa, Iowa for remote operations. Compare the separately labelled office/sleeper/shower-restroom trailer, 38 ft all-electric kitchen reference and shower-only trailer. Coordinate accommodation, food preparation, hygiene, utilities and delivery while confirming each product's actual layout. For sites near Sioux City or Spencer, provide the exact delivery address and access details.","Rent or lease Temporary Facilities in Northwest Iowa, Iowa. Teams planning work in Northwest Iowa, Iowa can arrange temporary facilities around the site's access, occupancy and schedule. Rent mobile kitchens, shower and restroom combination trailers, and sleeper or bunkbed trailers when the project needs a reliable base camp.","true","unspecified","false","3","8","false","200","FAIL","[""Head metadata changed""]"
"page","/service-areas/iowa/central-iowa/","Central Iowa, Iowa Emergency Basecamp Shower Trailer Rental","Arrange shower-only trailer rental in Central Iowa, Iowa for emergency basecamps. Plan private washing facilities around peak use, hot-water supply, water connections, wastewater and servicing access. The gallery identifies its reference unit; confirm the actual available shower-only layout. For sites near Des Moines or Ames, provide the exact delivery address and access details.","Rent or lease Temporary Facilities in Central Iowa, Iowa. A Central Iowa project in Iowa may need a temporary facility plan that connects food service, hygiene and crew support. Compare short-term rental options with a longer lease, then confirm delivery access and utility requirements for the exact site.","true","shower-trailer","false","1","6","false","200","FAIL","[""Head metadata changed""]"
"page","/service-areas/iowa/northeast-iowa/","Northeast Iowa, Iowa Institutional Facility Shower and Restroom Combination Trailer For Rent","Arrange shower and restroom combination trailer rental in Northeast Iowa, Iowa for institutional operations. Plan shower and toilet access together, with privacy, stall layout, water heating and wastewater servicing. Match the required combination configuration to its identified equipment reference. For sites near Dubuque or Waterloo, provide the exact delivery address and access details.","Rent or lease Temporary Facilities in Northeast Iowa, Iowa. For work across Northeast Iowa, Iowa, Temporary123 helps project teams plan rental facilities before mobilization. The conversation can cover mobile commercial kitchens, 22 ft 10-stall shower trailers, combination units and sleeper or bunkbed rentals for short or extended assignments.","true","shower-restroom-combination","false","1","5","false","200","FAIL","[""Head metadata changed""]"
"page","/service-areas/iowa/southern-iowa/","Southern Iowa, Iowa Accessible Commercial Site ADA Shower and Restroom Combination Trailer Leasing","Arrange ADA shower and restroom combination leasing in Southern Iowa, Iowa for commercial sites with accessibility requirements. Review accessible washing and toilet facilities, the access route, ramp and room layout. The catalogue reference does not show the accessible room or ramp; confirm those features and the actual configuration before booking. For sites near Ottumwa or Burlington, provide the exact delivery address and access details.","Rent or lease Temporary Facilities in Southern Iowa, Iowa. Project managers in Southern Iowa, Iowa can use a temporary facilities rental plan to keep crews supported during construction, renovation or remote work. Review the site route, equipment footprint and servicing plan before choosing a rent or lease arrangement.","true","ada-combination","false","1","1","false","200","FAIL","[""Head metadata changed""]"
"page","/service-areas/kansas/western-kansas/","Western Kansas, Kansas Construction Project Kitchen Emergency Trailer Rental","Arrange commercial kitchen trailer rental in Western Kansas, Kansas for construction projects. Plan cooking and preparation space around your menu, meal volume and service schedule. Confirm the cooking line, power, potable water, drainage and trailer access. For sites near Garden City or Dodge City, provide the exact delivery address and access details.","Rent or lease Temporary Facilities in Western Kansas, Kansas. Teams planning work in Western Kansas, Kansas can arrange temporary facilities around the site's access, occupancy and schedule. Rent mobile kitchens, shower and restroom combination trailers, and sleeper or bunkbed trailers when the project needs a reliable base camp.","true","mobile-kitchen","false","1","5","false","200","FAIL","[""Head metadata changed""]"
"page","/service-areas/kansas/north-central-kansas/","North Central Kansas, Kansas Commercial Food Service Commercial Kitchen Modular Building For Rent","Arrange commercial kitchen modular building rental in North Central Kansas, Kansas for your operation. Plan the cooking and preparation building around the menu, workflow, installation footprint and utilities. Confirm the modular layout; kitchen-trailer photographs are not a substitute for building imagery. For sites near Salina or Hays, provide the exact delivery address and access details.","Rent or lease Temporary Facilities in North Central Kansas, Kansas. A North Central Kansas project in Kansas may need a temporary facility plan that connects food service, hygiene and crew support. Compare short-term rental options with a longer lease, then confirm delivery access and utility requirements for the exact site.","true","kitchen-modular","false","0","0","true","200","FAIL","[""Head metadata changed""]"
"page","/service-areas/kansas/kansas-city-area/","Kansas City area, Kansas Workforce Housing Sleeper Bunk-Bed Facility Leasing","Arrange sleeper and bunk-bed facilities leasing in Kansas City area, Kansas for crews working away from home. Plan sleeping space around occupancy, shifts, privacy and ventilation. Bunk-room photos are references; confirm the available layout, trailer dimensions and delivery access. For sites near Kansas City or Lawrence, provide the exact delivery address and access details.","Rent or lease Temporary Facilities in Kansas City area, Kansas. For work across Kansas City area, Kansas, Temporary123 helps project teams plan rental facilities before mobilization. The conversation can cover mobile commercial kitchens, 22 ft 10-stall shower trailers, combination units and sleeper or bunkbed rentals for short or extended assignments.","true","sleeper-trailer","false","1","2","false","200","FAIL","[""Head metadata changed""]"
"page","/service-areas/kansas/south-central-kansas/","South Central Kansas, Kansas Remote Operations Man Camp Temporary Facilities Rental","Plan man-camp temporary facilities in South Central Kansas, Kansas for remote operations. Compare the separately labelled office/sleeper/shower-restroom trailer, 38 ft all-electric kitchen reference and shower-only trailer. Coordinate accommodation, food preparation, hygiene, utilities and delivery while confirming each product's actual layout. For sites near Wichita or Hutchinson, provide the exact delivery address and access details.","Rent or lease Temporary Facilities in South Central Kansas, Kansas. Project managers in South Central Kansas, Kansas can use a temporary facilities rental plan to keep crews supported during construction, renovation or remote work. Review the site route, equipment footprint and servicing plan before choosing a rent or lease arrangement.","true","unspecified","false","3","8","false","200","FAIL","[""Head metadata changed""]"
"page","/service-areas/kansas/southeast-kansas/","Southeast Kansas, Kansas Emergency Basecamp Shower Trailer Rental","Arrange shower-only trailer rental in Southeast Kansas, Kansas for emergency basecamps. Plan private washing facilities around peak use, hot-water supply, water connections, wastewater and servicing access. The gallery identifies its reference unit; confirm the actual available shower-only layout. For sites near Pittsburg or Chanute, provide the exact delivery address and access details.","Rent or lease Temporary Facilities in Southeast Kansas, Kansas. When a site is located in Southeast Kansas, Kansas, a coordinated temporary facility rental keeps the next phase moving. Discuss kitchen capacity, shower and restroom combinations, sleeper or bunkbed trailers and the delivery sequence with our team.","true","shower-trailer","false","1","6","false","200","FAIL","[""Head metadata changed""]"
"page","/service-areas/kentucky/western-coalfields/","Western Coalfields, Kentucky Workforce Camp Laundry Temporary Facilities Long-Term Rental","Arrange temporary laundry facilities long-term rental in Western Coalfields, Kentucky for workforce camps. Compare the separately labelled 30 ft laundry trailer and 20 ft laundry container interiors. Match washing and drying requirements to crew size, laundry volume, utilities and the appropriate delivery method. For sites near Owensboro or Paducah, provide the exact delivery address and access details.","Rent or lease Temporary Facilities in Western Coalfields, Kentucky. Teams planning work in Western Coalfields, Kentucky can arrange temporary facilities around the site's access, occupancy and schedule. Rent mobile kitchens, shower and restroom combination trailers, and sleeper or bunkbed trailers when the project needs a reliable base camp.","true","laundry-unspecified","false","2","4","false","200","FAIL","[""Head metadata changed""]"
"page","/service-areas/kentucky/bluegrass-region/","Bluegrass region, Kentucky Construction Project Kitchen Emergency Trailer Rental","Arrange commercial kitchen trailer rental in Bluegrass region, Kentucky for construction projects. Plan cooking and preparation space around your menu, meal volume and service schedule. Confirm the cooking line, power, potable water, drainage and trailer access. For sites near Lexington or Frankfort, provide the exact delivery address and access details.","Rent or lease Temporary Facilities in Bluegrass region, Kentucky. A Bluegrass region project in Kentucky may need a temporary facility plan that connects food service, hygiene and crew support. Compare short-term rental options with a longer lease, then confirm delivery access and utility requirements for the exact site.","true","mobile-kitchen","false","1","5","false","200","FAIL","[""Head metadata changed""]"
"page","/service-areas/kentucky/eastern-kentucky/","Eastern Kentucky, Kentucky Commercial Food Service Commercial Kitchen Modular Building For Rent","Arrange commercial kitchen modular building rental in Eastern Kentucky, Kentucky for your operation. Plan the cooking and preparation building around the menu, workflow, installation footprint and utilities. Confirm the modular layout; kitchen-trailer photographs are not a substitute for building imagery. For sites near Pikeville or Hazard, provide the exact delivery address and access details.","Rent or lease Temporary Facilities in Eastern Kentucky, Kentucky. For work across Eastern Kentucky, Kentucky, Temporary123 helps project teams plan rental facilities before mobilization. The conversation can cover mobile commercial kitchens, 22 ft 10-stall shower trailers, combination units and sleeper or bunkbed rentals for short or extended assignments.","true","kitchen-modular","false","0","0","true","200","FAIL","[""Head metadata changed""]"
"page","/service-areas/kentucky/south-central-kentucky/","South Central Kentucky, Kentucky Workforce Housing Sleeper Bunk-Bed Facility Leasing","Arrange sleeper and bunk-bed facilities leasing in South Central Kentucky, Kentucky for crews working away from home. Plan sleeping space around occupancy, shifts, privacy and ventilation. Bunk-room photos are references; confirm the available layout, trailer dimensions and delivery access. For sites near Bowling Green or Somerset, provide the exact delivery address and access details.","Rent or lease Temporary Facilities in South Central Kentucky, Kentucky. Project managers in South Central Kentucky, Kentucky can use a temporary facilities rental plan to keep crews supported during construction, renovation or remote work. Review the site route, equipment footprint and servicing plan before choosing a rent or lease arrangement.","true","sleeper-trailer","false","1","2","false","200","FAIL","[""Head metadata changed""]"
"page","/service-areas/louisiana/north-louisiana/","North Louisiana, Louisiana Emergency Basecamp Shower Trailer Rental","Arrange shower-only trailer rental in North Louisiana, Louisiana for emergency basecamps. Plan private washing facilities around peak use, hot-water supply, water connections, wastewater and servicing access. The gallery identifies its reference unit; confirm the actual available shower-only layout. For sites near Shreveport or Monroe, provide the exact delivery address and access details.","Rent or lease Temporary Facilities in North Louisiana, Louisiana. Teams planning work in North Louisiana, Louisiana can arrange temporary facilities around the site's access, occupancy and schedule. Rent mobile kitchens, shower and restroom combination trailers, and sleeper or bunkbed trailers when the project needs a reliable base camp.","true","shower-trailer","false","1","6","false","200","FAIL","[""Head metadata changed""]"
"page","/service-areas/louisiana/acadiana/","Acadiana, Louisiana Institutional Facility Shower and Restroom Combination Trailer For Rent","Arrange shower and restroom combination trailer rental in Acadiana, Louisiana for institutional operations. Plan shower and toilet access together, with privacy, stall layout, water heating and wastewater servicing. Match the required combination configuration to its identified equipment reference. For sites near Lafayette or Lake Charles, provide the exact delivery address and access details.","Rent or lease Temporary Facilities in Acadiana, Louisiana. A Acadiana project in Louisiana may need a temporary facility plan that connects food service, hygiene and crew support. Compare short-term rental options with a longer lease, then confirm delivery access and utility requirements for the exact site.","true","shower-restroom-combination","false","1","5","false","200","FAIL","[""Head metadata changed""]"
"page","/service-areas/louisiana/capital-region/","Capital Region, Louisiana Accessible Commercial Site ADA Shower and Restroom Combination Trailer Leasing","Arrange ADA shower and restroom combination leasing in Capital Region, Louisiana for commercial sites with accessibility requirements. Review accessible washing and toilet facilities, the access route, ramp and room layout. The catalogue reference does not show the accessible room or ramp; confirm those features and the actual configuration before booking. For sites near Baton Rouge or Hammond, provide the exact delivery address and access details.","Rent or lease Temporary Facilities in Capital Region, Louisiana. For work across Capital Region, Louisiana, Temporary123 helps project teams plan rental facilities before mobilization. The conversation can cover mobile commercial kitchens, 22 ft 10-stall shower trailers, combination units and sleeper or bunkbed rentals for short or extended assignments.","true","ada-combination","false","1","1","false","200","FAIL","[""Head metadata changed""]"
"page","/service-areas/louisiana/greater-new-orleans/","Greater New Orleans, Louisiana Workforce Camp Laundry Temporary Facilities Long-Term Rental","Arrange temporary laundry facilities long-term rental in Greater New Orleans, Louisiana for workforce camps. Compare the separately labelled 30 ft laundry trailer and 20 ft laundry container interiors. Match washing and drying requirements to crew size, laundry volume, utilities and the appropriate delivery method. For sites near New Orleans or Slidell, provide the exact delivery address and access details.","Rent or lease Temporary Facilities in Greater New Orleans, Louisiana. Project managers in Greater New Orleans, Louisiana can use a temporary facilities rental plan to keep crews supported during construction, renovation or remote work. Review the site route, equipment footprint and servicing plan before choosing a rent or lease arrangement.","true","laundry-unspecified","false","2","4","false","200","FAIL","[""Head metadata changed""]"
"page","/service-areas/louisiana/river-parishes/","River Parishes, Louisiana Construction Project Kitchen Emergency Trailer Rental","Arrange commercial kitchen trailer rental in River Parishes, Louisiana for construction projects. Plan cooking and preparation space around your menu, meal volume and service schedule. Confirm the cooking line, power, potable water, drainage and trailer access. For sites near Gonzales or LaPlace, provide the exact delivery address and access details.","Rent or lease Temporary Facilities in River Parishes, Louisiana. When a site is located in River Parishes, Louisiana, a coordinated temporary facility rental keeps the next phase moving. Discuss kitchen capacity, shower and restroom combinations, sleeper or bunkbed trailers and the delivery sequence with our team.","true","mobile-kitchen","false","1","5","false","200","FAIL","[""Head metadata changed""]"
"page","/service-areas/maine/aroostook-county/","Aroostook County, Maine Commercial Food Service Commercial Kitchen Modular Building For Rent","Arrange commercial kitchen modular building rental in Aroostook County, Maine for your operation. Plan the cooking and preparation building around the menu, workflow, installation footprint and utilities. Confirm the modular layout; kitchen-trailer photographs are not a substitute for building imagery. For sites near Presque Isle or Caribou, provide the exact delivery address and access details.","Rent or lease Temporary Facilities in Aroostook County, Maine. Teams planning work in Aroostook County, Maine can arrange temporary facilities around the site's access, occupancy and schedule. Rent mobile kitchens, shower and restroom combination trailers, and sleeper or bunkbed trailers when the project needs a reliable base camp.","true","kitchen-modular","false","0","0","true","200","FAIL","[""Head metadata changed""]"
"page","/service-areas/maine/highlands/","Highlands, Maine Workforce Housing Sleeper Bunk-Bed Facility Leasing","Arrange sleeper and bunk-bed facilities leasing in Highlands, Maine for crews working away from home. Plan sleeping space around occupancy, shifts, privacy and ventilation. Bunk-room photos are references; confirm the available layout, trailer dimensions and delivery access. For sites near Bangor or Millinocket, provide the exact delivery address and access details.","Rent or lease Temporary Facilities in Highlands, Maine. A Highlands project in Maine may need a temporary facility plan that connects food service, hygiene and crew support. Compare short-term rental options with a longer lease, then confirm delivery access and utility requirements for the exact site.","true","sleeper-trailer","false","1","2","false","200","FAIL","[""Head metadata changed""]"
"page","/service-areas/maine/western-lakes-and-mountains/","Western Lakes and Mountains, Maine Remote Operations Man Camp Temporary Facilities Rental","Plan man-camp temporary facilities in Western Lakes and Mountains, Maine for remote operations. Compare the separately labelled office/sleeper/shower-restroom trailer, 38 ft all-electric kitchen reference and shower-only trailer. Coordinate accommodation, food preparation, hygiene, utilities and delivery while confirming each product's actual layout. For sites near Farmington or Bethel, provide the exact delivery address and access details.","Rent or lease Temporary Facilities in Western Lakes and Mountains, Maine. For work across Western Lakes and Mountains, Maine, Temporary123 helps project teams plan rental facilities before mobilization. The conversation can cover mobile commercial kitchens, 22 ft 10-stall shower trailers, combination units and sleeper or bunkbed rentals for short or extended assignments.","true","unspecified","false","3","8","false","200","FAIL","[""Head metadata changed""]"
"page","/service-areas/maine/midcoast/","Midcoast, Maine Emergency Basecamp Shower Trailer Rental","Arrange shower-only trailer rental in Midcoast, Maine for emergency basecamps. Plan private washing facilities around peak use, hot-water supply, water connections, wastewater and servicing access. The gallery identifies its reference unit; confirm the actual available shower-only layout. For sites near Rockland or Belfast, provide the exact delivery address and access details.","Rent or lease Temporary Facilities in Midcoast, Maine. Project managers in Midcoast, Maine can use a temporary facilities rental plan to keep crews supported during construction, renovation or remote work. Review the site route, equipment footprint and servicing plan before choosing a rent or lease arrangement.","true","shower-trailer","false","1","6","false","200","FAIL","[""Head metadata changed""]"
"page","/service-areas/maine/downeast-and-acadia/","DownEast and Acadia, Maine Institutional Facility Shower and Restroom Combination Trailer For Rent","Arrange shower and restroom combination trailer rental in DownEast and Acadia, Maine for institutional operations. Plan shower and toilet access together, with privacy, stall layout, water heating and wastewater servicing. Match the required combination configuration to its identified equipment reference. For sites near Bar Harbor or Machias, provide the exact delivery address and access details.","Rent or lease Temporary Facilities in DownEast and Acadia, Maine. When a site is located in DownEast and Acadia, Maine, a coordinated temporary facility rental keeps the next phase moving. Discuss kitchen capacity, shower and restroom combinations, sleeper or bunkbed trailers and the delivery sequence with our team.","true","shower-restroom-combination","false","1","5","false","200","FAIL","[""Head metadata changed""]"
"page","/service-areas/maine/southern-coast/","Southern Coast, Maine Accessible Commercial Site ADA Shower and Restroom Combination Trailer Leasing","Arrange ADA shower and restroom combination leasing in Southern Coast, Maine for commercial sites with accessibility requirements. Review accessible washing and toilet facilities, the access route, ramp and room layout. The catalogue reference does not show the accessible room or ramp; confirm those features and the actual configuration before booking. For sites near Portland or Kennebunk, provide the exact delivery address and access details.","Rent or lease Temporary Facilities in Southern Coast, Maine. A clear rental brief for Southern Coast, Maine should name the work area, crew size and operating dates. Temporary123 can help compare mobile kitchen, hygiene and sleeper trailer options for a short-term rent or a longer lease.","true","ada-combination","false","1","1","false","200","FAIL","[""Head metadata changed""]"
"page","/service-areas/maryland/western-maryland/","Western Maryland, Maryland Commercial Food Service Commercial Kitchen Modular Building For Rent","Arrange commercial kitchen modular building rental in Western Maryland, Maryland for your operation. Plan the cooking and preparation building around the menu, workflow, installation footprint and utilities. Confirm the modular layout; kitchen-trailer photographs are not a substitute for building imagery. For sites near Cumberland or Hagerstown, provide the exact delivery address and access details.","Rent or lease Temporary Facilities in Western Maryland, Maryland. Teams planning work in Western Maryland, Maryland can arrange temporary facilities around the site's access, occupancy and schedule. Rent mobile kitchens, shower and restroom combination trailers, and sleeper or bunkbed trailers when the project needs a reliable base camp.","true","kitchen-modular","false","0","0","true","200","FAIL","[""Head metadata changed""]"
"page","/service-areas/maryland/capital-region/","Capital Region, Maryland Workforce Housing Sleeper Bunk-Bed Facility Leasing","Arrange sleeper and bunk-bed facilities leasing in Capital Region, Maryland for crews working away from home. Plan sleeping space around occupancy, shifts, privacy and ventilation. Bunk-room photos are references; confirm the available layout, trailer dimensions and delivery access. For sites near Rockville or Bowie, provide the exact delivery address and access details.","Rent or lease Temporary Facilities in Capital Region, Maryland. A Capital Region project in Maryland may need a temporary facility plan that connects food service, hygiene and crew support. Compare short-term rental options with a longer lease, then confirm delivery access and utility requirements for the exact site.","true","sleeper-trailer","false","1","2","false","200","FAIL","[""Head metadata changed""]"
"page","/service-areas/maryland/central-maryland/","Central Maryland, Maryland Remote Operations Man Camp Temporary Facilities Rental","Plan man-camp temporary facilities in Central Maryland, Maryland for remote operations. Compare the separately labelled office/sleeper/shower-restroom trailer, 38 ft all-electric kitchen reference and shower-only trailer. Coordinate accommodation, food preparation, hygiene, utilities and delivery while confirming each product's actual layout. For sites near Baltimore or Frederick, provide the exact delivery address and access details.","Rent or lease Temporary Facilities in Central Maryland, Maryland. For work across Central Maryland, Maryland, Temporary123 helps project teams plan rental facilities before mobilization. The conversation can cover mobile commercial kitchens, 22 ft 10-stall shower trailers, combination units and sleeper or bunkbed rentals for short or extended assignments.","true","unspecified","false","3","8","false","200","FAIL","[""Head metadata changed""]"
"page","/service-areas/maryland/eastern-shore/","Eastern Shore, Maryland Emergency Basecamp Shower Trailer Rental","Arrange shower-only trailer rental in Eastern Shore, Maryland for emergency basecamps. Plan private washing facilities around peak use, hot-water supply, water connections, wastewater and servicing access. The gallery identifies its reference unit; confirm the actual available shower-only layout. For sites near Salisbury or Easton, provide the exact delivery address and access details.","Rent or lease Temporary Facilities in Eastern Shore, Maryland. Project managers in Eastern Shore, Maryland can use a temporary facilities rental plan to keep crews supported during construction, renovation or remote work. Review the site route, equipment footprint and servicing plan before choosing a rent or lease arrangement.","true","shower-trailer","false","1","6","false","200","FAIL","[""Head metadata changed""]"
"page","/service-areas/maryland/southern-maryland/","Southern Maryland, Maryland Institutional Facility Shower and Restroom Combination Trailer For Rent","Arrange shower and restroom combination trailer rental in Southern Maryland, Maryland for institutional operations. Plan shower and toilet access together, with privacy, stall layout, water heating and wastewater servicing. Match the required combination configuration to its identified equipment reference. For sites near Waldorf or Lexington Park, provide the exact delivery address and access details.","Rent or lease Temporary Facilities in Southern Maryland, Maryland. When a site is located in Southern Maryland, Maryland, a coordinated temporary facility rental keeps the next phase moving. Discuss kitchen capacity, shower and restroom combinations, sleeper or bunkbed trailers and the delivery sequence with our team.","true","shower-restroom-combination","false","1","5","false","200","FAIL","[""Head metadata changed""]"
"page","/service-areas/massachusetts/berkshires/","Berkshires, Massachusetts Remote Operations Man Camp Temporary Facilities Rental","Plan man-camp temporary facilities in Berkshires, Massachusetts for remote operations. Compare the separately labelled office/sleeper/shower-restroom trailer, 38 ft all-electric kitchen reference and shower-only trailer. Coordinate accommodation, food preparation, hygiene, utilities and delivery while confirming each product's actual layout. For sites near Pittsfield or North Adams, provide the exact delivery address and access details.","Rent or lease Temporary Facilities in Berkshires, Massachusetts. Teams planning work in Berkshires, Massachusetts can arrange temporary facilities around the site's access, occupancy and schedule. Rent mobile kitchens, shower and restroom combination trailers, and sleeper or bunkbed trailers when the project needs a reliable base camp.","true","unspecified","false","3","8","false","200","FAIL","[""Head metadata changed""]"
"page","/service-areas/massachusetts/central-massachusetts/","Central Massachusetts, Massachusetts Emergency Basecamp Shower Trailer Rental","Arrange shower-only trailer rental in Central Massachusetts, Massachusetts for emergency basecamps. Plan private washing facilities around peak use, hot-water supply, water connections, wastewater and servicing access. The gallery identifies its reference unit; confirm the actual available shower-only layout. For sites near Worcester or Fitchburg, provide the exact delivery address and access details.","Rent or lease Temporary Facilities in Central Massachusetts, Massachusetts. A Central Massachusetts project in Massachusetts may need a temporary facility plan that connects food service, hygiene and crew support. Compare short-term rental options with a longer lease, then confirm delivery access and utility requirements for the exact site.","true","shower-trailer","false","1","6","false","200","FAIL","[""Head metadata changed""]"
"page","/service-areas/massachusetts/greater-boston/","Greater Boston, Massachusetts Institutional Facility Shower and Restroom Combination Trailer For Rent","Arrange shower and restroom combination trailer rental in Greater Boston, Massachusetts for institutional operations. Plan shower and toilet access together, with privacy, stall layout, water heating and wastewater servicing. Match the required combination configuration to its identified equipment reference. For sites near Boston or Cambridge, provide the exact delivery address and access details.","Rent or lease Temporary Facilities in Greater Boston, Massachusetts. For work across Greater Boston, Massachusetts, Temporary123 helps project teams plan rental facilities before mobilization. The conversation can cover mobile commercial kitchens, 22 ft 10-stall shower trailers, combination units and sleeper or bunkbed rentals for short or extended assignments.","true","shower-restroom-combination","false","1","5","false","200","FAIL","[""Head metadata changed""]"
"page","/service-areas/massachusetts/north-shore/","North Shore, Massachusetts Accessible Commercial Site ADA Shower and Restroom Combination Trailer Leasing","Arrange ADA shower and restroom combination leasing in North Shore, Massachusetts for commercial sites with accessibility requirements. Review accessible washing and toilet facilities, the access route, ramp and room layout. The catalogue reference does not show the accessible room or ramp; confirm those features and the actual configuration before booking. For sites near Salem or Gloucester, provide the exact delivery address and access details.","Rent or lease Temporary Facilities in North Shore, Massachusetts. Project managers in North Shore, Massachusetts can use a temporary facilities rental plan to keep crews supported during construction, renovation or remote work. Review the site route, equipment footprint and servicing plan before choosing a rent or lease arrangement.","true","ada-combination","false","1","1","false","200","FAIL","[""Head metadata changed""]"
"page","/service-areas/massachusetts/south-shore-and-cape-cod/","South Shore and Cape Cod, Massachusetts Workforce Camp Laundry Temporary Facilities Long-Term Rental","Arrange temporary laundry facilities long-term rental in South Shore and Cape Cod, Massachusetts for workforce camps. Compare the separately labelled 30 ft laundry trailer and 20 ft laundry container interiors. Match washing and drying requirements to crew size, laundry volume, utilities and the appropriate delivery method. For sites near Plymouth or Hyannis, provide the exact delivery address and access details.","Rent or lease Temporary Facilities in South Shore and Cape Cod, Massachusetts. When a site is located in South Shore and Cape Cod, Massachusetts, a coordinated temporary facility rental keeps the next phase moving. Discuss kitchen capacity, shower and restroom combinations, sleeper or bunkbed trailers and the delivery sequence with our team.","true","laundry-unspecified","false","2","4","false","200","FAIL","[""Head metadata changed""]"
"page","/service-areas/michigan/upper-peninsula/","Upper Peninsula, Michigan Workforce Camp Laundry Temporary Facilities Long-Term Rental","Arrange temporary laundry facilities long-term rental in Upper Peninsula, Michigan for workforce camps. Compare the separately labelled 30 ft laundry trailer and 20 ft laundry container interiors. Match washing and drying requirements to crew size, laundry volume, utilities and the appropriate delivery method. For sites near Marquette or Escanaba, provide the exact delivery address and access details.","Rent or lease Temporary Facilities in Upper Peninsula, Michigan. Teams planning work in Upper Peninsula, Michigan can arrange temporary facilities around the site's access, occupancy and schedule. Rent mobile kitchens, shower and restroom combination trailers, and sleeper or bunkbed trailers when the project needs a reliable base camp.","true","laundry-unspecified","false","2","4","false","200","FAIL","[""Head metadata changed""]"
"page","/service-areas/michigan/northern-lower-peninsula/","Northern Lower Peninsula, Michigan Construction Project Kitchen Emergency Trailer Rental","Arrange commercial kitchen trailer rental in Northern Lower Peninsula, Michigan for construction projects. Plan cooking and preparation space around your menu, meal volume and service schedule. Confirm the cooking line, power, potable water, drainage and trailer access. For sites near Traverse City or Alpena, provide the exact delivery address and access details.","Rent or lease Temporary Facilities in Northern Lower Peninsula, Michigan. A Northern Lower Peninsula project in Michigan may need a temporary facility plan that connects food service, hygiene and crew support. Compare short-term rental options with a longer lease, then confirm delivery access and utility requirements for the exact site.","true","mobile-kitchen","false","1","5","false","200","FAIL","[""Head metadata changed""]"
"page","/service-areas/michigan/west-michigan/","West Michigan, Michigan Commercial Food Service Commercial Kitchen Modular Building For Rent","Arrange commercial kitchen modular building rental in West Michigan, Michigan for your operation. Plan the cooking and preparation building around the menu, workflow, installation footprint and utilities. Confirm the modular layout; kitchen-trailer photographs are not a substitute for building imagery. For sites near Grand Rapids or Muskegon, provide the exact delivery address and access details.","Rent or lease Temporary Facilities in West Michigan, Michigan. For work across West Michigan, Michigan, Temporary123 helps project teams plan rental facilities before mobilization. The conversation can cover mobile commercial kitchens, 22 ft 10-stall shower trailers, combination units and sleeper or bunkbed rentals for short or extended assignments.","true","kitchen-modular","false","0","0","true","200","FAIL","[""Head metadata changed""]"
"page","/service-areas/michigan/mid-michigan/","Mid Michigan, Michigan Workforce Housing Sleeper Bunk-Bed Facility Leasing","Arrange sleeper and bunk-bed facilities leasing in Mid Michigan, Michigan for crews working away from home. Plan sleeping space around occupancy, shifts, privacy and ventilation. Bunk-room photos are references; confirm the available layout, trailer dimensions and delivery access. For sites near Lansing or Saginaw, provide the exact delivery address and access details.","Rent or lease Temporary Facilities in Mid Michigan, Michigan. Project managers in Mid Michigan, Michigan can use a temporary facilities rental plan to keep crews supported during construction, renovation or remote work. Review the site route, equipment footprint and servicing plan before choosing a rent or lease arrangement.","true","sleeper-trailer","false","1","2","false","200","FAIL","[""Head metadata changed""]"
"page","/service-areas/michigan/southeast-michigan/","Southeast Michigan, Michigan Remote Operations Man Camp Temporary Facilities Rental","Plan man-camp temporary facilities in Southeast Michigan, Michigan for remote operations. Compare the separately labelled office/sleeper/shower-restroom trailer, 38 ft all-electric kitchen reference and shower-only trailer. Coordinate accommodation, food preparation, hygiene, utilities and delivery while confirming each product's actual layout. For sites near Detroit or Ann Arbor, provide the exact delivery address and access details.","Rent or lease Temporary Facilities in Southeast Michigan, Michigan. When a site is located in Southeast Michigan, Michigan, a coordinated temporary facility rental keeps the next phase moving. Discuss kitchen capacity, shower and restroom combinations, sleeper or bunkbed trailers and the delivery sequence with our team.","true","unspecified","false","3","8","false","200","FAIL","[""Head metadata changed""]"
"page","/service-areas/minnesota/northwest-minnesota/","Northwest Minnesota, Minnesota Workforce Camp Laundry Temporary Facilities Long-Term Rental","Arrange temporary laundry facilities long-term rental in Northwest Minnesota, Minnesota for workforce camps. Compare the separately labelled 30 ft laundry trailer and 20 ft laundry container interiors. Match washing and drying requirements to crew size, laundry volume, utilities and the appropriate delivery method. For sites near Bemidji or Crookston, provide the exact delivery address and access details.","Rent or lease Temporary Facilities in Northwest Minnesota, Minnesota. Teams planning work in Northwest Minnesota, Minnesota can arrange temporary facilities around the site's access, occupancy and schedule. Rent mobile kitchens, shower and restroom combination trailers, and sleeper or bunkbed trailers when the project needs a reliable base camp.","true","laundry-unspecified","false","2","4","false","200","FAIL","[""Head metadata changed""]"
"page","/service-areas/minnesota/northeast-minnesota/","Northeast Minnesota, Minnesota Construction Project Kitchen Emergency Trailer Rental","Arrange commercial kitchen trailer rental in Northeast Minnesota, Minnesota for construction projects. Plan cooking and preparation space around your menu, meal volume and service schedule. Confirm the cooking line, power, potable water, drainage and trailer access. For sites near Duluth or Hibbing, provide the exact delivery address and access details.","Rent or lease Temporary Facilities in Northeast Minnesota, Minnesota. A Northeast Minnesota project in Minnesota may need a temporary facility plan that connects food service, hygiene and crew support. Compare short-term rental options with a longer lease, then confirm delivery access and utility requirements for the exact site.","true","mobile-kitchen","false","1","5","false","200","FAIL","[""Head metadata changed""]"
"page","/service-areas/minnesota/central-minnesota/","Central Minnesota, Minnesota Commercial Food Service Commercial Kitchen Modular Building For Rent","Arrange commercial kitchen modular building rental in Central Minnesota, Minnesota for your operation. Plan the cooking and preparation building around the menu, workflow, installation footprint and utilities. Confirm the modular layout; kitchen-trailer photographs are not a substitute for building imagery. For sites near St. Cloud or Brainerd, provide the exact delivery address and access details.","Rent or lease Temporary Facilities in Central Minnesota, Minnesota. For work across Central Minnesota, Minnesota, Temporary123 helps project teams plan rental facilities before mobilization. The conversation can cover mobile commercial kitchens, 22 ft 10-stall shower trailers, combination units and sleeper or bunkbed rentals for short or extended assignments.","true","kitchen-modular","false","0","0","true","200","FAIL","[""Head metadata changed""]"
"page","/service-areas/minnesota/twin-cities/","Twin Cities, Minnesota Workforce Housing Sleeper Bunk-Bed Facility Leasing","Arrange sleeper and bunk-bed facilities leasing in Twin Cities, Minnesota for crews working away from home. Plan sleeping space around occupancy, shifts, privacy and ventilation. Bunk-room photos are references; confirm the available layout, trailer dimensions and delivery access. For sites near Minneapolis or Saint Paul, provide the exact delivery address and access details.","Rent or lease Temporary Facilities in Twin Cities, Minnesota. Project managers in Twin Cities, Minnesota can use a temporary facilities rental plan to keep crews supported during construction, renovation or remote work. Review the site route, equipment footprint and servicing plan before choosing a rent or lease arrangement.","true","sleeper-trailer","false","1","2","false","200","FAIL","[""Head metadata changed""]"
"page","/service-areas/minnesota/southern-minnesota/","Southern Minnesota, Minnesota Remote Operations Man Camp Temporary Facilities Rental","Plan man-camp temporary facilities in Southern Minnesota, Minnesota for remote operations. Compare the separately labelled office/sleeper/shower-restroom trailer, 38 ft all-electric kitchen reference and shower-only trailer. Coordinate accommodation, food preparation, hygiene, utilities and delivery while confirming each product's actual layout. For sites near Rochester or Mankato, provide the exact delivery address and access details.","Rent or lease Temporary Facilities in Southern Minnesota, Minnesota. When a site is located in Southern Minnesota, Minnesota, a coordinated temporary facility rental keeps the next phase moving. Discuss kitchen capacity, shower and restroom combinations, sleeper or bunkbed trailers and the delivery sequence with our team.","true","unspecified","false","3","8","false","200","FAIL","[""Head metadata changed""]"
"page","/service-areas/mississippi/delta/","Delta, Mississippi Workforce Housing Sleeper Bunk-Bed Facility Leasing","Arrange sleeper and bunk-bed facilities leasing in Delta, Mississippi for crews working away from home. Plan sleeping space around occupancy, shifts, privacy and ventilation. Bunk-room photos are references; confirm the available layout, trailer dimensions and delivery access. For sites near Greenville or Clarksdale, provide the exact delivery address and access details.","Rent or lease Temporary Facilities in Delta, Mississippi. Teams planning work in Delta, Mississippi can arrange temporary facilities around the site's access, occupancy and schedule. Rent mobile kitchens, shower and restroom combination trailers, and sleeper or bunkbed trailers when the project needs a reliable base camp.","true","sleeper-trailer","false","1","2","false","200","FAIL","[""Head metadata changed""]"
"page","/service-areas/mississippi/hills/","Hills, Mississippi Remote Operations Man Camp Temporary Facilities Rental","Plan man-camp temporary facilities in Hills, Mississippi for remote operations. Compare the separately labelled office/sleeper/shower-restroom trailer, 38 ft all-electric kitchen reference and shower-only trailer. Coordinate accommodation, food preparation, hygiene, utilities and delivery while confirming each product's actual layout. For sites near Oxford or Tupelo, provide the exact delivery address and access details.","Rent or lease Temporary Facilities in Hills, Mississippi. A Hills project in Mississippi may need a temporary facility plan that connects food service, hygiene and crew support. Compare short-term rental options with a longer lease, then confirm delivery access and utility requirements for the exact site.","true","unspecified","false","3","8","false","200","FAIL","[""Head metadata changed""]"
"page","/service-areas/mississippi/central-mississippi/","Central Mississippi, Mississippi Emergency Basecamp Shower Trailer Rental","Arrange shower-only trailer rental in Central Mississippi, Mississippi for emergency basecamps. Plan private washing facilities around peak use, hot-water supply, water connections, wastewater and servicing access. The gallery identifies its reference unit; confirm the actual available shower-only layout. For sites near Jackson or Meridian, provide the exact delivery address and access details.","Rent or lease Temporary Facilities in Central Mississippi, Mississippi. For work across Central Mississippi, Mississippi, Temporary123 helps project teams plan rental facilities before mobilization. The conversation can cover mobile commercial kitchens, 22 ft 10-stall shower trailers, combination units and sleeper or bunkbed rentals for short or extended assignments.","true","shower-trailer","false","1","6","false","200","FAIL","[""Head metadata changed""]"
"page","/service-areas/mississippi/pine-belt/","Pine Belt, Mississippi Institutional Facility Shower and Restroom Combination Trailer For Rent","Arrange shower and restroom combination trailer rental in Pine Belt, Mississippi for institutional operations. Plan shower and toilet access together, with privacy, stall layout, water heating and wastewater servicing. Match the required combination configuration to its identified equipment reference. For sites near Hattiesburg or Laurel, provide the exact delivery address and access details.","Rent or lease Temporary Facilities in Pine Belt, Mississippi. Project managers in Pine Belt, Mississippi can use a temporary facilities rental plan to keep crews supported during construction, renovation or remote work. Review the site route, equipment footprint and servicing plan before choosing a rent or lease arrangement.","true","shower-restroom-combination","false","1","5","false","200","FAIL","[""Head metadata changed""]"
"page","/service-areas/mississippi/gulf-coast/","Gulf Coast, Mississippi Accessible Commercial Site ADA Shower and Restroom Combination Trailer Leasing","Arrange ADA shower and restroom combination leasing in Gulf Coast, Mississippi for commercial sites with accessibility requirements. Review accessible washing and toilet facilities, the access route, ramp and room layout. The catalogue reference does not show the accessible room or ramp; confirm those features and the actual configuration before booking. For sites near Gulfport or Biloxi, provide the exact delivery address and access details.","Rent or lease Temporary Facilities in Gulf Coast, Mississippi. When a site is located in Gulf Coast, Mississippi, a coordinated temporary facility rental keeps the next phase moving. Discuss kitchen capacity, shower and restroom combinations, sleeper or bunkbed trailers and the delivery sequence with our team.","true","ada-combination","false","1","1","false","200","FAIL","[""Head metadata changed""]"
"page","/service-areas/missouri/northwest-missouri/","Northwest Missouri, Missouri Emergency Basecamp Shower Trailer Rental","Arrange shower-only trailer rental in Northwest Missouri, Missouri for emergency basecamps. Plan private washing facilities around peak use, hot-water supply, water connections, wastewater and servicing access. The gallery identifies its reference unit; confirm the actual available shower-only layout. For sites near St. Joseph or Maryville, provide the exact delivery address and access details.","Rent or lease Temporary Facilities in Northwest Missouri, Missouri. Teams planning work in Northwest Missouri, Missouri can arrange temporary facilities around the site's access, occupancy and schedule. Rent mobile kitchens, shower and restroom combination trailers, and sleeper or bunkbed trailers when the project needs a reliable base camp.","true","shower-trailer","false","1","6","false","200","FAIL","[""Head metadata changed""]"
"page","/service-areas/missouri/kansas-city-area/","Kansas City area, Missouri Institutional Facility Shower and Restroom Combination Trailer For Rent","Arrange shower and restroom combination trailer rental in Kansas City area, Missouri for institutional operations. Plan shower and toilet access together, with privacy, stall layout, water heating and wastewater servicing. Match the required combination configuration to its identified equipment reference. For sites near Kansas City or Independence, provide the exact delivery address and access details.","Rent or lease Temporary Facilities in Kansas City area, Missouri. A Kansas City area project in Missouri may need a temporary facility plan that connects food service, hygiene and crew support. Compare short-term rental options with a longer lease, then confirm delivery access and utility requirements for the exact site.","true","shower-restroom-combination","false","1","5","false","200","FAIL","[""Head metadata changed""]"
"page","/service-areas/missouri/central-missouri/","Central Missouri, Missouri Accessible Commercial Site ADA Shower and Restroom Combination Trailer Leasing","Arrange ADA shower and restroom combination leasing in Central Missouri, Missouri for commercial sites with accessibility requirements. Review accessible washing and toilet facilities, the access route, ramp and room layout. The catalogue reference does not show the accessible room or ramp; confirm those features and the actual configuration before booking. For sites near Columbia or Jefferson City, provide the exact delivery address and access details.","Rent or lease Temporary Facilities in Central Missouri, Missouri. For work across Central Missouri, Missouri, Temporary123 helps project teams plan rental facilities before mobilization. The conversation can cover mobile commercial kitchens, 22 ft 10-stall shower trailers, combination units and sleeper or bunkbed rentals for short or extended assignments.","true","ada-combination","false","1","1","false","200","FAIL","[""Head metadata changed""]"
"page","/service-areas/missouri/ozarks/","Ozarks, Missouri Workforce Camp Laundry Temporary Facilities Long-Term Rental","Arrange temporary laundry facilities long-term rental in Ozarks, Missouri for workforce camps. Compare the separately labelled 30 ft laundry trailer and 20 ft laundry container interiors. Match washing and drying requirements to crew size, laundry volume, utilities and the appropriate delivery method. For sites near Springfield or Branson, provide the exact delivery address and access details.","Rent or lease Temporary Facilities in Ozarks, Missouri. Project managers in Ozarks, Missouri can use a temporary facilities rental plan to keep crews supported during construction, renovation or remote work. Review the site route, equipment footprint and servicing plan before choosing a rent or lease arrangement.","true","laundry-unspecified","false","2","4","false","200","FAIL","[""Head metadata changed""]"
"page","/service-areas/missouri/st-louis-area/","St. Louis area, Missouri Construction Project Kitchen Emergency Trailer Rental","Arrange commercial kitchen trailer rental in St. Louis area, Missouri for construction projects. Plan cooking and preparation space around your menu, meal volume and service schedule. Confirm the cooking line, power, potable water, drainage and trailer access. For sites near St. Louis or St. Charles, provide the exact delivery address and access details.","Rent or lease Temporary Facilities in St. Louis area, Missouri. When a site is located in St. Louis area, Missouri, a coordinated temporary facility rental keeps the next phase moving. Discuss kitchen capacity, shower and restroom combinations, sleeper or bunkbed trailers and the delivery sequence with our team.","true","mobile-kitchen","false","1","5","false","200","FAIL","[""Head metadata changed""]"
"page","/service-areas/missouri/southeast-missouri/","Southeast Missouri, Missouri Commercial Food Service Commercial Kitchen Modular Building For Rent","Arrange commercial kitchen modular building rental in Southeast Missouri, Missouri for your operation. Plan the cooking and preparation building around the menu, workflow, installation footprint and utilities. Confirm the modular layout; kitchen-trailer photographs are not a substitute for building imagery. For sites near Cape Girardeau or Sikeston, provide the exact delivery address and access details.","Rent or lease Temporary Facilities in Southeast Missouri, Missouri. A clear rental brief for Southeast Missouri, Missouri should name the work area, crew size and operating dates. Temporary123 can help compare mobile kitchen, hygiene and sleeper trailer options for a short-term rent or a longer lease.","true","kitchen-modular","false","0","0","true","200","FAIL","[""Head metadata changed""]"
"page","/service-areas/montana/glacier-country/","Glacier Country, Montana Commercial Food Service Commercial Kitchen Modular Building For Rent","Arrange commercial kitchen modular building rental in Glacier Country, Montana for your operation. Plan the cooking and preparation building around the menu, workflow, installation footprint and utilities. Confirm the modular layout; kitchen-trailer photographs are not a substitute for building imagery. For sites near Kalispell or Missoula, provide the exact delivery address and access details.","Rent or lease Temporary Facilities in Glacier Country, Montana. Teams planning work in Glacier Country, Montana can arrange temporary facilities around the site's access, occupancy and schedule. Rent mobile kitchens, shower and restroom combination trailers, and sleeper or bunkbed trailers when the project needs a reliable base camp.","true","kitchen-modular","false","0","0","true","200","FAIL","[""Head metadata changed""]"
"page","/service-areas/montana/central-montana/","Central Montana, Montana Workforce Housing Sleeper Bunk-Bed Facility Leasing","Arrange sleeper and bunk-bed facilities leasing in Central Montana, Montana for crews working away from home. Plan sleeping space around occupancy, shifts, privacy and ventilation. Bunk-room photos are references; confirm the available layout, trailer dimensions and delivery access. For sites near Great Falls or Helena, provide the exact delivery address and access details.","Rent or lease Temporary Facilities in Central Montana, Montana. A Central Montana project in Montana may need a temporary facility plan that connects food service, hygiene and crew support. Compare short-term rental options with a longer lease, then confirm delivery access and utility requirements for the exact site.","true","sleeper-trailer","false","1","2","false","200","FAIL","[""Head metadata changed""]"
"page","/service-areas/montana/yellowstone-country/","Yellowstone Country, Montana Remote Operations Man Camp Temporary Facilities Rental","Plan man-camp temporary facilities in Yellowstone Country, Montana for remote operations. Compare the separately labelled office/sleeper/shower-restroom trailer, 38 ft all-electric kitchen reference and shower-only trailer. Coordinate accommodation, food preparation, hygiene, utilities and delivery while confirming each product's actual layout. For sites near Bozeman or Livingston, provide the exact delivery address and access details.","Rent or lease Temporary Facilities in Yellowstone Country, Montana. For work across Yellowstone Country, Montana, Temporary123 helps project teams plan rental facilities before mobilization. The conversation can cover mobile commercial kitchens, 22 ft 10-stall shower trailers, combination units and sleeper or bunkbed rentals for short or extended assignments.","true","unspecified","false","3","8","false","200","FAIL","[""Head metadata changed""]"
"page","/service-areas/montana/missouri-river-country/","Missouri River Country, Montana Emergency Basecamp Shower Trailer Rental","Arrange shower-only trailer rental in Missouri River Country, Montana for emergency basecamps. Plan private washing facilities around peak use, hot-water supply, water connections, wastewater and servicing access. The gallery identifies its reference unit; confirm the actual available shower-only layout. For sites near Havre or Glasgow, provide the exact delivery address and access details.","Rent or lease Temporary Facilities in Missouri River Country, Montana. Project managers in Missouri River Country, Montana can use a temporary facilities rental plan to keep crews supported during construction, renovation or remote work. Review the site route, equipment footprint and servicing plan before choosing a rent or lease arrangement.","true","shower-trailer","false","1","6","false","200","FAIL","[""Head metadata changed""]"
"page","/service-areas/montana/southeast-montana/","Southeast Montana, Montana Institutional Facility Shower and Restroom Combination Trailer For Rent","Arrange shower and restroom combination trailer rental in Southeast Montana, Montana for institutional operations. Plan shower and toilet access together, with privacy, stall layout, water heating and wastewater servicing. Match the required combination configuration to its identified equipment reference. For sites near Billings or Miles City, provide the exact delivery address and access details.","Rent or lease Temporary Facilities in Southeast Montana, Montana. When a site is located in Southeast Montana, Montana, a coordinated temporary facility rental keeps the next phase moving. Discuss kitchen capacity, shower and restroom combinations, sleeper or bunkbed trailers and the delivery sequence with our team.","true","shower-restroom-combination","false","1","5","false","200","FAIL","[""Head metadata changed""]"
"page","/service-areas/nebraska/panhandle/","Panhandle, Nebraska Workforce Housing Sleeper Bunk-Bed Facility Leasing","Arrange sleeper and bunk-bed facilities leasing in Panhandle, Nebraska for crews working away from home. Plan sleeping space around occupancy, shifts, privacy and ventilation. Bunk-room photos are references; confirm the available layout, trailer dimensions and delivery access. For sites near Scottsbluff or Chadron, provide the exact delivery address and access details.","Rent or lease Temporary Facilities in Panhandle, Nebraska. Teams planning work in Panhandle, Nebraska can arrange temporary facilities around the site's access, occupancy and schedule. Rent mobile kitchens, shower and restroom combination trailers, and sleeper or bunkbed trailers when the project needs a reliable base camp.","true","sleeper-trailer","false","1","2","false","200","FAIL","[""Head metadata changed""]"
"page","/service-areas/nebraska/sandhills/","Sandhills, Nebraska Remote Operations Man Camp Temporary Facilities Rental","Plan man-camp temporary facilities in Sandhills, Nebraska for remote operations. Compare the separately labelled office/sleeper/shower-restroom trailer, 38 ft all-electric kitchen reference and shower-only trailer. Coordinate accommodation, food preparation, hygiene, utilities and delivery while confirming each product's actual layout. For sites near Valentine or Thedford, provide the exact delivery address and access details.","Rent or lease Temporary Facilities in Sandhills, Nebraska. A Sandhills project in Nebraska may need a temporary facility plan that connects food service, hygiene and crew support. Compare short-term rental options with a longer lease, then confirm delivery access and utility requirements for the exact site.","true","unspecified","false","3","8","false","200","FAIL","[""Head metadata changed""]"
"page","/service-areas/nebraska/central-nebraska/","Central Nebraska, Nebraska Emergency Basecamp Shower Trailer Rental","Arrange shower-only trailer rental in Central Nebraska, Nebraska for emergency basecamps. Plan private washing facilities around peak use, hot-water supply, water connections, wastewater and servicing access. The gallery identifies its reference unit; confirm the actual available shower-only layout. For sites near Grand Island or Kearney, provide the exact delivery address and access details.","Rent or lease Temporary Facilities in Central Nebraska, Nebraska. For work across Central Nebraska, Nebraska, Temporary123 helps project teams plan rental facilities before mobilization. The conversation can cover mobile commercial kitchens, 22 ft 10-stall shower trailers, combination units and sleeper or bunkbed rentals for short or extended assignments.","true","shower-trailer","false","1","6","false","200","FAIL","[""Head metadata changed""]"
"page","/service-areas/nebraska/northeast-nebraska/","Northeast Nebraska, Nebraska Institutional Facility Shower and Restroom Combination Trailer For Rent","Arrange shower and restroom combination trailer rental in Northeast Nebraska, Nebraska for institutional operations. Plan shower and toilet access together, with privacy, stall layout, water heating and wastewater servicing. Match the required combination configuration to its identified equipment reference. For sites near Norfolk or Columbus, provide the exact delivery address and access details.","Rent or lease Temporary Facilities in Northeast Nebraska, Nebraska. Project managers in Northeast Nebraska, Nebraska can use a temporary facilities rental plan to keep crews supported during construction, renovation or remote work. Review the site route, equipment footprint and servicing plan before choosing a rent or lease arrangement.","true","shower-restroom-combination","false","1","5","false","200","FAIL","[""Head metadata changed""]"
"page","/service-areas/nebraska/lincoln-and-omaha-corridor/","Lincoln and Omaha corridor, Nebraska Accessible Commercial Site ADA Shower and Restroom Combination Trailer Leasing","Arrange ADA shower and restroom combination leasing in Lincoln and Omaha corridor, Nebraska for commercial sites with accessibility requirements. Review accessible washing and toilet facilities, the access route, ramp and room layout. The catalogue reference does not show the accessible room or ramp; confirm those features and the actual configuration before booking. For sites near Lincoln or Omaha, provide the exact delivery address and access details.","Rent or lease Temporary Facilities in Lincoln and Omaha corridor, Nebraska. When a site is located in Lincoln and Omaha corridor, Nebraska, a coordinated temporary facility rental keeps the next phase moving. Discuss kitchen capacity, shower and restroom combinations, sleeper or bunkbed trailers and the delivery sequence with our team.","true","ada-combination","false","1","1","false","200","FAIL","[""Head metadata changed""]"
"page","/service-areas/nevada/northern-nevada/","Northern Nevada, Nevada Workforce Housing Sleeper Bunk-Bed Facility Leasing","Arrange sleeper and bunk-bed facilities leasing in Northern Nevada, Nevada for crews working away from home. Plan sleeping space around occupancy, shifts, privacy and ventilation. Bunk-room photos are references; confirm the available layout, trailer dimensions and delivery access. For sites near Elko or Winnemucca, provide the exact delivery address and access details.","Rent or lease Temporary Facilities in Northern Nevada, Nevada. Teams planning work in Northern Nevada, Nevada can arrange temporary facilities around the site's access, occupancy and schedule. Rent mobile kitchens, shower and restroom combination trailers, and sleeper or bunkbed trailers when the project needs a reliable base camp.","true","sleeper-trailer","false","1","2","false","200","FAIL","[""Head metadata changed""]"
"page","/service-areas/nevada/reno-tahoe/","Reno Tahoe, Nevada Remote Operations Man Camp Temporary Facilities Rental","Plan man-camp temporary facilities in Reno Tahoe, Nevada for remote operations. Compare the separately labelled office/sleeper/shower-restroom trailer, 38 ft all-electric kitchen reference and shower-only trailer. Coordinate accommodation, food preparation, hygiene, utilities and delivery while confirming each product's actual layout. For sites near Reno or Carson City, provide the exact delivery address and access details.","Rent or lease Temporary Facilities in Reno Tahoe, Nevada. A Reno Tahoe project in Nevada may need a temporary facility plan that connects food service, hygiene and crew support. Compare short-term rental options with a longer lease, then confirm delivery access and utility requirements for the exact site.","true","unspecified","false","3","8","false","200","FAIL","[""Head metadata changed""]"
"page","/service-areas/nevada/central-nevada/","Central Nevada, Nevada Emergency Basecamp Shower Trailer Rental","Arrange shower-only trailer rental in Central Nevada, Nevada for emergency basecamps. Plan private washing facilities around peak use, hot-water supply, water connections, wastewater and servicing access. The gallery identifies its reference unit; confirm the actual available shower-only layout. For sites near Ely or Tonopah, provide the exact delivery address and access details.","Rent or lease Temporary Facilities in Central Nevada, Nevada. For work across Central Nevada, Nevada, Temporary123 helps project teams plan rental facilities before mobilization. The conversation can cover mobile commercial kitchens, 22 ft 10-stall shower trailers, combination units and sleeper or bunkbed rentals for short or extended assignments.","true","shower-trailer","false","1","6","false","200","FAIL","[""Head metadata changed""]"
"page","/service-areas/nevada/las-vegas-valley/","Las Vegas Valley, Nevada Institutional Facility Shower and Restroom Combination Trailer For Rent","Arrange shower and restroom combination trailer rental in Las Vegas Valley, Nevada for institutional operations. Plan shower and toilet access together, with privacy, stall layout, water heating and wastewater servicing. Match the required combination configuration to its identified equipment reference. For sites near Las Vegas or Henderson, provide the exact delivery address and access details.","Rent or lease Temporary Facilities in Las Vegas Valley, Nevada. Project managers in Las Vegas Valley, Nevada can use a temporary facilities rental plan to keep crews supported during construction, renovation or remote work. Review the site route, equipment footprint and servicing plan before choosing a rent or lease arrangement.","true","shower-restroom-combination","false","1","5","false","200","FAIL","[""Head metadata changed""]"
"page","/service-areas/nevada/southern-nevada/","Southern Nevada, Nevada Accessible Commercial Site ADA Shower and Restroom Combination Trailer Leasing","Arrange ADA shower and restroom combination leasing in Southern Nevada, Nevada for commercial sites with accessibility requirements. Review accessible washing and toilet facilities, the access route, ramp and room layout. The catalogue reference does not show the accessible room or ramp; confirm those features and the actual configuration before booking. For sites near Mesquite or Boulder City, provide the exact delivery address and access details.","Rent or lease Temporary Facilities in Southern Nevada, Nevada. When a site is located in Southern Nevada, Nevada, a coordinated temporary facility rental keeps the next phase moving. Discuss kitchen capacity, shower and restroom combinations, sleeper or bunkbed trailers and the delivery sequence with our team.","true","ada-combination","false","1","1","false","200","FAIL","[""Head metadata changed""]"
"page","/service-areas/new-hampshire/great-north-woods/","Great North Woods, New Hampshire Construction Project Kitchen Emergency Trailer Rental","Arrange commercial kitchen trailer rental in Great North Woods, New Hampshire for construction projects. Plan cooking and preparation space around your menu, meal volume and service schedule. Confirm the cooking line, power, potable water, drainage and trailer access. For sites near Berlin or Colebrook, provide the exact delivery address and access details.","Rent or lease Temporary Facilities in Great North Woods, New Hampshire. Teams planning work in Great North Woods, New Hampshire can arrange temporary facilities around the site's access, occupancy and schedule. Rent mobile kitchens, shower and restroom combination trailers, and sleeper or bunkbed trailers when the project needs a reliable base camp.","true","mobile-kitchen","false","1","5","false","200","FAIL","[""Head metadata changed""]"
"page","/service-areas/new-hampshire/white-mountains/","White Mountains, New Hampshire Commercial Food Service Commercial Kitchen Modular Building For Rent","Arrange commercial kitchen modular building rental in White Mountains, New Hampshire for your operation. Plan the cooking and preparation building around the menu, workflow, installation footprint and utilities. Confirm the modular layout; kitchen-trailer photographs are not a substitute for building imagery. For sites near Conway or Lincoln, provide the exact delivery address and access details.","Rent or lease Temporary Facilities in White Mountains, New Hampshire. A White Mountains project in New Hampshire may need a temporary facility plan that connects food service, hygiene and crew support. Compare short-term rental options with a longer lease, then confirm delivery access and utility requirements for the exact site.","true","kitchen-modular","false","0","0","true","200","FAIL","[""Head metadata changed""]"
"page","/service-areas/new-hampshire/lakes-region/","Lakes Region, New Hampshire Workforce Housing Sleeper Bunk-Bed Facility Leasing","Arrange sleeper and bunk-bed facilities leasing in Lakes Region, New Hampshire for crews working away from home. Plan sleeping space around occupancy, shifts, privacy and ventilation. Bunk-room photos are references; confirm the available layout, trailer dimensions and delivery access. For sites near Laconia or Wolfeboro, provide the exact delivery address and access details.","Rent or lease Temporary Facilities in Lakes Region, New Hampshire. For work across Lakes Region, New Hampshire, Temporary123 helps project teams plan rental facilities before mobilization. The conversation can cover mobile commercial kitchens, 22 ft 10-stall shower trailers, combination units and sleeper or bunkbed rentals for short or extended assignments.","true","sleeper-trailer","false","1","2","false","200","FAIL","[""Head metadata changed""]"
"page","/service-areas/new-hampshire/dartmouth-lake-sunapee/","Dartmouth Lake Sunapee, New Hampshire Remote Operations Man Camp Temporary Facilities Rental","Plan man-camp temporary facilities in Dartmouth Lake Sunapee, New Hampshire for remote operations. Compare the separately labelled office/sleeper/shower-restroom trailer, 38 ft all-electric kitchen reference and shower-only trailer. Coordinate accommodation, food preparation, hygiene, utilities and delivery while confirming each product's actual layout. For sites near Lebanon or Claremont, provide the exact delivery address and access details.","Rent or lease Temporary Facilities in Dartmouth Lake Sunapee, New Hampshire. Project managers in Dartmouth Lake Sunapee, New Hampshire can use a temporary facilities rental plan to keep crews supported during construction, renovation or remote work. Review the site route, equipment footprint and servicing plan before choosing a rent or lease arrangement.","true","unspecified","false","3","8","false","200","FAIL","[""Head metadata changed""]"
"page","/service-areas/new-hampshire/merrimack-valley/","Merrimack Valley, New Hampshire Emergency Basecamp Shower Trailer Rental","Arrange shower-only trailer rental in Merrimack Valley, New Hampshire for emergency basecamps. Plan private washing facilities around peak use, hot-water supply, water connections, wastewater and servicing access. The gallery identifies its reference unit; confirm the actual available shower-only layout. For sites near Manchester or Concord, provide the exact delivery address and access details.","Rent or lease Temporary Facilities in Merrimack Valley, New Hampshire. When a site is located in Merrimack Valley, New Hampshire, a coordinated temporary facility rental keeps the next phase moving. Discuss kitchen capacity, shower and restroom combinations, sleeper or bunkbed trailers and the delivery sequence with our team.","true","shower-trailer","false","1","6","false","200","FAIL","[""Head metadata changed""]"
"page","/service-areas/new-hampshire/seacoast/","Seacoast, New Hampshire Institutional Facility Shower and Restroom Combination Trailer For Rent","Arrange shower and restroom combination trailer rental in Seacoast, New Hampshire for institutional operations. Plan shower and toilet access together, with privacy, stall layout, water heating and wastewater servicing. Match the required combination configuration to its identified equipment reference. For sites near Portsmouth or Dover, provide the exact delivery address and access details.","Rent or lease Temporary Facilities in Seacoast, New Hampshire. A clear rental brief for Seacoast, New Hampshire should name the work area, crew size and operating dates. Temporary123 can help compare mobile kitchen, hygiene and sleeper trailer options for a short-term rent or a longer lease.","true","shower-restroom-combination","false","1","5","false","200","FAIL","[""Head metadata changed""]"
"page","/service-areas/new-jersey/skylands/","Skylands, New Jersey Remote Operations Man Camp Temporary Facilities Rental","Plan man-camp temporary facilities in Skylands, New Jersey for remote operations. Compare the separately labelled office/sleeper/shower-restroom trailer, 38 ft all-electric kitchen reference and shower-only trailer. Coordinate accommodation, food preparation, hygiene, utilities and delivery while confirming each product's actual layout. For sites near Morristown or Newton, provide the exact delivery address and access details.","Rent or lease Temporary Facilities in Skylands, New Jersey. Teams planning work in Skylands, New Jersey can arrange temporary facilities around the site's access, occupancy and schedule. Rent mobile kitchens, shower and restroom combination trailers, and sleeper or bunkbed trailers when the project needs a reliable base camp.","true","unspecified","false","3","8","false","200","FAIL","[""Head metadata changed""]"
"page","/service-areas/new-jersey/gateway-region/","Gateway Region, New Jersey Emergency Basecamp Shower Trailer Rental","Arrange shower-only trailer rental in Gateway Region, New Jersey for emergency basecamps. Plan private washing facilities around peak use, hot-water supply, water connections, wastewater and servicing access. The gallery identifies its reference unit; confirm the actual available shower-only layout. For sites near Newark or Jersey City, provide the exact delivery address and access details.","Rent or lease Temporary Facilities in Gateway Region, New Jersey. A Gateway Region project in New Jersey may need a temporary facility plan that connects food service, hygiene and crew support. Compare short-term rental options with a longer lease, then confirm delivery access and utility requirements for the exact site.","true","shower-trailer","false","1","6","false","200","FAIL","[""Head metadata changed""]"
"page","/service-areas/new-jersey/central-jersey/","Central Jersey, New Jersey Institutional Facility Shower and Restroom Combination Trailer For Rent","Arrange shower and restroom combination trailer rental in Central Jersey, New Jersey for institutional operations. Plan shower and toilet access together, with privacy, stall layout, water heating and wastewater servicing. Match the required combination configuration to its identified equipment reference. For sites near New Brunswick or Princeton, provide the exact delivery address and access details.","Rent or lease Temporary Facilities in Central Jersey, New Jersey. For work across Central Jersey, New Jersey, Temporary123 helps project teams plan rental facilities before mobilization. The conversation can cover mobile commercial kitchens, 22 ft 10-stall shower trailers, combination units and sleeper or bunkbed rentals for short or extended assignments.","true","shower-restroom-combination","false","1","5","false","200","FAIL","[""Head metadata changed""]"
"page","/service-areas/new-jersey/shore-region/","Shore Region, New Jersey Accessible Commercial Site ADA Shower and Restroom Combination Trailer Leasing","Arrange ADA shower and restroom combination leasing in Shore Region, New Jersey for commercial sites with accessibility requirements. Review accessible washing and toilet facilities, the access route, ramp and room layout. The catalogue reference does not show the accessible room or ramp; confirm those features and the actual configuration before booking. For sites near Asbury Park or Toms River, provide the exact delivery address and access details.","Rent or lease Temporary Facilities in Shore Region, New Jersey. Project managers in Shore Region, New Jersey can use a temporary facilities rental plan to keep crews supported during construction, renovation or remote work. Review the site route, equipment footprint and servicing plan before choosing a rent or lease arrangement.","true","ada-combination","false","1","1","false","200","FAIL","[""Head metadata changed""]"
"page","/service-areas/new-jersey/delaware-river-region/","Delaware River Region, New Jersey Workforce Camp Laundry Temporary Facilities Long-Term Rental","Arrange temporary laundry facilities long-term rental in Delaware River Region, New Jersey for workforce camps. Compare the separately labelled 30 ft laundry trailer and 20 ft laundry container interiors. Match washing and drying requirements to crew size, laundry volume, utilities and the appropriate delivery method. For sites near Trenton or Camden, provide the exact delivery address and access details.","Rent or lease Temporary Facilities in Delaware River Region, New Jersey. When a site is located in Delaware River Region, New Jersey, a coordinated temporary facility rental keeps the next phase moving. Discuss kitchen capacity, shower and restroom combinations, sleeper or bunkbed trailers and the delivery sequence with our team.","true","laundry-unspecified","false","2","4","false","200","FAIL","[""Head metadata changed""]"
"page","/service-areas/new-jersey/southern-shore/","Southern Shore, New Jersey Construction Project Kitchen Emergency Trailer Rental","Arrange commercial kitchen trailer rental in Southern Shore, New Jersey for construction projects. Plan cooking and preparation space around your menu, meal volume and service schedule. Confirm the cooking line, power, potable water, drainage and trailer access. For sites near Atlantic City or Cape May, provide the exact delivery address and access details.","Rent or lease Temporary Facilities in Southern Shore, New Jersey. A clear rental brief for Southern Shore, New Jersey should name the work area, crew size and operating dates. Temporary123 can help compare mobile kitchen, hygiene and sleeper trailer options for a short-term rent or a longer lease.","true","mobile-kitchen","false","1","5","false","200","FAIL","[""Head metadata changed""]"
"page","/service-areas/new-mexico/north-central-new-mexico/","North Central New Mexico, New Mexico Construction Project Kitchen Emergency Trailer Rental","Arrange commercial kitchen trailer rental in North Central New Mexico, New Mexico for construction projects. Plan cooking and preparation space around your menu, meal volume and service schedule. Confirm the cooking line, power, potable water, drainage and trailer access. For sites near Santa Fe or Taos, provide the exact delivery address and access details.","Rent or lease Temporary Facilities in North Central New Mexico, New Mexico. Teams planning work in North Central New Mexico, New Mexico can arrange temporary facilities around the site's access, occupancy and schedule. Rent mobile kitchens, shower and restroom combination trailers, and sleeper or bunkbed trailers when the project needs a reliable base camp.","true","mobile-kitchen","false","1","5","false","200","FAIL","[""Head metadata changed""]"
"page","/service-areas/new-mexico/northeast-new-mexico/","Northeast New Mexico, New Mexico Commercial Food Service Commercial Kitchen Modular Building For Rent","Arrange commercial kitchen modular building rental in Northeast New Mexico, New Mexico for your operation. Plan the cooking and preparation building around the menu, workflow, installation footprint and utilities. Confirm the modular layout; kitchen-trailer photographs are not a substitute for building imagery. For sites near Las Vegas or Raton, provide the exact delivery address and access details.","Rent or lease Temporary Facilities in Northeast New Mexico, New Mexico. A Northeast New Mexico project in New Mexico may need a temporary facility plan that connects food service, hygiene and crew support. Compare short-term rental options with a longer lease, then confirm delivery access and utility requirements for the exact site.","true","kitchen-modular","false","0","0","true","200","FAIL","[""Head metadata changed""]"
"page","/service-areas/new-mexico/albuquerque-area/","Albuquerque area, New Mexico Workforce Housing Sleeper Bunk-Bed Facility Leasing","Arrange sleeper and bunk-bed facilities leasing in Albuquerque area, New Mexico for crews working away from home. Plan sleeping space around occupancy, shifts, privacy and ventilation. Bunk-room photos are references; confirm the available layout, trailer dimensions and delivery access. For sites near Albuquerque or Rio Rancho, provide the exact delivery address and access details.","Rent or lease Temporary Facilities in Albuquerque area, New Mexico. For work across Albuquerque area, New Mexico, Temporary123 helps project teams plan rental facilities before mobilization. The conversation can cover mobile commercial kitchens, 22 ft 10-stall shower trailers, combination units and sleeper or bunkbed rentals for short or extended assignments.","true","sleeper-trailer","false","1","2","false","200","FAIL","[""Head metadata changed""]"
"page","/service-areas/new-mexico/southeast-new-mexico/","Southeast New Mexico, New Mexico Remote Operations Man Camp Temporary Facilities Rental","Plan man-camp temporary facilities in Southeast New Mexico, New Mexico for remote operations. Compare the separately labelled office/sleeper/shower-restroom trailer, 38 ft all-electric kitchen reference and shower-only trailer. Coordinate accommodation, food preparation, hygiene, utilities and delivery while confirming each product's actual layout. For sites near Roswell or Carlsbad, provide the exact delivery address and access details.","Rent or lease Temporary Facilities in Southeast New Mexico, New Mexico. Project managers in Southeast New Mexico, New Mexico can use a temporary facilities rental plan to keep crews supported during construction, renovation or remote work. Review the site route, equipment footprint and servicing plan before choosing a rent or lease arrangement.","true","unspecified","false","3","8","false","200","FAIL","[""Head metadata changed""]"
"page","/service-areas/new-mexico/southwest-new-mexico/","Southwest New Mexico, New Mexico Emergency Basecamp Shower Trailer Rental","Arrange shower-only trailer rental in Southwest New Mexico, New Mexico for emergency basecamps. Plan private washing facilities around peak use, hot-water supply, water connections, wastewater and servicing access. The gallery identifies its reference unit; confirm the actual available shower-only layout. For sites near Las Cruces or Silver City, provide the exact delivery address and access details.","Rent or lease Temporary Facilities in Southwest New Mexico, New Mexico. When a site is located in Southwest New Mexico, New Mexico, a coordinated temporary facility rental keeps the next phase moving. Discuss kitchen capacity, shower and restroom combinations, sleeper or bunkbed trailers and the delivery sequence with our team.","true","shower-trailer","false","1","6","false","200","FAIL","[""Head metadata changed""]"
"page","/service-areas/new-york/north-country/","North Country, New York Workforce Housing Sleeper Bunk-Bed Facility Leasing","Arrange sleeper and bunk-bed facilities leasing in North Country, New York for crews working away from home. Plan sleeping space around occupancy, shifts, privacy and ventilation. Bunk-room photos are references; confirm the available layout, trailer dimensions and delivery access. For sites near Watertown or Plattsburgh, provide the exact delivery address and access details.","Rent or lease Temporary Facilities in North Country, New York. Teams planning work in North Country, New York can arrange temporary facilities around the site's access, occupancy and schedule. Rent mobile kitchens, shower and restroom combination trailers, and sleeper or bunkbed trailers when the project needs a reliable base camp.","true","sleeper-trailer","false","1","2","false","200","FAIL","[""Head metadata changed""]"
"page","/service-areas/new-york/capital-region/","Capital Region, New York Remote Operations Man Camp Temporary Facilities Rental","Plan man-camp temporary facilities in Capital Region, New York for remote operations. Compare the separately labelled office/sleeper/shower-restroom trailer, 38 ft all-electric kitchen reference and shower-only trailer. Coordinate accommodation, food preparation, hygiene, utilities and delivery while confirming each product's actual layout. For sites near Albany or Troy, provide the exact delivery address and access details.","Rent or lease Temporary Facilities in Capital Region, New York. A Capital Region project in New York may need a temporary facility plan that connects food service, hygiene and crew support. Compare short-term rental options with a longer lease, then confirm delivery access and utility requirements for the exact site.","true","unspecified","false","3","8","false","200","FAIL","[""Head metadata changed""]"
"page","/service-areas/new-york/central-new-york/","Central New York, New York Emergency Basecamp Shower Trailer Rental","Arrange shower-only trailer rental in Central New York, New York for emergency basecamps. Plan private washing facilities around peak use, hot-water supply, water connections, wastewater and servicing access. The gallery identifies its reference unit; confirm the actual available shower-only layout. For sites near Syracuse or Utica, provide the exact delivery address and access details.","Rent or lease Temporary Facilities in Central New York, New York. For work across Central New York, New York, Temporary123 helps project teams plan rental facilities before mobilization. The conversation can cover mobile commercial kitchens, 22 ft 10-stall shower trailers, combination units and sleeper or bunkbed rentals for short or extended assignments.","true","shower-trailer","false","1","6","false","200","FAIL","[""Head metadata changed""]"
"page","/service-areas/new-york/finger-lakes/","Finger Lakes, New York Institutional Facility Shower and Restroom Combination Trailer For Rent","Arrange shower and restroom combination trailer rental in Finger Lakes, New York for institutional operations. Plan shower and toilet access together, with privacy, stall layout, water heating and wastewater servicing. Match the required combination configuration to its identified equipment reference. For sites near Rochester or Ithaca, provide the exact delivery address and access details.","Rent or lease Temporary Facilities in Finger Lakes, New York. Project managers in Finger Lakes, New York can use a temporary facilities rental plan to keep crews supported during construction, renovation or remote work. Review the site route, equipment footprint and servicing plan before choosing a rent or lease arrangement.","true","shower-restroom-combination","false","1","5","false","200","FAIL","[""Head metadata changed""]"
"page","/service-areas/new-york/western-new-york/","Western New York, New York Accessible Commercial Site ADA Shower and Restroom Combination Trailer Leasing","Arrange ADA shower and restroom combination leasing in Western New York, New York for commercial sites with accessibility requirements. Review accessible washing and toilet facilities, the access route, ramp and room layout. The catalogue reference does not show the accessible room or ramp; confirm those features and the actual configuration before booking. For sites near Buffalo or Jamestown, provide the exact delivery address and access details.","Rent or lease Temporary Facilities in Western New York, New York. When a site is located in Western New York, New York, a coordinated temporary facility rental keeps the next phase moving. Discuss kitchen capacity, shower and restroom combinations, sleeper or bunkbed trailers and the delivery sequence with our team.","true","ada-combination","false","1","1","false","200","FAIL","[""Head metadata changed""]"
"page","/service-areas/new-york/hudson-valley/","Hudson Valley, New York Workforce Camp Laundry Temporary Facilities Long-Term Rental","Arrange temporary laundry facilities long-term rental in Hudson Valley, New York for workforce camps. Compare the separately labelled 30 ft laundry trailer and 20 ft laundry container interiors. Match washing and drying requirements to crew size, laundry volume, utilities and the appropriate delivery method. For sites near Poughkeepsie or Kingston, provide the exact delivery address and access details.","Rent or lease Temporary Facilities in Hudson Valley, New York. A clear rental brief for Hudson Valley, New York should name the work area, crew size and operating dates. Temporary123 can help compare mobile kitchen, hygiene and sleeper trailer options for a short-term rent or a longer lease.","true","laundry-unspecified","false","2","4","false","200","FAIL","[""Head metadata changed""]"
"page","/service-areas/new-york/new-york-city-and-long-island/","New York City and Long Island, New York Construction Project Kitchen Emergency Trailer Rental","Arrange commercial kitchen trailer rental in New York City and Long Island, New York for construction projects. Plan cooking and preparation space around your menu, meal volume and service schedule. Confirm the cooking line, power, potable water, drainage and trailer access. For sites near New York City or Hempstead, provide the exact delivery address and access details.","Rent or lease Temporary Facilities in New York City and Long Island, New York. Teams planning work in New York City and Long Island, New York can arrange temporary facilities around the site's access, occupancy and schedule. Rent mobile kitchens, shower and restroom combination trailers, and sleeper or bunkbed trailers when the project needs a reliable base camp.","true","mobile-kitchen","false","1","5","false","200","FAIL","[""Head metadata changed""]"
"page","/service-areas/north-carolina/mountains/","Mountains, North Carolina Commercial Food Service Commercial Kitchen Modular Building For Rent","Arrange commercial kitchen modular building rental in Mountains, North Carolina for your operation. Plan the cooking and preparation building around the menu, workflow, installation footprint and utilities. Confirm the modular layout; kitchen-trailer photographs are not a substitute for building imagery. For sites near Asheville or Boone, provide the exact delivery address and access details.","Rent or lease Temporary Facilities in Mountains, North Carolina. Teams planning work in Mountains, North Carolina can arrange temporary facilities around the site's access, occupancy and schedule. Rent mobile kitchens, shower and restroom combination trailers, and sleeper or bunkbed trailers when the project needs a reliable base camp.","true","kitchen-modular","false","0","0","true","200","FAIL","[""Head metadata changed""]"
"page","/service-areas/north-carolina/piedmont-triad/","Piedmont Triad, North Carolina Workforce Housing Sleeper Bunk-Bed Facility Leasing","Arrange sleeper and bunk-bed facilities leasing in Piedmont Triad, North Carolina for crews working away from home. Plan sleeping space around occupancy, shifts, privacy and ventilation. Bunk-room photos are references; confirm the available layout, trailer dimensions and delivery access. For sites near Greensboro or Winston-Salem, provide the exact delivery address and access details.","Rent or lease Temporary Facilities in Piedmont Triad, North Carolina. A Piedmont Triad project in North Carolina may need a temporary facility plan that connects food service, hygiene and crew support. Compare short-term rental options with a longer lease, then confirm delivery access and utility requirements for the exact site.","true","sleeper-trailer","false","1","2","false","200","FAIL","[""Head metadata changed""]"
"page","/service-areas/north-carolina/charlotte-region/","Charlotte region, North Carolina Remote Operations Man Camp Temporary Facilities Rental","Plan man-camp temporary facilities in Charlotte region, North Carolina for remote operations. Compare the separately labelled office/sleeper/shower-restroom trailer, 38 ft all-electric kitchen reference and shower-only trailer. Coordinate accommodation, food preparation, hygiene, utilities and delivery while confirming each product's actual layout. For sites near Charlotte or Gastonia, provide the exact delivery address and access details.","Rent or lease Temporary Facilities in Charlotte region, North Carolina. For work across Charlotte region, North Carolina, Temporary123 helps project teams plan rental facilities before mobilization. The conversation can cover mobile commercial kitchens, 22 ft 10-stall shower trailers, combination units and sleeper or bunkbed rentals for short or extended assignments.","true","unspecified","false","3","8","false","200","FAIL","[""Head metadata changed""]"
"page","/service-areas/north-carolina/research-triangle/","Research Triangle, North Carolina Emergency Basecamp Shower Trailer Rental","Arrange shower-only trailer rental in Research Triangle, North Carolina for emergency basecamps. Plan private washing facilities around peak use, hot-water supply, water connections, wastewater and servicing access. The gallery identifies its reference unit; confirm the actual available shower-only layout. For sites near Raleigh or Durham, provide the exact delivery address and access details.","Rent or lease Temporary Facilities in Research Triangle, North Carolina. Project managers in Research Triangle, North Carolina can use a temporary facilities rental plan to keep crews supported during construction, renovation or remote work. Review the site route, equipment footprint and servicing plan before choosing a rent or lease arrangement.","true","shower-trailer","false","1","6","false","200","FAIL","[""Head metadata changed""]"
"page","/service-areas/north-carolina/coastal-plain/","Coastal Plain, North Carolina Institutional Facility Shower and Restroom Combination Trailer For Rent","Arrange shower and restroom combination trailer rental in Coastal Plain, North Carolina for institutional operations. Plan shower and toilet access together, with privacy, stall layout, water heating and wastewater servicing. Match the required combination configuration to its identified equipment reference. For sites near Fayetteville or Greenville, provide the exact delivery address and access details.","Rent or lease Temporary Facilities in Coastal Plain, North Carolina. When a site is located in Coastal Plain, North Carolina, a coordinated temporary facility rental keeps the next phase moving. Discuss kitchen capacity, shower and restroom combinations, sleeper or bunkbed trailers and the delivery sequence with our team.","true","shower-restroom-combination","false","1","5","false","200","FAIL","[""Head metadata changed""]"
"page","/service-areas/north-carolina/outer-banks/","Outer Banks, North Carolina Accessible Commercial Site ADA Shower and Restroom Combination Trailer Leasing","Arrange ADA shower and restroom combination leasing in Outer Banks, North Carolina for commercial sites with accessibility requirements. Review accessible washing and toilet facilities, the access route, ramp and room layout. The catalogue reference does not show the accessible room or ramp; confirm those features and the actual configuration before booking. For sites near Nags Head or Kill Devil Hills, provide the exact delivery address and access details.","Rent or lease Temporary Facilities in Outer Banks, North Carolina. A clear rental brief for Outer Banks, North Carolina should name the work area, crew size and operating dates. Temporary123 can help compare mobile kitchen, hygiene and sleeper trailer options for a short-term rent or a longer lease.","true","ada-combination","false","1","1","false","200","FAIL","[""Head metadata changed""]"
"page","/service-areas/north-dakota/western-north-dakota/","Western North Dakota, North Dakota Emergency Basecamp Shower Trailer Rental","Arrange shower-only trailer rental in Western North Dakota, North Dakota for emergency basecamps. Plan private washing facilities around peak use, hot-water supply, water connections, wastewater and servicing access. The gallery identifies its reference unit; confirm the actual available shower-only layout. For sites near Williston or Dickinson, provide the exact delivery address and access details.","Rent or lease Temporary Facilities in Western North Dakota, North Dakota. Teams planning work in Western North Dakota, North Dakota can arrange temporary facilities around the site's access, occupancy and schedule. Rent mobile kitchens, shower and restroom combination trailers, and sleeper or bunkbed trailers when the project needs a reliable base camp.","true","shower-trailer","false","1","6","false","200","FAIL","[""Head metadata changed""]"
"page","/service-areas/north-dakota/north-central-north-dakota/","North Central North Dakota, North Dakota Institutional Facility Shower and Restroom Combination Trailer For Rent","Arrange shower and restroom combination trailer rental in North Central North Dakota, North Dakota for institutional operations. Plan shower and toilet access together, with privacy, stall layout, water heating and wastewater servicing. Match the required combination configuration to its identified equipment reference. For sites near Minot or Devils Lake, provide the exact delivery address and access details.","Rent or lease Temporary Facilities in North Central North Dakota, North Dakota. A North Central North Dakota project in North Dakota may need a temporary facility plan that connects food service, hygiene and crew support. Compare short-term rental options with a longer lease, then confirm delivery access and utility requirements for the exact site.","true","shower-restroom-combination","false","1","5","false","200","FAIL","[""Head metadata changed""]"
"page","/service-areas/north-dakota/red-river-valley/","Red River Valley, North Dakota Accessible Commercial Site ADA Shower and Restroom Combination Trailer Leasing","Arrange ADA shower and restroom combination leasing in Red River Valley, North Dakota for commercial sites with accessibility requirements. Review accessible washing and toilet facilities, the access route, ramp and room layout. The catalogue reference does not show the accessible room or ramp; confirm those features and the actual configuration before booking. For sites near Fargo or Grand Forks, provide the exact delivery address and access details.","Rent or lease Temporary Facilities in Red River Valley, North Dakota. For work across Red River Valley, North Dakota, Temporary123 helps project teams plan rental facilities before mobilization. The conversation can cover mobile commercial kitchens, 22 ft 10-stall shower trailers, combination units and sleeper or bunkbed rentals for short or extended assignments.","true","ada-combination","false","1","1","false","200","FAIL","[""Head metadata changed""]"
"page","/service-areas/north-dakota/south-central-north-dakota/","South Central North Dakota, North Dakota Workforce Camp Laundry Temporary Facilities Long-Term Rental","Arrange temporary laundry facilities long-term rental in South Central North Dakota, North Dakota for workforce camps. Compare the separately labelled 30 ft laundry trailer and 20 ft laundry container interiors. Match washing and drying requirements to crew size, laundry volume, utilities and the appropriate delivery method. For sites near Bismarck or Jamestown, provide the exact delivery address and access details.","Rent or lease Temporary Facilities in South Central North Dakota, North Dakota. Project managers in South Central North Dakota, North Dakota can use a temporary facilities rental plan to keep crews supported during construction, renovation or remote work. Review the site route, equipment footprint and servicing plan before choosing a rent or lease arrangement.","true","laundry-unspecified","false","2","4","false","200","FAIL","[""Head metadata changed""]"
"page","/service-areas/ohio/northeast-ohio/","Northeast Ohio, Ohio Workforce Housing Sleeper Bunk-Bed Facility Leasing","Arrange sleeper and bunk-bed facilities leasing in Northeast Ohio, Ohio for crews working away from home. Plan sleeping space around occupancy, shifts, privacy and ventilation. Bunk-room photos are references; confirm the available layout, trailer dimensions and delivery access. For sites near Cleveland or Akron, provide the exact delivery address and access details.","Rent or lease Temporary Facilities in Northeast Ohio, Ohio. Teams planning work in Northeast Ohio, Ohio can arrange temporary facilities around the site's access, occupancy and schedule. Rent mobile kitchens, shower and restroom combination trailers, and sleeper or bunkbed trailers when the project needs a reliable base camp.","true","sleeper-trailer","false","1","2","false","200","FAIL","[""Head metadata changed""]"
"page","/service-areas/ohio/northwest-ohio/","Northwest Ohio, Ohio Remote Operations Man Camp Temporary Facilities Rental","Plan man-camp temporary facilities in Northwest Ohio, Ohio for remote operations. Compare the separately labelled office/sleeper/shower-restroom trailer, 38 ft all-electric kitchen reference and shower-only trailer. Coordinate accommodation, food preparation, hygiene, utilities and delivery while confirming each product's actual layout. For sites near Toledo or Lima, provide the exact delivery address and access details.","Rent or lease Temporary Facilities in Northwest Ohio, Ohio. A Northwest Ohio project in Ohio may need a temporary facility plan that connects food service, hygiene and crew support. Compare short-term rental options with a longer lease, then confirm delivery access and utility requirements for the exact site.","true","unspecified","false","3","8","false","200","FAIL","[""Head metadata changed""]"
"page","/service-areas/ohio/central-ohio/","Central Ohio, Ohio Emergency Basecamp Shower Trailer Rental","Arrange shower-only trailer rental in Central Ohio, Ohio for emergency basecamps. Plan private washing facilities around peak use, hot-water supply, water connections, wastewater and servicing access. The gallery identifies its reference unit; confirm the actual available shower-only layout. For sites near Columbus or Newark, provide the exact delivery address and access details.","Rent or lease Temporary Facilities in Central Ohio, Ohio. For work across Central Ohio, Ohio, Temporary123 helps project teams plan rental facilities before mobilization. The conversation can cover mobile commercial kitchens, 22 ft 10-stall shower trailers, combination units and sleeper or bunkbed rentals for short or extended assignments.","true","shower-trailer","false","1","6","false","200","FAIL","[""Head metadata changed""]"
"page","/service-areas/ohio/southwest-ohio/","Southwest Ohio, Ohio Institutional Facility Shower and Restroom Combination Trailer For Rent","Arrange shower and restroom combination trailer rental in Southwest Ohio, Ohio for institutional operations. Plan shower and toilet access together, with privacy, stall layout, water heating and wastewater servicing. Match the required combination configuration to its identified equipment reference. For sites near Cincinnati or Dayton, provide the exact delivery address and access details.","Rent or lease Temporary Facilities in Southwest Ohio, Ohio. Project managers in Southwest Ohio, Ohio can use a temporary facilities rental plan to keep crews supported during construction, renovation or remote work. Review the site route, equipment footprint and servicing plan before choosing a rent or lease arrangement.","true","shower-restroom-combination","false","1","5","false","200","FAIL","[""Head metadata changed""]"
"page","/service-areas/ohio/southeast-ohio/","Southeast Ohio, Ohio Accessible Commercial Site ADA Shower and Restroom Combination Trailer Leasing","Arrange ADA shower and restroom combination leasing in Southeast Ohio, Ohio for commercial sites with accessibility requirements. Review accessible washing and toilet facilities, the access route, ramp and room layout. The catalogue reference does not show the accessible room or ramp; confirm those features and the actual configuration before booking. For sites near Athens or Marietta, provide the exact delivery address and access details.","Rent or lease Temporary Facilities in Southeast Ohio, Ohio. When a site is located in Southeast Ohio, Ohio, a coordinated temporary facility rental keeps the next phase moving. Discuss kitchen capacity, shower and restroom combinations, sleeper or bunkbed trailers and the delivery sequence with our team.","true","ada-combination","false","1","1","false","200","FAIL","[""Head metadata changed""]"
"page","/service-areas/oklahoma/panhandle/","Panhandle, Oklahoma Workforce Camp Laundry Temporary Facilities Long-Term Rental","Arrange temporary laundry facilities long-term rental in Panhandle, Oklahoma for workforce camps. Compare the separately labelled 30 ft laundry trailer and 20 ft laundry container interiors. Match washing and drying requirements to crew size, laundry volume, utilities and the appropriate delivery method. For sites near Guymon or Boise City, provide the exact delivery address and access details.","Rent or lease Temporary Facilities in Panhandle, Oklahoma. Teams planning work in Panhandle, Oklahoma can arrange temporary facilities around the site's access, occupancy and schedule. Rent mobile kitchens, shower and restroom combination trailers, and sleeper or bunkbed trailers when the project needs a reliable base camp.","true","laundry-unspecified","false","2","4","false","200","FAIL","[""Head metadata changed""]"
"page","/service-areas/oklahoma/northwest-oklahoma/","Northwest Oklahoma, Oklahoma Construction Project Kitchen Emergency Trailer Rental","Arrange commercial kitchen trailer rental in Northwest Oklahoma, Oklahoma for construction projects. Plan cooking and preparation space around your menu, meal volume and service schedule. Confirm the cooking line, power, potable water, drainage and trailer access. For sites near Woodward or Enid, provide the exact delivery address and access details.","Rent or lease Temporary Facilities in Northwest Oklahoma, Oklahoma. A Northwest Oklahoma project in Oklahoma may need a temporary facility plan that connects food service, hygiene and crew support. Compare short-term rental options with a longer lease, then confirm delivery access and utility requirements for the exact site.","true","mobile-kitchen","false","1","5","false","200","FAIL","[""Head metadata changed""]"
"page","/service-areas/oklahoma/green-country/","Green Country, Oklahoma Commercial Food Service Commercial Kitchen Modular Building For Rent","Arrange commercial kitchen modular building rental in Green Country, Oklahoma for your operation. Plan the cooking and preparation building around the menu, workflow, installation footprint and utilities. Confirm the modular layout; kitchen-trailer photographs are not a substitute for building imagery. For sites near Tulsa or Bartlesville, provide the exact delivery address and access details.","Rent or lease Temporary Facilities in Green Country, Oklahoma. For work across Green Country, Oklahoma, Temporary123 helps project teams plan rental facilities before mobilization. The conversation can cover mobile commercial kitchens, 22 ft 10-stall shower trailers, combination units and sleeper or bunkbed rentals for short or extended assignments.","true","kitchen-modular","false","0","0","true","200","FAIL","[""Head metadata changed""]"
"page","/service-areas/oklahoma/central-oklahoma/","Central Oklahoma, Oklahoma Workforce Housing Sleeper Bunk-Bed Facility Leasing","Arrange sleeper and bunk-bed facilities leasing in Central Oklahoma, Oklahoma for crews working away from home. Plan sleeping space around occupancy, shifts, privacy and ventilation. Bunk-room photos are references; confirm the available layout, trailer dimensions and delivery access. For sites near Oklahoma City or Shawnee, provide the exact delivery address and access details.","Rent or lease Temporary Facilities in Central Oklahoma, Oklahoma. Project managers in Central Oklahoma, Oklahoma can use a temporary facilities rental plan to keep crews supported during construction, renovation or remote work. Review the site route, equipment footprint and servicing plan before choosing a rent or lease arrangement.","true","sleeper-trailer","false","1","2","false","200","FAIL","[""Head metadata changed""]"
"page","/service-areas/oklahoma/kiamichi-country/","Kiamichi Country, Oklahoma Remote Operations Man Camp Temporary Facilities Rental","Plan man-camp temporary facilities in Kiamichi Country, Oklahoma for remote operations. Compare the separately labelled office/sleeper/shower-restroom trailer, 38 ft all-electric kitchen reference and shower-only trailer. Coordinate accommodation, food preparation, hygiene, utilities and delivery while confirming each product's actual layout. For sites near McAlester or Idabel, provide the exact delivery address and access details.","Rent or lease Temporary Facilities in Kiamichi Country, Oklahoma. When a site is located in Kiamichi Country, Oklahoma, a coordinated temporary facility rental keeps the next phase moving. Discuss kitchen capacity, shower and restroom combinations, sleeper or bunkbed trailers and the delivery sequence with our team.","true","unspecified","false","3","8","false","200","FAIL","[""Head metadata changed""]"
"page","/service-areas/oklahoma/southwest-oklahoma/","Southwest Oklahoma, Oklahoma Emergency Basecamp Shower Trailer Rental","Arrange shower-only trailer rental in Southwest Oklahoma, Oklahoma for emergency basecamps. Plan private washing facilities around peak use, hot-water supply, water connections, wastewater and servicing access. The gallery identifies its reference unit; confirm the actual available shower-only layout. For sites near Lawton or Altus, provide the exact delivery address and access details.","Rent or lease Temporary Facilities in Southwest Oklahoma, Oklahoma. A clear rental brief for Southwest Oklahoma, Oklahoma should name the work area, crew size and operating dates. Temporary123 can help compare mobile kitchen, hygiene and sleeper trailer options for a short-term rent or a longer lease.","true","shower-trailer","false","1","6","false","200","FAIL","[""Head metadata changed""]"
"page","/service-areas/oregon/oregon-coast/","Oregon Coast, Oregon Workforce Camp Laundry Temporary Facilities Long-Term Rental","Arrange temporary laundry facilities long-term rental in Oregon Coast, Oregon for workforce camps. Compare the separately labelled 30 ft laundry trailer and 20 ft laundry container interiors. Match washing and drying requirements to crew size, laundry volume, utilities and the appropriate delivery method. For sites near Astoria or Coos Bay, provide the exact delivery address and access details.","Rent or lease Temporary Facilities in Oregon Coast, Oregon. Teams planning work in Oregon Coast, Oregon can arrange temporary facilities around the site's access, occupancy and schedule. Rent mobile kitchens, shower and restroom combination trailers, and sleeper or bunkbed trailers when the project needs a reliable base camp.","true","laundry-unspecified","false","2","4","false","200","FAIL","[""Head metadata changed""]"
"page","/service-areas/oregon/willamette-valley/","Willamette Valley, Oregon Construction Project Kitchen Emergency Trailer Rental","Arrange commercial kitchen trailer rental in Willamette Valley, Oregon for construction projects. Plan cooking and preparation space around your menu, meal volume and service schedule. Confirm the cooking line, power, potable water, drainage and trailer access. For sites near Portland or Salem, provide the exact delivery address and access details.","Rent or lease Temporary Facilities in Willamette Valley, Oregon. A Willamette Valley project in Oregon may need a temporary facility plan that connects food service, hygiene and crew support. Compare short-term rental options with a longer lease, then confirm delivery access and utility requirements for the exact site.","true","mobile-kitchen","false","1","5","false","200","FAIL","[""Head metadata changed""]"
"page","/service-areas/oregon/southern-oregon/","Southern Oregon, Oregon Commercial Food Service Commercial Kitchen Modular Building For Rent","Arrange commercial kitchen modular building rental in Southern Oregon, Oregon for your operation. Plan the cooking and preparation building around the menu, workflow, installation footprint and utilities. Confirm the modular layout; kitchen-trailer photographs are not a substitute for building imagery. For sites near Medford or Grants Pass, provide the exact delivery address and access details.","Rent or lease Temporary Facilities in Southern Oregon, Oregon. For work across Southern Oregon, Oregon, Temporary123 helps project teams plan rental facilities before mobilization. The conversation can cover mobile commercial kitchens, 22 ft 10-stall shower trailers, combination units and sleeper or bunkbed rentals for short or extended assignments.","true","kitchen-modular","false","0","0","true","200","FAIL","[""Head metadata changed""]"
"page","/service-areas/oregon/central-oregon/","Central Oregon, Oregon Workforce Housing Sleeper Bunk-Bed Facility Leasing","Arrange sleeper and bunk-bed facilities leasing in Central Oregon, Oregon for crews working away from home. Plan sleeping space around occupancy, shifts, privacy and ventilation. Bunk-room photos are references; confirm the available layout, trailer dimensions and delivery access. For sites near Bend or Redmond, provide the exact delivery address and access details.","Rent or lease Temporary Facilities in Central Oregon, Oregon. Project managers in Central Oregon, Oregon can use a temporary facilities rental plan to keep crews supported during construction, renovation or remote work. Review the site route, equipment footprint and servicing plan before choosing a rent or lease arrangement.","true","sleeper-trailer","false","1","2","false","200","FAIL","[""Head metadata changed""]"
"page","/service-areas/oregon/eastern-oregon/","Eastern Oregon, Oregon Remote Operations Man Camp Temporary Facilities Rental","Plan man-camp temporary facilities in Eastern Oregon, Oregon for remote operations. Compare the separately labelled office/sleeper/shower-restroom trailer, 38 ft all-electric kitchen reference and shower-only trailer. Coordinate accommodation, food preparation, hygiene, utilities and delivery while confirming each product's actual layout. For sites near Pendleton or Ontario, provide the exact delivery address and access details.","Rent or lease Temporary Facilities in Eastern Oregon, Oregon. When a site is located in Eastern Oregon, Oregon, a coordinated temporary facility rental keeps the next phase moving. Discuss kitchen capacity, shower and restroom combinations, sleeper or bunkbed trailers and the delivery sequence with our team.","true","unspecified","false","3","8","false","200","FAIL","[""Head metadata changed""]"
"page","/service-areas/pennsylvania/erie-region/","Erie region, Pennsylvania Institutional Facility Shower and Restroom Combination Trailer For Rent","Arrange shower and restroom combination trailer rental in Erie region, Pennsylvania for institutional operations. Plan shower and toilet access together, with privacy, stall layout, water heating and wastewater servicing. Match the required combination configuration to its identified equipment reference. For sites near Erie or Meadville, provide the exact delivery address and access details.","Rent or lease Temporary Facilities in Erie region, Pennsylvania. Teams planning work in Erie region, Pennsylvania can arrange temporary facilities around the site's access, occupancy and schedule. Rent mobile kitchens, shower and restroom combination trailers, and sleeper or bunkbed trailers when the project needs a reliable base camp.","true","shower-restroom-combination","false","1","5","false","200","FAIL","[""Head metadata changed""]"
"page","/service-areas/pennsylvania/pittsburgh-and-southwest/","Pittsburgh and Southwest, Pennsylvania Accessible Commercial Site ADA Shower and Restroom Combination Trailer Leasing","Arrange ADA shower and restroom combination leasing in Pittsburgh and Southwest, Pennsylvania for commercial sites with accessibility requirements. Review accessible washing and toilet facilities, the access route, ramp and room layout. The catalogue reference does not show the accessible room or ramp; confirm those features and the actual configuration before booking. For sites near Pittsburgh or Washington, provide the exact delivery address and access details.","Rent or lease Temporary Facilities in Pittsburgh and Southwest, Pennsylvania. A Pittsburgh and Southwest project in Pennsylvania may need a temporary facility plan that connects food service, hygiene and crew support. Compare short-term rental options with a longer lease, then confirm delivery access and utility requirements for the exact site.","true","ada-combination","false","1","1","false","200","FAIL","[""Head metadata changed""]"
"page","/service-areas/pennsylvania/pennsylvania-wilds/","Pennsylvania Wilds, Pennsylvania Workforce Camp Laundry Temporary Facilities Long-Term Rental","Arrange temporary laundry facilities long-term rental in Pennsylvania Wilds, Pennsylvania for workforce camps. Compare the separately labelled 30 ft laundry trailer and 20 ft laundry container interiors. Match washing and drying requirements to crew size, laundry volume, utilities and the appropriate delivery method. For sites near State College or DuBois, provide the exact delivery address and access details.","Rent or lease Temporary Facilities in Pennsylvania Wilds, Pennsylvania. For work across Pennsylvania Wilds, Pennsylvania, Temporary123 helps project teams plan rental facilities before mobilization. The conversation can cover mobile commercial kitchens, 22 ft 10-stall shower trailers, combination units and sleeper or bunkbed rentals for short or extended assignments.","true","laundry-unspecified","false","2","4","false","200","FAIL","[""Head metadata changed""]"
"page","/service-areas/pennsylvania/central-pennsylvania/","Central Pennsylvania, Pennsylvania Construction Project Kitchen Emergency Trailer Rental","Arrange commercial kitchen trailer rental in Central Pennsylvania, Pennsylvania for construction projects. Plan cooking and preparation space around your menu, meal volume and service schedule. Confirm the cooking line, power, potable water, drainage and trailer access. For sites near Harrisburg or Lancaster, provide the exact delivery address and access details.","Rent or lease Temporary Facilities in Central Pennsylvania, Pennsylvania. Project managers in Central Pennsylvania, Pennsylvania can use a temporary facilities rental plan to keep crews supported during construction, renovation or remote work. Review the site route, equipment footprint and servicing plan before choosing a rent or lease arrangement.","true","mobile-kitchen","false","1","5","false","200","FAIL","[""Head metadata changed""]"
"page","/service-areas/pennsylvania/northeast-pennsylvania/","Northeast Pennsylvania, Pennsylvania Commercial Food Service Commercial Kitchen Modular Building For Rent","Arrange commercial kitchen modular building rental in Northeast Pennsylvania, Pennsylvania for your operation. Plan the cooking and preparation building around the menu, workflow, installation footprint and utilities. Confirm the modular layout; kitchen-trailer photographs are not a substitute for building imagery. For sites near Scranton or Wilkes-Barre, provide the exact delivery address and access details.","Rent or lease Temporary Facilities in Northeast Pennsylvania, Pennsylvania. When a site is located in Northeast Pennsylvania, Pennsylvania, a coordinated temporary facility rental keeps the next phase moving. Discuss kitchen capacity, shower and restroom combinations, sleeper or bunkbed trailers and the delivery sequence with our team.","true","kitchen-modular","false","0","0","true","200","FAIL","[""Head metadata changed""]"
"page","/service-areas/pennsylvania/philadelphia-and-southeast/","Philadelphia and Southeast, Pennsylvania Workforce Housing Sleeper Bunk-Bed Facility Leasing","Arrange sleeper and bunk-bed facilities leasing in Philadelphia and Southeast, Pennsylvania for crews working away from home. Plan sleeping space around occupancy, shifts, privacy and ventilation. Bunk-room photos are references; confirm the available layout, trailer dimensions and delivery access. For sites near Philadelphia or Allentown, provide the exact delivery address and access details.","Rent or lease Temporary Facilities in Philadelphia and Southeast, Pennsylvania. A clear rental brief for Philadelphia and Southeast, Pennsylvania should name the work area, crew size and operating dates. Temporary123 can help compare mobile kitchen, hygiene and sleeper trailer options for a short-term rent or a longer lease.","true","sleeper-trailer","false","1","2","false","200","FAIL","[""Head metadata changed""]"
"page","/service-areas/rhode-island/providence-area/","Providence area, Rhode Island Accessible Commercial Site ADA Shower and Restroom Combination Trailer Leasing","Arrange ADA shower and restroom combination leasing in Providence area, Rhode Island for commercial sites with accessibility requirements. Review accessible washing and toilet facilities, the access route, ramp and room layout. The catalogue reference does not show the accessible room or ramp; confirm those features and the actual configuration before booking. For sites near Providence or Cranston, provide the exact delivery address and access details.","Rent or lease Temporary Facilities in Providence area, Rhode Island. Teams planning work in Providence area, Rhode Island can arrange temporary facilities around the site's access, occupancy and schedule. Rent mobile kitchens, shower and restroom combination trailers, and sleeper or bunkbed trailers when the project needs a reliable base camp.","true","ada-combination","false","1","1","false","200","FAIL","[""Head metadata changed""]"
"page","/service-areas/rhode-island/blackstone-valley/","Blackstone Valley, Rhode Island Workforce Camp Laundry Temporary Facilities Long-Term Rental","Arrange temporary laundry facilities long-term rental in Blackstone Valley, Rhode Island for workforce camps. Compare the separately labelled 30 ft laundry trailer and 20 ft laundry container interiors. Match washing and drying requirements to crew size, laundry volume, utilities and the appropriate delivery method. For sites near Woonsocket or Pawtucket, provide the exact delivery address and access details.","Rent or lease Temporary Facilities in Blackstone Valley, Rhode Island. A Blackstone Valley project in Rhode Island may need a temporary facility plan that connects food service, hygiene and crew support. Compare short-term rental options with a longer lease, then confirm delivery access and utility requirements for the exact site.","true","laundry-unspecified","false","2","4","false","200","FAIL","[""Head metadata changed""]"
"page","/service-areas/rhode-island/newport-county/","Newport County, Rhode Island Construction Project Kitchen Emergency Trailer Rental","Arrange commercial kitchen trailer rental in Newport County, Rhode Island for construction projects. Plan cooking and preparation space around your menu, meal volume and service schedule. Confirm the cooking line, power, potable water, drainage and trailer access. For sites near Newport or Middletown, provide the exact delivery address and access details.","Rent or lease Temporary Facilities in Newport County, Rhode Island. For work across Newport County, Rhode Island, Temporary123 helps project teams plan rental facilities before mobilization. The conversation can cover mobile commercial kitchens, 22 ft 10-stall shower trailers, combination units and sleeper or bunkbed rentals for short or extended assignments.","true","mobile-kitchen","false","1","5","false","200","FAIL","[""Head metadata changed""]"
"page","/service-areas/rhode-island/south-county/","South County, Rhode Island Commercial Food Service Commercial Kitchen Modular Building For Rent","Arrange commercial kitchen modular building rental in South County, Rhode Island for your operation. Plan the cooking and preparation building around the menu, workflow, installation footprint and utilities. Confirm the modular layout; kitchen-trailer photographs are not a substitute for building imagery. For sites near Westerly or Narragansett, provide the exact delivery address and access details.","Rent or lease Temporary Facilities in South County, Rhode Island. Project managers in South County, Rhode Island can use a temporary facilities rental plan to keep crews supported during construction, renovation or remote work. Review the site route, equipment footprint and servicing plan before choosing a rent or lease arrangement.","true","kitchen-modular","false","0","0","true","200","FAIL","[""Head metadata changed""]"
"page","/service-areas/south-carolina/upstate/","Upstate, South Carolina Commercial Food Service Commercial Kitchen Modular Building For Rent","Arrange commercial kitchen modular building rental in Upstate, South Carolina for your operation. Plan the cooking and preparation building around the menu, workflow, installation footprint and utilities. Confirm the modular layout; kitchen-trailer photographs are not a substitute for building imagery. For sites near Greenville or Spartanburg, provide the exact delivery address and access details.","Rent or lease Temporary Facilities in Upstate, South Carolina. Teams planning work in Upstate, South Carolina can arrange temporary facilities around the site's access, occupancy and schedule. Rent mobile kitchens, shower and restroom combination trailers, and sleeper or bunkbed trailers when the project needs a reliable base camp.","true","kitchen-modular","false","0","0","true","200","FAIL","[""Head metadata changed""]"
"page","/service-areas/south-carolina/midlands/","Midlands, South Carolina Workforce Housing Sleeper Bunk-Bed Facility Leasing","Arrange sleeper and bunk-bed facilities leasing in Midlands, South Carolina for crews working away from home. Plan sleeping space around occupancy, shifts, privacy and ventilation. Bunk-room photos are references; confirm the available layout, trailer dimensions and delivery access. For sites near Columbia or Aiken, provide the exact delivery address and access details.","Rent or lease Temporary Facilities in Midlands, South Carolina. A Midlands project in South Carolina may need a temporary facility plan that connects food service, hygiene and crew support. Compare short-term rental options with a longer lease, then confirm delivery access and utility requirements for the exact site.","true","sleeper-trailer","false","1","2","false","200","FAIL","[""Head metadata changed""]"
"page","/service-areas/south-carolina/pee-dee/","Pee Dee, South Carolina Remote Operations Man Camp Temporary Facilities Rental","Plan man-camp temporary facilities in Pee Dee, South Carolina for remote operations. Compare the separately labelled office/sleeper/shower-restroom trailer, 38 ft all-electric kitchen reference and shower-only trailer. Coordinate accommodation, food preparation, hygiene, utilities and delivery while confirming each product's actual layout. For sites near Florence or Myrtle Beach, provide the exact delivery address and access details.","Rent or lease Temporary Facilities in Pee Dee, South Carolina. For work across Pee Dee, South Carolina, Temporary123 helps project teams plan rental facilities before mobilization. The conversation can cover mobile commercial kitchens, 22 ft 10-stall shower trailers, combination units and sleeper or bunkbed rentals for short or extended assignments.","true","unspecified","false","3","8","false","200","FAIL","[""Head metadata changed""]"
"page","/service-areas/south-carolina/lowcountry/","Lowcountry, South Carolina Emergency Basecamp Shower Trailer Rental","Arrange shower-only trailer rental in Lowcountry, South Carolina for emergency basecamps. Plan private washing facilities around peak use, hot-water supply, water connections, wastewater and servicing access. The gallery identifies its reference unit; confirm the actual available shower-only layout. For sites near Charleston or Beaufort, provide the exact delivery address and access details.","Rent or lease Temporary Facilities in Lowcountry, South Carolina. Project managers in Lowcountry, South Carolina can use a temporary facilities rental plan to keep crews supported during construction, renovation or remote work. Review the site route, equipment footprint and servicing plan before choosing a rent or lease arrangement.","true","shower-trailer","false","1","6","false","200","FAIL","[""Head metadata changed""]"
"page","/service-areas/south-dakota/black-hills-and-badlands/","Black Hills and Badlands, South Dakota Emergency Basecamp Shower Trailer Rental","Arrange shower-only trailer rental in Black Hills and Badlands, South Dakota for emergency basecamps. Plan private washing facilities around peak use, hot-water supply, water connections, wastewater and servicing access. The gallery identifies its reference unit; confirm the actual available shower-only layout. For sites near Rapid City or Spearfish, provide the exact delivery address and access details.","Rent or lease Temporary Facilities in Black Hills and Badlands, South Dakota. Teams planning work in Black Hills and Badlands, South Dakota can arrange temporary facilities around the site's access, occupancy and schedule. Rent mobile kitchens, shower and restroom combination trailers, and sleeper or bunkbed trailers when the project needs a reliable base camp.","true","shower-trailer","false","1","6","false","200","FAIL","[""Head metadata changed""]"
"page","/service-areas/south-dakota/central-south-dakota/","Central South Dakota, South Dakota Institutional Facility Shower and Restroom Combination Trailer For Rent","Arrange shower and restroom combination trailer rental in Central South Dakota, South Dakota for institutional operations. Plan shower and toilet access together, with privacy, stall layout, water heating and wastewater servicing. Match the required combination configuration to its identified equipment reference. For sites near Pierre or Mobridge, provide the exact delivery address and access details.","Rent or lease Temporary Facilities in Central South Dakota, South Dakota. A Central South Dakota project in South Dakota may need a temporary facility plan that connects food service, hygiene and crew support. Compare short-term rental options with a longer lease, then confirm delivery access and utility requirements for the exact site.","true","shower-restroom-combination","false","1","5","false","200","FAIL","[""Head metadata changed""]"
"page","/service-areas/south-dakota/glacial-lakes-and-prairies/","Glacial Lakes and Prairies, South Dakota Accessible Commercial Site ADA Shower and Restroom Combination Trailer Leasing","Arrange ADA shower and restroom combination leasing in Glacial Lakes and Prairies, South Dakota for commercial sites with accessibility requirements. Review accessible washing and toilet facilities, the access route, ramp and room layout. The catalogue reference does not show the accessible room or ramp; confirm those features and the actual configuration before booking. For sites near Aberdeen or Watertown, provide the exact delivery address and access details.","Rent or lease Temporary Facilities in Glacial Lakes and Prairies, South Dakota. For work across Glacial Lakes and Prairies, South Dakota, Temporary123 helps project teams plan rental facilities before mobilization. The conversation can cover mobile commercial kitchens, 22 ft 10-stall shower trailers, combination units and sleeper or bunkbed rentals for short or extended assignments.","true","ada-combination","false","1","1","false","200","FAIL","[""Head metadata changed""]"
"page","/service-areas/south-dakota/southeast-south-dakota/","Southeast South Dakota, South Dakota Workforce Camp Laundry Temporary Facilities Long-Term Rental","Arrange temporary laundry facilities long-term rental in Southeast South Dakota, South Dakota for workforce camps. Compare the separately labelled 30 ft laundry trailer and 20 ft laundry container interiors. Match washing and drying requirements to crew size, laundry volume, utilities and the appropriate delivery method. For sites near Sioux Falls or Yankton, provide the exact delivery address and access details.","Rent or lease Temporary Facilities in Southeast South Dakota, South Dakota. Project managers in Southeast South Dakota, South Dakota can use a temporary facilities rental plan to keep crews supported during construction, renovation or remote work. Review the site route, equipment footprint and servicing plan before choosing a rent or lease arrangement.","true","laundry-unspecified","false","2","4","false","200","FAIL","[""Head metadata changed""]"
"page","/service-areas/tennessee/west-tennessee/","West Tennessee, Tennessee Commercial Food Service Commercial Kitchen Modular Building For Rent","Arrange commercial kitchen modular building rental in West Tennessee, Tennessee for your operation. Plan the cooking and preparation building around the menu, workflow, installation footprint and utilities. Confirm the modular layout; kitchen-trailer photographs are not a substitute for building imagery. For sites near Memphis or Jackson, provide the exact delivery address and access details.","Rent or lease Temporary Facilities in West Tennessee, Tennessee. Teams planning work in West Tennessee, Tennessee can arrange temporary facilities around the site's access, occupancy and schedule. Rent mobile kitchens, shower and restroom combination trailers, and sleeper or bunkbed trailers when the project needs a reliable base camp.","true","kitchen-modular","false","0","0","true","200","FAIL","[""Head metadata changed""]"
"page","/service-areas/tennessee/middle-tennessee/","Middle Tennessee, Tennessee Workforce Housing Sleeper Bunk-Bed Facility Leasing","Arrange sleeper and bunk-bed facilities leasing in Middle Tennessee, Tennessee for crews working away from home. Plan sleeping space around occupancy, shifts, privacy and ventilation. Bunk-room photos are references; confirm the available layout, trailer dimensions and delivery access. For sites near Nashville or Clarksville, provide the exact delivery address and access details.","Rent or lease Temporary Facilities in Middle Tennessee, Tennessee. A Middle Tennessee project in Tennessee may need a temporary facility plan that connects food service, hygiene and crew support. Compare short-term rental options with a longer lease, then confirm delivery access and utility requirements for the exact site.","true","sleeper-trailer","false","1","2","false","200","FAIL","[""Head metadata changed""]"
"page","/service-areas/tennessee/cumberland-plateau/","Cumberland Plateau, Tennessee Remote Operations Man Camp Temporary Facilities Rental","Plan man-camp temporary facilities in Cumberland Plateau, Tennessee for remote operations. Compare the separately labelled office/sleeper/shower-restroom trailer, 38 ft all-electric kitchen reference and shower-only trailer. Coordinate accommodation, food preparation, hygiene, utilities and delivery while confirming each product's actual layout. For sites near Cookeville or Crossville, provide the exact delivery address and access details.","Rent or lease Temporary Facilities in Cumberland Plateau, Tennessee. For work across Cumberland Plateau, Tennessee, Temporary123 helps project teams plan rental facilities before mobilization. The conversation can cover mobile commercial kitchens, 22 ft 10-stall shower trailers, combination units and sleeper or bunkbed rentals for short or extended assignments.","true","unspecified","false","3","8","false","200","FAIL","[""Head metadata changed""]"
"page","/service-areas/tennessee/east-tennessee/","East Tennessee, Tennessee Emergency Basecamp Shower Trailer Rental","Arrange shower-only trailer rental in East Tennessee, Tennessee for emergency basecamps. Plan private washing facilities around peak use, hot-water supply, water connections, wastewater and servicing access. The gallery identifies its reference unit; confirm the actual available shower-only layout. For sites near Knoxville or Johnson City, provide the exact delivery address and access details.","Rent or lease Temporary Facilities in East Tennessee, Tennessee. Project managers in East Tennessee, Tennessee can use a temporary facilities rental plan to keep crews supported during construction, renovation or remote work. Review the site route, equipment footprint and servicing plan before choosing a rent or lease arrangement.","true","shower-trailer","false","1","6","false","200","FAIL","[""Head metadata changed""]"
"page","/service-areas/texas/panhandle/","Panhandle, Texas Accessible Commercial Site ADA Shower and Restroom Combination Trailer Leasing","Arrange ADA shower and restroom combination leasing in Panhandle, Texas for commercial sites with accessibility requirements. Review accessible washing and toilet facilities, the access route, ramp and room layout. The catalogue reference does not show the accessible room or ramp; confirm those features and the actual configuration before booking. For sites near Amarillo or Lubbock, provide the exact delivery address and access details.","Rent or lease Temporary Facilities in Panhandle, Texas. Teams planning work in Panhandle, Texas can arrange temporary facilities around the site's access, occupancy and schedule. Rent mobile kitchens, shower and restroom combination trailers, and sleeper or bunkbed trailers when the project needs a reliable base camp.","true","ada-combination","false","1","1","false","200","FAIL","[""Head metadata changed""]"
"page","/service-areas/texas/north-texas/","North Texas, Texas Workforce Camp Laundry Temporary Facilities Long-Term Rental","Arrange temporary laundry facilities long-term rental in North Texas, Texas for workforce camps. Compare the separately labelled 30 ft laundry trailer and 20 ft laundry container interiors. Match washing and drying requirements to crew size, laundry volume, utilities and the appropriate delivery method. For sites near Dallas or Fort Worth, provide the exact delivery address and access details.","Rent or lease Temporary Facilities in North Texas, Texas. A North Texas project in Texas may need a temporary facility plan that connects food service, hygiene and crew support. Compare short-term rental options with a longer lease, then confirm delivery access and utility requirements for the exact site.","true","laundry-unspecified","false","2","4","false","200","FAIL","[""Head metadata changed""]"
"page","/service-areas/texas/east-texas/","East Texas, Texas Construction Project Kitchen Emergency Trailer Rental","Arrange commercial kitchen trailer rental in East Texas, Texas for construction projects. Plan cooking and preparation space around your menu, meal volume and service schedule. Confirm the cooking line, power, potable water, drainage and trailer access. For sites near Tyler or Longview, provide the exact delivery address and access details.","Rent or lease Temporary Facilities in East Texas, Texas. For work across East Texas, Texas, Temporary123 helps project teams plan rental facilities before mobilization. The conversation can cover mobile commercial kitchens, 22 ft 10-stall shower trailers, combination units and sleeper or bunkbed rentals for short or extended assignments.","true","mobile-kitchen","false","1","5","false","200","FAIL","[""Head metadata changed""]"
"page","/service-areas/texas/central-texas/","Central Texas, Texas Commercial Food Service Commercial Kitchen Modular Building For Rent","Arrange commercial kitchen modular building rental in Central Texas, Texas for your operation. Plan the cooking and preparation building around the menu, workflow, installation footprint and utilities. Confirm the modular layout; kitchen-trailer photographs are not a substitute for building imagery. For sites near Austin or Waco, provide the exact delivery address and access details.","Rent or lease Temporary Facilities in Central Texas, Texas. Project managers in Central Texas, Texas can use a temporary facilities rental plan to keep crews supported during construction, renovation or remote work. Review the site route, equipment footprint and servicing plan before choosing a rent or lease arrangement.","true","kitchen-modular","false","0","0","true","200","FAIL","[""Head metadata changed""]"
"page","/service-areas/texas/west-texas/","West Texas, Texas Workforce Housing Sleeper Bunk-Bed Facility Leasing","Arrange sleeper and bunk-bed facilities leasing in West Texas, Texas for crews working away from home. Plan sleeping space around occupancy, shifts, privacy and ventilation. Bunk-room photos are references; confirm the available layout, trailer dimensions and delivery access. For sites near El Paso or Midland, provide the exact delivery address and access details.","Rent or lease Temporary Facilities in West Texas, Texas. When a site is located in West Texas, Texas, a coordinated temporary facility rental keeps the next phase moving. Discuss kitchen capacity, shower and restroom combinations, sleeper or bunkbed trailers and the delivery sequence with our team.","true","sleeper-trailer","false","1","2","false","200","FAIL","[""Head metadata changed""]"
"page","/service-areas/texas/gulf-coast/","Gulf Coast, Texas Remote Operations Man Camp Temporary Facilities Rental","Plan man-camp temporary facilities in Gulf Coast, Texas for remote operations. Compare the separately labelled office/sleeper/shower-restroom trailer, 38 ft all-electric kitchen reference and shower-only trailer. Coordinate accommodation, food preparation, hygiene, utilities and delivery while confirming each product's actual layout. For sites near Houston or Corpus Christi, provide the exact delivery address and access details.","Rent or lease Temporary Facilities in Gulf Coast, Texas. A clear rental brief for Gulf Coast, Texas should name the work area, crew size and operating dates. Temporary123 can help compare mobile kitchen, hygiene and sleeper trailer options for a short-term rent or a longer lease.","true","unspecified","false","3","8","false","200","FAIL","[""Head metadata changed""]"
"page","/service-areas/texas/south-texas/","South Texas, Texas Emergency Basecamp Shower Trailer Rental","Arrange shower-only trailer rental in South Texas, Texas for emergency basecamps. Plan private washing facilities around peak use, hot-water supply, water connections, wastewater and servicing access. The gallery identifies its reference unit; confirm the actual available shower-only layout. For sites near San Antonio or Laredo, provide the exact delivery address and access details.","Rent or lease Temporary Facilities in South Texas, Texas. Teams planning work in South Texas, Texas can arrange temporary facilities around the site's access, occupancy and schedule. Rent mobile kitchens, shower and restroom combination trailers, and sleeper or bunkbed trailers when the project needs a reliable base camp.","true","shower-trailer","false","1","6","false","200","FAIL","[""Head metadata changed""]"
"page","/service-areas/utah/northern-utah/","Northern Utah, Utah Commercial Food Service Commercial Kitchen Modular Building For Rent","Arrange commercial kitchen modular building rental in Northern Utah, Utah for your operation. Plan the cooking and preparation building around the menu, workflow, installation footprint and utilities. Confirm the modular layout; kitchen-trailer photographs are not a substitute for building imagery. For sites near Ogden or Logan, provide the exact delivery address and access details.","Rent or lease Temporary Facilities in Northern Utah, Utah. Teams planning work in Northern Utah, Utah can arrange temporary facilities around the site's access, occupancy and schedule. Rent mobile kitchens, shower and restroom combination trailers, and sleeper or bunkbed trailers when the project needs a reliable base camp.","true","kitchen-modular","false","0","0","true","200","FAIL","[""Head metadata changed""]"
"page","/service-areas/utah/wasatch-front/","Wasatch Front, Utah Workforce Housing Sleeper Bunk-Bed Facility Leasing","Arrange sleeper and bunk-bed facilities leasing in Wasatch Front, Utah for crews working away from home. Plan sleeping space around occupancy, shifts, privacy and ventilation. Bunk-room photos are references; confirm the available layout, trailer dimensions and delivery access. For sites near Salt Lake City or Provo, provide the exact delivery address and access details.","Rent or lease Temporary Facilities in Wasatch Front, Utah. A Wasatch Front project in Utah may need a temporary facility plan that connects food service, hygiene and crew support. Compare short-term rental options with a longer lease, then confirm delivery access and utility requirements for the exact site.","true","sleeper-trailer","false","1","2","false","200","FAIL","[""Head metadata changed""]"
"page","/service-areas/utah/central-utah/","Central Utah, Utah Remote Operations Man Camp Temporary Facilities Rental","Plan man-camp temporary facilities in Central Utah, Utah for remote operations. Compare the separately labelled office/sleeper/shower-restroom trailer, 38 ft all-electric kitchen reference and shower-only trailer. Coordinate accommodation, food preparation, hygiene, utilities and delivery while confirming each product's actual layout. For sites near Price or Richfield, provide the exact delivery address and access details.","Rent or lease Temporary Facilities in Central Utah, Utah. For work across Central Utah, Utah, Temporary123 helps project teams plan rental facilities before mobilization. The conversation can cover mobile commercial kitchens, 22 ft 10-stall shower trailers, combination units and sleeper or bunkbed rentals for short or extended assignments.","true","unspecified","false","3","8","false","200","FAIL","[""Head metadata changed""]"
"page","/service-areas/utah/southeastern-utah/","Southeastern Utah, Utah Emergency Basecamp Shower Trailer Rental","Arrange shower-only trailer rental in Southeastern Utah, Utah for emergency basecamps. Plan private washing facilities around peak use, hot-water supply, water connections, wastewater and servicing access. The gallery identifies its reference unit; confirm the actual available shower-only layout. For sites near Moab or Blanding, provide the exact delivery address and access details.","Rent or lease Temporary Facilities in Southeastern Utah, Utah. Project managers in Southeastern Utah, Utah can use a temporary facilities rental plan to keep crews supported during construction, renovation or remote work. Review the site route, equipment footprint and servicing plan before choosing a rent or lease arrangement.","true","shower-trailer","false","1","6","false","200","FAIL","[""Head metadata changed""]"
"page","/service-areas/utah/southwestern-utah/","Southwestern Utah, Utah Institutional Facility Shower and Restroom Combination Trailer For Rent","Arrange shower and restroom combination trailer rental in Southwestern Utah, Utah for institutional operations. Plan shower and toilet access together, with privacy, stall layout, water heating and wastewater servicing. Match the required combination configuration to its identified equipment reference. For sites near St. George or Cedar City, provide the exact delivery address and access details.","Rent or lease Temporary Facilities in Southwestern Utah, Utah. When a site is located in Southwestern Utah, Utah, a coordinated temporary facility rental keeps the next phase moving. Discuss kitchen capacity, shower and restroom combinations, sleeper or bunkbed trailers and the delivery sequence with our team.","true","shower-restroom-combination","false","1","5","false","200","FAIL","[""Head metadata changed""]"
"page","/service-areas/vermont/northeast-kingdom/","Northeast Kingdom, Vermont Construction Project Kitchen Emergency Trailer Rental","Arrange commercial kitchen trailer rental in Northeast Kingdom, Vermont for construction projects. Plan cooking and preparation space around your menu, meal volume and service schedule. Confirm the cooking line, power, potable water, drainage and trailer access. For sites near Newport or St. Johnsbury, provide the exact delivery address and access details.","Rent or lease Temporary Facilities in Northeast Kingdom, Vermont. Teams planning work in Northeast Kingdom, Vermont can arrange temporary facilities around the site's access, occupancy and schedule. Rent mobile kitchens, shower and restroom combination trailers, and sleeper or bunkbed trailers when the project needs a reliable base camp.","true","mobile-kitchen","false","1","5","false","200","FAIL","[""Head metadata changed""]"
"page","/service-areas/vermont/champlain-valley/","Champlain Valley, Vermont Commercial Food Service Commercial Kitchen Modular Building For Rent","Arrange commercial kitchen modular building rental in Champlain Valley, Vermont for your operation. Plan the cooking and preparation building around the menu, workflow, installation footprint and utilities. Confirm the modular layout; kitchen-trailer photographs are not a substitute for building imagery. For sites near Burlington or Middlebury, provide the exact delivery address and access details.","Rent or lease Temporary Facilities in Champlain Valley, Vermont. A Champlain Valley project in Vermont may need a temporary facility plan that connects food service, hygiene and crew support. Compare short-term rental options with a longer lease, then confirm delivery access and utility requirements for the exact site.","true","kitchen-modular","false","0","0","true","200","FAIL","[""Head metadata changed""]"
"page","/service-areas/vermont/central-vermont/","Central Vermont, Vermont Workforce Housing Sleeper Bunk-Bed Facility Leasing","Arrange sleeper and bunk-bed facilities leasing in Central Vermont, Vermont for crews working away from home. Plan sleeping space around occupancy, shifts, privacy and ventilation. Bunk-room photos are references; confirm the available layout, trailer dimensions and delivery access. For sites near Montpelier or Rutland, provide the exact delivery address and access details.","Rent or lease Temporary Facilities in Central Vermont, Vermont. For work across Central Vermont, Vermont, Temporary123 helps project teams plan rental facilities before mobilization. The conversation can cover mobile commercial kitchens, 22 ft 10-stall shower trailers, combination units and sleeper or bunkbed rentals for short or extended assignments.","true","sleeper-trailer","false","1","2","false","200","FAIL","[""Head metadata changed""]"
"page","/service-areas/vermont/southern-vermont/","Southern Vermont, Vermont Remote Operations Man Camp Temporary Facilities Rental","Plan man-camp temporary facilities in Southern Vermont, Vermont for remote operations. Compare the separately labelled office/sleeper/shower-restroom trailer, 38 ft all-electric kitchen reference and shower-only trailer. Coordinate accommodation, food preparation, hygiene, utilities and delivery while confirming each product's actual layout. For sites near Brattleboro or Bennington, provide the exact delivery address and access details.","Rent or lease Temporary Facilities in Southern Vermont, Vermont. Project managers in Southern Vermont, Vermont can use a temporary facilities rental plan to keep crews supported during construction, renovation or remote work. Review the site route, equipment footprint and servicing plan before choosing a rent or lease arrangement.","true","unspecified","false","3","8","false","200","FAIL","[""Head metadata changed""]"
"page","/service-areas/virginia/northern-virginia/","Northern Virginia, Virginia Construction Project Kitchen Emergency Trailer Rental","Arrange commercial kitchen trailer rental in Northern Virginia, Virginia for construction projects. Plan cooking and preparation space around your menu, meal volume and service schedule. Confirm the cooking line, power, potable water, drainage and trailer access. For sites near Arlington or Manassas, provide the exact delivery address and access details.","Rent or lease Temporary Facilities in Northern Virginia, Virginia. Teams planning work in Northern Virginia, Virginia can arrange temporary facilities around the site's access, occupancy and schedule. Rent mobile kitchens, shower and restroom combination trailers, and sleeper or bunkbed trailers when the project needs a reliable base camp.","true","mobile-kitchen","false","1","5","false","200","FAIL","[""Head metadata changed""]"
"page","/service-areas/virginia/shenandoah-valley/","Shenandoah Valley, Virginia Commercial Food Service Commercial Kitchen Modular Building For Rent","Arrange commercial kitchen modular building rental in Shenandoah Valley, Virginia for your operation. Plan the cooking and preparation building around the menu, workflow, installation footprint and utilities. Confirm the modular layout; kitchen-trailer photographs are not a substitute for building imagery. For sites near Winchester or Harrisonburg, provide the exact delivery address and access details.","Rent or lease Temporary Facilities in Shenandoah Valley, Virginia. A Shenandoah Valley project in Virginia may need a temporary facility plan that connects food service, hygiene and crew support. Compare short-term rental options with a longer lease, then confirm delivery access and utility requirements for the exact site.","true","kitchen-modular","false","0","0","true","200","FAIL","[""Head metadata changed""]"
"page","/service-areas/virginia/central-virginia/","Central Virginia, Virginia Workforce Housing Sleeper Bunk-Bed Facility Leasing","Arrange sleeper and bunk-bed facilities leasing in Central Virginia, Virginia for crews working away from home. Plan sleeping space around occupancy, shifts, privacy and ventilation. Bunk-room photos are references; confirm the available layout, trailer dimensions and delivery access. For sites near Richmond or Charlottesville, provide the exact delivery address and access details.","Rent or lease Temporary Facilities in Central Virginia, Virginia. For work across Central Virginia, Virginia, Temporary123 helps project teams plan rental facilities before mobilization. The conversation can cover mobile commercial kitchens, 22 ft 10-stall shower trailers, combination units and sleeper or bunkbed rentals for short or extended assignments.","true","sleeper-trailer","false","1","2","false","200","FAIL","[""Head metadata changed""]"
"page","/service-areas/virginia/hampton-roads/","Hampton Roads, Virginia Remote Operations Man Camp Temporary Facilities Rental","Plan man-camp temporary facilities in Hampton Roads, Virginia for remote operations. Compare the separately labelled office/sleeper/shower-restroom trailer, 38 ft all-electric kitchen reference and shower-only trailer. Coordinate accommodation, food preparation, hygiene, utilities and delivery while confirming each product's actual layout. For sites near Norfolk or Newport News, provide the exact delivery address and access details.","Rent or lease Temporary Facilities in Hampton Roads, Virginia. Project managers in Hampton Roads, Virginia can use a temporary facilities rental plan to keep crews supported during construction, renovation or remote work. Review the site route, equipment footprint and servicing plan before choosing a rent or lease arrangement.","true","unspecified","false","3","8","false","200","FAIL","[""Head metadata changed""]"
"page","/service-areas/virginia/eastern-shore/","Eastern Shore, Virginia Emergency Basecamp Shower Trailer Rental","Arrange shower-only trailer rental in Eastern Shore, Virginia for emergency basecamps. Plan private washing facilities around peak use, hot-water supply, water connections, wastewater and servicing access. The gallery identifies its reference unit; confirm the actual available shower-only layout. For sites near Onancock or Chincoteague, provide the exact delivery address and access details.","Rent or lease Temporary Facilities in Eastern Shore, Virginia. When a site is located in Eastern Shore, Virginia, a coordinated temporary facility rental keeps the next phase moving. Discuss kitchen capacity, shower and restroom combinations, sleeper or bunkbed trailers and the delivery sequence with our team.","true","shower-trailer","false","1","6","false","200","FAIL","[""Head metadata changed""]"
"page","/service-areas/virginia/southwest-virginia/","Southwest Virginia, Virginia Institutional Facility Shower and Restroom Combination Trailer For Rent","Arrange shower and restroom combination trailer rental in Southwest Virginia, Virginia for institutional operations. Plan shower and toilet access together, with privacy, stall layout, water heating and wastewater servicing. Match the required combination configuration to its identified equipment reference. For sites near Roanoke or Bristol, provide the exact delivery address and access details.","Rent or lease Temporary Facilities in Southwest Virginia, Virginia. A clear rental brief for Southwest Virginia, Virginia should name the work area, crew size and operating dates. Temporary123 can help compare mobile kitchen, hygiene and sleeper trailer options for a short-term rent or a longer lease.","true","shower-restroom-combination","false","1","5","false","200","FAIL","[""Head metadata changed""]"
"page","/service-areas/washington/olympic-peninsula/","Olympic Peninsula, Washington Remote Operations Man Camp Temporary Facilities Rental","Plan man-camp temporary facilities in Olympic Peninsula, Washington for remote operations. Compare the separately labelled office/sleeper/shower-restroom trailer, 38 ft all-electric kitchen reference and shower-only trailer. Coordinate accommodation, food preparation, hygiene, utilities and delivery while confirming each product's actual layout. For sites near Port Angeles or Aberdeen, provide the exact delivery address and access details.","Rent or lease Temporary Facilities in Olympic Peninsula, Washington. Teams planning work in Olympic Peninsula, Washington can arrange temporary facilities around the site's access, occupancy and schedule. Rent mobile kitchens, shower and restroom combination trailers, and sleeper or bunkbed trailers when the project needs a reliable base camp.","true","unspecified","false","3","8","false","200","FAIL","[""Head metadata changed""]"
"page","/service-areas/washington/puget-sound/","Puget Sound, Washington Emergency Basecamp Shower Trailer Rental","Arrange shower-only trailer rental in Puget Sound, Washington for emergency basecamps. Plan private washing facilities around peak use, hot-water supply, water connections, wastewater and servicing access. The gallery identifies its reference unit; confirm the actual available shower-only layout. For sites near Seattle or Tacoma, provide the exact delivery address and access details.","Rent or lease Temporary Facilities in Puget Sound, Washington. A Puget Sound project in Washington may need a temporary facility plan that connects food service, hygiene and crew support. Compare short-term rental options with a longer lease, then confirm delivery access and utility requirements for the exact site.","true","shower-trailer","false","1","6","false","200","FAIL","[""Head metadata changed""]"
"page","/service-areas/washington/north-cascades/","North Cascades, Washington Institutional Facility Shower and Restroom Combination Trailer For Rent","Arrange shower and restroom combination trailer rental in North Cascades, Washington for institutional operations. Plan shower and toilet access together, with privacy, stall layout, water heating and wastewater servicing. Match the required combination configuration to its identified equipment reference. For sites near Bellingham or Wenatchee, provide the exact delivery address and access details.","Rent or lease Temporary Facilities in North Cascades, Washington. For work across North Cascades, Washington, Temporary123 helps project teams plan rental facilities before mobilization. The conversation can cover mobile commercial kitchens, 22 ft 10-stall shower trailers, combination units and sleeper or bunkbed rentals for short or extended assignments.","true","shower-restroom-combination","false","1","5","false","200","FAIL","[""Head metadata changed""]"
"page","/service-areas/washington/central-washington/","Central Washington, Washington Accessible Commercial Site ADA Shower and Restroom Combination Trailer Leasing","Arrange ADA shower and restroom combination leasing in Central Washington, Washington for commercial sites with accessibility requirements. Review accessible washing and toilet facilities, the access route, ramp and room layout. The catalogue reference does not show the accessible room or ramp; confirm those features and the actual configuration before booking. For sites near Yakima or Ellensburg, provide the exact delivery address and access details.","Rent or lease Temporary Facilities in Central Washington, Washington. Project managers in Central Washington, Washington can use a temporary facilities rental plan to keep crews supported during construction, renovation or remote work. Review the site route, equipment footprint and servicing plan before choosing a rent or lease arrangement.","true","ada-combination","false","1","1","false","200","FAIL","[""Head metadata changed""]"
"page","/service-areas/washington/eastern-washington/","Eastern Washington, Washington Workforce Camp Laundry Temporary Facilities Long-Term Rental","Arrange temporary laundry facilities long-term rental in Eastern Washington, Washington for workforce camps. Compare the separately labelled 30 ft laundry trailer and 20 ft laundry container interiors. Match washing and drying requirements to crew size, laundry volume, utilities and the appropriate delivery method. For sites near Spokane or Pullman, provide the exact delivery address and access details.","Rent or lease Temporary Facilities in Eastern Washington, Washington. When a site is located in Eastern Washington, Washington, a coordinated temporary facility rental keeps the next phase moving. Discuss kitchen capacity, shower and restroom combinations, sleeper or bunkbed trailers and the delivery sequence with our team.","true","laundry-unspecified","false","2","4","false","200","FAIL","[""Head metadata changed""]"
"page","/service-areas/washington/southwest-washington/","Southwest Washington, Washington Construction Project Kitchen Emergency Trailer Rental","Arrange commercial kitchen trailer rental in Southwest Washington, Washington for construction projects. Plan cooking and preparation space around your menu, meal volume and service schedule. Confirm the cooking line, power, potable water, drainage and trailer access. For sites near Vancouver or Centralia, provide the exact delivery address and access details.","Rent or lease Temporary Facilities in Southwest Washington, Washington. A clear rental brief for Southwest Washington, Washington should name the work area, crew size and operating dates. Temporary123 can help compare mobile kitchen, hygiene and sleeper trailer options for a short-term rent or a longer lease.","true","mobile-kitchen","false","1","5","false","200","FAIL","[""Head metadata changed""]"
"page","/service-areas/west-virginia/northern-panhandle/","Northern Panhandle, West Virginia Remote Operations Man Camp Temporary Facilities Rental","Plan man-camp temporary facilities in Northern Panhandle, West Virginia for remote operations. Compare the separately labelled office/sleeper/shower-restroom trailer, 38 ft all-electric kitchen reference and shower-only trailer. Coordinate accommodation, food preparation, hygiene, utilities and delivery while confirming each product's actual layout. For sites near Wheeling or Weirton, provide the exact delivery address and access details.","Rent or lease Temporary Facilities in Northern Panhandle, West Virginia. Teams planning work in Northern Panhandle, West Virginia can arrange temporary facilities around the site's access, occupancy and schedule. Rent mobile kitchens, shower and restroom combination trailers, and sleeper or bunkbed trailers when the project needs a reliable base camp.","true","unspecified","false","3","8","false","200","FAIL","[""Head metadata changed""]"
"page","/service-areas/west-virginia/mountaineer-country/","Mountaineer Country, West Virginia Emergency Basecamp Shower Trailer Rental","Arrange shower-only trailer rental in Mountaineer Country, West Virginia for emergency basecamps. Plan private washing facilities around peak use, hot-water supply, water connections, wastewater and servicing access. The gallery identifies its reference unit; confirm the actual available shower-only layout. For sites near Morgantown or Fairmont, provide the exact delivery address and access details.","Rent or lease Temporary Facilities in Mountaineer Country, West Virginia. A Mountaineer Country project in West Virginia may need a temporary facility plan that connects food service, hygiene and crew support. Compare short-term rental options with a longer lease, then confirm delivery access and utility requirements for the exact site.","true","shower-trailer","false","1","6","false","200","FAIL","[""Head metadata changed""]"
"page","/service-areas/west-virginia/eastern-panhandle/","Eastern Panhandle, West Virginia Institutional Facility Shower and Restroom Combination Trailer For Rent","Arrange shower and restroom combination trailer rental in Eastern Panhandle, West Virginia for institutional operations. Plan shower and toilet access together, with privacy, stall layout, water heating and wastewater servicing. Match the required combination configuration to its identified equipment reference. For sites near Martinsburg or Harpers Ferry, provide the exact delivery address and access details.","Rent or lease Temporary Facilities in Eastern Panhandle, West Virginia. For work across Eastern Panhandle, West Virginia, Temporary123 helps project teams plan rental facilities before mobilization. The conversation can cover mobile commercial kitchens, 22 ft 10-stall shower trailers, combination units and sleeper or bunkbed rentals for short or extended assignments.","true","shower-restroom-combination","false","1","5","false","200","FAIL","[""Head metadata changed""]"
"page","/service-areas/west-virginia/metro-valley/","Metro Valley, West Virginia Accessible Commercial Site ADA Shower and Restroom Combination Trailer Leasing","Arrange ADA shower and restroom combination leasing in Metro Valley, West Virginia for commercial sites with accessibility requirements. Review accessible washing and toilet facilities, the access route, ramp and room layout. The catalogue reference does not show the accessible room or ramp; confirm those features and the actual configuration before booking. For sites near Charleston or Huntington, provide the exact delivery address and access details.","Rent or lease Temporary Facilities in Metro Valley, West Virginia. Project managers in Metro Valley, West Virginia can use a temporary facilities rental plan to keep crews supported during construction, renovation or remote work. Review the site route, equipment footprint and servicing plan before choosing a rent or lease arrangement.","true","ada-combination","false","1","1","false","200","FAIL","[""Head metadata changed""]"
"page","/service-areas/west-virginia/new-river-greenbrier-valley/","New River Greenbrier Valley, West Virginia Workforce Camp Laundry Temporary Facilities Long-Term Rental","Arrange temporary laundry facilities long-term rental in New River Greenbrier Valley, West Virginia for workforce camps. Compare the separately labelled 30 ft laundry trailer and 20 ft laundry container interiors. Match washing and drying requirements to crew size, laundry volume, utilities and the appropriate delivery method. For sites near Beckley or Lewisburg, provide the exact delivery address and access details.","Rent or lease Temporary Facilities in New River Greenbrier Valley, West Virginia. When a site is located in New River Greenbrier Valley, West Virginia, a coordinated temporary facility rental keeps the next phase moving. Discuss kitchen capacity, shower and restroom combinations, sleeper or bunkbed trailers and the delivery sequence with our team.","true","laundry-unspecified","false","2","4","false","200","FAIL","[""Head metadata changed""]"
"page","/service-areas/west-virginia/southern-coalfields/","Southern Coalfields, West Virginia Construction Project Kitchen Emergency Trailer Rental","Arrange commercial kitchen trailer rental in Southern Coalfields, West Virginia for construction projects. Plan cooking and preparation space around your menu, meal volume and service schedule. Confirm the cooking line, power, potable water, drainage and trailer access. For sites near Logan or Bluefield, provide the exact delivery address and access details.","Rent or lease Temporary Facilities in Southern Coalfields, West Virginia. A clear rental brief for Southern Coalfields, West Virginia should name the work area, crew size and operating dates. Temporary123 can help compare mobile kitchen, hygiene and sleeper trailer options for a short-term rent or a longer lease.","true","mobile-kitchen","false","1","5","false","200","FAIL","[""Head metadata changed""]"
"page","/service-areas/wisconsin/northwoods/","Northwoods, Wisconsin Emergency Basecamp Shower Trailer Rental","Arrange shower-only trailer rental in Northwoods, Wisconsin for emergency basecamps. Plan private washing facilities around peak use, hot-water supply, water connections, wastewater and servicing access. The gallery identifies its reference unit; confirm the actual available shower-only layout. For sites near Rhinelander or Minocqua, provide the exact delivery address and access details.","Rent or lease Temporary Facilities in Northwoods, Wisconsin. Teams planning work in Northwoods, Wisconsin can arrange temporary facilities around the site's access, occupancy and schedule. Rent mobile kitchens, shower and restroom combination trailers, and sleeper or bunkbed trailers when the project needs a reliable base camp.","true","shower-trailer","false","1","6","false","200","FAIL","[""Head metadata changed""]"
"page","/service-areas/wisconsin/lake-superior-region/","Lake Superior region, Wisconsin Institutional Facility Shower and Restroom Combination Trailer For Rent","Arrange shower and restroom combination trailer rental in Lake Superior region, Wisconsin for institutional operations. Plan shower and toilet access together, with privacy, stall layout, water heating and wastewater servicing. Match the required combination configuration to its identified equipment reference. For sites near Superior or Ashland, provide the exact delivery address and access details.","Rent or lease Temporary Facilities in Lake Superior region, Wisconsin. A Lake Superior region project in Wisconsin may need a temporary facility plan that connects food service, hygiene and crew support. Compare short-term rental options with a longer lease, then confirm delivery access and utility requirements for the exact site.","true","shower-restroom-combination","false","1","5","false","200","FAIL","[""Head metadata changed""]"
"page","/service-areas/wisconsin/central-wisconsin/","Central Wisconsin, Wisconsin Accessible Commercial Site ADA Shower and Restroom Combination Trailer Leasing","Arrange ADA shower and restroom combination leasing in Central Wisconsin, Wisconsin for commercial sites with accessibility requirements. Review accessible washing and toilet facilities, the access route, ramp and room layout. The catalogue reference does not show the accessible room or ramp; confirm those features and the actual configuration before booking. For sites near Wausau or Stevens Point, provide the exact delivery address and access details.","Rent or lease Temporary Facilities in Central Wisconsin, Wisconsin. For work across Central Wisconsin, Wisconsin, Temporary123 helps project teams plan rental facilities before mobilization. The conversation can cover mobile commercial kitchens, 22 ft 10-stall shower trailers, combination units and sleeper or bunkbed rentals for short or extended assignments.","true","ada-combination","false","1","1","false","200","FAIL","[""Head metadata changed""]"
"page","/service-areas/wisconsin/fox-valley/","Fox Valley, Wisconsin Workforce Camp Laundry Temporary Facilities Long-Term Rental","Arrange temporary laundry facilities long-term rental in Fox Valley, Wisconsin for workforce camps. Compare the separately labelled 30 ft laundry trailer and 20 ft laundry container interiors. Match washing and drying requirements to crew size, laundry volume, utilities and the appropriate delivery method. For sites near Green Bay or Appleton, provide the exact delivery address and access details.","Rent or lease Temporary Facilities in Fox Valley, Wisconsin. Project managers in Fox Valley, Wisconsin can use a temporary facilities rental plan to keep crews supported during construction, renovation or remote work. Review the site route, equipment footprint and servicing plan before choosing a rent or lease arrangement.","true","laundry-unspecified","false","2","4","false","200","FAIL","[""Head metadata changed""]"
"page","/service-areas/wisconsin/madison-area/","Madison area, Wisconsin Construction Project Kitchen Emergency Trailer Rental","Arrange commercial kitchen trailer rental in Madison area, Wisconsin for construction projects. Plan cooking and preparation space around your menu, meal volume and service schedule. Confirm the cooking line, power, potable water, drainage and trailer access. For sites near Madison or Janesville, provide the exact delivery address and access details.","Rent or lease Temporary Facilities in Madison area, Wisconsin. When a site is located in Madison area, Wisconsin, a coordinated temporary facility rental keeps the next phase moving. Discuss kitchen capacity, shower and restroom combinations, sleeper or bunkbed trailers and the delivery sequence with our team.","true","mobile-kitchen","false","1","5","false","200","FAIL","[""Head metadata changed""]"
"page","/service-areas/wisconsin/milwaukee-and-southeast/","Milwaukee and Southeast, Wisconsin Commercial Food Service Commercial Kitchen Modular Building For Rent","Arrange commercial kitchen modular building rental in Milwaukee and Southeast, Wisconsin for your operation. Plan the cooking and preparation building around the menu, workflow, installation footprint and utilities. Confirm the modular layout; kitchen-trailer photographs are not a substitute for building imagery. For sites near Milwaukee or Racine, provide the exact delivery address and access details.","Rent or lease Temporary Facilities in Milwaukee and Southeast, Wisconsin. A clear rental brief for Milwaukee and Southeast, Wisconsin should name the work area, crew size and operating dates. Temporary123 can help compare mobile kitchen, hygiene and sleeper trailer options for a short-term rent or a longer lease.","true","kitchen-modular","false","0","0","true","200","FAIL","[""Head metadata changed""]"
"page","/service-areas/wisconsin/driftless-area/","Driftless Area, Wisconsin Workforce Housing Sleeper Bunk-Bed Facility Leasing","Arrange sleeper and bunk-bed facilities leasing in Driftless Area, Wisconsin for crews working away from home. Plan sleeping space around occupancy, shifts, privacy and ventilation. Bunk-room photos are references; confirm the available layout, trailer dimensions and delivery access. For sites near La Crosse or Prairie du Chien, provide the exact delivery address and access details.","Rent or lease Temporary Facilities in Driftless Area, Wisconsin. Teams planning work in Driftless Area, Wisconsin can arrange temporary facilities around the site's access, occupancy and schedule. Rent mobile kitchens, shower and restroom combination trailers, and sleeper or bunkbed trailers when the project needs a reliable base camp.","true","sleeper-trailer","false","1","2","false","200","FAIL","[""Head metadata changed""]"
"page","/service-areas/wyoming/northwest-wyoming/","Northwest Wyoming, Wyoming Workforce Camp Laundry Temporary Facilities Long-Term Rental","Arrange temporary laundry facilities long-term rental in Northwest Wyoming, Wyoming for workforce camps. Compare the separately labelled 30 ft laundry trailer and 20 ft laundry container interiors. Match washing and drying requirements to crew size, laundry volume, utilities and the appropriate delivery method. For sites near Jackson or Cody, provide the exact delivery address and access details.","Rent or lease Temporary Facilities in Northwest Wyoming, Wyoming. Teams planning work in Northwest Wyoming, Wyoming can arrange temporary facilities around the site's access, occupancy and schedule. Rent mobile kitchens, shower and restroom combination trailers, and sleeper or bunkbed trailers when the project needs a reliable base camp.","true","laundry-unspecified","false","2","4","false","200","FAIL","[""Head metadata changed""]"
"page","/service-areas/wyoming/northeast-wyoming/","Northeast Wyoming, Wyoming Construction Project Kitchen Emergency Trailer Rental","Arrange commercial kitchen trailer rental in Northeast Wyoming, Wyoming for construction projects. Plan cooking and preparation space around your menu, meal volume and service schedule. Confirm the cooking line, power, potable water, drainage and trailer access. For sites near Gillette or Sheridan, provide the exact delivery address and access details.","Rent or lease Temporary Facilities in Northeast Wyoming, Wyoming. A Northeast Wyoming project in Wyoming may need a temporary facility plan that connects food service, hygiene and crew support. Compare short-term rental options with a longer lease, then confirm delivery access and utility requirements for the exact site.","true","mobile-kitchen","false","1","5","false","200","FAIL","[""Head metadata changed""]"
"page","/service-areas/wyoming/central-wyoming/","Central Wyoming, Wyoming Commercial Food Service Commercial Kitchen Modular Building For Rent","Arrange commercial kitchen modular building rental in Central Wyoming, Wyoming for your operation. Plan the cooking and preparation building around the menu, workflow, installation footprint and utilities. Confirm the modular layout; kitchen-trailer photographs are not a substitute for building imagery. For sites near Casper or Riverton, provide the exact delivery address and access details.","Rent or lease Temporary Facilities in Central Wyoming, Wyoming. For work across Central Wyoming, Wyoming, Temporary123 helps project teams plan rental facilities before mobilization. The conversation can cover mobile commercial kitchens, 22 ft 10-stall shower trailers, combination units and sleeper or bunkbed rentals for short or extended assignments.","true","kitchen-modular","false","0","0","true","200","FAIL","[""Head metadata changed""]"
"page","/service-areas/wyoming/southwest-wyoming/","Southwest Wyoming, Wyoming Workforce Housing Sleeper Bunk-Bed Facility Leasing","Arrange sleeper and bunk-bed facilities leasing in Southwest Wyoming, Wyoming for crews working away from home. Plan sleeping space around occupancy, shifts, privacy and ventilation. Bunk-room photos are references; confirm the available layout, trailer dimensions and delivery access. For sites near Rock Springs or Evanston, provide the exact delivery address and access details.","Rent or lease Temporary Facilities in Southwest Wyoming, Wyoming. Project managers in Southwest Wyoming, Wyoming can use a temporary facilities rental plan to keep crews supported during construction, renovation or remote work. Review the site route, equipment footprint and servicing plan before choosing a rent or lease arrangement.","true","sleeper-trailer","false","1","2","false","200","FAIL","[""Head metadata changed""]"
"page","/service-areas/wyoming/southeast-wyoming/","Southeast Wyoming, Wyoming Remote Operations Man Camp Temporary Facilities Rental","Plan man-camp temporary facilities in Southeast Wyoming, Wyoming for remote operations. Compare the separately labelled office/sleeper/shower-restroom trailer, 38 ft all-electric kitchen reference and shower-only trailer. Coordinate accommodation, food preparation, hygiene, utilities and delivery while confirming each product's actual layout. For sites near Cheyenne or Laramie, provide the exact delivery address and access details.","Rent or lease Temporary Facilities in Southeast Wyoming, Wyoming. When a site is located in Southeast Wyoming, Wyoming, a coordinated temporary facility rental keeps the next phase moving. Discuss kitchen capacity, shower and restroom combinations, sleeper or bunkbed trailers and the delivery sequence with our team.","true","unspecified","false","3","8","false","200","FAIL","[""Head metadata changed""]"
"page","/service-areas/alabama/north-alabama/cities/","North Alabama, Alabama Facility Rental Locations","Browse 100 Census-listed locations in North Alabama, Alabama. Select a linked city for its equipment-specific rental guide, or open the regional guide to plan a facility rental for another listed community. Confirm the exact delivery address and site access with your request.","Explore 100 Census-listed North Alabama, Alabama locations. Select a linked city for a detailed rental guide, or use the regional guide to plan facilities anywhere in this area.","true","unspecified","true","0","0","false","200","PASS","[]"
"page","/service-areas/alabama/central-alabama/cities/","Central Alabama, Alabama Facility Rental Locations","Browse 243 Census-listed locations in Central Alabama, Alabama. Select a linked city for its equipment-specific rental guide, or open the regional guide to plan a facility rental for another listed community. Confirm the exact delivery address and site access with your request.","Explore 243 Census-listed Central Alabama, Alabama locations. Select a linked city for a detailed rental guide, or use the regional guide to plan facilities anywhere in this area.","true","unspecified","true","0","0","false","200","PASS","[]"
"page","/service-areas/alabama/wiregrass/cities/","Wiregrass, Alabama Facility Rental Locations","Browse 68 Census-listed locations in Wiregrass, Alabama. Select a linked city for its equipment-specific rental guide, or open the regional guide to plan a facility rental for another listed community. Confirm the exact delivery address and site access with your request.","Explore 68 Census-listed Wiregrass, Alabama locations. Select a linked city for a detailed rental guide, or use the regional guide to plan facilities anywhere in this area.","true","unspecified","true","0","0","false","200","PASS","[]"
"page","/service-areas/alabama/gulf-coast/cities/","Gulf Coast, Alabama Facility Rental Locations","Browse 54 Census-listed locations in Gulf Coast, Alabama. Select a linked city for its equipment-specific rental guide, or open the regional guide to plan a facility rental for another listed community. Confirm the exact delivery address and site access with your request.","Explore 54 Census-listed Gulf Coast, Alabama locations. Select a linked city for a detailed rental guide, or use the regional guide to plan facilities anywhere in this area.","true","unspecified","true","0","0","false","200","PASS","[]"
"page","/service-areas/alaska/southcentral/cities/","Southcentral, Alaska Facility Rental Locations","Browse 18 Census-listed locations in Southcentral, Alaska. Select a linked city for its equipment-specific rental guide, or open the regional guide to plan a facility rental for another listed community. Confirm the exact delivery address and site access with your request.","Explore 18 Census-listed Southcentral, Alaska locations. Select a linked city for a detailed rental guide, or use the regional guide to plan facilities anywhere in this area.","true","unspecified","true","0","0","false","200","PASS","[]"
"page","/service-areas/alaska/interior/cities/","Interior, Alaska Facility Rental Locations","Browse 12 Census-listed locations in Interior, Alaska. Select a linked city for its equipment-specific rental guide, or open the regional guide to plan a facility rental for another listed community. Confirm the exact delivery address and site access with your request.","Explore 12 Census-listed Interior, Alaska locations. Select a linked city for a detailed rental guide, or use the regional guide to plan facilities anywhere in this area.","true","unspecified","true","0","0","false","200","PASS","[]"
"page","/service-areas/alaska/southeast/cities/","Southeast, Alaska Facility Rental Locations","Browse 21 Census-listed locations in Southeast, Alaska. Select a linked city for its equipment-specific rental guide, or open the regional guide to plan a facility rental for another listed community. Confirm the exact delivery address and site access with your request.","Explore 21 Census-listed Southeast, Alaska locations. Select a linked city for a detailed rental guide, or use the regional guide to plan facilities anywhere in this area.","true","unspecified","true","0","0","false","200","PASS","[]"
"page","/service-areas/alaska/southwest/cities/","Southwest, Alaska Facility Rental Locations","Browse 65 Census-listed locations in Southwest, Alaska. Select a linked city for its equipment-specific rental guide, or open the regional guide to plan a facility rental for another listed community. Confirm the exact delivery address and site access with your request.","Explore 65 Census-listed Southwest, Alaska locations. Select a linked city for a detailed rental guide, or use the regional guide to plan facilities anywhere in this area.","true","unspecified","true","0","0","false","200","PASS","[]"
"page","/service-areas/alaska/arctic/cities/","Arctic, Alaska Facility Rental Locations","Browse 33 Census-listed locations in Arctic, Alaska. Select a linked city for its equipment-specific rental guide, or open the regional guide to plan a facility rental for another listed community. Confirm the exact delivery address and site access with your request.","Explore 33 Census-listed Arctic, Alaska locations. Select a linked city for a detailed rental guide, or use the regional guide to plan facilities anywhere in this area.","true","unspecified","true","0","0","false","200","PASS","[]"
"page","/service-areas/arizona/northern-arizona/cities/","Northern Arizona, Arizona Facility Rental Locations","Browse 28 Census-listed locations in Northern Arizona, Arizona. Select a linked city for its equipment-specific rental guide, or open the regional guide to plan a facility rental for another listed community. Confirm the exact delivery address and site access with your request.","Explore 28 Census-listed Northern Arizona, Arizona locations. Select a linked city for a detailed rental guide, or use the regional guide to plan facilities anywhere in this area.","true","unspecified","true","0","0","false","200","PASS","[]"
"page","/service-areas/arizona/phoenix-area/cities/","Phoenix area, Arizona Facility Rental Locations","Browse 41 Census-listed locations in Phoenix area, Arizona. Select a linked city for its equipment-specific rental guide, or open the regional guide to plan a facility rental for another listed community. Confirm the exact delivery address and site access with your request.","Explore 41 Census-listed Phoenix area, Arizona locations. Select a linked city for a detailed rental guide, or use the regional guide to plan facilities anywhere in this area.","true","unspecified","true","0","0","false","200","PASS","[]"
"page","/service-areas/arizona/southern-arizona/cities/","Southern Arizona, Arizona Facility Rental Locations","Browse 23 Census-listed locations in Southern Arizona, Arizona. Select a linked city for its equipment-specific rental guide, or open the regional guide to plan a facility rental for another listed community. Confirm the exact delivery address and site access with your request.","Explore 23 Census-listed Southern Arizona, Arizona locations. Select a linked city for a detailed rental guide, or use the regional guide to plan facilities anywhere in this area.","true","unspecified","true","0","0","false","200","PASS","[]"
"page","/service-areas/arkansas/ozarks/cities/","Ozarks, Arkansas Facility Rental Locations","Browse 95 Census-listed locations in Ozarks, Arkansas. Select a linked city for its equipment-specific rental guide, or open the regional guide to plan a facility rental for another listed community. Confirm the exact delivery address and site access with your request.","Explore 95 Census-listed Ozarks, Arkansas locations. Select a linked city for a detailed rental guide, or use the regional guide to plan facilities anywhere in this area.","true","unspecified","true","0","0","false","200","PASS","[]"
"page","/service-areas/arkansas/arkansas-river-valley/cities/","Arkansas River Valley, Arkansas Facility Rental Locations","Browse 118 Census-listed locations in Arkansas River Valley, Arkansas. Select a linked city for its equipment-specific rental guide, or open the regional guide to plan a facility rental for another listed community. Confirm the exact delivery address and site access with your request.","Explore 118 Census-listed Arkansas River Valley, Arkansas locations. Select a linked city for a detailed rental guide, or use the regional guide to plan facilities anywhere in this area.","true","unspecified","true","0","0","false","200","PASS","[]"
"page","/service-areas/arkansas/delta/cities/","Delta, Arkansas Facility Rental Locations","Browse 185 Census-listed locations in Delta, Arkansas. Select a linked city for its equipment-specific rental guide, or open the regional guide to plan a facility rental for another listed community. Confirm the exact delivery address and site access with your request.","Explore 185 Census-listed Delta, Arkansas locations. Select a linked city for a detailed rental guide, or use the regional guide to plan facilities anywhere in this area.","true","unspecified","true","0","0","false","200","PASS","[]"
"page","/service-areas/arkansas/southwest-arkansas/cities/","Southwest Arkansas, Arkansas Facility Rental Locations","Browse 103 Census-listed locations in Southwest Arkansas, Arkansas. Select a linked city for its equipment-specific rental guide, or open the regional guide to plan a facility rental for another listed community. Confirm the exact delivery address and site access with your request.","Explore 103 Census-listed Southwest Arkansas, Arkansas locations. Select a linked city for a detailed rental guide, or use the regional guide to plan facilities anywhere in this area.","true","unspecified","true","0","0","false","200","PASS","[]"
"page","/service-areas/california/north-coast/cities/","North Coast, California Facility Rental Locations","Browse 30 Census-listed locations in North Coast, California. Select a linked city for its equipment-specific rental guide, or open the regional guide to plan a facility rental for another listed community. Confirm the exact delivery address and site access with your request.","Explore 30 Census-listed North Coast, California locations. Select a linked city for a detailed rental guide, or use the regional guide to plan facilities anywhere in this area.","true","unspecified","true","0","0","false","200","PASS","[]"
"page","/service-areas/california/bay-area/cities/","Bay Area, California Facility Rental Locations","Browse 166 Census-listed locations in Bay Area, California. Select a linked city for its equipment-specific rental guide, or open the regional guide to plan a facility rental for another listed community. Confirm the exact delivery address and site access with your request.","Explore 166 Census-listed Bay Area, California locations. Select a linked city for a detailed rental guide, or use the regional guide to plan facilities anywhere in this area.","true","unspecified","true","0","0","false","200","PASS","[]"
"page","/service-areas/california/central-valley/cities/","Central Valley, California Facility Rental Locations","Browse 75 Census-listed locations in Central Valley, California. Select a linked city for its equipment-specific rental guide, or open the regional guide to plan a facility rental for another listed community. Confirm the exact delivery address and site access with your request.","Explore 75 Census-listed Central Valley, California locations. Select a linked city for a detailed rental guide, or use the regional guide to plan facilities anywhere in this area.","true","unspecified","true","0","0","false","200","PASS","[]"
"page","/service-areas/california/los-angeles-basin/cities/","Los Angeles Basin, California Facility Rental Locations","Browse 114 Census-listed locations in Los Angeles Basin, California. Select a linked city for its equipment-specific rental guide, or open the regional guide to plan a facility rental for another listed community. Confirm the exact delivery address and site access with your request.","Explore 114 Census-listed Los Angeles Basin, California locations. Select a linked city for a detailed rental guide, or use the regional guide to plan facilities anywhere in this area.","true","unspecified","true","0","0","false","200","PASS","[]"
"page","/service-areas/california/inland-empire/cities/","Inland Empire, California Facility Rental Locations","Browse 68 Census-listed locations in Inland Empire, California. Select a linked city for its equipment-specific rental guide, or open the regional guide to plan a facility rental for another listed community. Confirm the exact delivery address and site access with your request.","Explore 68 Census-listed Inland Empire, California locations. Select a linked city for a detailed rental guide, or use the regional guide to plan facilities anywhere in this area.","true","unspecified","true","0","0","false","200","PASS","[]"
"page","/service-areas/california/san-diego/cities/","San Diego, California Facility Rental Locations","Browse 30 Census-listed locations in San Diego, California. Select a linked city for its equipment-specific rental guide, or open the regional guide to plan a facility rental for another listed community. Confirm the exact delivery address and site access with your request.","Explore 30 Census-listed San Diego, California locations. Select a linked city for a detailed rental guide, or use the regional guide to plan facilities anywhere in this area.","true","unspecified","true","0","0","false","200","PASS","[]"
"page","/service-areas/colorado/front-range/cities/","Front Range, Colorado Facility Rental Locations","Browse 138 Census-listed locations in Front Range, Colorado. Select a linked city for its equipment-specific rental guide, or open the regional guide to plan a facility rental for another listed community. Confirm the exact delivery address and site access with your request.","Explore 138 Census-listed Front Range, Colorado locations. Select a linked city for a detailed rental guide, or use the regional guide to plan facilities anywhere in this area.","true","unspecified","true","0","0","false","200","PASS","[]"
"page","/service-areas/colorado/western-slope/cities/","Western Slope, Colorado Facility Rental Locations","Browse 53 Census-listed locations in Western Slope, Colorado. Select a linked city for its equipment-specific rental guide, or open the regional guide to plan a facility rental for another listed community. Confirm the exact delivery address and site access with your request.","Explore 53 Census-listed Western Slope, Colorado locations. Select a linked city for a detailed rental guide, or use the regional guide to plan facilities anywhere in this area.","true","unspecified","true","0","0","false","200","PASS","[]"
"page","/service-areas/colorado/eastern-plains/cities/","Eastern Plains, Colorado Facility Rental Locations","Browse 48 Census-listed locations in Eastern Plains, Colorado. Select a linked city for its equipment-specific rental guide, or open the regional guide to plan a facility rental for another listed community. Confirm the exact delivery address and site access with your request.","Explore 48 Census-listed Eastern Plains, Colorado locations. Select a linked city for a detailed rental guide, or use the regional guide to plan facilities anywhere in this area.","true","unspecified","true","0","0","false","200","PASS","[]"
"page","/service-areas/colorado/san-luis-valley/cities/","San Luis Valley, Colorado Facility Rental Locations","Browse 34 Census-listed locations in San Luis Valley, Colorado. Select a linked city for its equipment-specific rental guide, or open the regional guide to plan a facility rental for another listed community. Confirm the exact delivery address and site access with your request.","Explore 34 Census-listed San Luis Valley, Colorado locations. Select a linked city for a detailed rental guide, or use the regional guide to plan facilities anywhere in this area.","true","unspecified","true","0","0","false","200","PASS","[]"
"page","/service-areas/connecticut/litchfield-hills/cities/","Litchfield Hills, Connecticut Facility Rental Locations","Browse 5 Census-listed locations in Litchfield Hills, Connecticut. Select a linked city for its equipment-specific rental guide, or open the regional guide to plan a facility rental for another listed community. Confirm the exact delivery address and site access with your request.","Explore 5 Census-listed Litchfield Hills, Connecticut locations. Select a linked city for a detailed rental guide, or use the regional guide to plan facilities anywhere in this area.","true","unspecified","true","0","0","false","200","PASS","[]"
"page","/service-areas/connecticut/greater-hartford/cities/","Greater Hartford, Connecticut Facility Rental Locations","Browse 4 Census-listed locations in Greater Hartford, Connecticut. Select a linked city for its equipment-specific rental guide, or open the regional guide to plan a facility rental for another listed community. Confirm the exact delivery address and site access with your request.","Explore 4 Census-listed Greater Hartford, Connecticut locations. Select a linked city for a detailed rental guide, or use the regional guide to plan facilities anywhere in this area.","true","unspecified","true","0","0","false","200","PASS","[]"
"page","/service-areas/connecticut/connecticut-river-valley/cities/","Connecticut River Valley, Connecticut Facility Rental Locations","Browse 2 Census-listed locations in Connecticut River Valley, Connecticut. Select a linked city for its equipment-specific rental guide, or open the regional guide to plan a facility rental for another listed community. Confirm the exact delivery address and site access with your request.","Explore 2 Census-listed Connecticut River Valley, Connecticut locations. Select a linked city for a detailed rental guide, or use the regional guide to plan facilities anywhere in this area.","true","unspecified","true","0","0","false","200","PASS","[]"
"page","/service-areas/connecticut/connecticut-shoreline/cities/","Connecticut Shoreline, Connecticut Facility Rental Locations","Browse 19 Census-listed locations in Connecticut Shoreline, Connecticut. Select a linked city for its equipment-specific rental guide, or open the regional guide to plan a facility rental for another listed community. Confirm the exact delivery address and site access with your request.","Explore 19 Census-listed Connecticut Shoreline, Connecticut locations. Select a linked city for a detailed rental guide, or use the regional guide to plan facilities anywhere in this area.","true","unspecified","true","0","0","false","200","PASS","[]"
"page","/service-areas/delaware/northern-delaware/cities/","Northern Delaware, Delaware Facility Rental Locations","Browse 10 Census-listed locations in Northern Delaware, Delaware. Select a linked city for its equipment-specific rental guide, or open the regional guide to plan a facility rental for another listed community. Confirm the exact delivery address and site access with your request.","Explore 10 Census-listed Northern Delaware, Delaware locations. Select a linked city for a detailed rental guide, or use the regional guide to plan facilities anywhere in this area.","true","unspecified","true","0","0","false","200","PASS","[]"
"page","/service-areas/delaware/central-delaware/cities/","Central Delaware, Delaware Facility Rental Locations","Browse 24 Census-listed locations in Central Delaware, Delaware. Select a linked city for its equipment-specific rental guide, or open the regional guide to plan a facility rental for another listed community. Confirm the exact delivery address and site access with your request.","Explore 24 Census-listed Central Delaware, Delaware locations. Select a linked city for a detailed rental guide, or use the regional guide to plan facilities anywhere in this area.","true","unspecified","true","0","0","false","200","PASS","[]"
"page","/service-areas/delaware/delaware-beaches/cities/","Delaware Beaches, Delaware Facility Rental Locations","Browse 23 Census-listed locations in Delaware Beaches, Delaware. Select a linked city for its equipment-specific rental guide, or open the regional guide to plan a facility rental for another listed community. Confirm the exact delivery address and site access with your request.","Explore 23 Census-listed Delaware Beaches, Delaware locations. Select a linked city for a detailed rental guide, or use the regional guide to plan facilities anywhere in this area.","true","unspecified","true","0","0","false","200","PASS","[]"
"page","/service-areas/florida/panhandle/cities/","Panhandle, Florida Facility Rental Locations","Browse 67 Census-listed locations in Panhandle, Florida. Select a linked city for its equipment-specific rental guide, or open the regional guide to plan a facility rental for another listed community. Confirm the exact delivery address and site access with your request.","Explore 67 Census-listed Panhandle, Florida locations. Select a linked city for a detailed rental guide, or use the regional guide to plan facilities anywhere in this area.","true","unspecified","true","0","0","false","200","PASS","[]"
"page","/service-areas/florida/north-florida/cities/","North Florida, Florida Facility Rental Locations","Browse 66 Census-listed locations in North Florida, Florida. Select a linked city for its equipment-specific rental guide, or open the regional guide to plan a facility rental for another listed community. Confirm the exact delivery address and site access with your request.","Explore 66 Census-listed North Florida, Florida locations. Select a linked city for a detailed rental guide, or use the regional guide to plan facilities anywhere in this area.","true","unspecified","true","0","0","false","200","PASS","[]"
"page","/service-areas/florida/central-florida/cities/","Central Florida, Florida Facility Rental Locations","Browse 152 Census-listed locations in Central Florida, Florida. Select a linked city for its equipment-specific rental guide, or open the regional guide to plan a facility rental for another listed community. Confirm the exact delivery address and site access with your request.","Explore 152 Census-listed Central Florida, Florida locations. Select a linked city for a detailed rental guide, or use the regional guide to plan facilities anywhere in this area.","true","unspecified","true","0","0","false","200","PASS","[]"
"page","/service-areas/florida/south-florida/cities/","South Florida, Florida Facility Rental Locations","Browse 121 Census-listed locations in South Florida, Florida. Select a linked city for its equipment-specific rental guide, or open the regional guide to plan a facility rental for another listed community. Confirm the exact delivery address and site access with your request.","Explore 121 Census-listed South Florida, Florida locations. Select a linked city for a detailed rental guide, or use the regional guide to plan facilities anywhere in this area.","true","unspecified","true","0","0","false","200","PASS","[]"
"page","/service-areas/florida/florida-keys/cities/","Florida Keys, Florida Facility Rental Locations","Browse 5 Census-listed locations in Florida Keys, Florida. Select a linked city for its equipment-specific rental guide, or open the regional guide to plan a facility rental for another listed community. Confirm the exact delivery address and site access with your request.","Explore 5 Census-listed Florida Keys, Florida locations. Select a linked city for a detailed rental guide, or use the regional guide to plan facilities anywhere in this area.","true","unspecified","true","0","0","false","200","PASS","[]"
"page","/service-areas/georgia/north-georgia/cities/","North Georgia, Georgia Facility Rental Locations","Browse 47 Census-listed locations in North Georgia, Georgia. Select a linked city for its equipment-specific rental guide, or open the regional guide to plan a facility rental for another listed community. Confirm the exact delivery address and site access with your request.","Explore 47 Census-listed North Georgia, Georgia locations. Select a linked city for a detailed rental guide, or use the regional guide to plan facilities anywhere in this area.","true","unspecified","true","0","0","false","200","PASS","[]"
"page","/service-areas/georgia/metro-atlanta/cities/","Metro Atlanta, Georgia Facility Rental Locations","Browse 179 Census-listed locations in Metro Atlanta, Georgia. Select a linked city for its equipment-specific rental guide, or open the regional guide to plan a facility rental for another listed community. Confirm the exact delivery address and site access with your request.","Explore 179 Census-listed Metro Atlanta, Georgia locations. Select a linked city for a detailed rental guide, or use the regional guide to plan facilities anywhere in this area.","true","unspecified","true","0","0","false","200","PASS","[]"
"page","/service-areas/georgia/central-georgia/cities/","Central Georgia, Georgia Facility Rental Locations","Browse 137 Census-listed locations in Central Georgia, Georgia. Select a linked city for its equipment-specific rental guide, or open the regional guide to plan a facility rental for another listed community. Confirm the exact delivery address and site access with your request.","Explore 137 Census-listed Central Georgia, Georgia locations. Select a linked city for a detailed rental guide, or use the regional guide to plan facilities anywhere in this area.","true","unspecified","true","0","0","false","200","PASS","[]"
"page","/service-areas/georgia/coastal-georgia/cities/","Coastal Georgia, Georgia Facility Rental Locations","Browse 77 Census-listed locations in Coastal Georgia, Georgia. Select a linked city for its equipment-specific rental guide, or open the regional guide to plan a facility rental for another listed community. Confirm the exact delivery address and site access with your request.","Explore 77 Census-listed Coastal Georgia, Georgia locations. Select a linked city for a detailed rental guide, or use the regional guide to plan facilities anywhere in this area.","true","unspecified","true","0","0","false","200","PASS","[]"
"page","/service-areas/georgia/south-georgia/cities/","South Georgia, Georgia Facility Rental Locations","Browse 98 Census-listed locations in South Georgia, Georgia. Select a linked city for its equipment-specific rental guide, or open the regional guide to plan a facility rental for another listed community. Confirm the exact delivery address and site access with your request.","Explore 98 Census-listed South Georgia, Georgia locations. Select a linked city for a detailed rental guide, or use the regional guide to plan facilities anywhere in this area.","true","unspecified","true","0","0","false","200","PASS","[]"
"page","/service-areas/hawaii/oahu/cities/","Oahu, Hawaii Facility Rental Locations","Browse 56 Census-listed locations in Oahu, Hawaii. Select a linked city for its equipment-specific rental guide, or open the regional guide to plan a facility rental for another listed community. Confirm the exact delivery address and site access with your request.","Explore 56 Census-listed Oahu, Hawaii locations. Select a linked city for a detailed rental guide, or use the regional guide to plan facilities anywhere in this area.","true","unspecified","true","0","0","false","200","PASS","[]"
"page","/service-areas/hawaii/maui-county/cities/","Maui County, Hawaii Facility Rental Locations","Browse 29 Census-listed locations in Maui County, Hawaii. Select a linked city for its equipment-specific rental guide, or open the regional guide to plan a facility rental for another listed community. Confirm the exact delivery address and site access with your request.","Explore 29 Census-listed Maui County, Hawaii locations. Select a linked city for a detailed rental guide, or use the regional guide to plan facilities anywhere in this area.","true","unspecified","true","0","0","false","200","PASS","[]"
"page","/service-areas/hawaii/hawaii-island/cities/","Hawaii Island, Hawaii Facility Rental Locations","Browse 54 Census-listed locations in Hawaii Island, Hawaii. Select a linked city for its equipment-specific rental guide, or open the regional guide to plan a facility rental for another listed community. Confirm the exact delivery address and site access with your request.","Explore 54 Census-listed Hawaii Island, Hawaii locations. Select a linked city for a detailed rental guide, or use the regional guide to plan facilities anywhere in this area.","true","unspecified","true","0","0","false","200","PASS","[]"
"page","/service-areas/hawaii/kauai/cities/","Kauai, Hawaii Facility Rental Locations","Browse 24 Census-listed locations in Kauai, Hawaii. Select a linked city for its equipment-specific rental guide, or open the regional guide to plan a facility rental for another listed community. Confirm the exact delivery address and site access with your request.","Explore 24 Census-listed Kauai, Hawaii locations. Select a linked city for a detailed rental guide, or use the regional guide to plan facilities anywhere in this area.","true","unspecified","true","0","0","false","200","PASS","[]"
"page","/service-areas/idaho/north-idaho/cities/","North Idaho, Idaho Facility Rental Locations","Browse 63 Census-listed locations in North Idaho, Idaho. Select a linked city for its equipment-specific rental guide, or open the regional guide to plan a facility rental for another listed community. Confirm the exact delivery address and site access with your request.","Explore 63 Census-listed North Idaho, Idaho locations. Select a linked city for a detailed rental guide, or use the regional guide to plan facilities anywhere in this area.","true","unspecified","true","0","0","false","200","PASS","[]"
"page","/service-areas/idaho/southwest-idaho/cities/","Southwest Idaho, Idaho Facility Rental Locations","Browse 28 Census-listed locations in Southwest Idaho, Idaho. Select a linked city for its equipment-specific rental guide, or open the regional guide to plan a facility rental for another listed community. Confirm the exact delivery address and site access with your request.","Explore 28 Census-listed Southwest Idaho, Idaho locations. Select a linked city for a detailed rental guide, or use the regional guide to plan facilities anywhere in this area.","true","unspecified","true","0","0","false","200","PASS","[]"
"page","/service-areas/idaho/central-mountains/cities/","Central Mountains, Idaho Facility Rental Locations","Browse 44 Census-listed locations in Central Mountains, Idaho. Select a linked city for its equipment-specific rental guide, or open the regional guide to plan a facility rental for another listed community. Confirm the exact delivery address and site access with your request.","Explore 44 Census-listed Central Mountains, Idaho locations. Select a linked city for a detailed rental guide, or use the regional guide to plan facilities anywhere in this area.","true","unspecified","true","0","0","false","200","PASS","[]"
"page","/service-areas/idaho/eastern-idaho/cities/","Eastern Idaho, Idaho Facility Rental Locations","Browse 64 Census-listed locations in Eastern Idaho, Idaho. Select a linked city for its equipment-specific rental guide, or open the regional guide to plan a facility rental for another listed community. Confirm the exact delivery address and site access with your request.","Explore 64 Census-listed Eastern Idaho, Idaho locations. Select a linked city for a detailed rental guide, or use the regional guide to plan facilities anywhere in this area.","true","unspecified","true","0","0","false","200","PASS","[]"
"page","/service-areas/illinois/chicago-area/cities/","Chicago area, Illinois Facility Rental Locations","Browse 320 Census-listed locations in Chicago area, Illinois. Select a linked city for its equipment-specific rental guide, or open the regional guide to plan a facility rental for another listed community. Confirm the exact delivery address and site access with your request.","Explore 320 Census-listed Chicago area, Illinois locations. Select a linked city for a detailed rental guide, or use the regional guide to plan facilities anywhere in this area.","true","unspecified","true","0","0","false","200","PASS","[]"
"page","/service-areas/illinois/northern-illinois/cities/","Northern Illinois, Illinois Facility Rental Locations","Browse 160 Census-listed locations in Northern Illinois, Illinois. Select a linked city for its equipment-specific rental guide, or open the regional guide to plan a facility rental for another listed community. Confirm the exact delivery address and site access with your request.","Explore 160 Census-listed Northern Illinois, Illinois locations. Select a linked city for a detailed rental guide, or use the regional guide to plan facilities anywhere in this area.","true","unspecified","true","0","0","false","200","PASS","[]"
"page","/service-areas/illinois/central-illinois/cities/","Central Illinois, Illinois Facility Rental Locations","Browse 578 Census-listed locations in Central Illinois, Illinois. Select a linked city for its equipment-specific rental guide, or open the regional guide to plan a facility rental for another listed community. Confirm the exact delivery address and site access with your request.","Explore 578 Census-listed Central Illinois, Illinois locations. Select a linked city for a detailed rental guide, or use the regional guide to plan facilities anywhere in this area.","true","unspecified","true","0","0","false","200","PASS","[]"
"page","/service-areas/illinois/southern-illinois/cities/","Southern Illinois, Illinois Facility Rental Locations","Browse 236 Census-listed locations in Southern Illinois, Illinois. Select a linked city for its equipment-specific rental guide, or open the regional guide to plan a facility rental for another listed community. Confirm the exact delivery address and site access with your request.","Explore 236 Census-listed Southern Illinois, Illinois locations. Select a linked city for a detailed rental guide, or use the regional guide to plan facilities anywhere in this area.","true","unspecified","true","0","0","false","200","PASS","[]"
"page","/service-areas/indiana/northern-indiana/cities/","Northern Indiana, Indiana Facility Rental Locations","Browse 157 Census-listed locations in Northern Indiana, Indiana. Select a linked city for its equipment-specific rental guide, or open the regional guide to plan a facility rental for another listed community. Confirm the exact delivery address and site access with your request.","Explore 157 Census-listed Northern Indiana, Indiana locations. Select a linked city for a detailed rental guide, or use the regional guide to plan facilities anywhere in this area.","true","unspecified","true","0","0","false","200","PASS","[]"
"page","/service-areas/indiana/central-indiana/cities/","Central Indiana, Indiana Facility Rental Locations","Browse 264 Census-listed locations in Central Indiana, Indiana. Select a linked city for its equipment-specific rental guide, or open the regional guide to plan a facility rental for another listed community. Confirm the exact delivery address and site access with your request.","Explore 264 Census-listed Central Indiana, Indiana locations. Select a linked city for a detailed rental guide, or use the regional guide to plan facilities anywhere in this area.","true","unspecified","true","0","0","false","200","PASS","[]"
"page","/service-areas/indiana/southern-indiana/cities/","Southern Indiana, Indiana Facility Rental Locations","Browse 145 Census-listed locations in Southern Indiana, Indiana. Select a linked city for its equipment-specific rental guide, or open the regional guide to plan a facility rental for another listed community. Confirm the exact delivery address and site access with your request.","Explore 145 Census-listed Southern Indiana, Indiana locations. Select a linked city for a detailed rental guide, or use the regional guide to plan facilities anywhere in this area.","true","unspecified","true","0","0","false","200","PASS","[]"
"page","/service-areas/iowa/northwest-iowa/cities/","Northwest Iowa, Iowa Facility Rental Locations","Browse 228 Census-listed locations in Northwest Iowa, Iowa. Select a linked city for its equipment-specific rental guide, or open the regional guide to plan a facility rental for another listed community. Confirm the exact delivery address and site access with your request.","Explore 228 Census-listed Northwest Iowa, Iowa locations. Select a linked city for a detailed rental guide, or use the regional guide to plan facilities anywhere in this area.","true","unspecified","true","0","0","false","200","PASS","[]"
"page","/service-areas/iowa/central-iowa/cities/","Central Iowa, Iowa Facility Rental Locations","Browse 287 Census-listed locations in Central Iowa, Iowa. Select a linked city for its equipment-specific rental guide, or open the regional guide to plan a facility rental for another listed community. Confirm the exact delivery address and site access with your request.","Explore 287 Census-listed Central Iowa, Iowa locations. Select a linked city for a detailed rental guide, or use the regional guide to plan facilities anywhere in this area.","true","unspecified","true","0","0","false","200","PASS","[]"
"page","/service-areas/iowa/northeast-iowa/cities/","Northeast Iowa, Iowa Facility Rental Locations","Browse 276 Census-listed locations in Northeast Iowa, Iowa. Select a linked city for its equipment-specific rental guide, or open the regional guide to plan a facility rental for another listed community. Confirm the exact delivery address and site access with your request.","Explore 276 Census-listed Northeast Iowa, Iowa locations. Select a linked city for a detailed rental guide, or use the regional guide to plan facilities anywhere in this area.","true","unspecified","true","0","0","false","200","PASS","[]"
"page","/service-areas/iowa/southern-iowa/cities/","Southern Iowa, Iowa Facility Rental Locations","Browse 148 Census-listed locations in Southern Iowa, Iowa. Select a linked city for its equipment-specific rental guide, or open the regional guide to plan a facility rental for another listed community. Confirm the exact delivery address and site access with your request.","Explore 148 Census-listed Southern Iowa, Iowa locations. Select a linked city for a detailed rental guide, or use the regional guide to plan facilities anywhere in this area.","true","unspecified","true","0","0","false","200","PASS","[]"
"page","/service-areas/kansas/western-kansas/cities/","Western Kansas, Kansas Facility Rental Locations","Browse 74 Census-listed locations in Western Kansas, Kansas. Select a linked city for its equipment-specific rental guide, or open the regional guide to plan a facility rental for another listed community. Confirm the exact delivery address and site access with your request.","Explore 74 Census-listed Western Kansas, Kansas locations. Select a linked city for a detailed rental guide, or use the regional guide to plan facilities anywhere in this area.","true","unspecified","true","0","0","false","200","PASS","[]"
"page","/service-areas/kansas/north-central-kansas/cities/","North Central Kansas, Kansas Facility Rental Locations","Browse 196 Census-listed locations in North Central Kansas, Kansas. Select a linked city for its equipment-specific rental guide, or open the regional guide to plan a facility rental for another listed community. Confirm the exact delivery address and site access with your request.","Explore 196 Census-listed North Central Kansas, Kansas locations. Select a linked city for a detailed rental guide, or use the regional guide to plan facilities anywhere in this area.","true","unspecified","true","0","0","false","200","PASS","[]"
"page","/service-areas/kansas/kansas-city-area/cities/","Kansas City area, Kansas Facility Rental Locations","Browse 135 Census-listed locations in Kansas City area, Kansas. Select a linked city for its equipment-specific rental guide, or open the regional guide to plan a facility rental for another listed community. Confirm the exact delivery address and site access with your request.","Explore 135 Census-listed Kansas City area, Kansas locations. Select a linked city for a detailed rental guide, or use the regional guide to plan facilities anywhere in this area.","true","unspecified","true","0","0","false","200","PASS","[]"
"page","/service-areas/kansas/south-central-kansas/cities/","South Central Kansas, Kansas Facility Rental Locations","Browse 125 Census-listed locations in South Central Kansas, Kansas. Select a linked city for its equipment-specific rental guide, or open the regional guide to plan a facility rental for another listed community. Confirm the exact delivery address and site access with your request.","Explore 125 Census-listed South Central Kansas, Kansas locations. Select a linked city for a detailed rental guide, or use the regional guide to plan facilities anywhere in this area.","true","unspecified","true","0","0","false","200","PASS","[]"
"page","/service-areas/kansas/southeast-kansas/cities/","Southeast Kansas, Kansas Facility Rental Locations","Browse 96 Census-listed locations in Southeast Kansas, Kansas. Select a linked city for its equipment-specific rental guide, or open the regional guide to plan a facility rental for another listed community. Confirm the exact delivery address and site access with your request.","Explore 96 Census-listed Southeast Kansas, Kansas locations. Select a linked city for a detailed rental guide, or use the regional guide to plan facilities anywhere in this area.","true","unspecified","true","0","0","false","200","PASS","[]"
"page","/service-areas/kentucky/western-coalfields/cities/","Western Coalfields, Kentucky Facility Rental Locations","Browse 79 Census-listed locations in Western Coalfields, Kentucky. Select a linked city for its equipment-specific rental guide, or open the regional guide to plan a facility rental for another listed community. Confirm the exact delivery address and site access with your request.","Explore 79 Census-listed Western Coalfields, Kentucky locations. Select a linked city for a detailed rental guide, or use the regional guide to plan facilities anywhere in this area.","true","unspecified","true","0","0","false","200","PASS","[]"
"page","/service-areas/kentucky/bluegrass-region/cities/","Bluegrass region, Kentucky Facility Rental Locations","Browse 223 Census-listed locations in Bluegrass region, Kentucky. Select a linked city for its equipment-specific rental guide, or open the regional guide to plan a facility rental for another listed community. Confirm the exact delivery address and site access with your request.","Explore 223 Census-listed Bluegrass region, Kentucky locations. Select a linked city for a detailed rental guide, or use the regional guide to plan facilities anywhere in this area.","true","unspecified","true","0","0","false","200","PASS","[]"
"page","/service-areas/kentucky/eastern-kentucky/cities/","Eastern Kentucky, Kentucky Facility Rental Locations","Browse 49 Census-listed locations in Eastern Kentucky, Kentucky. Select a linked city for its equipment-specific rental guide, or open the regional guide to plan a facility rental for another listed community. Confirm the exact delivery address and site access with your request.","Explore 49 Census-listed Eastern Kentucky, Kentucky locations. Select a linked city for a detailed rental guide, or use the regional guide to plan facilities anywhere in this area.","true","unspecified","true","0","0","false","200","PASS","[]"
"page","/service-areas/kentucky/south-central-kentucky/cities/","South Central Kentucky, Kentucky Facility Rental Locations","Browse 64 Census-listed locations in South Central Kentucky, Kentucky. Select a linked city for its equipment-specific rental guide, or open the regional guide to plan a facility rental for another listed community. Confirm the exact delivery address and site access with your request.","Explore 64 Census-listed South Central Kentucky, Kentucky locations. Select a linked city for a detailed rental guide, or use the regional guide to plan facilities anywhere in this area.","true","unspecified","true","0","0","false","200","PASS","[]"
"page","/service-areas/louisiana/north-louisiana/cities/","North Louisiana, Louisiana Facility Rental Locations","Browse 141 Census-listed locations in North Louisiana, Louisiana. Select a linked city for its equipment-specific rental guide, or open the regional guide to plan a facility rental for another listed community. Confirm the exact delivery address and site access with your request.","Explore 141 Census-listed North Louisiana, Louisiana locations. Select a linked city for a detailed rental guide, or use the regional guide to plan facilities anywhere in this area.","true","unspecified","true","0","0","false","200","PASS","[]"
"page","/service-areas/louisiana/acadiana/cities/","Acadiana, Louisiana Facility Rental Locations","Browse 88 Census-listed locations in Acadiana, Louisiana. Select a linked city for its equipment-specific rental guide, or open the regional guide to plan a facility rental for another listed community. Confirm the exact delivery address and site access with your request.","Explore 88 Census-listed Acadiana, Louisiana locations. Select a linked city for a detailed rental guide, or use the regional guide to plan facilities anywhere in this area.","true","unspecified","true","0","0","false","200","PASS","[]"
"page","/service-areas/louisiana/capital-region/cities/","Capital Region, Louisiana Facility Rental Locations","Browse 44 Census-listed locations in Capital Region, Louisiana. Select a linked city for its equipment-specific rental guide, or open the regional guide to plan a facility rental for another listed community. Confirm the exact delivery address and site access with your request.","Explore 44 Census-listed Capital Region, Louisiana locations. Select a linked city for a detailed rental guide, or use the regional guide to plan facilities anywhere in this area.","true","unspecified","true","0","0","false","200","PASS","[]"
"page","/service-areas/louisiana/greater-new-orleans/cities/","Greater New Orleans, Louisiana Facility Rental Locations","Browse 15 Census-listed locations in Greater New Orleans, Louisiana. Select a linked city for its equipment-specific rental guide, or open the regional guide to plan a facility rental for another listed community. Confirm the exact delivery address and site access with your request.","Explore 15 Census-listed Greater New Orleans, Louisiana locations. Select a linked city for a detailed rental guide, or use the regional guide to plan facilities anywhere in this area.","true","unspecified","true","0","0","false","200","PASS","[]"
"page","/service-areas/louisiana/river-parishes/cities/","River Parishes, Louisiana Facility Rental Locations","Browse 17 Census-listed locations in River Parishes, Louisiana. Select a linked city for its equipment-specific rental guide, or open the regional guide to plan a facility rental for another listed community. Confirm the exact delivery address and site access with your request.","Explore 17 Census-listed River Parishes, Louisiana locations. Select a linked city for a detailed rental guide, or use the regional guide to plan facilities anywhere in this area.","true","unspecified","true","0","0","false","200","PASS","[]"
"page","/service-areas/maine/aroostook-county/cities/","Aroostook County, Maine Facility Rental Locations","Browse 2 Census-listed locations in Aroostook County, Maine. Select a linked city for its equipment-specific rental guide, or open the regional guide to plan a facility rental for another listed community. Confirm the exact delivery address and site access with your request.","Explore 2 Census-listed Aroostook County, Maine locations. Select a linked city for a detailed rental guide, or use the regional guide to plan facilities anywhere in this area.","true","unspecified","true","0","0","false","200","PASS","[]"
"page","/service-areas/maine/highlands/cities/","Highlands, Maine Facility Rental Locations","Browse 3 Census-listed locations in Highlands, Maine. Select a linked city for its equipment-specific rental guide, or open the regional guide to plan a facility rental for another listed community. Confirm the exact delivery address and site access with your request.","Explore 3 Census-listed Highlands, Maine locations. Select a linked city for a detailed rental guide, or use the regional guide to plan facilities anywhere in this area.","true","unspecified","true","0","0","false","200","PASS","[]"
"page","/service-areas/maine/western-lakes-and-mountains/cities/","Western Lakes and Mountains, Maine Facility Rental Locations","Browse 3 Census-listed locations in Western Lakes and Mountains, Maine. Select a linked city for its equipment-specific rental guide, or open the regional guide to plan a facility rental for another listed community. Confirm the exact delivery address and site access with your request.","Explore 3 Census-listed Western Lakes and Mountains, Maine locations. Select a linked city for a detailed rental guide, or use the regional guide to plan facilities anywhere in this area.","true","unspecified","true","0","0","false","200","PASS","[]"
"page","/service-areas/maine/midcoast/cities/","Midcoast, Maine Facility Rental Locations","Browse 3 Census-listed locations in Midcoast, Maine. Select a linked city for its equipment-specific rental guide, or open the regional guide to plan a facility rental for another listed community. Confirm the exact delivery address and site access with your request.","Explore 3 Census-listed Midcoast, Maine locations. Select a linked city for a detailed rental guide, or use the regional guide to plan facilities anywhere in this area.","true","unspecified","true","0","0","false","200","PASS","[]"
"page","/service-areas/maine/downeast-and-acadia/cities/","DownEast and Acadia, Maine Facility Rental Locations","Browse 3 Census-listed locations in DownEast and Acadia, Maine. Select a linked city for its equipment-specific rental guide, or open the regional guide to plan a facility rental for another listed community. Confirm the exact delivery address and site access with your request.","Explore 3 Census-listed DownEast and Acadia, Maine locations. Select a linked city for a detailed rental guide, or use the regional guide to plan facilities anywhere in this area.","true","unspecified","true","0","0","false","200","PASS","[]"
"page","/service-areas/maine/southern-coast/cities/","Southern Coast, Maine Facility Rental Locations","Browse 9 Census-listed locations in Southern Coast, Maine. Select a linked city for its equipment-specific rental guide, or open the regional guide to plan a facility rental for another listed community. Confirm the exact delivery address and site access with your request.","Explore 9 Census-listed Southern Coast, Maine locations. Select a linked city for a detailed rental guide, or use the regional guide to plan facilities anywhere in this area.","true","unspecified","true","0","0","false","200","PASS","[]"
"page","/service-areas/maryland/western-maryland/cities/","Western Maryland, Maryland Facility Rental Locations","Browse 24 Census-listed locations in Western Maryland, Maryland. Select a linked city for its equipment-specific rental guide, or open the regional guide to plan a facility rental for another listed community. Confirm the exact delivery address and site access with your request.","Explore 24 Census-listed Western Maryland, Maryland locations. Select a linked city for a detailed rental guide, or use the regional guide to plan facilities anywhere in this area.","true","unspecified","true","0","0","false","200","PASS","[]"
"page","/service-areas/maryland/capital-region/cities/","Capital Region, Maryland Facility Rental Locations","Browse 46 Census-listed locations in Capital Region, Maryland. Select a linked city for its equipment-specific rental guide, or open the regional guide to plan a facility rental for another listed community. Confirm the exact delivery address and site access with your request.","Explore 46 Census-listed Capital Region, Maryland locations. Select a linked city for a detailed rental guide, or use the regional guide to plan facilities anywhere in this area.","true","unspecified","true","0","0","false","200","PASS","[]"
"page","/service-areas/maryland/central-maryland/cities/","Central Maryland, Maryland Facility Rental Locations","Browse 36 Census-listed locations in Central Maryland, Maryland. Select a linked city for its equipment-specific rental guide, or open the regional guide to plan a facility rental for another listed community. Confirm the exact delivery address and site access with your request.","Explore 36 Census-listed Central Maryland, Maryland locations. Select a linked city for a detailed rental guide, or use the regional guide to plan facilities anywhere in this area.","true","unspecified","true","0","0","false","200","PASS","[]"
"page","/service-areas/maryland/eastern-shore/cities/","Eastern Shore, Maryland Facility Rental Locations","Browse 43 Census-listed locations in Eastern Shore, Maryland. Select a linked city for its equipment-specific rental guide, or open the regional guide to plan a facility rental for another listed community. Confirm the exact delivery address and site access with your request.","Explore 43 Census-listed Eastern Shore, Maryland locations. Select a linked city for a detailed rental guide, or use the regional guide to plan facilities anywhere in this area.","true","unspecified","true","0","0","false","200","PASS","[]"
"page","/service-areas/maryland/southern-maryland/cities/","Southern Maryland, Maryland Facility Rental Locations","Browse 8 Census-listed locations in Southern Maryland, Maryland. Select a linked city for its equipment-specific rental guide, or open the regional guide to plan a facility rental for another listed community. Confirm the exact delivery address and site access with your request.","Explore 8 Census-listed Southern Maryland, Maryland locations. Select a linked city for a detailed rental guide, or use the regional guide to plan facilities anywhere in this area.","true","unspecified","true","0","0","false","200","PASS","[]"
"page","/service-areas/massachusetts/berkshires/cities/","Berkshires, Massachusetts Facility Rental Locations","Browse 9 Census-listed locations in Berkshires, Massachusetts. Select a linked city for its equipment-specific rental guide, or open the regional guide to plan a facility rental for another listed community. Confirm the exact delivery address and site access with your request.","Explore 9 Census-listed Berkshires, Massachusetts locations. Select a linked city for a detailed rental guide, or use the regional guide to plan facilities anywhere in this area.","true","unspecified","true","0","0","false","200","PASS","[]"
"page","/service-areas/massachusetts/central-massachusetts/cities/","Central Massachusetts, Massachusetts Facility Rental Locations","Browse 12 Census-listed locations in Central Massachusetts, Massachusetts. Select a linked city for its equipment-specific rental guide, or open the regional guide to plan a facility rental for another listed community. Confirm the exact delivery address and site access with your request.","Explore 12 Census-listed Central Massachusetts, Massachusetts locations. Select a linked city for a detailed rental guide, or use the regional guide to plan facilities anywhere in this area.","true","unspecified","true","0","0","false","200","PASS","[]"
"page","/service-areas/massachusetts/greater-boston/cities/","Greater Boston, Massachusetts Facility Rental Locations","Browse 21 Census-listed locations in Greater Boston, Massachusetts. Select a linked city for its equipment-specific rental guide, or open the regional guide to plan a facility rental for another listed community. Confirm the exact delivery address and site access with your request.","Explore 21 Census-listed Greater Boston, Massachusetts locations. Select a linked city for a detailed rental guide, or use the regional guide to plan facilities anywhere in this area.","true","unspecified","true","0","0","false","200","PASS","[]"
"page","/service-areas/massachusetts/north-shore/cities/","North Shore, Massachusetts Facility Rental Locations","Browse 11 Census-listed locations in North Shore, Massachusetts. Select a linked city for its equipment-specific rental guide, or open the regional guide to plan a facility rental for another listed community. Confirm the exact delivery address and site access with your request.","Explore 11 Census-listed North Shore, Massachusetts locations. Select a linked city for a detailed rental guide, or use the regional guide to plan facilities anywhere in this area.","true","unspecified","true","0","0","false","200","PASS","[]"
"page","/service-areas/massachusetts/south-shore-and-cape-cod/cities/","South Shore and Cape Cod, Massachusetts Facility Rental Locations","Browse 5 Census-listed locations in South Shore and Cape Cod, Massachusetts. Select a linked city for its equipment-specific rental guide, or open the regional guide to plan a facility rental for another listed community. Confirm the exact delivery address and site access with your request.","Explore 5 Census-listed South Shore and Cape Cod, Massachusetts locations. Select a linked city for a detailed rental guide, or use the regional guide to plan facilities anywhere in this area.","true","unspecified","true","0","0","false","200","PASS","[]"
"page","/service-areas/michigan/upper-peninsula/cities/","Upper Peninsula, Michigan Facility Rental Locations","Browse 37 Census-listed locations in Upper Peninsula, Michigan. Select a linked city for its equipment-specific rental guide, or open the regional guide to plan a facility rental for another listed community. Confirm the exact delivery address and site access with your request.","Explore 37 Census-listed Upper Peninsula, Michigan locations. Select a linked city for a detailed rental guide, or use the regional guide to plan facilities anywhere in this area.","true","unspecified","true","0","0","false","200","PASS","[]"
"page","/service-areas/michigan/northern-lower-peninsula/cities/","Northern Lower Peninsula, Michigan Facility Rental Locations","Browse 72 Census-listed locations in Northern Lower Peninsula, Michigan. Select a linked city for its equipment-specific rental guide, or open the regional guide to plan a facility rental for another listed community. Confirm the exact delivery address and site access with your request.","Explore 72 Census-listed Northern Lower Peninsula, Michigan locations. Select a linked city for a detailed rental guide, or use the regional guide to plan facilities anywhere in this area.","true","unspecified","true","0","0","false","200","PASS","[]"
"page","/service-areas/michigan/west-michigan/cities/","West Michigan, Michigan Facility Rental Locations","Browse 123 Census-listed locations in West Michigan, Michigan. Select a linked city for its equipment-specific rental guide, or open the regional guide to plan a facility rental for another listed community. Confirm the exact delivery address and site access with your request.","Explore 123 Census-listed West Michigan, Michigan locations. Select a linked city for a detailed rental guide, or use the regional guide to plan facilities anywhere in this area.","true","unspecified","true","0","0","false","200","PASS","[]"
"page","/service-areas/michigan/mid-michigan/cities/","Mid Michigan, Michigan Facility Rental Locations","Browse 156 Census-listed locations in Mid Michigan, Michigan. Select a linked city for its equipment-specific rental guide, or open the regional guide to plan a facility rental for another listed community. Confirm the exact delivery address and site access with your request.","Explore 156 Census-listed Mid Michigan, Michigan locations. Select a linked city for a detailed rental guide, or use the regional guide to plan facilities anywhere in this area.","true","unspecified","true","0","0","false","200","PASS","[]"
"page","/service-areas/michigan/southeast-michigan/cities/","Southeast Michigan, Michigan Facility Rental Locations","Browse 145 Census-listed locations in Southeast Michigan, Michigan. Select a linked city for its equipment-specific rental guide, or open the regional guide to plan a facility rental for another listed community. Confirm the exact delivery address and site access with your request.","Explore 145 Census-listed Southeast Michigan, Michigan locations. Select a linked city for a detailed rental guide, or use the regional guide to plan facilities anywhere in this area.","true","unspecified","true","0","0","false","200","PASS","[]"
"page","/service-areas/minnesota/northwest-minnesota/cities/","Northwest Minnesota, Minnesota Facility Rental Locations","Browse 125 Census-listed locations in Northwest Minnesota, Minnesota. Select a linked city for its equipment-specific rental guide, or open the regional guide to plan a facility rental for another listed community. Confirm the exact delivery address and site access with your request.","Explore 125 Census-listed Northwest Minnesota, Minnesota locations. Select a linked city for a detailed rental guide, or use the regional guide to plan facilities anywhere in this area.","true","unspecified","true","0","0","false","200","PASS","[]"
"page","/service-areas/minnesota/northeast-minnesota/cities/","Northeast Minnesota, Minnesota Facility Rental Locations","Browse 69 Census-listed locations in Northeast Minnesota, Minnesota. Select a linked city for its equipment-specific rental guide, or open the regional guide to plan a facility rental for another listed community. Confirm the exact delivery address and site access with your request.","Explore 69 Census-listed Northeast Minnesota, Minnesota locations. Select a linked city for a detailed rental guide, or use the regional guide to plan facilities anywhere in this area.","true","unspecified","true","0","0","false","200","PASS","[]"
"page","/service-areas/minnesota/central-minnesota/cities/","Central Minnesota, Minnesota Facility Rental Locations","Browse 250 Census-listed locations in Central Minnesota, Minnesota. Select a linked city for its equipment-specific rental guide, or open the regional guide to plan a facility rental for another listed community. Confirm the exact delivery address and site access with your request.","Explore 250 Census-listed Central Minnesota, Minnesota locations. Select a linked city for a detailed rental guide, or use the regional guide to plan facilities anywhere in this area.","true","unspecified","true","0","0","false","200","PASS","[]"
"page","/service-areas/minnesota/twin-cities/cities/","Twin Cities, Minnesota Facility Rental Locations","Browse 172 Census-listed locations in Twin Cities, Minnesota. Select a linked city for its equipment-specific rental guide, or open the regional guide to plan a facility rental for another listed community. Confirm the exact delivery address and site access with your request.","Explore 172 Census-listed Twin Cities, Minnesota locations. Select a linked city for a detailed rental guide, or use the regional guide to plan facilities anywhere in this area.","true","unspecified","true","0","0","false","200","PASS","[]"
"page","/service-areas/minnesota/southern-minnesota/cities/","Southern Minnesota, Minnesota Facility Rental Locations","Browse 240 Census-listed locations in Southern Minnesota, Minnesota. Select a linked city for its equipment-specific rental guide, or open the regional guide to plan a facility rental for another listed community. Confirm the exact delivery address and site access with your request.","Explore 240 Census-listed Southern Minnesota, Minnesota locations. Select a linked city for a detailed rental guide, or use the regional guide to plan facilities anywhere in this area.","true","unspecified","true","0","0","false","200","PASS","[]"
"page","/service-areas/mississippi/delta/cities/","Delta, Mississippi Facility Rental Locations","Browse 59 Census-listed locations in Delta, Mississippi. Select a linked city for its equipment-specific rental guide, or open the regional guide to plan a facility rental for another listed community. Confirm the exact delivery address and site access with your request.","Explore 59 Census-listed Delta, Mississippi locations. Select a linked city for a detailed rental guide, or use the regional guide to plan facilities anywhere in this area.","true","unspecified","true","0","0","false","200","PASS","[]"
"page","/service-areas/mississippi/hills/cities/","Hills, Mississippi Facility Rental Locations","Browse 102 Census-listed locations in Hills, Mississippi. Select a linked city for its equipment-specific rental guide, or open the regional guide to plan a facility rental for another listed community. Confirm the exact delivery address and site access with your request.","Explore 102 Census-listed Hills, Mississippi locations. Select a linked city for a detailed rental guide, or use the regional guide to plan facilities anywhere in this area.","true","unspecified","true","0","0","false","200","PASS","[]"
"page","/service-areas/mississippi/central-mississippi/cities/","Central Mississippi, Mississippi Facility Rental Locations","Browse 85 Census-listed locations in Central Mississippi, Mississippi. Select a linked city for its equipment-specific rental guide, or open the regional guide to plan a facility rental for another listed community. Confirm the exact delivery address and site access with your request.","Explore 85 Census-listed Central Mississippi, Mississippi locations. Select a linked city for a detailed rental guide, or use the regional guide to plan facilities anywhere in this area.","true","unspecified","true","0","0","false","200","PASS","[]"
"page","/service-areas/mississippi/pine-belt/cities/","Pine Belt, Mississippi Facility Rental Locations","Browse 39 Census-listed locations in Pine Belt, Mississippi. Select a linked city for its equipment-specific rental guide, or open the regional guide to plan a facility rental for another listed community. Confirm the exact delivery address and site access with your request.","Explore 39 Census-listed Pine Belt, Mississippi locations. Select a linked city for a detailed rental guide, or use the regional guide to plan facilities anywhere in this area.","true","unspecified","true","0","0","false","200","PASS","[]"
"page","/service-areas/mississippi/gulf-coast/cities/","Gulf Coast, Mississippi Facility Rental Locations","Browse 15 Census-listed locations in Gulf Coast, Mississippi. Select a linked city for its equipment-specific rental guide, or open the regional guide to plan a facility rental for another listed community. Confirm the exact delivery address and site access with your request.","Explore 15 Census-listed Gulf Coast, Mississippi locations. Select a linked city for a detailed rental guide, or use the regional guide to plan facilities anywhere in this area.","true","unspecified","true","0","0","false","200","PASS","[]"
"page","/service-areas/missouri/northwest-missouri/cities/","Northwest Missouri, Missouri Facility Rental Locations","Browse 116 Census-listed locations in Northwest Missouri, Missouri. Select a linked city for its equipment-specific rental guide, or open the regional guide to plan a facility rental for another listed community. Confirm the exact delivery address and site access with your request.","Explore 116 Census-listed Northwest Missouri, Missouri locations. Select a linked city for a detailed rental guide, or use the regional guide to plan facilities anywhere in this area.","true","unspecified","true","0","0","false","200","PASS","[]"
"page","/service-areas/missouri/kansas-city-area/cities/","Kansas City area, Missouri Facility Rental Locations","Browse 136 Census-listed locations in Kansas City area, Missouri. Select a linked city for its equipment-specific rental guide, or open the regional guide to plan a facility rental for another listed community. Confirm the exact delivery address and site access with your request.","Explore 136 Census-listed Kansas City area, Missouri locations. Select a linked city for a detailed rental guide, or use the regional guide to plan facilities anywhere in this area.","true","unspecified","true","0","0","false","200","PASS","[]"
"page","/service-areas/missouri/central-missouri/cities/","Central Missouri, Missouri Facility Rental Locations","Browse 221 Census-listed locations in Central Missouri, Missouri. Select a linked city for its equipment-specific rental guide, or open the regional guide to plan a facility rental for another listed community. Confirm the exact delivery address and site access with your request.","Explore 221 Census-listed Central Missouri, Missouri locations. Select a linked city for a detailed rental guide, or use the regional guide to plan facilities anywhere in this area.","true","unspecified","true","0","0","false","200","PASS","[]"
"page","/service-areas/missouri/ozarks/cities/","Ozarks, Missouri Facility Rental Locations","Browse 186 Census-listed locations in Ozarks, Missouri. Select a linked city for its equipment-specific rental guide, or open the regional guide to plan a facility rental for another listed community. Confirm the exact delivery address and site access with your request.","Explore 186 Census-listed Ozarks, Missouri locations. Select a linked city for a detailed rental guide, or use the regional guide to plan facilities anywhere in this area.","true","unspecified","true","0","0","false","200","PASS","[]"
"page","/service-areas/missouri/st-louis-area/cities/","St. Louis area, Missouri Facility Rental Locations","Browse 176 Census-listed locations in St. Louis area, Missouri. Select a linked city for its equipment-specific rental guide, or open the regional guide to plan a facility rental for another listed community. Confirm the exact delivery address and site access with your request.","Explore 176 Census-listed St. Louis area, Missouri locations. Select a linked city for a detailed rental guide, or use the regional guide to plan facilities anywhere in this area.","true","unspecified","true","0","0","false","200","PASS","[]"
"page","/service-areas/missouri/southeast-missouri/cities/","Southeast Missouri, Missouri Facility Rental Locations","Browse 112 Census-listed locations in Southeast Missouri, Missouri. Select a linked city for its equipment-specific rental guide, or open the regional guide to plan a facility rental for another listed community. Confirm the exact delivery address and site access with your request.","Explore 112 Census-listed Southeast Missouri, Missouri locations. Select a linked city for a detailed rental guide, or use the regional guide to plan facilities anywhere in this area.","true","unspecified","true","0","0","false","200","PASS","[]"
"page","/service-areas/montana/glacier-country/cities/","Glacier Country, Montana Facility Rental Locations","Browse 22 Census-listed locations in Glacier Country, Montana. Select a linked city for its equipment-specific rental guide, or open the regional guide to plan a facility rental for another listed community. Confirm the exact delivery address and site access with your request.","Explore 22 Census-listed Glacier Country, Montana locations. Select a linked city for a detailed rental guide, or use the regional guide to plan facilities anywhere in this area.","true","unspecified","true","0","0","false","200","PASS","[]"
"page","/service-areas/montana/central-montana/cities/","Central Montana, Montana Facility Rental Locations","Browse 28 Census-listed locations in Central Montana, Montana. Select a linked city for its equipment-specific rental guide, or open the regional guide to plan a facility rental for another listed community. Confirm the exact delivery address and site access with your request.","Explore 28 Census-listed Central Montana, Montana locations. Select a linked city for a detailed rental guide, or use the regional guide to plan facilities anywhere in this area.","true","unspecified","true","0","0","false","200","PASS","[]"
"page","/service-areas/montana/yellowstone-country/cities/","Yellowstone Country, Montana Facility Rental Locations","Browse 16 Census-listed locations in Yellowstone Country, Montana. Select a linked city for its equipment-specific rental guide, or open the regional guide to plan a facility rental for another listed community. Confirm the exact delivery address and site access with your request.","Explore 16 Census-listed Yellowstone Country, Montana locations. Select a linked city for a detailed rental guide, or use the regional guide to plan facilities anywhere in this area.","true","unspecified","true","0","0","false","200","PASS","[]"
"page","/service-areas/montana/missouri-river-country/cities/","Missouri River Country, Montana Facility Rental Locations","Browse 29 Census-listed locations in Missouri River Country, Montana. Select a linked city for its equipment-specific rental guide, or open the regional guide to plan a facility rental for another listed community. Confirm the exact delivery address and site access with your request.","Explore 29 Census-listed Missouri River Country, Montana locations. Select a linked city for a detailed rental guide, or use the regional guide to plan facilities anywhere in this area.","true","unspecified","true","0","0","false","200","PASS","[]"
"page","/service-areas/montana/southeast-montana/cities/","Southeast Montana, Montana Facility Rental Locations","Browse 32 Census-listed locations in Southeast Montana, Montana. Select a linked city for its equipment-specific rental guide, or open the regional guide to plan a facility rental for another listed community. Confirm the exact delivery address and site access with your request.","Explore 32 Census-listed Southeast Montana, Montana locations. Select a linked city for a detailed rental guide, or use the regional guide to plan facilities anywhere in this area.","true","unspecified","true","0","0","false","200","PASS","[]"
"page","/service-areas/nebraska/panhandle/cities/","Panhandle, Nebraska Facility Rental Locations","Browse 39 Census-listed locations in Panhandle, Nebraska. Select a linked city for its equipment-specific rental guide, or open the regional guide to plan a facility rental for another listed community. Confirm the exact delivery address and site access with your request.","Explore 39 Census-listed Panhandle, Nebraska locations. Select a linked city for a detailed rental guide, or use the regional guide to plan facilities anywhere in this area.","true","unspecified","true","0","0","false","200","PASS","[]"
"page","/service-areas/nebraska/sandhills/cities/","Sandhills, Nebraska Facility Rental Locations","Browse 47 Census-listed locations in Sandhills, Nebraska. Select a linked city for its equipment-specific rental guide, or open the regional guide to plan a facility rental for another listed community. Confirm the exact delivery address and site access with your request.","Explore 47 Census-listed Sandhills, Nebraska locations. Select a linked city for a detailed rental guide, or use the regional guide to plan facilities anywhere in this area.","true","unspecified","true","0","0","false","200","PASS","[]"
"page","/service-areas/nebraska/central-nebraska/cities/","Central Nebraska, Nebraska Facility Rental Locations","Browse 160 Census-listed locations in Central Nebraska, Nebraska. Select a linked city for its equipment-specific rental guide, or open the regional guide to plan a facility rental for another listed community. Confirm the exact delivery address and site access with your request.","Explore 160 Census-listed Central Nebraska, Nebraska locations. Select a linked city for a detailed rental guide, or use the regional guide to plan facilities anywhere in this area.","true","unspecified","true","0","0","false","200","PASS","[]"
"page","/service-areas/nebraska/northeast-nebraska/cities/","Northeast Nebraska, Nebraska Facility Rental Locations","Browse 128 Census-listed locations in Northeast Nebraska, Nebraska. Select a linked city for its equipment-specific rental guide, or open the regional guide to plan a facility rental for another listed community. Confirm the exact delivery address and site access with your request.","Explore 128 Census-listed Northeast Nebraska, Nebraska locations. Select a linked city for a detailed rental guide, or use the regional guide to plan facilities anywhere in this area.","true","unspecified","true","0","0","false","200","PASS","[]"
"page","/service-areas/nebraska/lincoln-and-omaha-corridor/cities/","Lincoln and Omaha corridor, Nebraska Facility Rental Locations","Browse 154 Census-listed locations in Lincoln and Omaha corridor, Nebraska. Select a linked city for its equipment-specific rental guide, or open the regional guide to plan a facility rental for another listed community. Confirm the exact delivery address and site access with your request.","Explore 154 Census-listed Lincoln and Omaha corridor, Nebraska locations. Select a linked city for a detailed rental guide, or use the regional guide to plan facilities anywhere in this area.","true","unspecified","true","0","0","false","200","PASS","[]"
"page","/service-areas/nevada/northern-nevada/cities/","Northern Nevada, Nevada Facility Rental Locations","Browse 6 Census-listed locations in Northern Nevada, Nevada. Select a linked city for its equipment-specific rental guide, or open the regional guide to plan a facility rental for another listed community. Confirm the exact delivery address and site access with your request.","Explore 6 Census-listed Northern Nevada, Nevada locations. Select a linked city for a detailed rental guide, or use the regional guide to plan facilities anywhere in this area.","true","unspecified","true","0","0","false","200","PASS","[]"
"page","/service-areas/nevada/reno-tahoe/cities/","Reno Tahoe, Nevada Facility Rental Locations","Browse 6 Census-listed locations in Reno Tahoe, Nevada. Select a linked city for its equipment-specific rental guide, or open the regional guide to plan a facility rental for another listed community. Confirm the exact delivery address and site access with your request.","Explore 6 Census-listed Reno Tahoe, Nevada locations. Select a linked city for a detailed rental guide, or use the regional guide to plan facilities anywhere in this area.","true","unspecified","true","0","0","false","200","PASS","[]"
"page","/service-areas/nevada/central-nevada/cities/","Central Nevada, Nevada Facility Rental Locations","Browse 1 Census-listed locations in Central Nevada, Nevada. Select a linked city for its equipment-specific rental guide, or open the regional guide to plan a facility rental for another listed community. Confirm the exact delivery address and site access with your request.","Explore 1 Census-listed Central Nevada, Nevada locations. Select a linked city for a detailed rental guide, or use the regional guide to plan facilities anywhere in this area.","true","unspecified","true","0","0","false","200","PASS","[]"
"page","/service-areas/nevada/las-vegas-valley/cities/","Las Vegas Valley, Nevada Facility Rental Locations","Browse 3 Census-listed locations in Las Vegas Valley, Nevada. Select a linked city for its equipment-specific rental guide, or open the regional guide to plan a facility rental for another listed community. Confirm the exact delivery address and site access with your request.","Explore 3 Census-listed Las Vegas Valley, Nevada locations. Select a linked city for a detailed rental guide, or use the regional guide to plan facilities anywhere in this area.","true","unspecified","true","0","0","false","200","PASS","[]"
"page","/service-areas/nevada/southern-nevada/cities/","Southern Nevada, Nevada Facility Rental Locations","Browse 3 Census-listed locations in Southern Nevada, Nevada. Select a linked city for its equipment-specific rental guide, or open the regional guide to plan a facility rental for another listed community. Confirm the exact delivery address and site access with your request.","Explore 3 Census-listed Southern Nevada, Nevada locations. Select a linked city for a detailed rental guide, or use the regional guide to plan facilities anywhere in this area.","true","unspecified","true","0","0","false","200","PASS","[]"
"page","/service-areas/new-hampshire/great-north-woods/cities/","Great North Woods, New Hampshire Facility Rental Locations","Browse 1 Census-listed locations in Great North Woods, New Hampshire. Select a linked city for its equipment-specific rental guide, or open the regional guide to plan a facility rental for another listed community. Confirm the exact delivery address and site access with your request.","Explore 1 Census-listed Great North Woods, New Hampshire locations. Select a linked city for a detailed rental guide, or use the regional guide to plan facilities anywhere in this area.","true","unspecified","true","0","0","false","200","PASS","[]"
"page","/service-areas/new-hampshire/white-mountains/cities/","White Mountains, New Hampshire Facility Rental Locations","Browse 11 Census-listed locations in White Mountains, New Hampshire. Select a linked city for its equipment-specific rental guide, or open the regional guide to plan a facility rental for another listed community. Confirm the exact delivery address and site access with your request.","Explore 11 Census-listed White Mountains, New Hampshire locations. Select a linked city for a detailed rental guide, or use the regional guide to plan facilities anywhere in this area.","true","unspecified","true","0","0","false","200","PASS","[]"
"page","/service-areas/new-hampshire/lakes-region/cities/","Lakes Region, New Hampshire Facility Rental Locations","Browse 2 Census-listed locations in Lakes Region, New Hampshire. Select a linked city for its equipment-specific rental guide, or open the regional guide to plan a facility rental for another listed community. Confirm the exact delivery address and site access with your request.","Explore 2 Census-listed Lakes Region, New Hampshire locations. Select a linked city for a detailed rental guide, or use the regional guide to plan facilities anywhere in this area.","true","unspecified","true","0","0","false","200","PASS","[]"
"page","/service-areas/new-hampshire/dartmouth-lake-sunapee/cities/","Dartmouth Lake Sunapee, New Hampshire Facility Rental Locations","Browse 3 Census-listed locations in Dartmouth Lake Sunapee, New Hampshire. Select a linked city for its equipment-specific rental guide, or open the regional guide to plan a facility rental for another listed community. Confirm the exact delivery address and site access with your request.","Explore 3 Census-listed Dartmouth Lake Sunapee, New Hampshire locations. Select a linked city for a detailed rental guide, or use the regional guide to plan facilities anywhere in this area.","true","unspecified","true","0","0","false","200","PASS","[]"
"page","/service-areas/new-hampshire/merrimack-valley/cities/","Merrimack Valley, New Hampshire Facility Rental Locations","Browse 3 Census-listed locations in Merrimack Valley, New Hampshire. Select a linked city for its equipment-specific rental guide, or open the regional guide to plan a facility rental for another listed community. Confirm the exact delivery address and site access with your request.","Explore 3 Census-listed Merrimack Valley, New Hampshire locations. Select a linked city for a detailed rental guide, or use the regional guide to plan facilities anywhere in this area.","true","unspecified","true","0","0","false","200","PASS","[]"
"page","/service-areas/new-hampshire/seacoast/cities/","Seacoast, New Hampshire Facility Rental Locations","Browse 4 Census-listed locations in Seacoast, New Hampshire. Select a linked city for its equipment-specific rental guide, or open the regional guide to plan a facility rental for another listed community. Confirm the exact delivery address and site access with your request.","Explore 4 Census-listed Seacoast, New Hampshire locations. Select a linked city for a detailed rental guide, or use the regional guide to plan facilities anywhere in this area.","true","unspecified","true","0","0","false","200","PASS","[]"
"page","/service-areas/new-jersey/skylands/cities/","Skylands, New Jersey Facility Rental Locations","Browse 51 Census-listed locations in Skylands, New Jersey. Select a linked city for its equipment-specific rental guide, or open the regional guide to plan a facility rental for another listed community. Confirm the exact delivery address and site access with your request.","Explore 51 Census-listed Skylands, New Jersey locations. Select a linked city for a detailed rental guide, or use the regional guide to plan facilities anywhere in this area.","true","unspecified","true","0","0","false","200","PASS","[]"
"page","/service-areas/new-jersey/gateway-region/cities/","Gateway Region, New Jersey Facility Rental Locations","Browse 95 Census-listed locations in Gateway Region, New Jersey. Select a linked city for its equipment-specific rental guide, or open the regional guide to plan a facility rental for another listed community. Confirm the exact delivery address and site access with your request.","Explore 95 Census-listed Gateway Region, New Jersey locations. Select a linked city for a detailed rental guide, or use the regional guide to plan facilities anywhere in this area.","true","unspecified","true","0","0","false","200","PASS","[]"
"page","/service-areas/new-jersey/central-jersey/cities/","Central Jersey, New Jersey Facility Rental Locations","Browse 34 Census-listed locations in Central Jersey, New Jersey. Select a linked city for its equipment-specific rental guide, or open the regional guide to plan a facility rental for another listed community. Confirm the exact delivery address and site access with your request.","Explore 34 Census-listed Central Jersey, New Jersey locations. Select a linked city for a detailed rental guide, or use the regional guide to plan facilities anywhere in this area.","true","unspecified","true","0","0","false","200","PASS","[]"
"page","/service-areas/new-jersey/shore-region/cities/","Shore Region, New Jersey Facility Rental Locations","Browse 46 Census-listed locations in Shore Region, New Jersey. Select a linked city for its equipment-specific rental guide, or open the regional guide to plan a facility rental for another listed community. Confirm the exact delivery address and site access with your request.","Explore 46 Census-listed Shore Region, New Jersey locations. Select a linked city for a detailed rental guide, or use the regional guide to plan facilities anywhere in this area.","true","unspecified","true","0","0","false","200","PASS","[]"
"page","/service-areas/new-jersey/delaware-river-region/cities/","Delaware River Region, New Jersey Facility Rental Locations","Browse 61 Census-listed locations in Delaware River Region, New Jersey. Select a linked city for its equipment-specific rental guide, or open the regional guide to plan a facility rental for another listed community. Confirm the exact delivery address and site access with your request.","Explore 61 Census-listed Delaware River Region, New Jersey locations. Select a linked city for a detailed rental guide, or use the regional guide to plan facilities anywhere in this area.","true","unspecified","true","0","0","false","200","PASS","[]"
"page","/service-areas/new-jersey/southern-shore/cities/","Southern Shore, New Jersey Facility Rental Locations","Browse 37 Census-listed locations in Southern Shore, New Jersey. Select a linked city for its equipment-specific rental guide, or open the regional guide to plan a facility rental for another listed community. Confirm the exact delivery address and site access with your request.","Explore 37 Census-listed Southern Shore, New Jersey locations. Select a linked city for a detailed rental guide, or use the regional guide to plan facilities anywhere in this area.","true","unspecified","true","0","0","false","200","PASS","[]"
"page","/service-areas/new-mexico/north-central-new-mexico/cities/","North Central New Mexico, New Mexico Facility Rental Locations","Browse 13 Census-listed locations in North Central New Mexico, New Mexico. Select a linked city for its equipment-specific rental guide, or open the regional guide to plan a facility rental for another listed community. Confirm the exact delivery address and site access with your request.","Explore 13 Census-listed North Central New Mexico, New Mexico locations. Select a linked city for a detailed rental guide, or use the regional guide to plan facilities anywhere in this area.","true","unspecified","true","0","0","false","200","PASS","[]"
"page","/service-areas/new-mexico/northeast-new-mexico/cities/","Northeast New Mexico, New Mexico Facility Rental Locations","Browse 19 Census-listed locations in Northeast New Mexico, New Mexico. Select a linked city for its equipment-specific rental guide, or open the regional guide to plan a facility rental for another listed community. Confirm the exact delivery address and site access with your request.","Explore 19 Census-listed Northeast New Mexico, New Mexico locations. Select a linked city for a detailed rental guide, or use the regional guide to plan facilities anywhere in this area.","true","unspecified","true","0","0","false","200","PASS","[]"
"page","/service-areas/new-mexico/albuquerque-area/cities/","Albuquerque area, New Mexico Facility Rental Locations","Browse 26 Census-listed locations in Albuquerque area, New Mexico. Select a linked city for its equipment-specific rental guide, or open the regional guide to plan a facility rental for another listed community. Confirm the exact delivery address and site access with your request.","Explore 26 Census-listed Albuquerque area, New Mexico locations. Select a linked city for a detailed rental guide, or use the regional guide to plan facilities anywhere in this area.","true","unspecified","true","0","0","false","200","PASS","[]"
"page","/service-areas/new-mexico/southeast-new-mexico/cities/","Southeast New Mexico, New Mexico Facility Rental Locations","Browse 27 Census-listed locations in Southeast New Mexico, New Mexico. Select a linked city for its equipment-specific rental guide, or open the regional guide to plan a facility rental for another listed community. Confirm the exact delivery address and site access with your request.","Explore 27 Census-listed Southeast New Mexico, New Mexico locations. Select a linked city for a detailed rental guide, or use the regional guide to plan facilities anywhere in this area.","true","unspecified","true","0","0","false","200","PASS","[]"
"page","/service-areas/new-mexico/southwest-new-mexico/cities/","Southwest New Mexico, New Mexico Facility Rental Locations","Browse 20 Census-listed locations in Southwest New Mexico, New Mexico. Select a linked city for its equipment-specific rental guide, or open the regional guide to plan a facility rental for another listed community. Confirm the exact delivery address and site access with your request.","Explore 20 Census-listed Southwest New Mexico, New Mexico locations. Select a linked city for a detailed rental guide, or use the regional guide to plan facilities anywhere in this area.","true","unspecified","true","0","0","false","200","PASS","[]"
"page","/service-areas/new-york/north-country/cities/","North Country, New York Facility Rental Locations","Browse 53 Census-listed locations in North Country, New York. Select a linked city for its equipment-specific rental guide, or open the regional guide to plan a facility rental for another listed community. Confirm the exact delivery address and site access with your request.","Explore 53 Census-listed North Country, New York locations. Select a linked city for a detailed rental guide, or use the regional guide to plan facilities anywhere in this area.","true","unspecified","true","0","0","false","200","PASS","[]"
"page","/service-areas/new-york/capital-region/cities/","Capital Region, New York Facility Rental Locations","Browse 68 Census-listed locations in Capital Region, New York. Select a linked city for its equipment-specific rental guide, or open the regional guide to plan a facility rental for another listed community. Confirm the exact delivery address and site access with your request.","Explore 68 Census-listed Capital Region, New York locations. Select a linked city for a detailed rental guide, or use the regional guide to plan facilities anywhere in this area.","true","unspecified","true","0","0","false","200","PASS","[]"
"page","/service-areas/new-york/central-new-york/cities/","Central New York, New York Facility Rental Locations","Browse 100 Census-listed locations in Central New York, New York. Select a linked city for its equipment-specific rental guide, or open the regional guide to plan a facility rental for another listed community. Confirm the exact delivery address and site access with your request.","Explore 100 Census-listed Central New York, New York locations. Select a linked city for a detailed rental guide, or use the regional guide to plan facilities anywhere in this area.","true","unspecified","true","0","0","false","200","PASS","[]"
"page","/service-areas/new-york/finger-lakes/cities/","Finger Lakes, New York Facility Rental Locations","Browse 107 Census-listed locations in Finger Lakes, New York. Select a linked city for its equipment-specific rental guide, or open the regional guide to plan a facility rental for another listed community. Confirm the exact delivery address and site access with your request.","Explore 107 Census-listed Finger Lakes, New York locations. Select a linked city for a detailed rental guide, or use the regional guide to plan facilities anywhere in this area.","true","unspecified","true","0","0","false","200","PASS","[]"
"page","/service-areas/new-york/western-new-york/cities/","Western New York, New York Facility Rental Locations","Browse 67 Census-listed locations in Western New York, New York. Select a linked city for its equipment-specific rental guide, or open the regional guide to plan a facility rental for another listed community. Confirm the exact delivery address and site access with your request.","Explore 67 Census-listed Western New York, New York locations. Select a linked city for a detailed rental guide, or use the regional guide to plan facilities anywhere in this area.","true","unspecified","true","0","0","false","200","PASS","[]"
"page","/service-areas/new-york/hudson-valley/cities/","Hudson Valley, New York Facility Rental Locations","Browse 59 Census-listed locations in Hudson Valley, New York. Select a linked city for its equipment-specific rental guide, or open the regional guide to plan a facility rental for another listed community. Confirm the exact delivery address and site access with your request.","Explore 59 Census-listed Hudson Valley, New York locations. Select a linked city for a detailed rental guide, or use the regional guide to plan facilities anywhere in this area.","true","unspecified","true","0","0","false","200","PASS","[]"
"page","/service-areas/new-york/new-york-city-and-long-island/cities/","New York City and Long Island, New York Facility Rental Locations","Browse 140 Census-listed locations in New York City and Long Island, New York. Select a linked city for its equipment-specific rental guide, or open the regional guide to plan a facility rental for another listed community. Confirm the exact delivery address and site access with your request.","Explore 140 Census-listed New York City and Long Island, New York locations. Select a linked city for a detailed rental guide, or use the regional guide to plan facilities anywhere in this area.","true","unspecified","true","0","0","false","200","PASS","[]"
"page","/service-areas/north-carolina/mountains/cities/","Mountains, North Carolina Facility Rental Locations","Browse 79 Census-listed locations in Mountains, North Carolina. Select a linked city for its equipment-specific rental guide, or open the regional guide to plan a facility rental for another listed community. Confirm the exact delivery address and site access with your request.","Explore 79 Census-listed Mountains, North Carolina locations. Select a linked city for a detailed rental guide, or use the regional guide to plan facilities anywhere in this area.","true","unspecified","true","0","0","false","200","PASS","[]"
"page","/service-areas/north-carolina/piedmont-triad/cities/","Piedmont Triad, North Carolina Facility Rental Locations","Browse 70 Census-listed locations in Piedmont Triad, North Carolina. Select a linked city for its equipment-specific rental guide, or open the regional guide to plan a facility rental for another listed community. Confirm the exact delivery address and site access with your request.","Explore 70 Census-listed Piedmont Triad, North Carolina locations. Select a linked city for a detailed rental guide, or use the regional guide to plan facilities anywhere in this area.","true","unspecified","true","0","0","false","200","PASS","[]"
"page","/service-areas/north-carolina/charlotte-region/cities/","Charlotte region, North Carolina Facility Rental Locations","Browse 94 Census-listed locations in Charlotte region, North Carolina. Select a linked city for its equipment-specific rental guide, or open the regional guide to plan a facility rental for another listed community. Confirm the exact delivery address and site access with your request.","Explore 94 Census-listed Charlotte region, North Carolina locations. Select a linked city for a detailed rental guide, or use the regional guide to plan facilities anywhere in this area.","true","unspecified","true","0","0","false","200","PASS","[]"
"page","/service-areas/north-carolina/research-triangle/cities/","Research Triangle, North Carolina Facility Rental Locations","Browse 60 Census-listed locations in Research Triangle, North Carolina. Select a linked city for its equipment-specific rental guide, or open the regional guide to plan a facility rental for another listed community. Confirm the exact delivery address and site access with your request.","Explore 60 Census-listed Research Triangle, North Carolina locations. Select a linked city for a detailed rental guide, or use the regional guide to plan facilities anywhere in this area.","true","unspecified","true","0","0","false","200","PASS","[]"
"page","/service-areas/north-carolina/coastal-plain/cities/","Coastal Plain, North Carolina Facility Rental Locations","Browse 234 Census-listed locations in Coastal Plain, North Carolina. Select a linked city for its equipment-specific rental guide, or open the regional guide to plan a facility rental for another listed community. Confirm the exact delivery address and site access with your request.","Explore 234 Census-listed Coastal Plain, North Carolina locations. Select a linked city for a detailed rental guide, or use the regional guide to plan facilities anywhere in this area.","true","unspecified","true","0","0","false","200","PASS","[]"
"page","/service-areas/north-carolina/outer-banks/cities/","Outer Banks, North Carolina Facility Rental Locations","Browse 15 Census-listed locations in Outer Banks, North Carolina. Select a linked city for its equipment-specific rental guide, or open the regional guide to plan a facility rental for another listed community. Confirm the exact delivery address and site access with your request.","Explore 15 Census-listed Outer Banks, North Carolina locations. Select a linked city for a detailed rental guide, or use the regional guide to plan facilities anywhere in this area.","true","unspecified","true","0","0","false","200","PASS","[]"
"page","/service-areas/north-dakota/western-north-dakota/cities/","Western North Dakota, North Dakota Facility Rental Locations","Browse 52 Census-listed locations in Western North Dakota, North Dakota. Select a linked city for its equipment-specific rental guide, or open the regional guide to plan a facility rental for another listed community. Confirm the exact delivery address and site access with your request.","Explore 52 Census-listed Western North Dakota, North Dakota locations. Select a linked city for a detailed rental guide, or use the regional guide to plan facilities anywhere in this area.","true","unspecified","true","0","0","false","200","PASS","[]"
"page","/service-areas/north-dakota/north-central-north-dakota/cities/","North Central North Dakota, North Dakota Facility Rental Locations","Browse 120 Census-listed locations in North Central North Dakota, North Dakota. Select a linked city for its equipment-specific rental guide, or open the regional guide to plan a facility rental for another listed community. Confirm the exact delivery address and site access with your request.","Explore 120 Census-listed North Central North Dakota, North Dakota locations. Select a linked city for a detailed rental guide, or use the regional guide to plan facilities anywhere in this area.","true","unspecified","true","0","0","false","200","PASS","[]"
"page","/service-areas/north-dakota/red-river-valley/cities/","Red River Valley, North Dakota Facility Rental Locations","Browse 95 Census-listed locations in Red River Valley, North Dakota. Select a linked city for its equipment-specific rental guide, or open the regional guide to plan a facility rental for another listed community. Confirm the exact delivery address and site access with your request.","Explore 95 Census-listed Red River Valley, North Dakota locations. Select a linked city for a detailed rental guide, or use the regional guide to plan facilities anywhere in this area.","true","unspecified","true","0","0","false","200","PASS","[]"
"page","/service-areas/north-dakota/south-central-north-dakota/cities/","South Central North Dakota, North Dakota Facility Rental Locations","Browse 88 Census-listed locations in South Central North Dakota, North Dakota. Select a linked city for its equipment-specific rental guide, or open the regional guide to plan a facility rental for another listed community. Confirm the exact delivery address and site access with your request.","Explore 88 Census-listed South Central North Dakota, North Dakota locations. Select a linked city for a detailed rental guide, or use the regional guide to plan facilities anywhere in this area.","true","unspecified","true","0","0","false","200","PASS","[]"
"page","/service-areas/ohio/northeast-ohio/cities/","Northeast Ohio, Ohio Facility Rental Locations","Browse 269 Census-listed locations in Northeast Ohio, Ohio. Select a linked city for its equipment-specific rental guide, or open the regional guide to plan a facility rental for another listed community. Confirm the exact delivery address and site access with your request.","Explore 269 Census-listed Northeast Ohio, Ohio locations. Select a linked city for a detailed rental guide, or use the regional guide to plan facilities anywhere in this area.","true","unspecified","true","0","0","false","200","PASS","[]"
"page","/service-areas/ohio/northwest-ohio/cities/","Northwest Ohio, Ohio Facility Rental Locations","Browse 202 Census-listed locations in Northwest Ohio, Ohio. Select a linked city for its equipment-specific rental guide, or open the regional guide to plan a facility rental for another listed community. Confirm the exact delivery address and site access with your request.","Explore 202 Census-listed Northwest Ohio, Ohio locations. Select a linked city for a detailed rental guide, or use the regional guide to plan facilities anywhere in this area.","true","unspecified","true","0","0","false","200","PASS","[]"
"page","/service-areas/ohio/central-ohio/cities/","Central Ohio, Ohio Facility Rental Locations","Browse 160 Census-listed locations in Central Ohio, Ohio. Select a linked city for its equipment-specific rental guide, or open the regional guide to plan a facility rental for another listed community. Confirm the exact delivery address and site access with your request.","Explore 160 Census-listed Central Ohio, Ohio locations. Select a linked city for a detailed rental guide, or use the regional guide to plan facilities anywhere in this area.","true","unspecified","true","0","0","false","200","PASS","[]"
"page","/service-areas/ohio/southwest-ohio/cities/","Southwest Ohio, Ohio Facility Rental Locations","Browse 176 Census-listed locations in Southwest Ohio, Ohio. Select a linked city for its equipment-specific rental guide, or open the regional guide to plan a facility rental for another listed community. Confirm the exact delivery address and site access with your request.","Explore 176 Census-listed Southwest Ohio, Ohio locations. Select a linked city for a detailed rental guide, or use the regional guide to plan facilities anywhere in this area.","true","unspecified","true","0","0","false","200","PASS","[]"
"page","/service-areas/ohio/southeast-ohio/cities/","Southeast Ohio, Ohio Facility Rental Locations","Browse 116 Census-listed locations in Southeast Ohio, Ohio. Select a linked city for its equipment-specific rental guide, or open the regional guide to plan a facility rental for another listed community. Confirm the exact delivery address and site access with your request.","Explore 116 Census-listed Southeast Ohio, Ohio locations. Select a linked city for a detailed rental guide, or use the regional guide to plan facilities anywhere in this area.","true","unspecified","true","0","0","false","200","PASS","[]"
"page","/service-areas/oklahoma/panhandle/cities/","Panhandle, Oklahoma Facility Rental Locations","Browse 11 Census-listed locations in Panhandle, Oklahoma. Select a linked city for its equipment-specific rental guide, or open the regional guide to plan a facility rental for another listed community. Confirm the exact delivery address and site access with your request.","Explore 11 Census-listed Panhandle, Oklahoma locations. Select a linked city for a detailed rental guide, or use the regional guide to plan facilities anywhere in this area.","true","unspecified","true","0","0","false","200","PASS","[]"
"page","/service-areas/oklahoma/northwest-oklahoma/cities/","Northwest Oklahoma, Oklahoma Facility Rental Locations","Browse 95 Census-listed locations in Northwest Oklahoma, Oklahoma. Select a linked city for its equipment-specific rental guide, or open the regional guide to plan a facility rental for another listed community. Confirm the exact delivery address and site access with your request.","Explore 95 Census-listed Northwest Oklahoma, Oklahoma locations. Select a linked city for a detailed rental guide, or use the regional guide to plan facilities anywhere in this area.","true","unspecified","true","0","0","false","200","PASS","[]"
"page","/service-areas/oklahoma/green-country/cities/","Green Country, Oklahoma Facility Rental Locations","Browse 136 Census-listed locations in Green Country, Oklahoma. Select a linked city for its equipment-specific rental guide, or open the regional guide to plan a facility rental for another listed community. Confirm the exact delivery address and site access with your request.","Explore 136 Census-listed Green Country, Oklahoma locations. Select a linked city for a detailed rental guide, or use the regional guide to plan facilities anywhere in this area.","true","unspecified","true","0","0","false","200","PASS","[]"
"page","/service-areas/oklahoma/central-oklahoma/cities/","Central Oklahoma, Oklahoma Facility Rental Locations","Browse 127 Census-listed locations in Central Oklahoma, Oklahoma. Select a linked city for its equipment-specific rental guide, or open the regional guide to plan a facility rental for another listed community. Confirm the exact delivery address and site access with your request.","Explore 127 Census-listed Central Oklahoma, Oklahoma locations. Select a linked city for a detailed rental guide, or use the regional guide to plan facilities anywhere in this area.","true","unspecified","true","0","0","false","200","PASS","[]"
"page","/service-areas/oklahoma/kiamichi-country/cities/","Kiamichi Country, Oklahoma Facility Rental Locations","Browse 130 Census-listed locations in Kiamichi Country, Oklahoma. Select a linked city for its equipment-specific rental guide, or open the regional guide to plan a facility rental for another listed community. Confirm the exact delivery address and site access with your request.","Explore 130 Census-listed Kiamichi Country, Oklahoma locations. Select a linked city for a detailed rental guide, or use the regional guide to plan facilities anywhere in this area.","true","unspecified","true","0","0","false","200","PASS","[]"
"page","/service-areas/oklahoma/southwest-oklahoma/cities/","Southwest Oklahoma, Oklahoma Facility Rental Locations","Browse 101 Census-listed locations in Southwest Oklahoma, Oklahoma. Select a linked city for its equipment-specific rental guide, or open the regional guide to plan a facility rental for another listed community. Confirm the exact delivery address and site access with your request.","Explore 101 Census-listed Southwest Oklahoma, Oklahoma locations. Select a linked city for a detailed rental guide, or use the regional guide to plan facilities anywhere in this area.","true","unspecified","true","0","0","false","200","PASS","[]"
"page","/service-areas/oregon/oregon-coast/cities/","Oregon Coast, Oregon Facility Rental Locations","Browse 33 Census-listed locations in Oregon Coast, Oregon. Select a linked city for its equipment-specific rental guide, or open the regional guide to plan a facility rental for another listed community. Confirm the exact delivery address and site access with your request.","Explore 33 Census-listed Oregon Coast, Oregon locations. Select a linked city for a detailed rental guide, or use the regional guide to plan facilities anywhere in this area.","true","unspecified","true","0","0","false","200","PASS","[]"
"page","/service-areas/oregon/willamette-valley/cities/","Willamette Valley, Oregon Facility Rental Locations","Browse 108 Census-listed locations in Willamette Valley, Oregon. Select a linked city for its equipment-specific rental guide, or open the regional guide to plan a facility rental for another listed community. Confirm the exact delivery address and site access with your request.","Explore 108 Census-listed Willamette Valley, Oregon locations. Select a linked city for a detailed rental guide, or use the regional guide to plan facilities anywhere in this area.","true","unspecified","true","0","0","false","200","PASS","[]"
"page","/service-areas/oregon/southern-oregon/cities/","Southern Oregon, Oregon Facility Rental Locations","Browse 25 Census-listed locations in Southern Oregon, Oregon. Select a linked city for its equipment-specific rental guide, or open the regional guide to plan a facility rental for another listed community. Confirm the exact delivery address and site access with your request.","Explore 25 Census-listed Southern Oregon, Oregon locations. Select a linked city for a detailed rental guide, or use the regional guide to plan facilities anywhere in this area.","true","unspecified","true","0","0","false","200","PASS","[]"
"page","/service-areas/oregon/central-oregon/cities/","Central Oregon, Oregon Facility Rental Locations","Browse 18 Census-listed locations in Central Oregon, Oregon. Select a linked city for its equipment-specific rental guide, or open the regional guide to plan a facility rental for another listed community. Confirm the exact delivery address and site access with your request.","Explore 18 Census-listed Central Oregon, Oregon locations. Select a linked city for a detailed rental guide, or use the regional guide to plan facilities anywhere in this area.","true","unspecified","true","0","0","false","200","PASS","[]"
"page","/service-areas/oregon/eastern-oregon/cities/","Eastern Oregon, Oregon Facility Rental Locations","Browse 57 Census-listed locations in Eastern Oregon, Oregon. Select a linked city for its equipment-specific rental guide, or open the regional guide to plan a facility rental for another listed community. Confirm the exact delivery address and site access with your request.","Explore 57 Census-listed Eastern Oregon, Oregon locations. Select a linked city for a detailed rental guide, or use the regional guide to plan facilities anywhere in this area.","true","unspecified","true","0","0","false","200","PASS","[]"
"page","/service-areas/pennsylvania/erie-region/cities/","Erie region, Pennsylvania Facility Rental Locations","Browse 72 Census-listed locations in Erie region, Pennsylvania. Select a linked city for its equipment-specific rental guide, or open the regional guide to plan a facility rental for another listed community. Confirm the exact delivery address and site access with your request.","Explore 72 Census-listed Erie region, Pennsylvania locations. Select a linked city for a detailed rental guide, or use the regional guide to plan facilities anywhere in this area.","true","unspecified","true","0","0","false","200","PASS","[]"
"page","/service-areas/pennsylvania/pittsburgh-and-southwest/cities/","Pittsburgh and Southwest, Pennsylvania Facility Rental Locations","Browse 311 Census-listed locations in Pittsburgh and Southwest, Pennsylvania. Select a linked city for its equipment-specific rental guide, or open the regional guide to plan a facility rental for another listed community. Confirm the exact delivery address and site access with your request.","Explore 311 Census-listed Pittsburgh and Southwest, Pennsylvania locations. Select a linked city for a detailed rental guide, or use the regional guide to plan facilities anywhere in this area.","true","unspecified","true","0","0","false","200","PASS","[]"
"page","/service-areas/pennsylvania/pennsylvania-wilds/cities/","Pennsylvania Wilds, Pennsylvania Facility Rental Locations","Browse 173 Census-listed locations in Pennsylvania Wilds, Pennsylvania. Select a linked city for its equipment-specific rental guide, or open the regional guide to plan a facility rental for another listed community. Confirm the exact delivery address and site access with your request.","Explore 173 Census-listed Pennsylvania Wilds, Pennsylvania locations. Select a linked city for a detailed rental guide, or use the regional guide to plan facilities anywhere in this area.","true","unspecified","true","0","0","false","200","PASS","[]"
"page","/service-areas/pennsylvania/central-pennsylvania/cities/","Central Pennsylvania, Pennsylvania Facility Rental Locations","Browse 169 Census-listed locations in Central Pennsylvania, Pennsylvania. Select a linked city for its equipment-specific rental guide, or open the regional guide to plan a facility rental for another listed community. Confirm the exact delivery address and site access with your request.","Explore 169 Census-listed Central Pennsylvania, Pennsylvania locations. Select a linked city for a detailed rental guide, or use the regional guide to plan facilities anywhere in this area.","true","unspecified","true","0","0","false","200","PASS","[]"
"page","/service-areas/pennsylvania/northeast-pennsylvania/cities/","Northeast Pennsylvania, Pennsylvania Facility Rental Locations","Browse 133 Census-listed locations in Northeast Pennsylvania, Pennsylvania. Select a linked city for its equipment-specific rental guide, or open the regional guide to plan a facility rental for another listed community. Confirm the exact delivery address and site access with your request.","Explore 133 Census-listed Northeast Pennsylvania, Pennsylvania locations. Select a linked city for a detailed rental guide, or use the regional guide to plan facilities anywhere in this area.","true","unspecified","true","0","0","false","200","PASS","[]"
"page","/service-areas/pennsylvania/philadelphia-and-southeast/cities/","Philadelphia and Southeast, Pennsylvania Facility Rental Locations","Browse 154 Census-listed locations in Philadelphia and Southeast, Pennsylvania. Select a linked city for its equipment-specific rental guide, or open the regional guide to plan a facility rental for another listed community. Confirm the exact delivery address and site access with your request.","Explore 154 Census-listed Philadelphia and Southeast, Pennsylvania locations. Select a linked city for a detailed rental guide, or use the regional guide to plan facilities anywhere in this area.","true","unspecified","true","0","0","false","200","PASS","[]"
"page","/service-areas/rhode-island/providence-area/cities/","Providence area, Rhode Island Facility Rental Locations","Browse 4 Census-listed locations in Providence area, Rhode Island. Select a linked city for its equipment-specific rental guide, or open the regional guide to plan a facility rental for another listed community. Confirm the exact delivery address and site access with your request.","Explore 4 Census-listed Providence area, Rhode Island locations. Select a linked city for a detailed rental guide, or use the regional guide to plan facilities anywhere in this area.","true","unspecified","true","0","0","false","200","PASS","[]"
"page","/service-areas/rhode-island/blackstone-valley/cities/","Blackstone Valley, Rhode Island Facility Rental Locations","Browse 3 Census-listed locations in Blackstone Valley, Rhode Island. Select a linked city for its equipment-specific rental guide, or open the regional guide to plan a facility rental for another listed community. Confirm the exact delivery address and site access with your request.","Explore 3 Census-listed Blackstone Valley, Rhode Island locations. Select a linked city for a detailed rental guide, or use the regional guide to plan facilities anywhere in this area.","true","unspecified","true","0","0","false","200","PASS","[]"
"page","/service-areas/rhode-island/newport-county/cities/","Newport County, Rhode Island Facility Rental Locations","Browse 1 Census-listed locations in Newport County, Rhode Island. Select a linked city for its equipment-specific rental guide, or open the regional guide to plan a facility rental for another listed community. Confirm the exact delivery address and site access with your request.","Explore 1 Census-listed Newport County, Rhode Island locations. Select a linked city for a detailed rental guide, or use the regional guide to plan facilities anywhere in this area.","true","unspecified","true","0","0","false","200","PASS","[]"
"page","/service-areas/rhode-island/south-county/cities/","South County, Rhode Island Facility Rental Locations","Browse 15 Census-listed locations in South County, Rhode Island. Select a linked city for its equipment-specific rental guide, or open the regional guide to plan a facility rental for another listed community. Confirm the exact delivery address and site access with your request.","Explore 15 Census-listed South County, Rhode Island locations. Select a linked city for a detailed rental guide, or use the regional guide to plan facilities anywhere in this area.","true","unspecified","true","0","0","false","200","PASS","[]"
"page","/service-areas/south-carolina/upstate/cities/","Upstate, South Carolina Facility Rental Locations","Browse 70 Census-listed locations in Upstate, South Carolina. Select a linked city for its equipment-specific rental guide, or open the regional guide to plan a facility rental for another listed community. Confirm the exact delivery address and site access with your request.","Explore 70 Census-listed Upstate, South Carolina locations. Select a linked city for a detailed rental guide, or use the regional guide to plan facilities anywhere in this area.","true","unspecified","true","0","0","false","200","PASS","[]"
"page","/service-areas/south-carolina/midlands/cities/","Midlands, South Carolina Facility Rental Locations","Browse 93 Census-listed locations in Midlands, South Carolina. Select a linked city for its equipment-specific rental guide, or open the regional guide to plan a facility rental for another listed community. Confirm the exact delivery address and site access with your request.","Explore 93 Census-listed Midlands, South Carolina locations. Select a linked city for a detailed rental guide, or use the regional guide to plan facilities anywhere in this area.","true","unspecified","true","0","0","false","200","PASS","[]"
"page","/service-areas/south-carolina/pee-dee/cities/","Pee Dee, South Carolina Facility Rental Locations","Browse 54 Census-listed locations in Pee Dee, South Carolina. Select a linked city for its equipment-specific rental guide, or open the regional guide to plan a facility rental for another listed community. Confirm the exact delivery address and site access with your request.","Explore 54 Census-listed Pee Dee, South Carolina locations. Select a linked city for a detailed rental guide, or use the regional guide to plan facilities anywhere in this area.","true","unspecified","true","0","0","false","200","PASS","[]"
"page","/service-areas/south-carolina/lowcountry/cities/","Lowcountry, South Carolina Facility Rental Locations","Browse 54 Census-listed locations in Lowcountry, South Carolina. Select a linked city for its equipment-specific rental guide, or open the regional guide to plan a facility rental for another listed community. Confirm the exact delivery address and site access with your request.","Explore 54 Census-listed Lowcountry, South Carolina locations. Select a linked city for a detailed rental guide, or use the regional guide to plan facilities anywhere in this area.","true","unspecified","true","0","0","false","200","PASS","[]"
"page","/service-areas/south-dakota/black-hills-and-badlands/cities/","Black Hills and Badlands, South Dakota Facility Rental Locations","Browse 36 Census-listed locations in Black Hills and Badlands, South Dakota. Select a linked city for its equipment-specific rental guide, or open the regional guide to plan a facility rental for another listed community. Confirm the exact delivery address and site access with your request.","Explore 36 Census-listed Black Hills and Badlands, South Dakota locations. Select a linked city for a detailed rental guide, or use the regional guide to plan facilities anywhere in this area.","true","unspecified","true","0","0","false","200","PASS","[]"
"page","/service-areas/south-dakota/central-south-dakota/cities/","Central South Dakota, South Dakota Facility Rental Locations","Browse 61 Census-listed locations in Central South Dakota, South Dakota. Select a linked city for its equipment-specific rental guide, or open the regional guide to plan a facility rental for another listed community. Confirm the exact delivery address and site access with your request.","Explore 61 Census-listed Central South Dakota, South Dakota locations. Select a linked city for a detailed rental guide, or use the regional guide to plan facilities anywhere in this area.","true","unspecified","true","0","0","false","200","PASS","[]"
"page","/service-areas/south-dakota/glacial-lakes-and-prairies/cities/","Glacial Lakes and Prairies, South Dakota Facility Rental Locations","Browse 111 Census-listed locations in Glacial Lakes and Prairies, South Dakota. Select a linked city for its equipment-specific rental guide, or open the regional guide to plan a facility rental for another listed community. Confirm the exact delivery address and site access with your request.","Explore 111 Census-listed Glacial Lakes and Prairies, South Dakota locations. Select a linked city for a detailed rental guide, or use the regional guide to plan facilities anywhere in this area.","true","unspecified","true","0","0","false","200","PASS","[]"
"page","/service-areas/south-dakota/southeast-south-dakota/cities/","Southeast South Dakota, South Dakota Facility Rental Locations","Browse 102 Census-listed locations in Southeast South Dakota, South Dakota. Select a linked city for its equipment-specific rental guide, or open the regional guide to plan a facility rental for another listed community. Confirm the exact delivery address and site access with your request.","Explore 102 Census-listed Southeast South Dakota, South Dakota locations. Select a linked city for a detailed rental guide, or use the regional guide to plan facilities anywhere in this area.","true","unspecified","true","0","0","false","200","PASS","[]"
"page","/service-areas/tennessee/west-tennessee/cities/","West Tennessee, Tennessee Facility Rental Locations","Browse 112 Census-listed locations in West Tennessee, Tennessee. Select a linked city for its equipment-specific rental guide, or open the regional guide to plan a facility rental for another listed community. Confirm the exact delivery address and site access with your request.","Explore 112 Census-listed West Tennessee, Tennessee locations. Select a linked city for a detailed rental guide, or use the regional guide to plan facilities anywhere in this area.","true","unspecified","true","0","0","false","200","PASS","[]"
"page","/service-areas/tennessee/middle-tennessee/cities/","Middle Tennessee, Tennessee Facility Rental Locations","Browse 80 Census-listed locations in Middle Tennessee, Tennessee. Select a linked city for its equipment-specific rental guide, or open the regional guide to plan a facility rental for another listed community. Confirm the exact delivery address and site access with your request.","Explore 80 Census-listed Middle Tennessee, Tennessee locations. Select a linked city for a detailed rental guide, or use the regional guide to plan facilities anywhere in this area.","true","unspecified","true","0","0","false","200","PASS","[]"
"page","/service-areas/tennessee/cumberland-plateau/cities/","Cumberland Plateau, Tennessee Facility Rental Locations","Browse 76 Census-listed locations in Cumberland Plateau, Tennessee. Select a linked city for its equipment-specific rental guide, or open the regional guide to plan a facility rental for another listed community. Confirm the exact delivery address and site access with your request.","Explore 76 Census-listed Cumberland Plateau, Tennessee locations. Select a linked city for a detailed rental guide, or use the regional guide to plan facilities anywhere in this area.","true","unspecified","true","0","0","false","200","PASS","[]"
"page","/service-areas/tennessee/east-tennessee/cities/","East Tennessee, Tennessee Facility Rental Locations","Browse 77 Census-listed locations in East Tennessee, Tennessee. Select a linked city for its equipment-specific rental guide, or open the regional guide to plan a facility rental for another listed community. Confirm the exact delivery address and site access with your request.","Explore 77 Census-listed East Tennessee, Tennessee locations. Select a linked city for a detailed rental guide, or use the regional guide to plan facilities anywhere in this area.","true","unspecified","true","0","0","false","200","PASS","[]"
"page","/service-areas/texas/panhandle/cities/","Panhandle, Texas Facility Rental Locations","Browse 131 Census-listed locations in Panhandle, Texas. Select a linked city for its equipment-specific rental guide, or open the regional guide to plan a facility rental for another listed community. Confirm the exact delivery address and site access with your request.","Explore 131 Census-listed Panhandle, Texas locations. Select a linked city for a detailed rental guide, or use the regional guide to plan facilities anywhere in this area.","true","unspecified","true","0","0","false","200","PASS","[]"
"page","/service-areas/texas/north-texas/cities/","North Texas, Texas Facility Rental Locations","Browse 323 Census-listed locations in North Texas, Texas. Select a linked city for its equipment-specific rental guide, or open the regional guide to plan a facility rental for another listed community. Confirm the exact delivery address and site access with your request.","Explore 323 Census-listed North Texas, Texas locations. Select a linked city for a detailed rental guide, or use the regional guide to plan facilities anywhere in this area.","true","unspecified","true","0","0","false","200","PASS","[]"
"page","/service-areas/texas/east-texas/cities/","East Texas, Texas Facility Rental Locations","Browse 157 Census-listed locations in East Texas, Texas. Select a linked city for its equipment-specific rental guide, or open the regional guide to plan a facility rental for another listed community. Confirm the exact delivery address and site access with your request.","Explore 157 Census-listed East Texas, Texas locations. Select a linked city for a detailed rental guide, or use the regional guide to plan facilities anywhere in this area.","true","unspecified","true","0","0","false","200","PASS","[]"
"page","/service-areas/texas/central-texas/cities/","Central Texas, Texas Facility Rental Locations","Browse 190 Census-listed locations in Central Texas, Texas. Select a linked city for its equipment-specific rental guide, or open the regional guide to plan a facility rental for another listed community. Confirm the exact delivery address and site access with your request.","Explore 190 Census-listed Central Texas, Texas locations. Select a linked city for a detailed rental guide, or use the regional guide to plan facilities anywhere in this area.","true","unspecified","true","0","0","false","200","PASS","[]"
"page","/service-areas/texas/west-texas/cities/","West Texas, Texas Facility Rental Locations","Browse 63 Census-listed locations in West Texas, Texas. Select a linked city for its equipment-specific rental guide, or open the regional guide to plan a facility rental for another listed community. Confirm the exact delivery address and site access with your request.","Explore 63 Census-listed West Texas, Texas locations. Select a linked city for a detailed rental guide, or use the regional guide to plan facilities anywhere in this area.","true","unspecified","true","0","0","false","200","PASS","[]"
"page","/service-areas/texas/gulf-coast/cities/","Gulf Coast, Texas Facility Rental Locations","Browse 259 Census-listed locations in Gulf Coast, Texas. Select a linked city for its equipment-specific rental guide, or open the regional guide to plan a facility rental for another listed community. Confirm the exact delivery address and site access with your request.","Explore 259 Census-listed Gulf Coast, Texas locations. Select a linked city for a detailed rental guide, or use the regional guide to plan facilities anywhere in this area.","true","unspecified","true","0","0","false","200","PASS","[]"
"page","/service-areas/texas/south-texas/cities/","South Texas, Texas Facility Rental Locations","Browse 107 Census-listed locations in South Texas, Texas. Select a linked city for its equipment-specific rental guide, or open the regional guide to plan a facility rental for another listed community. Confirm the exact delivery address and site access with your request.","Explore 107 Census-listed South Texas, Texas locations. Select a linked city for a detailed rental guide, or use the regional guide to plan facilities anywhere in this area.","true","unspecified","true","0","0","false","200","PASS","[]"
"page","/service-areas/utah/northern-utah/cities/","Northern Utah, Utah Facility Rental Locations","Browse 64 Census-listed locations in Northern Utah, Utah. Select a linked city for its equipment-specific rental guide, or open the regional guide to plan a facility rental for another listed community. Confirm the exact delivery address and site access with your request.","Explore 64 Census-listed Northern Utah, Utah locations. Select a linked city for a detailed rental guide, or use the regional guide to plan facilities anywhere in this area.","true","unspecified","true","0","0","false","200","PASS","[]"
"page","/service-areas/utah/wasatch-front/cities/","Wasatch Front, Utah Facility Rental Locations","Browse 79 Census-listed locations in Wasatch Front, Utah. Select a linked city for its equipment-specific rental guide, or open the regional guide to plan a facility rental for another listed community. Confirm the exact delivery address and site access with your request.","Explore 79 Census-listed Wasatch Front, Utah locations. Select a linked city for a detailed rental guide, or use the regional guide to plan facilities anywhere in this area.","true","unspecified","true","0","0","false","200","PASS","[]"
"page","/service-areas/utah/central-utah/cities/","Central Utah, Utah Facility Rental Locations","Browse 71 Census-listed locations in Central Utah, Utah. Select a linked city for its equipment-specific rental guide, or open the regional guide to plan a facility rental for another listed community. Confirm the exact delivery address and site access with your request.","Explore 71 Census-listed Central Utah, Utah locations. Select a linked city for a detailed rental guide, or use the regional guide to plan facilities anywhere in this area.","true","unspecified","true","0","0","false","200","PASS","[]"
"page","/service-areas/utah/southeastern-utah/cities/","Southeastern Utah, Utah Facility Rental Locations","Browse 7 Census-listed locations in Southeastern Utah, Utah. Select a linked city for its equipment-specific rental guide, or open the regional guide to plan a facility rental for another listed community. Confirm the exact delivery address and site access with your request.","Explore 7 Census-listed Southeastern Utah, Utah locations. Select a linked city for a detailed rental guide, or use the regional guide to plan facilities anywhere in this area.","true","unspecified","true","0","0","false","200","PASS","[]"
"page","/service-areas/utah/southwestern-utah/cities/","Southwestern Utah, Utah Facility Rental Locations","Browse 34 Census-listed locations in Southwestern Utah, Utah. Select a linked city for its equipment-specific rental guide, or open the regional guide to plan a facility rental for another listed community. Confirm the exact delivery address and site access with your request.","Explore 34 Census-listed Southwestern Utah, Utah locations. Select a linked city for a detailed rental guide, or use the regional guide to plan facilities anywhere in this area.","true","unspecified","true","0","0","false","200","PASS","[]"
"page","/service-areas/vermont/northeast-kingdom/cities/","Northeast Kingdom, Vermont Facility Rental Locations","Browse 10 Census-listed locations in Northeast Kingdom, Vermont. Select a linked city for its equipment-specific rental guide, or open the regional guide to plan a facility rental for another listed community. Confirm the exact delivery address and site access with your request.","Explore 10 Census-listed Northeast Kingdom, Vermont locations. Select a linked city for a detailed rental guide, or use the regional guide to plan facilities anywhere in this area.","true","unspecified","true","0","0","false","200","PASS","[]"
"page","/service-areas/vermont/champlain-valley/cities/","Champlain Valley, Vermont Facility Rental Locations","Browse 11 Census-listed locations in Champlain Valley, Vermont. Select a linked city for its equipment-specific rental guide, or open the regional guide to plan a facility rental for another listed community. Confirm the exact delivery address and site access with your request.","Explore 11 Census-listed Champlain Valley, Vermont locations. Select a linked city for a detailed rental guide, or use the regional guide to plan facilities anywhere in this area.","true","unspecified","true","0","0","false","200","PASS","[]"
"page","/service-areas/vermont/central-vermont/cities/","Central Vermont, Vermont Facility Rental Locations","Browse 11 Census-listed locations in Central Vermont, Vermont. Select a linked city for its equipment-specific rental guide, or open the regional guide to plan a facility rental for another listed community. Confirm the exact delivery address and site access with your request.","Explore 11 Census-listed Central Vermont, Vermont locations. Select a linked city for a detailed rental guide, or use the regional guide to plan facilities anywhere in this area.","true","unspecified","true","0","0","false","200","PASS","[]"
"page","/service-areas/vermont/southern-vermont/cities/","Southern Vermont, Vermont Facility Rental Locations","Browse 8 Census-listed locations in Southern Vermont, Vermont. Select a linked city for its equipment-specific rental guide, or open the regional guide to plan a facility rental for another listed community. Confirm the exact delivery address and site access with your request.","Explore 8 Census-listed Southern Vermont, Vermont locations. Select a linked city for a detailed rental guide, or use the regional guide to plan facilities anywhere in this area.","true","unspecified","true","0","0","false","200","PASS","[]"
"page","/service-areas/virginia/northern-virginia/cities/","Northern Virginia, Virginia Facility Rental Locations","Browse 20 Census-listed locations in Northern Virginia, Virginia. Select a linked city for its equipment-specific rental guide, or open the regional guide to plan a facility rental for another listed community. Confirm the exact delivery address and site access with your request.","Explore 20 Census-listed Northern Virginia, Virginia locations. Select a linked city for a detailed rental guide, or use the regional guide to plan facilities anywhere in this area.","true","unspecified","true","0","0","false","200","PASS","[]"
"page","/service-areas/virginia/shenandoah-valley/cities/","Shenandoah Valley, Virginia Facility Rental Locations","Browse 32 Census-listed locations in Shenandoah Valley, Virginia. Select a linked city for its equipment-specific rental guide, or open the regional guide to plan a facility rental for another listed community. Confirm the exact delivery address and site access with your request.","Explore 32 Census-listed Shenandoah Valley, Virginia locations. Select a linked city for a detailed rental guide, or use the regional guide to plan facilities anywhere in this area.","true","unspecified","true","0","0","false","200","PASS","[]"
"page","/service-areas/virginia/central-virginia/cities/","Central Virginia, Virginia Facility Rental Locations","Browse 45 Census-listed locations in Central Virginia, Virginia. Select a linked city for its equipment-specific rental guide, or open the regional guide to plan a facility rental for another listed community. Confirm the exact delivery address and site access with your request.","Explore 45 Census-listed Central Virginia, Virginia locations. Select a linked city for a detailed rental guide, or use the regional guide to plan facilities anywhere in this area.","true","unspecified","true","0","0","false","200","PASS","[]"
"page","/service-areas/virginia/hampton-roads/cities/","Hampton Roads, Virginia Facility Rental Locations","Browse 25 Census-listed locations in Hampton Roads, Virginia. Select a linked city for its equipment-specific rental guide, or open the regional guide to plan a facility rental for another listed community. Confirm the exact delivery address and site access with your request.","Explore 25 Census-listed Hampton Roads, Virginia locations. Select a linked city for a detailed rental guide, or use the regional guide to plan facilities anywhere in this area.","true","unspecified","true","0","0","false","200","PASS","[]"
"page","/service-areas/virginia/eastern-shore/cities/","Eastern Shore, Virginia Facility Rental Locations","Browse 21 Census-listed locations in Eastern Shore, Virginia. Select a linked city for its equipment-specific rental guide, or open the regional guide to plan a facility rental for another listed community. Confirm the exact delivery address and site access with your request.","Explore 21 Census-listed Eastern Shore, Virginia locations. Select a linked city for a detailed rental guide, or use the regional guide to plan facilities anywhere in this area.","true","unspecified","true","0","0","false","200","PASS","[]"
"page","/service-areas/virginia/southwest-virginia/cities/","Southwest Virginia, Virginia Facility Rental Locations","Browse 84 Census-listed locations in Southwest Virginia, Virginia. Select a linked city for its equipment-specific rental guide, or open the regional guide to plan a facility rental for another listed community. Confirm the exact delivery address and site access with your request.","Explore 84 Census-listed Southwest Virginia, Virginia locations. Select a linked city for a detailed rental guide, or use the regional guide to plan facilities anywhere in this area.","true","unspecified","true","0","0","false","200","PASS","[]"
"page","/service-areas/washington/olympic-peninsula/cities/","Olympic Peninsula, Washington Facility Rental Locations","Browse 17 Census-listed locations in Olympic Peninsula, Washington. Select a linked city for its equipment-specific rental guide, or open the regional guide to plan a facility rental for another listed community. Confirm the exact delivery address and site access with your request.","Explore 17 Census-listed Olympic Peninsula, Washington locations. Select a linked city for a detailed rental guide, or use the regional guide to plan facilities anywhere in this area.","true","unspecified","true","0","0","false","200","PASS","[]"
"page","/service-areas/washington/puget-sound/cities/","Puget Sound, Washington Facility Rental Locations","Browse 84 Census-listed locations in Puget Sound, Washington. Select a linked city for its equipment-specific rental guide, or open the regional guide to plan a facility rental for another listed community. Confirm the exact delivery address and site access with your request.","Explore 84 Census-listed Puget Sound, Washington locations. Select a linked city for a detailed rental guide, or use the regional guide to plan facilities anywhere in this area.","true","unspecified","true","0","0","false","200","PASS","[]"
"page","/service-areas/washington/north-cascades/cities/","North Cascades, Washington Facility Rental Locations","Browse 46 Census-listed locations in North Cascades, Washington. Select a linked city for its equipment-specific rental guide, or open the regional guide to plan a facility rental for another listed community. Confirm the exact delivery address and site access with your request.","Explore 46 Census-listed North Cascades, Washington locations. Select a linked city for a detailed rental guide, or use the regional guide to plan facilities anywhere in this area.","true","unspecified","true","0","0","false","200","PASS","[]"
"page","/service-areas/washington/central-washington/cities/","Central Washington, Washington Facility Rental Locations","Browse 33 Census-listed locations in Central Washington, Washington. Select a linked city for its equipment-specific rental guide, or open the regional guide to plan a facility rental for another listed community. Confirm the exact delivery address and site access with your request.","Explore 33 Census-listed Central Washington, Washington locations. Select a linked city for a detailed rental guide, or use the regional guide to plan facilities anywhere in this area.","true","unspecified","true","0","0","false","200","PASS","[]"
"page","/service-areas/washington/eastern-washington/cities/","Eastern Washington, Washington Facility Rental Locations","Browse 69 Census-listed locations in Eastern Washington, Washington. Select a linked city for its equipment-specific rental guide, or open the regional guide to plan a facility rental for another listed community. Confirm the exact delivery address and site access with your request.","Explore 69 Census-listed Eastern Washington, Washington locations. Select a linked city for a detailed rental guide, or use the regional guide to plan facilities anywhere in this area.","true","unspecified","true","0","0","false","200","PASS","[]"
"page","/service-areas/washington/southwest-washington/cities/","Southwest Washington, Washington Facility Rental Locations","Browse 32 Census-listed locations in Southwest Washington, Washington. Select a linked city for its equipment-specific rental guide, or open the regional guide to plan a facility rental for another listed community. Confirm the exact delivery address and site access with your request.","Explore 32 Census-listed Southwest Washington, Washington locations. Select a linked city for a detailed rental guide, or use the regional guide to plan facilities anywhere in this area.","true","unspecified","true","0","0","false","200","PASS","[]"
"page","/service-areas/west-virginia/northern-panhandle/cities/","Northern Panhandle, West Virginia Facility Rental Locations","Browse 28 Census-listed locations in Northern Panhandle, West Virginia. Select a linked city for its equipment-specific rental guide, or open the regional guide to plan a facility rental for another listed community. Confirm the exact delivery address and site access with your request.","Explore 28 Census-listed Northern Panhandle, West Virginia locations. Select a linked city for a detailed rental guide, or use the regional guide to plan facilities anywhere in this area.","true","unspecified","true","0","0","false","200","PASS","[]"
"page","/service-areas/west-virginia/mountaineer-country/cities/","Mountaineer Country, West Virginia Facility Rental Locations","Browse 72 Census-listed locations in Mountaineer Country, West Virginia. Select a linked city for its equipment-specific rental guide, or open the regional guide to plan a facility rental for another listed community. Confirm the exact delivery address and site access with your request.","Explore 72 Census-listed Mountaineer Country, West Virginia locations. Select a linked city for a detailed rental guide, or use the regional guide to plan facilities anywhere in this area.","true","unspecified","true","0","0","false","200","PASS","[]"
"page","/service-areas/west-virginia/eastern-panhandle/cities/","Eastern Panhandle, West Virginia Facility Rental Locations","Browse 15 Census-listed locations in Eastern Panhandle, West Virginia. Select a linked city for its equipment-specific rental guide, or open the regional guide to plan a facility rental for another listed community. Confirm the exact delivery address and site access with your request.","Explore 15 Census-listed Eastern Panhandle, West Virginia locations. Select a linked city for a detailed rental guide, or use the regional guide to plan facilities anywhere in this area.","true","unspecified","true","0","0","false","200","PASS","[]"
"page","/service-areas/west-virginia/metro-valley/cities/","Metro Valley, West Virginia Facility Rental Locations","Browse 53 Census-listed locations in Metro Valley, West Virginia. Select a linked city for its equipment-specific rental guide, or open the regional guide to plan a facility rental for another listed community. Confirm the exact delivery address and site access with your request.","Explore 53 Census-listed Metro Valley, West Virginia locations. Select a linked city for a detailed rental guide, or use the regional guide to plan facilities anywhere in this area.","true","unspecified","true","0","0","false","200","PASS","[]"
"page","/service-areas/west-virginia/new-river-greenbrier-valley/cities/","New River Greenbrier Valley, West Virginia Facility Rental Locations","Browse 32 Census-listed locations in New River Greenbrier Valley, West Virginia. Select a linked city for its equipment-specific rental guide, or open the regional guide to plan a facility rental for another listed community. Confirm the exact delivery address and site access with your request.","Explore 32 Census-listed New River Greenbrier Valley, West Virginia locations. Select a linked city for a detailed rental guide, or use the regional guide to plan facilities anywhere in this area.","true","unspecified","true","0","0","false","200","PASS","[]"
"page","/service-areas/west-virginia/southern-coalfields/cities/","Southern Coalfields, West Virginia Facility Rental Locations","Browse 29 Census-listed locations in Southern Coalfields, West Virginia. Select a linked city for its equipment-specific rental guide, or open the regional guide to plan a facility rental for another listed community. Confirm the exact delivery address and site access with your request.","Explore 29 Census-listed Southern Coalfields, West Virginia locations. Select a linked city for a detailed rental guide, or use the regional guide to plan facilities anywhere in this area.","true","unspecified","true","0","0","false","200","PASS","[]"
"page","/service-areas/wisconsin/northwoods/cities/","Northwoods, Wisconsin Facility Rental Locations","Browse 13 Census-listed locations in Northwoods, Wisconsin. Select a linked city for its equipment-specific rental guide, or open the regional guide to plan a facility rental for another listed community. Confirm the exact delivery address and site access with your request.","Explore 13 Census-listed Northwoods, Wisconsin locations. Select a linked city for a detailed rental guide, or use the regional guide to plan facilities anywhere in this area.","true","unspecified","true","0","0","false","200","PASS","[]"
"page","/service-areas/wisconsin/lake-superior-region/cities/","Lake Superior region, Wisconsin Facility Rental Locations","Browse 50 Census-listed locations in Lake Superior region, Wisconsin. Select a linked city for its equipment-specific rental guide, or open the regional guide to plan a facility rental for another listed community. Confirm the exact delivery address and site access with your request.","Explore 50 Census-listed Lake Superior region, Wisconsin locations. Select a linked city for a detailed rental guide, or use the regional guide to plan facilities anywhere in this area.","true","unspecified","true","0","0","false","200","PASS","[]"
"page","/service-areas/wisconsin/central-wisconsin/cities/","Central Wisconsin, Wisconsin Facility Rental Locations","Browse 96 Census-listed locations in Central Wisconsin, Wisconsin. Select a linked city for its equipment-specific rental guide, or open the regional guide to plan a facility rental for another listed community. Confirm the exact delivery address and site access with your request.","Explore 96 Census-listed Central Wisconsin, Wisconsin locations. Select a linked city for a detailed rental guide, or use the regional guide to plan facilities anywhere in this area.","true","unspecified","true","0","0","false","200","PASS","[]"
"page","/service-areas/wisconsin/fox-valley/cities/","Fox Valley, Wisconsin Facility Rental Locations","Browse 93 Census-listed locations in Fox Valley, Wisconsin. Select a linked city for its equipment-specific rental guide, or open the regional guide to plan a facility rental for another listed community. Confirm the exact delivery address and site access with your request.","Explore 93 Census-listed Fox Valley, Wisconsin locations. Select a linked city for a detailed rental guide, or use the regional guide to plan facilities anywhere in this area.","true","unspecified","true","0","0","false","200","PASS","[]"
"page","/service-areas/wisconsin/madison-area/cities/","Madison area, Wisconsin Facility Rental Locations","Browse 121 Census-listed locations in Madison area, Wisconsin. Select a linked city for its equipment-specific rental guide, or open the regional guide to plan a facility rental for another listed community. Confirm the exact delivery address and site access with your request.","Explore 121 Census-listed Madison area, Wisconsin locations. Select a linked city for a detailed rental guide, or use the regional guide to plan facilities anywhere in this area.","true","unspecified","true","0","0","false","200","PASS","[]"
"page","/service-areas/wisconsin/milwaukee-and-southeast/cities/","Milwaukee and Southeast, Wisconsin Facility Rental Locations","Browse 109 Census-listed locations in Milwaukee and Southeast, Wisconsin. Select a linked city for its equipment-specific rental guide, or open the regional guide to plan a facility rental for another listed community. Confirm the exact delivery address and site access with your request.","Explore 109 Census-listed Milwaukee and Southeast, Wisconsin locations. Select a linked city for a detailed rental guide, or use the regional guide to plan facilities anywhere in this area.","true","unspecified","true","0","0","false","200","PASS","[]"
"page","/service-areas/wisconsin/driftless-area/cities/","Driftless Area, Wisconsin Facility Rental Locations","Browse 126 Census-listed locations in Driftless Area, Wisconsin. Select a linked city for its equipment-specific rental guide, or open the regional guide to plan a facility rental for another listed community. Confirm the exact delivery address and site access with your request.","Explore 126 Census-listed Driftless Area, Wisconsin locations. Select a linked city for a detailed rental guide, or use the regional guide to plan facilities anywhere in this area.","true","unspecified","true","0","0","false","200","PASS","[]"
"page","/service-areas/wyoming/northwest-wyoming/cities/","Northwest Wyoming, Wyoming Facility Rental Locations","Browse 22 Census-listed locations in Northwest Wyoming, Wyoming. Select a linked city for its equipment-specific rental guide, or open the regional guide to plan a facility rental for another listed community. Confirm the exact delivery address and site access with your request.","Explore 22 Census-listed Northwest Wyoming, Wyoming locations. Select a linked city for a detailed rental guide, or use the regional guide to plan facilities anywhere in this area.","true","unspecified","true","0","0","false","200","PASS","[]"
"page","/service-areas/wyoming/northeast-wyoming/cities/","Northeast Wyoming, Wyoming Facility Rental Locations","Browse 14 Census-listed locations in Northeast Wyoming, Wyoming. Select a linked city for its equipment-specific rental guide, or open the regional guide to plan a facility rental for another listed community. Confirm the exact delivery address and site access with your request.","Explore 14 Census-listed Northeast Wyoming, Wyoming locations. Select a linked city for a detailed rental guide, or use the regional guide to plan facilities anywhere in this area.","true","unspecified","true","0","0","false","200","PASS","[]"
"page","/service-areas/wyoming/central-wyoming/cities/","Central Wyoming, Wyoming Facility Rental Locations","Browse 26 Census-listed locations in Central Wyoming, Wyoming. Select a linked city for its equipment-specific rental guide, or open the regional guide to plan a facility rental for another listed community. Confirm the exact delivery address and site access with your request.","Explore 26 Census-listed Central Wyoming, Wyoming locations. Select a linked city for a detailed rental guide, or use the regional guide to plan facilities anywhere in this area.","true","unspecified","true","0","0","false","200","PASS","[]"
"page","/service-areas/wyoming/southwest-wyoming/cities/","Southwest Wyoming, Wyoming Facility Rental Locations","Browse 16 Census-listed locations in Southwest Wyoming, Wyoming. Select a linked city for its equipment-specific rental guide, or open the regional guide to plan a facility rental for another listed community. Confirm the exact delivery address and site access with your request.","Explore 16 Census-listed Southwest Wyoming, Wyoming locations. Select a linked city for a detailed rental guide, or use the regional guide to plan facilities anywhere in this area.","true","unspecified","true","0","0","false","200","PASS","[]"
"page","/service-areas/wyoming/southeast-wyoming/cities/","Southeast Wyoming, Wyoming Facility Rental Locations","Browse 21 Census-listed locations in Southeast Wyoming, Wyoming. Select a linked city for its equipment-specific rental guide, or open the regional guide to plan a facility rental for another listed community. Confirm the exact delivery address and site access with your request.","Explore 21 Census-listed Southeast Wyoming, Wyoming locations. Select a linked city for a detailed rental guide, or use the regional guide to plan facilities anywhere in this area.","true","unspecified","true","0","0","false","200","PASS","[]"
"page","/service-areas/washington/olympic-peninsula/port-angeles/","Port Angeles, Washington Industrial Basecamp Commercial Kitchen Trailer Rental","Arrange commercial kitchen trailer rental in Port Angeles, Washington for industrial basecamps. Plan cooking and preparation space around your menu, meal volume and service schedule. Confirm the cooking line, power, potable water, drainage and trailer access.","Temporary123 supports commercial and institutional base camps in Port Angeles with mobile kitchen trailer rentals for industrial projects, military operations, hospital or nursing-home renovations, hospitality facilities, correctional facilities and emergency-response sites. Final equipment and delivery planning depend on the operating period, crew size, utility connections and exact installation address.","true","mobile-kitchen","false","1","5","false","200","FAIL","[""Head metadata changed""]"
"page","/service-areas/washington/olympic-peninsula/sequim/","Sequim, Washington Remote Operations Man Camp Temporary Facilities Rental","Plan man-camp temporary facilities in Sequim, Washington for remote operations. Compare the separately labelled office/sleeper/shower-restroom trailer, 38 ft all-electric kitchen reference and shower-only trailer. Coordinate accommodation, food preparation, hygiene, utilities and delivery while confirming each product's actual layout.","Sequim sits on the northern Olympic Peninsula, with city and surrounding sites that can have different access and utility arrangements. A rental discussion can cover temporary food service, shower and restroom capacity, and sleeper trailers for a renovation, work camp or emergency base camp without assuming that every property has the same setup space.","true","unspecified","false","3","8","false","200","FAIL","[""Head metadata changed""]"
"page","/service-areas/washington/puget-sound/olympia/","Olympia, Washington Institutional Facility Shower and Restroom Combination Trailer For Rent","Arrange shower and restroom combination trailer rental in Olympia, Washington for institutional operations. Plan shower and toilet access together, with privacy, stall layout, water heating and wastewater servicing. Match the required combination configuration to its identified equipment reference.","An Olympia project can range from an occupied campus or government property to a separate work compound. Temporary123 can discuss kitchens, shower and restroom trailers, and sleeper accommodation for construction, renovation or emergency planning when the project team defines the site boundary and who must keep using it.","true","shower-restroom-combination","false","1","5","false","200","FAIL","[""Head metadata changed""]"
"page","/service-areas/washington/puget-sound/seattle/","Seattle, Washington Construction Project Kitchen Emergency Trailer Rental","Arrange commercial kitchen trailer rental in Seattle, Washington for construction projects. Plan cooking and preparation space around your menu, meal volume and service schedule. Confirm the cooking line, power, potable water, drainage and trailer access.","Seattle rental planning often turns on the last part of the delivery route and the amount of room available on an active property. Temporary123 can discuss a mobile commercial kitchen, showers, combination restrooms and sleeper support for a renovation, construction crew or base camp once site access and occupancy are specified.","true","mobile-kitchen","false","1","5","false","200","FAIL","[""Head metadata changed""]"
"page","/service-areas/washington/puget-sound/tacoma/","Tacoma, Washington Workforce Housing Sleeper Bunk-Bed Facility Leasing","Arrange sleeper and bunk-bed facilities leasing in Tacoma, Washington for crews working away from home. Plan sleeping space around occupancy, shifts, privacy and ventilation. Bunk-room photos are references; confirm the available layout, trailer dimensions and delivery access.","Tacoma combines residential, institutional and industrial work areas, so a temporary facility plan should start with the specific site rather than the city name alone. For a crew base camp or occupied-facility renovation, Temporary123 can review kitchen, shower, restroom and sleeper trailer rental options alongside servicing needs.","true","sleeper-trailer","false","1","2","false","200","FAIL","[""Head metadata changed""]"
"page","/service-areas/alabama/","Alabama Emergency Basecamp Shower Trailer Rental","Arrange shower-only trailer rental in Alabama for emergency basecamps. Plan private washing facilities around peak use, hot-water supply, water connections, wastewater and servicing access. The gallery identifies its reference unit; confirm the actual available shower-only layout.","For Alabama projects, plan shower access, water supply, drainage and private changing space for the workforce.","true","shower-trailer","false","1","6","false","200","FAIL","[""Head metadata changed""]"
"page","/service-areas/alaska/","Alaska Accessible Commercial Site ADA Shower and Restroom Combination Trailer Leasing","Arrange ADA shower and restroom combination leasing in Alaska for commercial sites with accessibility requirements. Review accessible washing and toilet facilities, the access route, ramp and room layout. The catalogue reference does not show the accessible room or ramp; confirm those features and the actual configuration before booking.","For Alaska projects, review accessible approaches, shower and restroom circulation, utilities and servicing before selecting a unit. An Alaska rental enquiry should identify the community and the final delivery route before equipment is selected.","true","ada-combination","false","1","1","false","200","FAIL","[""Head metadata changed""]"
"page","/service-areas/arizona/","Arizona Institutional Facility Shower and Restroom Combination Trailer For Rent","Arrange shower and restroom combination trailer rental in Arizona for institutional operations. Plan shower and toilet access together, with privacy, stall layout, water heating and wastewater servicing. Match the required combination configuration to its identified equipment reference.","For Arizona projects, plan both shower and restroom access, utilities and servicing for the same site.","true","shower-restroom-combination","false","1","5","false","200","FAIL","[""Head metadata changed""]"
"page","/service-areas/arkansas/","Arkansas Commercial Food Service Commercial Kitchen Modular Building For Rent","Arrange commercial kitchen modular building rental in Arkansas for your operation. Plan the cooking and preparation building around the menu, workflow, installation footprint and utilities. Confirm the modular layout; kitchen-trailer photographs are not a substitute for building imagery.","For Arkansas projects, plan commercial food preparation, service flow, utilities and access for a modular kitchen. An Arkansas project outside a town center may depend on a private access road rather than the main highway.","true","kitchen-modular","false","0","0","true","200","FAIL","[""Head metadata changed""]"
"page","/service-areas/california/","California Institutional Facility Shower and Restroom Combination Trailer For Rent","Arrange shower and restroom combination trailer rental in California for institutional operations. Plan shower and toilet access together, with privacy, stall layout, water heating and wastewater servicing. Match the required combination configuration to its identified equipment reference.","For California projects, plan both shower and restroom access, utilities and servicing for the same site. For a California renovation on an occupied property, show the available footprint alongside pedestrian routes, deliveries and emergency access.","true","shower-restroom-combination","false","1","5","false","200","FAIL","[""Head metadata changed""]"
"page","/service-areas/colorado/","Colorado Construction Project Kitchen Emergency Trailer Rental","Arrange commercial kitchen trailer rental in Colorado for construction projects. Plan cooking and preparation space around your menu, meal volume and service schedule. Confirm the cooking line, power, potable water, drainage and trailer access.","For Colorado projects, plan an emergency food-service layout with safe cooking, preparation and supply routes. A Colorado site brief should distinguish an urban property from a mountain location.","true","mobile-kitchen","false","1","5","false","200","FAIL","[""Head metadata changed""]"
"page","/service-areas/connecticut/","Connecticut Construction Project Kitchen Emergency Trailer Rental","Arrange commercial kitchen trailer rental in Connecticut for construction projects. Plan cooking and preparation space around your menu, meal volume and service schedule. Confirm the cooking line, power, potable water, drainage and trailer access.","For Connecticut projects, plan an emergency food-service layout with safe cooking, preparation and supply routes.","true","mobile-kitchen","false","1","5","false","200","FAIL","[""Head metadata changed""]"
"page","/service-areas/delaware/","Delaware Accessible Commercial Site ADA Shower and Restroom Combination Trailer Leasing","Arrange ADA shower and restroom combination leasing in Delaware for commercial sites with accessibility requirements. Review accessible washing and toilet facilities, the access route, ramp and room layout. The catalogue reference does not show the accessible room or ramp; confirm those features and the actual configuration before booking.","For Delaware projects, review accessible approaches, shower and restroom circulation, utilities and servicing before selecting a unit.","true","ada-combination","false","1","1","false","200","FAIL","[""Head metadata changed""]"
"page","/service-areas/florida/","Florida Workforce Housing Sleeper Bunk-Bed Facility Leasing","Arrange sleeper and bunk-bed facilities leasing in Florida for crews working away from home. Plan sleeping space around occupancy, shifts, privacy and ventilation. Bunk-room photos are references; confirm the available layout, trailer dimensions and delivery access.","For Florida projects, plan workforce sleeping capacity, privacy, access and supporting facilities for a temporary bunk-bed site. A Florida temporary facility plan should include a site-specific weather contingency as well as the normal operating layout.","true","sleeper-trailer","false","1","2","false","200","FAIL","[""Head metadata changed""]"
"page","/service-areas/georgia/","Georgia Remote Operations Man Camp Temporary Facilities Rental","Plan man-camp temporary facilities in Georgia for remote operations. Compare the separately labelled office/sleeper/shower-restroom trailer, 38 ft all-electric kitchen reference and shower-only trailer. Coordinate accommodation, food preparation, hygiene, utilities and delivery while confirming each product's actual layout.","For Georgia projects, plan the full workforce-camp layout, including sleeping, food service, hygiene and site utilities.","true","unspecified","false","3","8","false","200","FAIL","[""Head metadata changed""]"
"page","/service-areas/hawaii/","Hawaii Accessible Commercial Site ADA Shower and Restroom Combination Trailer Leasing","Arrange ADA shower and restroom combination leasing in Hawaii for commercial sites with accessibility requirements. Review accessible washing and toilet facilities, the access route, ramp and room layout. The catalogue reference does not show the accessible room or ramp; confirm those features and the actual configuration before booking.","For Hawaii projects, review accessible approaches, shower and restroom circulation, utilities and servicing before selecting a unit. A Hawaii enquiry needs the island and site address before delivery options can be assessed.","true","ada-combination","false","1","1","false","200","FAIL","[""Head metadata changed""]"
"page","/service-areas/idaho/","Idaho Workforce Housing Sleeper Bunk-Bed Facility Leasing","Arrange sleeper and bunk-bed facilities leasing in Idaho for crews working away from home. Plan sleeping space around occupancy, shifts, privacy and ventilation. Bunk-room photos are references; confirm the available layout, trailer dimensions and delivery access.","For Idaho projects, plan workforce sleeping capacity, privacy, access and supporting facilities for a temporary bunk-bed site.","true","sleeper-trailer","false","1","2","false","200","FAIL","[""Head metadata changed""]"
"page","/service-areas/illinois/","Illinois Accessible Commercial Site ADA Shower and Restroom Combination Trailer Leasing","Arrange ADA shower and restroom combination leasing in Illinois for commercial sites with accessibility requirements. Review accessible washing and toilet facilities, the access route, ramp and room layout. The catalogue reference does not show the accessible room or ramp; confirm those features and the actual configuration before booking.","For Illinois projects, review accessible approaches, shower and restroom circulation, utilities and servicing before selecting a unit. For an Illinois urban property, review the delivery approach and the working area separately.","true","ada-combination","false","1","1","false","200","FAIL","[""Head metadata changed""]"
"page","/service-areas/indiana/","Indiana Workforce Camp Laundry Temporary Facilities Long-Term Rental","Arrange temporary laundry facilities long-term rental in Indiana for workforce camps. Compare the separately labelled 30 ft laundry trailer and 20 ft laundry container interiors. Match washing and drying requirements to crew size, laundry volume, utilities and the appropriate delivery method.","For Indiana projects, plan laundry capacity, water, drainage, power and collection routes around crew demand. For an Indiana facility shutdown, build the rental schedule around commissioning and handover as well as the construction dates.","true","laundry-unspecified","false","2","4","false","200","FAIL","[""Head metadata changed""]"
"page","/service-areas/iowa/","Iowa Remote Operations Man Camp Temporary Facilities Rental","Plan man-camp temporary facilities in Iowa for remote operations. Compare the separately labelled office/sleeper/shower-restroom trailer, 38 ft all-electric kitchen reference and shower-only trailer. Coordinate accommodation, food preparation, hygiene, utilities and delivery while confirming each product's actual layout.","For Iowa projects, plan the full workforce-camp layout, including sleeping, food service, hygiene and site utilities. An Iowa seasonal or phased project may have different staffing levels during setup, peak work and demobilization.","true","unspecified","false","3","8","false","200","FAIL","[""Head metadata changed""]"
"page","/service-areas/kansas/","Kansas Construction Project Kitchen Emergency Trailer Rental","Arrange commercial kitchen trailer rental in Kansas for construction projects. Plan cooking and preparation space around your menu, meal volume and service schedule. Confirm the cooking line, power, potable water, drainage and trailer access.","For Kansas projects, plan an emergency food-service layout with safe cooking, preparation and supply routes. For a Kansas open-site operation, discuss the proposed equipment positions and site conditions with the installation team.","true","mobile-kitchen","false","1","5","false","200","FAIL","[""Head metadata changed""]"
"page","/service-areas/kentucky/","Kentucky Workforce Camp Laundry Temporary Facilities Long-Term Rental","Arrange temporary laundry facilities long-term rental in Kentucky for workforce camps. Compare the separately labelled 30 ft laundry trailer and 20 ft laundry container interiors. Match washing and drying requirements to crew size, laundry volume, utilities and the appropriate delivery method.","For Kentucky projects, plan laundry capacity, water, drainage, power and collection routes around crew demand. For a Kentucky renovation or event, work backward from the serving point to preparation, storage and washing.","true","laundry-unspecified","false","2","4","false","200","FAIL","[""Head metadata changed""]"
"page","/service-areas/louisiana/","Louisiana Emergency Basecamp Shower Trailer Rental","Arrange shower-only trailer rental in Louisiana for emergency basecamps. Plan private washing facilities around peak use, hot-water supply, water connections, wastewater and servicing access. The gallery identifies its reference unit; confirm the actual available shower-only layout.","For Louisiana projects, plan shower access, water supply, drainage and private changing space for the workforce. For a Louisiana site, identify a suitable setup surface and discuss drainage and access conditions with the property team.","true","shower-trailer","false","1","6","false","200","FAIL","[""Head metadata changed""]"
"page","/service-areas/maine/","Maine Commercial Food Service Commercial Kitchen Modular Building For Rent","Arrange commercial kitchen modular building rental in Maine for your operation. Plan the cooking and preparation building around the menu, workflow, installation footprint and utilities. Confirm the modular layout; kitchen-trailer photographs are not a substitute for building imagery.","For Maine projects, plan commercial food preparation, service flow, utilities and access for a modular kitchen. A Maine rental extending across seasons should include operating dates and access arrangements for the whole stay.","true","kitchen-modular","false","0","0","true","200","FAIL","[""Head metadata changed""]"
"page","/service-areas/maryland/","Maryland Commercial Food Service Commercial Kitchen Modular Building For Rent","Arrange commercial kitchen modular building rental in Maryland for your operation. Plan the cooking and preparation building around the menu, workflow, installation footprint and utilities. Confirm the modular layout; kitchen-trailer photographs are not a substitute for building imagery.","For Maryland projects, plan commercial food preparation, service flow, utilities and access for a modular kitchen. For a Maryland institutional or secured property, include vehicle entry procedures and a named receiving contact in the brief.","true","kitchen-modular","false","0","0","true","200","FAIL","[""Head metadata changed""]"
"page","/service-areas/massachusetts/","Massachusetts Remote Operations Man Camp Temporary Facilities Rental","Plan man-camp temporary facilities in Massachusetts for remote operations. Compare the separately labelled office/sleeper/shower-restroom trailer, 38 ft all-electric kitchen reference and shower-only trailer. Coordinate accommodation, food preparation, hygiene, utilities and delivery while confirming each product's actual layout.","For Massachusetts projects, plan the full workforce-camp layout, including sleeping, food service, hygiene and site utilities. For a Massachusetts renovation with a constrained yard or loading area, provide measured access and photographs before selecting equipment.","true","unspecified","false","3","8","false","200","FAIL","[""Head metadata changed""]"
"page","/service-areas/michigan/","Michigan Workforce Camp Laundry Temporary Facilities Long-Term Rental","Arrange temporary laundry facilities long-term rental in Michigan for workforce camps. Compare the separately labelled 30 ft laundry trailer and 20 ft laundry container interiors. Match washing and drying requirements to crew size, laundry volume, utilities and the appropriate delivery method.","For Michigan projects, plan laundry capacity, water, drainage, power and collection routes around crew demand. A Michigan enquiry should name the peninsula, city and exact property location.","true","laundry-unspecified","false","2","4","false","200","FAIL","[""Head metadata changed""]"
"page","/service-areas/minnesota/","Minnesota Workforce Camp Laundry Temporary Facilities Long-Term Rental","Arrange temporary laundry facilities long-term rental in Minnesota for workforce camps. Compare the separately labelled 30 ft laundry trailer and 20 ft laundry container interiors. Match washing and drying requirements to crew size, laundry volume, utilities and the appropriate delivery method.","For Minnesota projects, plan laundry capacity, water, drainage, power and collection routes around crew demand. For a Minnesota rental that continues into colder months, discuss connection protection and servicing arrangements with the equipment team.","true","laundry-unspecified","false","2","4","false","200","FAIL","[""Head metadata changed""]"
"page","/service-areas/mississippi/","Mississippi Workforce Housing Sleeper Bunk-Bed Facility Leasing","Arrange sleeper and bunk-bed facilities leasing in Mississippi for crews working away from home. Plan sleeping space around occupancy, shifts, privacy and ventilation. Bunk-room photos are references; confirm the available layout, trailer dimensions and delivery access.","For Mississippi projects, plan workforce sleeping capacity, privacy, access and supporting facilities for a temporary bunk-bed site.","true","sleeper-trailer","false","1","2","false","200","FAIL","[""Head metadata changed""]"
"page","/service-areas/missouri/","Missouri Emergency Basecamp Shower Trailer Rental","Arrange shower-only trailer rental in Missouri for emergency basecamps. Plan private washing facilities around peak use, hot-water supply, water connections, wastewater and servicing access. The gallery identifies its reference unit; confirm the actual available shower-only layout.","For Missouri projects, plan shower access, water supply, drainage and private changing space for the workforce. For a Missouri project with several construction stages, identify when each temporary facility becomes necessary.","true","shower-trailer","false","1","6","false","200","FAIL","[""Head metadata changed""]"
"page","/service-areas/montana/","Montana Commercial Food Service Commercial Kitchen Modular Building For Rent","Arrange commercial kitchen modular building rental in Montana for your operation. Plan the cooking and preparation building around the menu, workflow, installation footprint and utilities. Confirm the modular layout; kitchen-trailer photographs are not a substitute for building imagery.","For Montana projects, plan commercial food preparation, service flow, utilities and access for a modular kitchen.","true","kitchen-modular","false","0","0","true","200","FAIL","[""Head metadata changed""]"
"page","/service-areas/nebraska/","Nebraska Workforce Housing Sleeper Bunk-Bed Facility Leasing","Arrange sleeper and bunk-bed facilities leasing in Nebraska for crews working away from home. Plan sleeping space around occupancy, shifts, privacy and ventilation. Bunk-room photos are references; confirm the available layout, trailer dimensions and delivery access.","For Nebraska projects, plan workforce sleeping capacity, privacy, access and supporting facilities for a temporary bunk-bed site.","true","sleeper-trailer","false","1","2","false","200","FAIL","[""Head metadata changed""]"
"page","/service-areas/nevada/","Nevada Workforce Housing Sleeper Bunk-Bed Facility Leasing","Arrange sleeper and bunk-bed facilities leasing in Nevada for crews working away from home. Plan sleeping space around occupancy, shifts, privacy and ventilation. Bunk-room photos are references; confirm the available layout, trailer dimensions and delivery access.","For Nevada projects, plan workforce sleeping capacity, privacy, access and supporting facilities for a temporary bunk-bed site. A Nevada enquiry for an undeveloped site should identify what power, water and wastewater arrangements already exist.","true","sleeper-trailer","false","1","2","false","200","FAIL","[""Head metadata changed""]"
"page","/service-areas/new-hampshire/","New Hampshire Construction Project Kitchen Emergency Trailer Rental","Arrange commercial kitchen trailer rental in New Hampshire for construction projects. Plan cooking and preparation space around your menu, meal volume and service schedule. Confirm the cooking line, power, potable water, drainage and trailer access.","For New Hampshire projects, plan an emergency food-service layout with safe cooking, preparation and supply routes. For a New Hampshire hillside or rural property, provide the access route and proposed installation position together.","true","mobile-kitchen","false","1","5","false","200","FAIL","[""Head metadata changed""]"
"page","/service-areas/new-jersey/","New Jersey Remote Operations Man Camp Temporary Facilities Rental","Plan man-camp temporary facilities in New Jersey for remote operations. Compare the separately labelled office/sleeper/shower-restroom trailer, 38 ft all-electric kitchen reference and shower-only trailer. Coordinate accommodation, food preparation, hygiene, utilities and delivery while confirming each product's actual layout.","For New Jersey projects, plan the full workforce-camp layout, including sleeping, food service, hygiene and site utilities. For a New Jersey commercial renovation, list other users of the loading dock or service yard.","true","unspecified","false","3","8","false","200","FAIL","[""Head metadata changed""]"
"page","/service-areas/new-mexico/","New Mexico Construction Project Kitchen Emergency Trailer Rental","Arrange commercial kitchen trailer rental in New Mexico for construction projects. Plan cooking and preparation space around your menu, meal volume and service schedule. Confirm the cooking line, power, potable water, drainage and trailer access.","For New Mexico projects, plan an emergency food-service layout with safe cooking, preparation and supply routes. For a New Mexico project spread across a large site, show the working areas and staff travel routes.","true","mobile-kitchen","false","1","5","false","200","FAIL","[""Head metadata changed""]"
"page","/service-areas/new-york/","New York Workforce Housing Sleeper Bunk-Bed Facility Leasing","Arrange sleeper and bunk-bed facilities leasing in New York for crews working away from home. Plan sleeping space around occupancy, shifts, privacy and ventilation. Bunk-room photos are references; confirm the available layout, trailer dimensions and delivery access.","For New York projects, plan workforce sleeping capacity, privacy, access and supporting facilities for a temporary bunk-bed site. A New York city-center renovation and an upstate field operation need different delivery briefs.","true","sleeper-trailer","false","1","2","false","200","FAIL","[""Head metadata changed""]"
"page","/service-areas/north-carolina/","North Carolina Commercial Food Service Commercial Kitchen Modular Building For Rent","Arrange commercial kitchen modular building rental in North Carolina for your operation. Plan the cooking and preparation building around the menu, workflow, installation footprint and utilities. Confirm the modular layout; kitchen-trailer photographs are not a substitute for building imagery.","For North Carolina projects, plan commercial food preparation, service flow, utilities and access for a modular kitchen. For a North Carolina enquiry, describe whether the site is coastal, inland or in a mountain area, then provide its actual access conditions.","true","kitchen-modular","false","0","0","true","200","FAIL","[""Head metadata changed""]"
"page","/service-areas/north-dakota/","North Dakota Emergency Basecamp Shower Trailer Rental","Arrange shower-only trailer rental in North Dakota for emergency basecamps. Plan private washing facilities around peak use, hot-water supply, water connections, wastewater and servicing access. The gallery identifies its reference unit; confirm the actual available shower-only layout.","For North Dakota projects, plan shower access, water supply, drainage and private changing space for the workforce. For a North Dakota crew camp or field project, give the expected overnight occupancy as well as shift headcount.","true","shower-trailer","false","1","6","false","200","FAIL","[""Head metadata changed""]"
"page","/service-areas/ohio/","Ohio Workforce Housing Sleeper Bunk-Bed Facility Leasing","Arrange sleeper and bunk-bed facilities leasing in Ohio for crews working away from home. Plan sleeping space around occupancy, shifts, privacy and ventilation. Bunk-room photos are references; confirm the available layout, trailer dimensions and delivery access.","For Ohio projects, plan workforce sleeping capacity, privacy, access and supporting facilities for a temporary bunk-bed site.","true","sleeper-trailer","false","1","2","false","200","FAIL","[""Head metadata changed""]"
"page","/service-areas/oklahoma/","Oklahoma Workforce Camp Laundry Temporary Facilities Long-Term Rental","Arrange temporary laundry facilities long-term rental in Oklahoma for workforce camps. Compare the separately labelled 30 ft laundry trailer and 20 ft laundry container interiors. Match washing and drying requirements to crew size, laundry volume, utilities and the appropriate delivery method.","For Oklahoma projects, plan laundry capacity, water, drainage, power and collection routes around crew demand. For an Oklahoma field operation, identify the minimum facilities needed at startup and what changes as the workforce grows.","true","laundry-unspecified","false","2","4","false","200","FAIL","[""Head metadata changed""]"
"page","/service-areas/oregon/","Oregon Workforce Camp Laundry Temporary Facilities Long-Term Rental","Arrange temporary laundry facilities long-term rental in Oregon for workforce camps. Compare the separately labelled 30 ft laundry trailer and 20 ft laundry container interiors. Match washing and drying requirements to crew size, laundry volume, utilities and the appropriate delivery method.","For Oregon projects, plan laundry capacity, water, drainage, power and collection routes around crew demand. For an Oregon outdoor project, review the setup surface and the route used by servicing vehicles throughout the rental.","true","laundry-unspecified","false","2","4","false","200","FAIL","[""Head metadata changed""]"
"page","/service-areas/pennsylvania/","Pennsylvania Institutional Facility Shower and Restroom Combination Trailer For Rent","Arrange shower and restroom combination trailer rental in Pennsylvania for institutional operations. Plan shower and toilet access together, with privacy, stall layout, water heating and wastewater servicing. Match the required combination configuration to its identified equipment reference.","For Pennsylvania projects, plan both shower and restroom access, utilities and servicing for the same site.","true","shower-restroom-combination","false","1","5","false","200","FAIL","[""Head metadata changed""]"
"page","/service-areas/rhode-island/","Rhode Island Accessible Commercial Site ADA Shower and Restroom Combination Trailer Leasing","Arrange ADA shower and restroom combination leasing in Rhode Island for commercial sites with accessibility requirements. Review accessible washing and toilet facilities, the access route, ramp and room layout. The catalogue reference does not show the accessible room or ramp; confirm those features and the actual configuration before booking.","For Rhode Island projects, review accessible approaches, shower and restroom circulation, utilities and servicing before selecting a unit. For a Rhode Island property with limited outdoor space, start with a measured site sketch.","true","ada-combination","false","1","1","false","200","FAIL","[""Head metadata changed""]"
"page","/service-areas/south-carolina/","South Carolina Commercial Food Service Commercial Kitchen Modular Building For Rent","Arrange commercial kitchen modular building rental in South Carolina for your operation. Plan the cooking and preparation building around the menu, workflow, installation footprint and utilities. Confirm the modular layout; kitchen-trailer photographs are not a substitute for building imagery.","For South Carolina projects, plan commercial food preparation, service flow, utilities and access for a modular kitchen.","true","kitchen-modular","false","0","0","true","200","FAIL","[""Head metadata changed""]"
"page","/service-areas/south-dakota/","South Dakota Emergency Basecamp Shower Trailer Rental","Arrange shower-only trailer rental in South Dakota for emergency basecamps. Plan private washing facilities around peak use, hot-water supply, water connections, wastewater and servicing access. The gallery identifies its reference unit; confirm the actual available shower-only layout.","For South Dakota projects, plan shower access, water supply, drainage and private changing space for the workforce. For a South Dakota event or temporary workforce site, distinguish average attendance from the busiest day.","true","shower-trailer","false","1","6","false","200","FAIL","[""Head metadata changed""]"
"page","/service-areas/tennessee/","Tennessee Commercial Food Service Commercial Kitchen Modular Building For Rent","Arrange commercial kitchen modular building rental in Tennessee for your operation. Plan the cooking and preparation building around the menu, workflow, installation footprint and utilities. Confirm the modular layout; kitchen-trailer photographs are not a substitute for building imagery.","For Tennessee projects, plan commercial food preparation, service flow, utilities and access for a modular kitchen.","true","kitchen-modular","false","0","0","true","200","FAIL","[""Head metadata changed""]"
"page","/service-areas/texas/","Texas Remote Operations Man Camp Temporary Facilities Rental","Plan man-camp temporary facilities in Texas for remote operations. Compare the separately labelled office/sleeper/shower-restroom trailer, 38 ft all-electric kitchen reference and shower-only trailer. Coordinate accommodation, food preparation, hygiene, utilities and delivery while confirming each product's actual layout.","For Texas projects, plan the full workforce-camp layout, including sleeping, food service, hygiene and site utilities. For a Texas project, provide the exact job-site address and explain whether the workforce is local or staying on site.","true","unspecified","false","3","8","false","200","FAIL","[""Head metadata changed""]"
"page","/service-areas/utah/","Utah Commercial Food Service Commercial Kitchen Modular Building For Rent","Arrange commercial kitchen modular building rental in Utah for your operation. Plan the cooking and preparation building around the menu, workflow, installation footprint and utilities. Confirm the modular layout; kitchen-trailer photographs are not a substitute for building imagery.","For Utah projects, plan commercial food preparation, service flow, utilities and access for a modular kitchen. For a Utah site beyond an established service yard, share the final approach route and the area available for installation.","true","kitchen-modular","false","0","0","true","200","FAIL","[""Head metadata changed""]"
"page","/service-areas/vermont/","Vermont Construction Project Kitchen Emergency Trailer Rental","Arrange commercial kitchen trailer rental in Vermont for construction projects. Plan cooking and preparation space around your menu, meal volume and service schedule. Confirm the cooking line, power, potable water, drainage and trailer access.","For Vermont projects, plan an emergency food-service layout with safe cooking, preparation and supply routes. For a Vermont renovation or rural project, explain how long the temporary facility will remain in use and whether access changes during that period.","true","mobile-kitchen","false","1","5","false","200","FAIL","[""Head metadata changed""]"
"page","/service-areas/virginia/","Virginia Construction Project Kitchen Emergency Trailer Rental","Arrange commercial kitchen trailer rental in Virginia for construction projects. Plan cooking and preparation space around your menu, meal volume and service schedule. Confirm the cooking line, power, potable water, drainage and trailer access.","For Virginia projects, plan an emergency food-service layout with safe cooking, preparation and supply routes.","true","mobile-kitchen","false","1","5","false","200","FAIL","[""Head metadata changed""]"
"page","/service-areas/washington/","Washington Remote Operations Man Camp Temporary Facilities Rental","Plan man-camp temporary facilities in Washington for remote operations. Compare the separately labelled office/sleeper/shower-restroom trailer, 38 ft all-electric kitchen reference and shower-only trailer. Coordinate accommodation, food preparation, hygiene, utilities and delivery while confirming each product's actual layout.","For Washington projects, plan the full workforce-camp layout, including sleeping, food service, hygiene and site utilities. For a Washington island or otherwise constrained location, flag any ferry connection or restricted approach in the initial enquiry.","true","unspecified","false","3","8","false","200","FAIL","[""Head metadata changed""]"
"page","/service-areas/west-virginia/","West Virginia Remote Operations Man Camp Temporary Facilities Rental","Plan man-camp temporary facilities in West Virginia for remote operations. Compare the separately labelled office/sleeper/shower-restroom trailer, 38 ft all-electric kitchen reference and shower-only trailer. Coordinate accommodation, food preparation, hygiene, utilities and delivery while confirming each product's actual layout.","For West Virginia projects, plan the full workforce-camp layout, including sleeping, food service, hygiene and site utilities. For a West Virginia hillside or valley site, the final approach can be as important as the installation footprint.","true","unspecified","false","3","8","false","200","FAIL","[""Head metadata changed""]"
"page","/service-areas/wisconsin/","Wisconsin Emergency Basecamp Shower Trailer Rental","Arrange shower-only trailer rental in Wisconsin for emergency basecamps. Plan private washing facilities around peak use, hot-water supply, water connections, wastewater and servicing access. The gallery identifies its reference unit; confirm the actual available shower-only layout.","For Wisconsin projects, plan shower access, water supply, drainage and private changing space for the workforce. For a Wisconsin school, workplace or seasonal operation, explain whether demand changes during the rental.","true","shower-trailer","false","1","6","false","200","FAIL","[""Head metadata changed""]"
"page","/service-areas/wyoming/","Wyoming Workforce Camp Laundry Temporary Facilities Long-Term Rental","Arrange temporary laundry facilities long-term rental in Wyoming for workforce camps. Compare the separately labelled 30 ft laundry trailer and 20 ft laundry container interiors. Match washing and drying requirements to crew size, laundry volume, utilities and the appropriate delivery method.","For Wyoming projects, plan laundry capacity, water, drainage, power and collection routes around crew demand.","true","laundry-unspecified","false","2","4","false","200","FAIL","[""Head metadata changed""]"
"full-map","/service-areas/#state=Alabama","Alabama Emergency Basecamp Shower Trailer Rental","Arrange shower-only trailer rental in Alabama for emergency basecamps. Plan private washing facilities around peak use, hot-water supply, water connections, wastewater and servicing access. The gallery identifies its reference unit; confirm the actual available shower-only layout.","","","shower-trailer","","","","","","PASS","[]"
"full-map","/service-areas/#state=Alaska","Alaska Accessible Commercial Site ADA Shower and Restroom Combination Trailer Leasing","Arrange ADA shower and restroom combination leasing in Alaska for commercial sites with accessibility requirements. Review accessible washing and toilet facilities, the access route, ramp and room layout. The catalogue reference does not show the accessible room or ramp; confirm those features and the actual configuration before booking.","","","ada-combination","","","","","","PASS","[]"
"full-map","/service-areas/#state=Arizona","Arizona Institutional Facility Shower and Restroom Combination Trailer For Rent","Arrange shower and restroom combination trailer rental in Arizona for institutional operations. Plan shower and toilet access together, with privacy, stall layout, water heating and wastewater servicing. Match the required combination configuration to its identified equipment reference.","","","shower-restroom-combination","","","","","","PASS","[]"
"full-map","/service-areas/#state=Arkansas","Arkansas Commercial Food Service Commercial Kitchen Modular Building For Rent","Arrange commercial kitchen modular building rental in Arkansas for your operation. Plan the cooking and preparation building around the menu, workflow, installation footprint and utilities. Confirm the modular layout; kitchen-trailer photographs are not a substitute for building imagery.","","","kitchen-modular","","","","","","PASS","[]"
"full-map","/service-areas/#state=California","California Institutional Facility Shower and Restroom Combination Trailer For Rent","Arrange shower and restroom combination trailer rental in California for institutional operations. Plan shower and toilet access together, with privacy, stall layout, water heating and wastewater servicing. Match the required combination configuration to its identified equipment reference.","","","shower-restroom-combination","","","","","","PASS","[]"
"full-map","/service-areas/#state=Colorado","Colorado Construction Project Kitchen Emergency Trailer Rental","Arrange commercial kitchen trailer rental in Colorado for construction projects. Plan cooking and preparation space around your menu, meal volume and service schedule. Confirm the cooking line, power, potable water, drainage and trailer access.","","","mobile-kitchen","","","","","","PASS","[]"
"full-map","/service-areas/#state=Connecticut","Connecticut Construction Project Kitchen Emergency Trailer Rental","Arrange commercial kitchen trailer rental in Connecticut for construction projects. Plan cooking and preparation space around your menu, meal volume and service schedule. Confirm the cooking line, power, potable water, drainage and trailer access.","","","mobile-kitchen","","","","","","PASS","[]"
"full-map","/service-areas/#state=Delaware","Delaware Accessible Commercial Site ADA Shower and Restroom Combination Trailer Leasing","Arrange ADA shower and restroom combination leasing in Delaware for commercial sites with accessibility requirements. Review accessible washing and toilet facilities, the access route, ramp and room layout. The catalogue reference does not show the accessible room or ramp; confirm those features and the actual configuration before booking.","","","ada-combination","","","","","","PASS","[]"
"full-map","/service-areas/#state=Florida","Florida Workforce Housing Sleeper Bunk-Bed Facility Leasing","Arrange sleeper and bunk-bed facilities leasing in Florida for crews working away from home. Plan sleeping space around occupancy, shifts, privacy and ventilation. Bunk-room photos are references; confirm the available layout, trailer dimensions and delivery access.","","","sleeper-trailer","","","","","","PASS","[]"
"full-map","/service-areas/#state=Georgia","Georgia Remote Operations Man Camp Temporary Facilities Rental","Plan man-camp temporary facilities in Georgia for remote operations. Compare the separately labelled office/sleeper/shower-restroom trailer, 38 ft all-electric kitchen reference and shower-only trailer. Coordinate accommodation, food preparation, hygiene, utilities and delivery while confirming each product's actual layout.","","","unspecified","","","","","","PASS","[]"
"full-map","/service-areas/#state=Hawaii","Hawaii Accessible Commercial Site ADA Shower and Restroom Combination Trailer Leasing","Arrange ADA shower and restroom combination leasing in Hawaii for commercial sites with accessibility requirements. Review accessible washing and toilet facilities, the access route, ramp and room layout. The catalogue reference does not show the accessible room or ramp; confirm those features and the actual configuration before booking.","","","ada-combination","","","","","","PASS","[]"
"full-map","/service-areas/#state=Idaho","Idaho Workforce Housing Sleeper Bunk-Bed Facility Leasing","Arrange sleeper and bunk-bed facilities leasing in Idaho for crews working away from home. Plan sleeping space around occupancy, shifts, privacy and ventilation. Bunk-room photos are references; confirm the available layout, trailer dimensions and delivery access.","","","sleeper-trailer","","","","","","PASS","[]"
"full-map","/service-areas/#state=Illinois","Illinois Accessible Commercial Site ADA Shower and Restroom Combination Trailer Leasing","Arrange ADA shower and restroom combination leasing in Illinois for commercial sites with accessibility requirements. Review accessible washing and toilet facilities, the access route, ramp and room layout. The catalogue reference does not show the accessible room or ramp; confirm those features and the actual configuration before booking.","","","ada-combination","","","","","","PASS","[]"
"full-map","/service-areas/#state=Indiana","Indiana Workforce Camp Laundry Temporary Facilities Long-Term Rental","Arrange temporary laundry facilities long-term rental in Indiana for workforce camps. Compare the separately labelled 30 ft laundry trailer and 20 ft laundry container interiors. Match washing and drying requirements to crew size, laundry volume, utilities and the appropriate delivery method.","","","laundry-unspecified","","","","","","PASS","[]"
"full-map","/service-areas/#state=Iowa","Iowa Remote Operations Man Camp Temporary Facilities Rental","Plan man-camp temporary facilities in Iowa for remote operations. Compare the separately labelled office/sleeper/shower-restroom trailer, 38 ft all-electric kitchen reference and shower-only trailer. Coordinate accommodation, food preparation, hygiene, utilities and delivery while confirming each product's actual layout.","","","unspecified","","","","","","PASS","[]"
"full-map","/service-areas/#state=Kansas","Kansas Construction Project Kitchen Emergency Trailer Rental","Arrange commercial kitchen trailer rental in Kansas for construction projects. Plan cooking and preparation space around your menu, meal volume and service schedule. Confirm the cooking line, power, potable water, drainage and trailer access.","","","mobile-kitchen","","","","","","PASS","[]"
"full-map","/service-areas/#state=Kentucky","Kentucky Workforce Camp Laundry Temporary Facilities Long-Term Rental","Arrange temporary laundry facilities long-term rental in Kentucky for workforce camps. Compare the separately labelled 30 ft laundry trailer and 20 ft laundry container interiors. Match washing and drying requirements to crew size, laundry volume, utilities and the appropriate delivery method.","","","laundry-unspecified","","","","","","PASS","[]"
"full-map","/service-areas/#state=Louisiana","Louisiana Emergency Basecamp Shower Trailer Rental","Arrange shower-only trailer rental in Louisiana for emergency basecamps. Plan private washing facilities around peak use, hot-water supply, water connections, wastewater and servicing access. The gallery identifies its reference unit; confirm the actual available shower-only layout.","","","shower-trailer","","","","","","PASS","[]"
"full-map","/service-areas/#state=Maine","Maine Commercial Food Service Commercial Kitchen Modular Building For Rent","Arrange commercial kitchen modular building rental in Maine for your operation. Plan the cooking and preparation building around the menu, workflow, installation footprint and utilities. Confirm the modular layout; kitchen-trailer photographs are not a substitute for building imagery.","","","kitchen-modular","","","","","","PASS","[]"
"full-map","/service-areas/#state=Maryland","Maryland Commercial Food Service Commercial Kitchen Modular Building For Rent","Arrange commercial kitchen modular building rental in Maryland for your operation. Plan the cooking and preparation building around the menu, workflow, installation footprint and utilities. Confirm the modular layout; kitchen-trailer photographs are not a substitute for building imagery.","","","kitchen-modular","","","","","","PASS","[]"
"full-map","/service-areas/#state=Massachusetts","Massachusetts Remote Operations Man Camp Temporary Facilities Rental","Plan man-camp temporary facilities in Massachusetts for remote operations. Compare the separately labelled office/sleeper/shower-restroom trailer, 38 ft all-electric kitchen reference and shower-only trailer. Coordinate accommodation, food preparation, hygiene, utilities and delivery while confirming each product's actual layout.","","","unspecified","","","","","","PASS","[]"
"full-map","/service-areas/#state=Michigan","Michigan Workforce Camp Laundry Temporary Facilities Long-Term Rental","Arrange temporary laundry facilities long-term rental in Michigan for workforce camps. Compare the separately labelled 30 ft laundry trailer and 20 ft laundry container interiors. Match washing and drying requirements to crew size, laundry volume, utilities and the appropriate delivery method.","","","laundry-unspecified","","","","","","PASS","[]"
"full-map","/service-areas/#state=Minnesota","Minnesota Workforce Camp Laundry Temporary Facilities Long-Term Rental","Arrange temporary laundry facilities long-term rental in Minnesota for workforce camps. Compare the separately labelled 30 ft laundry trailer and 20 ft laundry container interiors. Match washing and drying requirements to crew size, laundry volume, utilities and the appropriate delivery method.","","","laundry-unspecified","","","","","","PASS","[]"
"full-map","/service-areas/#state=Mississippi","Mississippi Workforce Housing Sleeper Bunk-Bed Facility Leasing","Arrange sleeper and bunk-bed facilities leasing in Mississippi for crews working away from home. Plan sleeping space around occupancy, shifts, privacy and ventilation. Bunk-room photos are references; confirm the available layout, trailer dimensions and delivery access.","","","sleeper-trailer","","","","","","PASS","[]"
"full-map","/service-areas/#state=Missouri","Missouri Emergency Basecamp Shower Trailer Rental","Arrange shower-only trailer rental in Missouri for emergency basecamps. Plan private washing facilities around peak use, hot-water supply, water connections, wastewater and servicing access. The gallery identifies its reference unit; confirm the actual available shower-only layout.","","","shower-trailer","","","","","","PASS","[]"
"full-map","/service-areas/#state=Montana","Montana Commercial Food Service Commercial Kitchen Modular Building For Rent","Arrange commercial kitchen modular building rental in Montana for your operation. Plan the cooking and preparation building around the menu, workflow, installation footprint and utilities. Confirm the modular layout; kitchen-trailer photographs are not a substitute for building imagery.","","","kitchen-modular","","","","","","PASS","[]"
"full-map","/service-areas/#state=Nebraska","Nebraska Workforce Housing Sleeper Bunk-Bed Facility Leasing","Arrange sleeper and bunk-bed facilities leasing in Nebraska for crews working away from home. Plan sleeping space around occupancy, shifts, privacy and ventilation. Bunk-room photos are references; confirm the available layout, trailer dimensions and delivery access.","","","sleeper-trailer","","","","","","PASS","[]"
"full-map","/service-areas/#state=Nevada","Nevada Workforce Housing Sleeper Bunk-Bed Facility Leasing","Arrange sleeper and bunk-bed facilities leasing in Nevada for crews working away from home. Plan sleeping space around occupancy, shifts, privacy and ventilation. Bunk-room photos are references; confirm the available layout, trailer dimensions and delivery access.","","","sleeper-trailer","","","","","","PASS","[]"
"full-map","/service-areas/#state=New%20Hampshire","New Hampshire Construction Project Kitchen Emergency Trailer Rental","Arrange commercial kitchen trailer rental in New Hampshire for construction projects. Plan cooking and preparation space around your menu, meal volume and service schedule. Confirm the cooking line, power, potable water, drainage and trailer access.","","","mobile-kitchen","","","","","","PASS","[]"
"full-map","/service-areas/#state=New%20Jersey","New Jersey Remote Operations Man Camp Temporary Facilities Rental","Plan man-camp temporary facilities in New Jersey for remote operations. Compare the separately labelled office/sleeper/shower-restroom trailer, 38 ft all-electric kitchen reference and shower-only trailer. Coordinate accommodation, food preparation, hygiene, utilities and delivery while confirming each product's actual layout.","","","unspecified","","","","","","PASS","[]"
"full-map","/service-areas/#state=New%20Mexico","New Mexico Construction Project Kitchen Emergency Trailer Rental","Arrange commercial kitchen trailer rental in New Mexico for construction projects. Plan cooking and preparation space around your menu, meal volume and service schedule. Confirm the cooking line, power, potable water, drainage and trailer access.","","","mobile-kitchen","","","","","","PASS","[]"
"full-map","/service-areas/#state=New%20York","New York Workforce Housing Sleeper Bunk-Bed Facility Leasing","Arrange sleeper and bunk-bed facilities leasing in New York for crews working away from home. Plan sleeping space around occupancy, shifts, privacy and ventilation. Bunk-room photos are references; confirm the available layout, trailer dimensions and delivery access.","","","sleeper-trailer","","","","","","PASS","[]"
"full-map","/service-areas/#state=North%20Carolina","North Carolina Commercial Food Service Commercial Kitchen Modular Building For Rent","Arrange commercial kitchen modular building rental in North Carolina for your operation. Plan the cooking and preparation building around the menu, workflow, installation footprint and utilities. Confirm the modular layout; kitchen-trailer photographs are not a substitute for building imagery.","","","kitchen-modular","","","","","","PASS","[]"
"full-map","/service-areas/#state=North%20Dakota","North Dakota Emergency Basecamp Shower Trailer Rental","Arrange shower-only trailer rental in North Dakota for emergency basecamps. Plan private washing facilities around peak use, hot-water supply, water connections, wastewater and servicing access. The gallery identifies its reference unit; confirm the actual available shower-only layout.","","","shower-trailer","","","","","","PASS","[]"
"full-map","/service-areas/#state=Ohio","Ohio Workforce Housing Sleeper Bunk-Bed Facility Leasing","Arrange sleeper and bunk-bed facilities leasing in Ohio for crews working away from home. Plan sleeping space around occupancy, shifts, privacy and ventilation. Bunk-room photos are references; confirm the available layout, trailer dimensions and delivery access.","","","sleeper-trailer","","","","","","PASS","[]"
"full-map","/service-areas/#state=Oklahoma","Oklahoma Workforce Camp Laundry Temporary Facilities Long-Term Rental","Arrange temporary laundry facilities long-term rental in Oklahoma for workforce camps. Compare the separately labelled 30 ft laundry trailer and 20 ft laundry container interiors. Match washing and drying requirements to crew size, laundry volume, utilities and the appropriate delivery method.","","","laundry-unspecified","","","","","","PASS","[]"
"full-map","/service-areas/#state=Oregon","Oregon Workforce Camp Laundry Temporary Facilities Long-Term Rental","Arrange temporary laundry facilities long-term rental in Oregon for workforce camps. Compare the separately labelled 30 ft laundry trailer and 20 ft laundry container interiors. Match washing and drying requirements to crew size, laundry volume, utilities and the appropriate delivery method.","","","laundry-unspecified","","","","","","PASS","[]"
"full-map","/service-areas/#state=Pennsylvania","Pennsylvania Institutional Facility Shower and Restroom Combination Trailer For Rent","Arrange shower and restroom combination trailer rental in Pennsylvania for institutional operations. Plan shower and toilet access together, with privacy, stall layout, water heating and wastewater servicing. Match the required combination configuration to its identified equipment reference.","","","shower-restroom-combination","","","","","","PASS","[]"
"full-map","/service-areas/#state=Rhode%20Island","Rhode Island Accessible Commercial Site ADA Shower and Restroom Combination Trailer Leasing","Arrange ADA shower and restroom combination leasing in Rhode Island for commercial sites with accessibility requirements. Review accessible washing and toilet facilities, the access route, ramp and room layout. The catalogue reference does not show the accessible room or ramp; confirm those features and the actual configuration before booking.","","","ada-combination","","","","","","PASS","[]"
"full-map","/service-areas/#state=South%20Carolina","South Carolina Commercial Food Service Commercial Kitchen Modular Building For Rent","Arrange commercial kitchen modular building rental in South Carolina for your operation. Plan the cooking and preparation building around the menu, workflow, installation footprint and utilities. Confirm the modular layout; kitchen-trailer photographs are not a substitute for building imagery.","","","kitchen-modular","","","","","","PASS","[]"
"full-map","/service-areas/#state=South%20Dakota","South Dakota Emergency Basecamp Shower Trailer Rental","Arrange shower-only trailer rental in South Dakota for emergency basecamps. Plan private washing facilities around peak use, hot-water supply, water connections, wastewater and servicing access. The gallery identifies its reference unit; confirm the actual available shower-only layout.","","","shower-trailer","","","","","","PASS","[]"
"full-map","/service-areas/#state=Tennessee","Tennessee Commercial Food Service Commercial Kitchen Modular Building For Rent","Arrange commercial kitchen modular building rental in Tennessee for your operation. Plan the cooking and preparation building around the menu, workflow, installation footprint and utilities. Confirm the modular layout; kitchen-trailer photographs are not a substitute for building imagery.","","","kitchen-modular","","","","","","PASS","[]"
"full-map","/service-areas/#state=Texas","Texas Remote Operations Man Camp Temporary Facilities Rental","Plan man-camp temporary facilities in Texas for remote operations. Compare the separately labelled office/sleeper/shower-restroom trailer, 38 ft all-electric kitchen reference and shower-only trailer. Coordinate accommodation, food preparation, hygiene, utilities and delivery while confirming each product's actual layout.","","","unspecified","","","","","","PASS","[]"
"full-map","/service-areas/#state=Utah","Utah Commercial Food Service Commercial Kitchen Modular Building For Rent","Arrange commercial kitchen modular building rental in Utah for your operation. Plan the cooking and preparation building around the menu, workflow, installation footprint and utilities. Confirm the modular layout; kitchen-trailer photographs are not a substitute for building imagery.","","","kitchen-modular","","","","","","PASS","[]"
"full-map","/service-areas/#state=Vermont","Vermont Construction Project Kitchen Emergency Trailer Rental","Arrange commercial kitchen trailer rental in Vermont for construction projects. Plan cooking and preparation space around your menu, meal volume and service schedule. Confirm the cooking line, power, potable water, drainage and trailer access.","","","mobile-kitchen","","","","","","PASS","[]"
"full-map","/service-areas/#state=Virginia","Virginia Construction Project Kitchen Emergency Trailer Rental","Arrange commercial kitchen trailer rental in Virginia for construction projects. Plan cooking and preparation space around your menu, meal volume and service schedule. Confirm the cooking line, power, potable water, drainage and trailer access.","","","mobile-kitchen","","","","","","PASS","[]"
"full-map","/service-areas/#state=Washington","Washington Remote Operations Man Camp Temporary Facilities Rental","Plan man-camp temporary facilities in Washington for remote operations. Compare the separately labelled office/sleeper/shower-restroom trailer, 38 ft all-electric kitchen reference and shower-only trailer. Coordinate accommodation, food preparation, hygiene, utilities and delivery while confirming each product's actual layout.","","","unspecified","","","","","","PASS","[]"
"full-map","/service-areas/#state=West%20Virginia","West Virginia Remote Operations Man Camp Temporary Facilities Rental","Plan man-camp temporary facilities in West Virginia for remote operations. Compare the separately labelled office/sleeper/shower-restroom trailer, 38 ft all-electric kitchen reference and shower-only trailer. Coordinate accommodation, food preparation, hygiene, utilities and delivery while confirming each product's actual layout.","","","unspecified","","","","","","PASS","[]"
"full-map","/service-areas/#state=Wisconsin","Wisconsin Emergency Basecamp Shower Trailer Rental","Arrange shower-only trailer rental in Wisconsin for emergency basecamps. Plan private washing facilities around peak use, hot-water supply, water connections, wastewater and servicing access. The gallery identifies its reference unit; confirm the actual available shower-only layout.","","","shower-trailer","","","","","","PASS","[]"
"full-map","/service-areas/#state=Wyoming","Wyoming Workforce Camp Laundry Temporary Facilities Long-Term Rental","Arrange temporary laundry facilities long-term rental in Wyoming for workforce camps. Compare the separately labelled 30 ft laundry trailer and 20 ft laundry container interiors. Match washing and drying requirements to crew size, laundry volume, utilities and the appropriate delivery method.","","","laundry-unspecified","","","","","","PASS","[]"
"compact-map","/#state=Alabama","Alabama Emergency Basecamp Shower Trailer Rental","Arrange shower-only trailer rental in Alabama for emergency basecamps. Plan private washing facilities around peak use, hot-water supply, water connections, wastewater and servicing access. The gallery identifies its reference unit; confirm the actual available shower-only layout.","","","shower-trailer","","","","","","PASS","[]"
"compact-map","/#state=Alaska","Alaska Accessible Commercial Site ADA Shower and Restroom Combination Trailer Leasing","Arrange ADA shower and restroom combination leasing in Alaska for commercial sites with accessibility requirements. Review accessible washing and toilet facilities, the access route, ramp and room layout. The catalogue reference does not show the accessible room or ramp; confirm those features and the actual configuration before booking.","","","ada-combination","","","","","","PASS","[]"
"compact-map","/#state=Arizona","Arizona Institutional Facility Shower and Restroom Combination Trailer For Rent","Arrange shower and restroom combination trailer rental in Arizona for institutional operations. Plan shower and toilet access together, with privacy, stall layout, water heating and wastewater servicing. Match the required combination configuration to its identified equipment reference.","","","shower-restroom-combination","","","","","","PASS","[]"
"compact-map","/#state=Arkansas","Arkansas Commercial Food Service Commercial Kitchen Modular Building For Rent","Arrange commercial kitchen modular building rental in Arkansas for your operation. Plan the cooking and preparation building around the menu, workflow, installation footprint and utilities. Confirm the modular layout; kitchen-trailer photographs are not a substitute for building imagery.","","","kitchen-modular","","","","","","PASS","[]"
"compact-map","/#state=California","California Institutional Facility Shower and Restroom Combination Trailer For Rent","Arrange shower and restroom combination trailer rental in California for institutional operations. Plan shower and toilet access together, with privacy, stall layout, water heating and wastewater servicing. Match the required combination configuration to its identified equipment reference.","","","shower-restroom-combination","","","","","","PASS","[]"
"compact-map","/#state=Colorado","Colorado Construction Project Kitchen Emergency Trailer Rental","Arrange commercial kitchen trailer rental in Colorado for construction projects. Plan cooking and preparation space around your menu, meal volume and service schedule. Confirm the cooking line, power, potable water, drainage and trailer access.","","","mobile-kitchen","","","","","","PASS","[]"
"compact-map","/#state=Connecticut","Connecticut Construction Project Kitchen Emergency Trailer Rental","Arrange commercial kitchen trailer rental in Connecticut for construction projects. Plan cooking and preparation space around your menu, meal volume and service schedule. Confirm the cooking line, power, potable water, drainage and trailer access.","","","mobile-kitchen","","","","","","PASS","[]"
"compact-map","/#state=Delaware","Delaware Accessible Commercial Site ADA Shower and Restroom Combination Trailer Leasing","Arrange ADA shower and restroom combination leasing in Delaware for commercial sites with accessibility requirements. Review accessible washing and toilet facilities, the access route, ramp and room layout. The catalogue reference does not show the accessible room or ramp; confirm those features and the actual configuration before booking.","","","ada-combination","","","","","","PASS","[]"
"compact-map","/#state=Florida","Florida Workforce Housing Sleeper Bunk-Bed Facility Leasing","Arrange sleeper and bunk-bed facilities leasing in Florida for crews working away from home. Plan sleeping space around occupancy, shifts, privacy and ventilation. Bunk-room photos are references; confirm the available layout, trailer dimensions and delivery access.","","","sleeper-trailer","","","","","","PASS","[]"
"compact-map","/#state=Georgia","Georgia Remote Operations Man Camp Temporary Facilities Rental","Plan man-camp temporary facilities in Georgia for remote operations. Compare the separately labelled office/sleeper/shower-restroom trailer, 38 ft all-electric kitchen reference and shower-only trailer. Coordinate accommodation, food preparation, hygiene, utilities and delivery while confirming each product's actual layout.","","","unspecified","","","","","","PASS","[]"
"compact-map","/#state=Hawaii","Hawaii Accessible Commercial Site ADA Shower and Restroom Combination Trailer Leasing","Arrange ADA shower and restroom combination leasing in Hawaii for commercial sites with accessibility requirements. Review accessible washing and toilet facilities, the access route, ramp and room layout. The catalogue reference does not show the accessible room or ramp; confirm those features and the actual configuration before booking.","","","ada-combination","","","","","","PASS","[]"
"compact-map","/#state=Idaho","Idaho Workforce Housing Sleeper Bunk-Bed Facility Leasing","Arrange sleeper and bunk-bed facilities leasing in Idaho for crews working away from home. Plan sleeping space around occupancy, shifts, privacy and ventilation. Bunk-room photos are references; confirm the available layout, trailer dimensions and delivery access.","","","sleeper-trailer","","","","","","PASS","[]"
"compact-map","/#state=Illinois","Illinois Accessible Commercial Site ADA Shower and Restroom Combination Trailer Leasing","Arrange ADA shower and restroom combination leasing in Illinois for commercial sites with accessibility requirements. Review accessible washing and toilet facilities, the access route, ramp and room layout. The catalogue reference does not show the accessible room or ramp; confirm those features and the actual configuration before booking.","","","ada-combination","","","","","","PASS","[]"
"compact-map","/#state=Indiana","Indiana Workforce Camp Laundry Temporary Facilities Long-Term Rental","Arrange temporary laundry facilities long-term rental in Indiana for workforce camps. Compare the separately labelled 30 ft laundry trailer and 20 ft laundry container interiors. Match washing and drying requirements to crew size, laundry volume, utilities and the appropriate delivery method.","","","laundry-unspecified","","","","","","PASS","[]"
"compact-map","/#state=Iowa","Iowa Remote Operations Man Camp Temporary Facilities Rental","Plan man-camp temporary facilities in Iowa for remote operations. Compare the separately labelled office/sleeper/shower-restroom trailer, 38 ft all-electric kitchen reference and shower-only trailer. Coordinate accommodation, food preparation, hygiene, utilities and delivery while confirming each product's actual layout.","","","unspecified","","","","","","PASS","[]"
"compact-map","/#state=Kansas","Kansas Construction Project Kitchen Emergency Trailer Rental","Arrange commercial kitchen trailer rental in Kansas for construction projects. Plan cooking and preparation space around your menu, meal volume and service schedule. Confirm the cooking line, power, potable water, drainage and trailer access.","","","mobile-kitchen","","","","","","PASS","[]"
"compact-map","/#state=Kentucky","Kentucky Workforce Camp Laundry Temporary Facilities Long-Term Rental","Arrange temporary laundry facilities long-term rental in Kentucky for workforce camps. Compare the separately labelled 30 ft laundry trailer and 20 ft laundry container interiors. Match washing and drying requirements to crew size, laundry volume, utilities and the appropriate delivery method.","","","laundry-unspecified","","","","","","PASS","[]"
"compact-map","/#state=Louisiana","Louisiana Emergency Basecamp Shower Trailer Rental","Arrange shower-only trailer rental in Louisiana for emergency basecamps. Plan private washing facilities around peak use, hot-water supply, water connections, wastewater and servicing access. The gallery identifies its reference unit; confirm the actual available shower-only layout.","","","shower-trailer","","","","","","PASS","[]"
"compact-map","/#state=Maine","Maine Commercial Food Service Commercial Kitchen Modular Building For Rent","Arrange commercial kitchen modular building rental in Maine for your operation. Plan the cooking and preparation building around the menu, workflow, installation footprint and utilities. Confirm the modular layout; kitchen-trailer photographs are not a substitute for building imagery.","","","kitchen-modular","","","","","","PASS","[]"
"compact-map","/#state=Maryland","Maryland Commercial Food Service Commercial Kitchen Modular Building For Rent","Arrange commercial kitchen modular building rental in Maryland for your operation. Plan the cooking and preparation building around the menu, workflow, installation footprint and utilities. Confirm the modular layout; kitchen-trailer photographs are not a substitute for building imagery.","","","kitchen-modular","","","","","","PASS","[]"
"compact-map","/#state=Massachusetts","Massachusetts Remote Operations Man Camp Temporary Facilities Rental","Plan man-camp temporary facilities in Massachusetts for remote operations. Compare the separately labelled office/sleeper/shower-restroom trailer, 38 ft all-electric kitchen reference and shower-only trailer. Coordinate accommodation, food preparation, hygiene, utilities and delivery while confirming each product's actual layout.","","","unspecified","","","","","","PASS","[]"
"compact-map","/#state=Michigan","Michigan Workforce Camp Laundry Temporary Facilities Long-Term Rental","Arrange temporary laundry facilities long-term rental in Michigan for workforce camps. Compare the separately labelled 30 ft laundry trailer and 20 ft laundry container interiors. Match washing and drying requirements to crew size, laundry volume, utilities and the appropriate delivery method.","","","laundry-unspecified","","","","","","PASS","[]"
"compact-map","/#state=Minnesota","Minnesota Workforce Camp Laundry Temporary Facilities Long-Term Rental","Arrange temporary laundry facilities long-term rental in Minnesota for workforce camps. Compare the separately labelled 30 ft laundry trailer and 20 ft laundry container interiors. Match washing and drying requirements to crew size, laundry volume, utilities and the appropriate delivery method.","","","laundry-unspecified","","","","","","PASS","[]"
"compact-map","/#state=Mississippi","Mississippi Workforce Housing Sleeper Bunk-Bed Facility Leasing","Arrange sleeper and bunk-bed facilities leasing in Mississippi for crews working away from home. Plan sleeping space around occupancy, shifts, privacy and ventilation. Bunk-room photos are references; confirm the available layout, trailer dimensions and delivery access.","","","sleeper-trailer","","","","","","PASS","[]"
"compact-map","/#state=Missouri","Missouri Emergency Basecamp Shower Trailer Rental","Arrange shower-only trailer rental in Missouri for emergency basecamps. Plan private washing facilities around peak use, hot-water supply, water connections, wastewater and servicing access. The gallery identifies its reference unit; confirm the actual available shower-only layout.","","","shower-trailer","","","","","","PASS","[]"
"compact-map","/#state=Montana","Montana Commercial Food Service Commercial Kitchen Modular Building For Rent","Arrange commercial kitchen modular building rental in Montana for your operation. Plan the cooking and preparation building around the menu, workflow, installation footprint and utilities. Confirm the modular layout; kitchen-trailer photographs are not a substitute for building imagery.","","","kitchen-modular","","","","","","PASS","[]"
"compact-map","/#state=Nebraska","Nebraska Workforce Housing Sleeper Bunk-Bed Facility Leasing","Arrange sleeper and bunk-bed facilities leasing in Nebraska for crews working away from home. Plan sleeping space around occupancy, shifts, privacy and ventilation. Bunk-room photos are references; confirm the available layout, trailer dimensions and delivery access.","","","sleeper-trailer","","","","","","PASS","[]"
"compact-map","/#state=Nevada","Nevada Workforce Housing Sleeper Bunk-Bed Facility Leasing","Arrange sleeper and bunk-bed facilities leasing in Nevada for crews working away from home. Plan sleeping space around occupancy, shifts, privacy and ventilation. Bunk-room photos are references; confirm the available layout, trailer dimensions and delivery access.","","","sleeper-trailer","","","","","","PASS","[]"
"compact-map","/#state=New%20Hampshire","New Hampshire Construction Project Kitchen Emergency Trailer Rental","Arrange commercial kitchen trailer rental in New Hampshire for construction projects. Plan cooking and preparation space around your menu, meal volume and service schedule. Confirm the cooking line, power, potable water, drainage and trailer access.","","","mobile-kitchen","","","","","","PASS","[]"
"compact-map","/#state=New%20Jersey","New Jersey Remote Operations Man Camp Temporary Facilities Rental","Plan man-camp temporary facilities in New Jersey for remote operations. Compare the separately labelled office/sleeper/shower-restroom trailer, 38 ft all-electric kitchen reference and shower-only trailer. Coordinate accommodation, food preparation, hygiene, utilities and delivery while confirming each product's actual layout.","","","unspecified","","","","","","PASS","[]"
"compact-map","/#state=New%20Mexico","New Mexico Construction Project Kitchen Emergency Trailer Rental","Arrange commercial kitchen trailer rental in New Mexico for construction projects. Plan cooking and preparation space around your menu, meal volume and service schedule. Confirm the cooking line, power, potable water, drainage and trailer access.","","","mobile-kitchen","","","","","","PASS","[]"
"compact-map","/#state=New%20York","New York Workforce Housing Sleeper Bunk-Bed Facility Leasing","Arrange sleeper and bunk-bed facilities leasing in New York for crews working away from home. Plan sleeping space around occupancy, shifts, privacy and ventilation. Bunk-room photos are references; confirm the available layout, trailer dimensions and delivery access.","","","sleeper-trailer","","","","","","PASS","[]"
"compact-map","/#state=North%20Carolina","North Carolina Commercial Food Service Commercial Kitchen Modular Building For Rent","Arrange commercial kitchen modular building rental in North Carolina for your operation. Plan the cooking and preparation building around the menu, workflow, installation footprint and utilities. Confirm the modular layout; kitchen-trailer photographs are not a substitute for building imagery.","","","kitchen-modular","","","","","","PASS","[]"
"compact-map","/#state=North%20Dakota","North Dakota Emergency Basecamp Shower Trailer Rental","Arrange shower-only trailer rental in North Dakota for emergency basecamps. Plan private washing facilities around peak use, hot-water supply, water connections, wastewater and servicing access. The gallery identifies its reference unit; confirm the actual available shower-only layout.","","","shower-trailer","","","","","","PASS","[]"
"compact-map","/#state=Ohio","Ohio Workforce Housing Sleeper Bunk-Bed Facility Leasing","Arrange sleeper and bunk-bed facilities leasing in Ohio for crews working away from home. Plan sleeping space around occupancy, shifts, privacy and ventilation. Bunk-room photos are references; confirm the available layout, trailer dimensions and delivery access.","","","sleeper-trailer","","","","","","PASS","[]"
"compact-map","/#state=Oklahoma","Oklahoma Workforce Camp Laundry Temporary Facilities Long-Term Rental","Arrange temporary laundry facilities long-term rental in Oklahoma for workforce camps. Compare the separately labelled 30 ft laundry trailer and 20 ft laundry container interiors. Match washing and drying requirements to crew size, laundry volume, utilities and the appropriate delivery method.","","","laundry-unspecified","","","","","","PASS","[]"
"compact-map","/#state=Oregon","Oregon Workforce Camp Laundry Temporary Facilities Long-Term Rental","Arrange temporary laundry facilities long-term rental in Oregon for workforce camps. Compare the separately labelled 30 ft laundry trailer and 20 ft laundry container interiors. Match washing and drying requirements to crew size, laundry volume, utilities and the appropriate delivery method.","","","laundry-unspecified","","","","","","PASS","[]"
"compact-map","/#state=Pennsylvania","Pennsylvania Institutional Facility Shower and Restroom Combination Trailer For Rent","Arrange shower and restroom combination trailer rental in Pennsylvania for institutional operations. Plan shower and toilet access together, with privacy, stall layout, water heating and wastewater servicing. Match the required combination configuration to its identified equipment reference.","","","shower-restroom-combination","","","","","","PASS","[]"
"compact-map","/#state=Rhode%20Island","Rhode Island Accessible Commercial Site ADA Shower and Restroom Combination Trailer Leasing","Arrange ADA shower and restroom combination leasing in Rhode Island for commercial sites with accessibility requirements. Review accessible washing and toilet facilities, the access route, ramp and room layout. The catalogue reference does not show the accessible room or ramp; confirm those features and the actual configuration before booking.","","","ada-combination","","","","","","PASS","[]"
"compact-map","/#state=South%20Carolina","South Carolina Commercial Food Service Commercial Kitchen Modular Building For Rent","Arrange commercial kitchen modular building rental in South Carolina for your operation. Plan the cooking and preparation building around the menu, workflow, installation footprint and utilities. Confirm the modular layout; kitchen-trailer photographs are not a substitute for building imagery.","","","kitchen-modular","","","","","","PASS","[]"
"compact-map","/#state=South%20Dakota","South Dakota Emergency Basecamp Shower Trailer Rental","Arrange shower-only trailer rental in South Dakota for emergency basecamps. Plan private washing facilities around peak use, hot-water supply, water connections, wastewater and servicing access. The gallery identifies its reference unit; confirm the actual available shower-only layout.","","","shower-trailer","","","","","","PASS","[]"
"compact-map","/#state=Tennessee","Tennessee Commercial Food Service Commercial Kitchen Modular Building For Rent","Arrange commercial kitchen modular building rental in Tennessee for your operation. Plan the cooking and preparation building around the menu, workflow, installation footprint and utilities. Confirm the modular layout; kitchen-trailer photographs are not a substitute for building imagery.","","","kitchen-modular","","","","","","PASS","[]"
"compact-map","/#state=Texas","Texas Remote Operations Man Camp Temporary Facilities Rental","Plan man-camp temporary facilities in Texas for remote operations. Compare the separately labelled office/sleeper/shower-restroom trailer, 38 ft all-electric kitchen reference and shower-only trailer. Coordinate accommodation, food preparation, hygiene, utilities and delivery while confirming each product's actual layout.","","","unspecified","","","","","","PASS","[]"
"compact-map","/#state=Utah","Utah Commercial Food Service Commercial Kitchen Modular Building For Rent","Arrange commercial kitchen modular building rental in Utah for your operation. Plan the cooking and preparation building around the menu, workflow, installation footprint and utilities. Confirm the modular layout; kitchen-trailer photographs are not a substitute for building imagery.","","","kitchen-modular","","","","","","PASS","[]"
"compact-map","/#state=Vermont","Vermont Construction Project Kitchen Emergency Trailer Rental","Arrange commercial kitchen trailer rental in Vermont for construction projects. Plan cooking and preparation space around your menu, meal volume and service schedule. Confirm the cooking line, power, potable water, drainage and trailer access.","","","mobile-kitchen","","","","","","PASS","[]"
"compact-map","/#state=Virginia","Virginia Construction Project Kitchen Emergency Trailer Rental","Arrange commercial kitchen trailer rental in Virginia for construction projects. Plan cooking and preparation space around your menu, meal volume and service schedule. Confirm the cooking line, power, potable water, drainage and trailer access.","","","mobile-kitchen","","","","","","PASS","[]"
"compact-map","/#state=Washington","Washington Remote Operations Man Camp Temporary Facilities Rental","Plan man-camp temporary facilities in Washington for remote operations. Compare the separately labelled office/sleeper/shower-restroom trailer, 38 ft all-electric kitchen reference and shower-only trailer. Coordinate accommodation, food preparation, hygiene, utilities and delivery while confirming each product's actual layout.","","","unspecified","","","","","","PASS","[]"
"compact-map","/#state=West%20Virginia","West Virginia Remote Operations Man Camp Temporary Facilities Rental","Plan man-camp temporary facilities in West Virginia for remote operations. Compare the separately labelled office/sleeper/shower-restroom trailer, 38 ft all-electric kitchen reference and shower-only trailer. Coordinate accommodation, food preparation, hygiene, utilities and delivery while confirming each product's actual layout.","","","unspecified","","","","","","PASS","[]"
"compact-map","/#state=Wisconsin","Wisconsin Emergency Basecamp Shower Trailer Rental","Arrange shower-only trailer rental in Wisconsin for emergency basecamps. Plan private washing facilities around peak use, hot-water supply, water connections, wastewater and servicing access. The gallery identifies its reference unit; confirm the actual available shower-only layout.","","","shower-trailer","","","","","","PASS","[]"
"compact-map","/#state=Wyoming","Wyoming Workforce Camp Laundry Temporary Facilities Long-Term Rental","Arrange temporary laundry facilities long-term rental in Wyoming for workforce camps. Compare the separately labelled 30 ft laundry trailer and 20 ft laundry container interiors. Match washing and drying requirements to crew size, laundry volume, utilities and the appropriate delivery method.","","","laundry-unspecified","","","","","","PASS","[]"