kind,url,state,exactTitle,presentation,groupCount,imageGroups,correctionsMade,finalResult
"page","/service-areas/arkansas/delta/","","Delta, Arkansas Remote Operations Man Camp Temporary Facilities Rental","separate-options","3","[{""exactTitle"":""Office, Sleeper and Shower & Restroom Trailer"",""family"":""office-sleeper-hygiene-trailer"",""model"":""new-office-sleeper-shower-restroom"",""assignedFiles"":[""/media/equipment-drive/office-sleeper-shower-restroom-trailer/office-sleeper-shower-restroom-trailer-exterior.png""],""reviewIds"":[""27.01""],""imageAlts"":[""Office, sleeper, shower and restroom trailer exterior with separate steps, visible bunks and an open shower/toilet room""],""interiorCount"":0,""exteriorCount"":1,""caption"":""Combined office, sleeper, shower and restroom reference. Bunks and shower/toilet room visible; office interior and dimensions are not shown. Confirm layout before booking.""},{""exactTitle"":""38ft All Electric Kitchen"",""family"":""mobile-kitchen"",""model"":""new-38ft-all-electric-kitchen"",""assignedFiles"":[""/media/equipment-drive/38ft-all-electric-kitchen/38ft-all-electric-kitchen-multifunctional-exterior.png""],""reviewIds"":[""26.01""],""imageAlts"":[""Multifunctional trailer exterior with black steps, a stainless work area and an open shower/toilet compartment""],""interiorCount"":0,""exteriorCount"":1,""caption"":""Client-supplied 38 ft all-electric multifunctional kitchen reference. Shower/toilet compartment visible; confirm the cooking layout, electrical specification and dimensions.""},{""exactTitle"":""20 ft Shower Trailer"",""family"":""shower-trailer"",""model"":""model-21"",""assignedFiles"":[""/media/equipment-drive/shower-trailers/20-ft-shower-trailer-5-stalls-with-handwashing-sink/mobile-shower-trailer-wash-station.png"",""/media/equipment-drive/shower-trailers/20-ft-shower-trailer-5-stalls-with-handwashing-sink/multi-station-shower-trailer-exterior.png"",""/media/equipment-drive/shower-trailers/20-ft-shower-trailer-5-stalls-with-handwashing-sink/private-shower-trailer-stall-interior.png"",""/media/equipment-drive/shower-trailers/20-ft-shower-trailer-5-stalls-with-handwashing-sink/shower-trailer-exterior-with-private-shower-stall.png"",""/media/equipment-drive/shower-trailers/20-ft-shower-trailer-5-stalls-with-handwashing-sink/shower-trailer-rear-exterior-view.png"",""/media/equipment-drive/shower-trailers/20-ft-shower-trailer-5-stalls-with-handwashing-sink/shower-trailer-sink-and-mirror-area.png""],""reviewIds"":[""21.01"",""21.02"",""21.04"",""21.05"",""21.07"",""21.08""],""imageAlts"":[""Private shower-only stall with overhead shower and hand shower"",""Rear exterior of the shower-only trailer inside a warehouse"",""External handwashing sinks at the rear of the shower trailer"",""Private external entrances on the shower-only trailer"",""Angled exterior view of the shower-only trailer inside a warehouse"",""Externally accessible sinks and mirrors on the shower trailer""],""interiorCount"":1,""exteriorCount"":5,""caption"":""20 ft, five-stall shower-trailer reference set with external handwashing sinks. These are not photographs of the separate 22 ft, ten-stall option. Confirm the available unit with your quote.""}]","Intentional separately labelled equipment options for the broad title: Office, Sleeper and Shower & Restroom Trailer [office-sleeper-hygiene-trailer; new-office-sleeper-shower-restroom]; 38ft All Electric Kitchen [mobile-kitchen; new-38ft-all-electric-kitchen]; 20 ft Shower Trailer [shower-trailer; model-21]. Each product has its own isolated carousel and full-image viewer; no product types are mixed within a carousel.","PASS"
"page","/service-areas/california/north-coast/","","North Coast, California Remote Operations Man Camp Temporary Facilities Rental","separate-options","3","[{""exactTitle"":""Office, Sleeper and Shower & Restroom Trailer"",""family"":""office-sleeper-hygiene-trailer"",""model"":""new-office-sleeper-shower-restroom"",""assignedFiles"":[""/media/equipment-drive/office-sleeper-shower-restroom-trailer/office-sleeper-shower-restroom-trailer-exterior.png""],""reviewIds"":[""27.01""],""imageAlts"":[""Office, sleeper, shower and restroom trailer exterior with separate steps, visible bunks and an open shower/toilet room""],""interiorCount"":0,""exteriorCount"":1,""caption"":""Combined office, sleeper, shower and restroom reference. Bunks and shower/toilet room visible; office interior and dimensions are not shown. Confirm layout before booking.""},{""exactTitle"":""38ft All Electric Kitchen"",""family"":""mobile-kitchen"",""model"":""new-38ft-all-electric-kitchen"",""assignedFiles"":[""/media/equipment-drive/38ft-all-electric-kitchen/38ft-all-electric-kitchen-multifunctional-exterior.png""],""reviewIds"":[""26.01""],""imageAlts"":[""Multifunctional trailer exterior with black steps, a stainless work area and an open shower/toilet compartment""],""interiorCount"":0,""exteriorCount"":1,""caption"":""Client-supplied 38 ft all-electric multifunctional kitchen reference. Shower/toilet compartment visible; confirm the cooking layout, electrical specification and dimensions.""},{""exactTitle"":""20 ft Shower Trailer"",""family"":""shower-trailer"",""model"":""model-21"",""assignedFiles"":[""/media/equipment-drive/shower-trailers/20-ft-shower-trailer-5-stalls-with-handwashing-sink/mobile-shower-trailer-wash-station.png"",""/media/equipment-drive/shower-trailers/20-ft-shower-trailer-5-stalls-with-handwashing-sink/multi-station-shower-trailer-exterior.png"",""/media/equipment-drive/shower-trailers/20-ft-shower-trailer-5-stalls-with-handwashing-sink/private-shower-trailer-stall-interior.png"",""/media/equipment-drive/shower-trailers/20-ft-shower-trailer-5-stalls-with-handwashing-sink/shower-trailer-exterior-with-private-shower-stall.png"",""/media/equipment-drive/shower-trailers/20-ft-shower-trailer-5-stalls-with-handwashing-sink/shower-trailer-rear-exterior-view.png"",""/media/equipment-drive/shower-trailers/20-ft-shower-trailer-5-stalls-with-handwashing-sink/shower-trailer-sink-and-mirror-area.png""],""reviewIds"":[""21.01"",""21.02"",""21.04"",""21.05"",""21.07"",""21.08""],""imageAlts"":[""Private shower-only stall with overhead shower and hand shower"",""Rear exterior of the shower-only trailer inside a warehouse"",""External handwashing sinks at the rear of the shower trailer"",""Private external entrances on the shower-only trailer"",""Angled exterior view of the shower-only trailer inside a warehouse"",""Externally accessible sinks and mirrors on the shower trailer""],""interiorCount"":1,""exteriorCount"":5,""caption"":""20 ft, five-stall shower-trailer reference set with external handwashing sinks. These are not photographs of the separate 22 ft, ten-stall option. Confirm the available unit with your quote.""}]","Intentional separately labelled equipment options for the broad title: Office, Sleeper and Shower & Restroom Trailer [office-sleeper-hygiene-trailer; new-office-sleeper-shower-restroom]; 38ft All Electric Kitchen [mobile-kitchen; new-38ft-all-electric-kitchen]; 20 ft Shower Trailer [shower-trailer; model-21]. Each product has its own isolated carousel and full-image viewer; no product types are mixed within a carousel.","PASS"
"page","/service-areas/connecticut/connecticut-shoreline/","","Connecticut Shoreline, Connecticut Remote Operations Man Camp Temporary Facilities Rental","separate-options","3","[{""exactTitle"":""Office, Sleeper and Shower & Restroom Trailer"",""family"":""office-sleeper-hygiene-trailer"",""model"":""new-office-sleeper-shower-restroom"",""assignedFiles"":[""/media/equipment-drive/office-sleeper-shower-restroom-trailer/office-sleeper-shower-restroom-trailer-exterior.png""],""reviewIds"":[""27.01""],""imageAlts"":[""Office, sleeper, shower and restroom trailer exterior with separate steps, visible bunks and an open shower/toilet room""],""interiorCount"":0,""exteriorCount"":1,""caption"":""Combined office, sleeper, shower and restroom reference. Bunks and shower/toilet room visible; office interior and dimensions are not shown. Confirm layout before booking.""},{""exactTitle"":""38ft All Electric Kitchen"",""family"":""mobile-kitchen"",""model"":""new-38ft-all-electric-kitchen"",""assignedFiles"":[""/media/equipment-drive/38ft-all-electric-kitchen/38ft-all-electric-kitchen-multifunctional-exterior.png""],""reviewIds"":[""26.01""],""imageAlts"":[""Multifunctional trailer exterior with black steps, a stainless work area and an open shower/toilet compartment""],""interiorCount"":0,""exteriorCount"":1,""caption"":""Client-supplied 38 ft all-electric multifunctional kitchen reference. Shower/toilet compartment visible; confirm the cooking layout, electrical specification and dimensions.""},{""exactTitle"":""20 ft Shower Trailer"",""family"":""shower-trailer"",""model"":""model-21"",""assignedFiles"":[""/media/equipment-drive/shower-trailers/20-ft-shower-trailer-5-stalls-with-handwashing-sink/mobile-shower-trailer-wash-station.png"",""/media/equipment-drive/shower-trailers/20-ft-shower-trailer-5-stalls-with-handwashing-sink/multi-station-shower-trailer-exterior.png"",""/media/equipment-drive/shower-trailers/20-ft-shower-trailer-5-stalls-with-handwashing-sink/private-shower-trailer-stall-interior.png"",""/media/equipment-drive/shower-trailers/20-ft-shower-trailer-5-stalls-with-handwashing-sink/shower-trailer-exterior-with-private-shower-stall.png"",""/media/equipment-drive/shower-trailers/20-ft-shower-trailer-5-stalls-with-handwashing-sink/shower-trailer-rear-exterior-view.png"",""/media/equipment-drive/shower-trailers/20-ft-shower-trailer-5-stalls-with-handwashing-sink/shower-trailer-sink-and-mirror-area.png""],""reviewIds"":[""21.01"",""21.02"",""21.04"",""21.05"",""21.07"",""21.08""],""imageAlts"":[""Private shower-only stall with overhead shower and hand shower"",""Rear exterior of the shower-only trailer inside a warehouse"",""External handwashing sinks at the rear of the shower trailer"",""Private external entrances on the shower-only trailer"",""Angled exterior view of the shower-only trailer inside a warehouse"",""Externally accessible sinks and mirrors on the shower trailer""],""interiorCount"":1,""exteriorCount"":5,""caption"":""20 ft, five-stall shower-trailer reference set with external handwashing sinks. These are not photographs of the separate 22 ft, ten-stall option. Confirm the available unit with your quote.""}]","Intentional separately labelled equipment options for the broad title: Office, Sleeper and Shower & Restroom Trailer [office-sleeper-hygiene-trailer; new-office-sleeper-shower-restroom]; 38ft All Electric Kitchen [mobile-kitchen; new-38ft-all-electric-kitchen]; 20 ft Shower Trailer [shower-trailer; model-21]. Each product has its own isolated carousel and full-image viewer; no product types are mixed within a carousel.","PASS"
"page","/service-areas/florida/north-florida/","","North Florida, Florida Remote Operations Man Camp Temporary Facilities Rental","separate-options","3","[{""exactTitle"":""Office, Sleeper and Shower & Restroom Trailer"",""family"":""office-sleeper-hygiene-trailer"",""model"":""new-office-sleeper-shower-restroom"",""assignedFiles"":[""/media/equipment-drive/office-sleeper-shower-restroom-trailer/office-sleeper-shower-restroom-trailer-exterior.png""],""reviewIds"":[""27.01""],""imageAlts"":[""Office, sleeper, shower and restroom trailer exterior with separate steps, visible bunks and an open shower/toilet room""],""interiorCount"":0,""exteriorCount"":1,""caption"":""Combined office, sleeper, shower and restroom reference. Bunks and shower/toilet room visible; office interior and dimensions are not shown. Confirm layout before booking.""},{""exactTitle"":""38ft All Electric Kitchen"",""family"":""mobile-kitchen"",""model"":""new-38ft-all-electric-kitchen"",""assignedFiles"":[""/media/equipment-drive/38ft-all-electric-kitchen/38ft-all-electric-kitchen-multifunctional-exterior.png""],""reviewIds"":[""26.01""],""imageAlts"":[""Multifunctional trailer exterior with black steps, a stainless work area and an open shower/toilet compartment""],""interiorCount"":0,""exteriorCount"":1,""caption"":""Client-supplied 38 ft all-electric multifunctional kitchen reference. Shower/toilet compartment visible; confirm the cooking layout, electrical specification and dimensions.""},{""exactTitle"":""20 ft Shower Trailer"",""family"":""shower-trailer"",""model"":""model-21"",""assignedFiles"":[""/media/equipment-drive/shower-trailers/20-ft-shower-trailer-5-stalls-with-handwashing-sink/mobile-shower-trailer-wash-station.png"",""/media/equipment-drive/shower-trailers/20-ft-shower-trailer-5-stalls-with-handwashing-sink/multi-station-shower-trailer-exterior.png"",""/media/equipment-drive/shower-trailers/20-ft-shower-trailer-5-stalls-with-handwashing-sink/private-shower-trailer-stall-interior.png"",""/media/equipment-drive/shower-trailers/20-ft-shower-trailer-5-stalls-with-handwashing-sink/shower-trailer-exterior-with-private-shower-stall.png"",""/media/equipment-drive/shower-trailers/20-ft-shower-trailer-5-stalls-with-handwashing-sink/shower-trailer-rear-exterior-view.png"",""/media/equipment-drive/shower-trailers/20-ft-shower-trailer-5-stalls-with-handwashing-sink/shower-trailer-sink-and-mirror-area.png""],""reviewIds"":[""21.01"",""21.02"",""21.04"",""21.05"",""21.07"",""21.08""],""imageAlts"":[""Private shower-only stall with overhead shower and hand shower"",""Rear exterior of the shower-only trailer inside a warehouse"",""External handwashing sinks at the rear of the shower trailer"",""Private external entrances on the shower-only trailer"",""Angled exterior view of the shower-only trailer inside a warehouse"",""Externally accessible sinks and mirrors on the shower trailer""],""interiorCount"":1,""exteriorCount"":5,""caption"":""20 ft, five-stall shower-trailer reference set with external handwashing sinks. These are not photographs of the separate 22 ft, ten-stall option. Confirm the available unit with your quote.""}]","Intentional separately labelled equipment options for the broad title: Office, Sleeper and Shower & Restroom Trailer [office-sleeper-hygiene-trailer; new-office-sleeper-shower-restroom]; 38ft All Electric Kitchen [mobile-kitchen; new-38ft-all-electric-kitchen]; 20 ft Shower Trailer [shower-trailer; model-21]. Each product has its own isolated carousel and full-image viewer; no product types are mixed within a carousel.","PASS"
"page","/service-areas/georgia/north-georgia/","","North Georgia, Georgia Remote Operations Man Camp Temporary Facilities Rental","separate-options","3","[{""exactTitle"":""Office, Sleeper and Shower & Restroom Trailer"",""family"":""office-sleeper-hygiene-trailer"",""model"":""new-office-sleeper-shower-restroom"",""assignedFiles"":[""/media/equipment-drive/office-sleeper-shower-restroom-trailer/office-sleeper-shower-restroom-trailer-exterior.png""],""reviewIds"":[""27.01""],""imageAlts"":[""Office, sleeper, shower and restroom trailer exterior with separate steps, visible bunks and an open shower/toilet room""],""interiorCount"":0,""exteriorCount"":1,""caption"":""Combined office, sleeper, shower and restroom reference. Bunks and shower/toilet room visible; office interior and dimensions are not shown. Confirm layout before booking.""},{""exactTitle"":""38ft All Electric Kitchen"",""family"":""mobile-kitchen"",""model"":""new-38ft-all-electric-kitchen"",""assignedFiles"":[""/media/equipment-drive/38ft-all-electric-kitchen/38ft-all-electric-kitchen-multifunctional-exterior.png""],""reviewIds"":[""26.01""],""imageAlts"":[""Multifunctional trailer exterior with black steps, a stainless work area and an open shower/toilet compartment""],""interiorCount"":0,""exteriorCount"":1,""caption"":""Client-supplied 38 ft all-electric multifunctional kitchen reference. Shower/toilet compartment visible; confirm the cooking layout, electrical specification and dimensions.""},{""exactTitle"":""20 ft Shower Trailer"",""family"":""shower-trailer"",""model"":""model-21"",""assignedFiles"":[""/media/equipment-drive/shower-trailers/20-ft-shower-trailer-5-stalls-with-handwashing-sink/mobile-shower-trailer-wash-station.png"",""/media/equipment-drive/shower-trailers/20-ft-shower-trailer-5-stalls-with-handwashing-sink/multi-station-shower-trailer-exterior.png"",""/media/equipment-drive/shower-trailers/20-ft-shower-trailer-5-stalls-with-handwashing-sink/private-shower-trailer-stall-interior.png"",""/media/equipment-drive/shower-trailers/20-ft-shower-trailer-5-stalls-with-handwashing-sink/shower-trailer-exterior-with-private-shower-stall.png"",""/media/equipment-drive/shower-trailers/20-ft-shower-trailer-5-stalls-with-handwashing-sink/shower-trailer-rear-exterior-view.png"",""/media/equipment-drive/shower-trailers/20-ft-shower-trailer-5-stalls-with-handwashing-sink/shower-trailer-sink-and-mirror-area.png""],""reviewIds"":[""21.01"",""21.02"",""21.04"",""21.05"",""21.07"",""21.08""],""imageAlts"":[""Private shower-only stall with overhead shower and hand shower"",""Rear exterior of the shower-only trailer inside a warehouse"",""External handwashing sinks at the rear of the shower trailer"",""Private external entrances on the shower-only trailer"",""Angled exterior view of the shower-only trailer inside a warehouse"",""Externally accessible sinks and mirrors on the shower trailer""],""interiorCount"":1,""exteriorCount"":5,""caption"":""20 ft, five-stall shower-trailer reference set with external handwashing sinks. These are not photographs of the separate 22 ft, ten-stall option. Confirm the available unit with your quote.""}]","Intentional separately labelled equipment options for the broad title: Office, Sleeper and Shower & Restroom Trailer [office-sleeper-hygiene-trailer; new-office-sleeper-shower-restroom]; 38ft All Electric Kitchen [mobile-kitchen; new-38ft-all-electric-kitchen]; 20 ft Shower Trailer [shower-trailer; model-21]. Each product has its own isolated carousel and full-image viewer; no product types are mixed within a carousel.","PASS"
"page","/service-areas/idaho/southwest-idaho/","","Southwest Idaho, Idaho Remote Operations Man Camp Temporary Facilities Rental","separate-options","3","[{""exactTitle"":""Office, Sleeper and Shower & Restroom Trailer"",""family"":""office-sleeper-hygiene-trailer"",""model"":""new-office-sleeper-shower-restroom"",""assignedFiles"":[""/media/equipment-drive/office-sleeper-shower-restroom-trailer/office-sleeper-shower-restroom-trailer-exterior.png""],""reviewIds"":[""27.01""],""imageAlts"":[""Office, sleeper, shower and restroom trailer exterior with separate steps, visible bunks and an open shower/toilet room""],""interiorCount"":0,""exteriorCount"":1,""caption"":""Combined office, sleeper, shower and restroom reference. Bunks and shower/toilet room visible; office interior and dimensions are not shown. Confirm layout before booking.""},{""exactTitle"":""38ft All Electric Kitchen"",""family"":""mobile-kitchen"",""model"":""new-38ft-all-electric-kitchen"",""assignedFiles"":[""/media/equipment-drive/38ft-all-electric-kitchen/38ft-all-electric-kitchen-multifunctional-exterior.png""],""reviewIds"":[""26.01""],""imageAlts"":[""Multifunctional trailer exterior with black steps, a stainless work area and an open shower/toilet compartment""],""interiorCount"":0,""exteriorCount"":1,""caption"":""Client-supplied 38 ft all-electric multifunctional kitchen reference. Shower/toilet compartment visible; confirm the cooking layout, electrical specification and dimensions.""},{""exactTitle"":""20 ft Shower Trailer"",""family"":""shower-trailer"",""model"":""model-21"",""assignedFiles"":[""/media/equipment-drive/shower-trailers/20-ft-shower-trailer-5-stalls-with-handwashing-sink/mobile-shower-trailer-wash-station.png"",""/media/equipment-drive/shower-trailers/20-ft-shower-trailer-5-stalls-with-handwashing-sink/multi-station-shower-trailer-exterior.png"",""/media/equipment-drive/shower-trailers/20-ft-shower-trailer-5-stalls-with-handwashing-sink/private-shower-trailer-stall-interior.png"",""/media/equipment-drive/shower-trailers/20-ft-shower-trailer-5-stalls-with-handwashing-sink/shower-trailer-exterior-with-private-shower-stall.png"",""/media/equipment-drive/shower-trailers/20-ft-shower-trailer-5-stalls-with-handwashing-sink/shower-trailer-rear-exterior-view.png"",""/media/equipment-drive/shower-trailers/20-ft-shower-trailer-5-stalls-with-handwashing-sink/shower-trailer-sink-and-mirror-area.png""],""reviewIds"":[""21.01"",""21.02"",""21.04"",""21.05"",""21.07"",""21.08""],""imageAlts"":[""Private shower-only stall with overhead shower and hand shower"",""Rear exterior of the shower-only trailer inside a warehouse"",""External handwashing sinks at the rear of the shower trailer"",""Private external entrances on the shower-only trailer"",""Angled exterior view of the shower-only trailer inside a warehouse"",""Externally accessible sinks and mirrors on the shower trailer""],""interiorCount"":1,""exteriorCount"":5,""caption"":""20 ft, five-stall shower-trailer reference set with external handwashing sinks. These are not photographs of the separate 22 ft, ten-stall option. Confirm the available unit with your quote.""}]","Intentional separately labelled equipment options for the broad title: Office, Sleeper and Shower & Restroom Trailer [office-sleeper-hygiene-trailer; new-office-sleeper-shower-restroom]; 38ft All Electric Kitchen [mobile-kitchen; new-38ft-all-electric-kitchen]; 20 ft Shower Trailer [shower-trailer; model-21]. Each product has its own isolated carousel and full-image viewer; no product types are mixed within a carousel.","PASS"
"page","/service-areas/iowa/northwest-iowa/","","Northwest Iowa, Iowa Remote Operations Man Camp Temporary Facilities Rental","separate-options","3","[{""exactTitle"":""Office, Sleeper and Shower & Restroom Trailer"",""family"":""office-sleeper-hygiene-trailer"",""model"":""new-office-sleeper-shower-restroom"",""assignedFiles"":[""/media/equipment-drive/office-sleeper-shower-restroom-trailer/office-sleeper-shower-restroom-trailer-exterior.png""],""reviewIds"":[""27.01""],""imageAlts"":[""Office, sleeper, shower and restroom trailer exterior with separate steps, visible bunks and an open shower/toilet room""],""interiorCount"":0,""exteriorCount"":1,""caption"":""Combined office, sleeper, shower and restroom reference. Bunks and shower/toilet room visible; office interior and dimensions are not shown. Confirm layout before booking.""},{""exactTitle"":""38ft All Electric Kitchen"",""family"":""mobile-kitchen"",""model"":""new-38ft-all-electric-kitchen"",""assignedFiles"":[""/media/equipment-drive/38ft-all-electric-kitchen/38ft-all-electric-kitchen-multifunctional-exterior.png""],""reviewIds"":[""26.01""],""imageAlts"":[""Multifunctional trailer exterior with black steps, a stainless work area and an open shower/toilet compartment""],""interiorCount"":0,""exteriorCount"":1,""caption"":""Client-supplied 38 ft all-electric multifunctional kitchen reference. Shower/toilet compartment visible; confirm the cooking layout, electrical specification and dimensions.""},{""exactTitle"":""20 ft Shower Trailer"",""family"":""shower-trailer"",""model"":""model-21"",""assignedFiles"":[""/media/equipment-drive/shower-trailers/20-ft-shower-trailer-5-stalls-with-handwashing-sink/mobile-shower-trailer-wash-station.png"",""/media/equipment-drive/shower-trailers/20-ft-shower-trailer-5-stalls-with-handwashing-sink/multi-station-shower-trailer-exterior.png"",""/media/equipment-drive/shower-trailers/20-ft-shower-trailer-5-stalls-with-handwashing-sink/private-shower-trailer-stall-interior.png"",""/media/equipment-drive/shower-trailers/20-ft-shower-trailer-5-stalls-with-handwashing-sink/shower-trailer-exterior-with-private-shower-stall.png"",""/media/equipment-drive/shower-trailers/20-ft-shower-trailer-5-stalls-with-handwashing-sink/shower-trailer-rear-exterior-view.png"",""/media/equipment-drive/shower-trailers/20-ft-shower-trailer-5-stalls-with-handwashing-sink/shower-trailer-sink-and-mirror-area.png""],""reviewIds"":[""21.01"",""21.02"",""21.04"",""21.05"",""21.07"",""21.08""],""imageAlts"":[""Private shower-only stall with overhead shower and hand shower"",""Rear exterior of the shower-only trailer inside a warehouse"",""External handwashing sinks at the rear of the shower trailer"",""Private external entrances on the shower-only trailer"",""Angled exterior view of the shower-only trailer inside a warehouse"",""Externally accessible sinks and mirrors on the shower trailer""],""interiorCount"":1,""exteriorCount"":5,""caption"":""20 ft, five-stall shower-trailer reference set with external handwashing sinks. These are not photographs of the separate 22 ft, ten-stall option. Confirm the available unit with your quote.""}]","Intentional separately labelled equipment options for the broad title: Office, Sleeper and Shower & Restroom Trailer [office-sleeper-hygiene-trailer; new-office-sleeper-shower-restroom]; 38ft All Electric Kitchen [mobile-kitchen; new-38ft-all-electric-kitchen]; 20 ft Shower Trailer [shower-trailer; model-21]. Each product has its own isolated carousel and full-image viewer; no product types are mixed within a carousel.","PASS"
"page","/service-areas/kansas/south-central-kansas/","","South Central Kansas, Kansas Remote Operations Man Camp Temporary Facilities Rental","separate-options","3","[{""exactTitle"":""Office, Sleeper and Shower & Restroom Trailer"",""family"":""office-sleeper-hygiene-trailer"",""model"":""new-office-sleeper-shower-restroom"",""assignedFiles"":[""/media/equipment-drive/office-sleeper-shower-restroom-trailer/office-sleeper-shower-restroom-trailer-exterior.png""],""reviewIds"":[""27.01""],""imageAlts"":[""Office, sleeper, shower and restroom trailer exterior with separate steps, visible bunks and an open shower/toilet room""],""interiorCount"":0,""exteriorCount"":1,""caption"":""Combined office, sleeper, shower and restroom reference. Bunks and shower/toilet room visible; office interior and dimensions are not shown. Confirm layout before booking.""},{""exactTitle"":""38ft All Electric Kitchen"",""family"":""mobile-kitchen"",""model"":""new-38ft-all-electric-kitchen"",""assignedFiles"":[""/media/equipment-drive/38ft-all-electric-kitchen/38ft-all-electric-kitchen-multifunctional-exterior.png""],""reviewIds"":[""26.01""],""imageAlts"":[""Multifunctional trailer exterior with black steps, a stainless work area and an open shower/toilet compartment""],""interiorCount"":0,""exteriorCount"":1,""caption"":""Client-supplied 38 ft all-electric multifunctional kitchen reference. Shower/toilet compartment visible; confirm the cooking layout, electrical specification and dimensions.""},{""exactTitle"":""20 ft Shower Trailer"",""family"":""shower-trailer"",""model"":""model-21"",""assignedFiles"":[""/media/equipment-drive/shower-trailers/20-ft-shower-trailer-5-stalls-with-handwashing-sink/mobile-shower-trailer-wash-station.png"",""/media/equipment-drive/shower-trailers/20-ft-shower-trailer-5-stalls-with-handwashing-sink/multi-station-shower-trailer-exterior.png"",""/media/equipment-drive/shower-trailers/20-ft-shower-trailer-5-stalls-with-handwashing-sink/private-shower-trailer-stall-interior.png"",""/media/equipment-drive/shower-trailers/20-ft-shower-trailer-5-stalls-with-handwashing-sink/shower-trailer-exterior-with-private-shower-stall.png"",""/media/equipment-drive/shower-trailers/20-ft-shower-trailer-5-stalls-with-handwashing-sink/shower-trailer-rear-exterior-view.png"",""/media/equipment-drive/shower-trailers/20-ft-shower-trailer-5-stalls-with-handwashing-sink/shower-trailer-sink-and-mirror-area.png""],""reviewIds"":[""21.01"",""21.02"",""21.04"",""21.05"",""21.07"",""21.08""],""imageAlts"":[""Private shower-only stall with overhead shower and hand shower"",""Rear exterior of the shower-only trailer inside a warehouse"",""External handwashing sinks at the rear of the shower trailer"",""Private external entrances on the shower-only trailer"",""Angled exterior view of the shower-only trailer inside a warehouse"",""Externally accessible sinks and mirrors on the shower trailer""],""interiorCount"":1,""exteriorCount"":5,""caption"":""20 ft, five-stall shower-trailer reference set with external handwashing sinks. These are not photographs of the separate 22 ft, ten-stall option. Confirm the available unit with your quote.""}]","Intentional separately labelled equipment options for the broad title: Office, Sleeper and Shower & Restroom Trailer [office-sleeper-hygiene-trailer; new-office-sleeper-shower-restroom]; 38ft All Electric Kitchen [mobile-kitchen; new-38ft-all-electric-kitchen]; 20 ft Shower Trailer [shower-trailer; model-21]. Each product has its own isolated carousel and full-image viewer; no product types are mixed within a carousel.","PASS"
"page","/service-areas/maine/western-lakes-and-mountains/","","Western Lakes and Mountains, Maine Remote Operations Man Camp Temporary Facilities Rental","separate-options","3","[{""exactTitle"":""Office, Sleeper and Shower & Restroom Trailer"",""family"":""office-sleeper-hygiene-trailer"",""model"":""new-office-sleeper-shower-restroom"",""assignedFiles"":[""/media/equipment-drive/office-sleeper-shower-restroom-trailer/office-sleeper-shower-restroom-trailer-exterior.png""],""reviewIds"":[""27.01""],""imageAlts"":[""Office, sleeper, shower and restroom trailer exterior with separate steps, visible bunks and an open shower/toilet room""],""interiorCount"":0,""exteriorCount"":1,""caption"":""Combined office, sleeper, shower and restroom reference. Bunks and shower/toilet room visible; office interior and dimensions are not shown. Confirm layout before booking.""},{""exactTitle"":""38ft All Electric Kitchen"",""family"":""mobile-kitchen"",""model"":""new-38ft-all-electric-kitchen"",""assignedFiles"":[""/media/equipment-drive/38ft-all-electric-kitchen/38ft-all-electric-kitchen-multifunctional-exterior.png""],""reviewIds"":[""26.01""],""imageAlts"":[""Multifunctional trailer exterior with black steps, a stainless work area and an open shower/toilet compartment""],""interiorCount"":0,""exteriorCount"":1,""caption"":""Client-supplied 38 ft all-electric multifunctional kitchen reference. Shower/toilet compartment visible; confirm the cooking layout, electrical specification and dimensions.""},{""exactTitle"":""20 ft Shower Trailer"",""family"":""shower-trailer"",""model"":""model-21"",""assignedFiles"":[""/media/equipment-drive/shower-trailers/20-ft-shower-trailer-5-stalls-with-handwashing-sink/mobile-shower-trailer-wash-station.png"",""/media/equipment-drive/shower-trailers/20-ft-shower-trailer-5-stalls-with-handwashing-sink/multi-station-shower-trailer-exterior.png"",""/media/equipment-drive/shower-trailers/20-ft-shower-trailer-5-stalls-with-handwashing-sink/private-shower-trailer-stall-interior.png"",""/media/equipment-drive/shower-trailers/20-ft-shower-trailer-5-stalls-with-handwashing-sink/shower-trailer-exterior-with-private-shower-stall.png"",""/media/equipment-drive/shower-trailers/20-ft-shower-trailer-5-stalls-with-handwashing-sink/shower-trailer-rear-exterior-view.png"",""/media/equipment-drive/shower-trailers/20-ft-shower-trailer-5-stalls-with-handwashing-sink/shower-trailer-sink-and-mirror-area.png""],""reviewIds"":[""21.01"",""21.02"",""21.04"",""21.05"",""21.07"",""21.08""],""imageAlts"":[""Private shower-only stall with overhead shower and hand shower"",""Rear exterior of the shower-only trailer inside a warehouse"",""External handwashing sinks at the rear of the shower trailer"",""Private external entrances on the shower-only trailer"",""Angled exterior view of the shower-only trailer inside a warehouse"",""Externally accessible sinks and mirrors on the shower trailer""],""interiorCount"":1,""exteriorCount"":5,""caption"":""20 ft, five-stall shower-trailer reference set with external handwashing sinks. These are not photographs of the separate 22 ft, ten-stall option. Confirm the available unit with your quote.""}]","Intentional separately labelled equipment options for the broad title: Office, Sleeper and Shower & Restroom Trailer [office-sleeper-hygiene-trailer; new-office-sleeper-shower-restroom]; 38ft All Electric Kitchen [mobile-kitchen; new-38ft-all-electric-kitchen]; 20 ft Shower Trailer [shower-trailer; model-21]. Each product has its own isolated carousel and full-image viewer; no product types are mixed within a carousel.","PASS"
"page","/service-areas/maryland/central-maryland/","","Central Maryland, Maryland Remote Operations Man Camp Temporary Facilities Rental","separate-options","3","[{""exactTitle"":""Office, Sleeper and Shower & Restroom Trailer"",""family"":""office-sleeper-hygiene-trailer"",""model"":""new-office-sleeper-shower-restroom"",""assignedFiles"":[""/media/equipment-drive/office-sleeper-shower-restroom-trailer/office-sleeper-shower-restroom-trailer-exterior.png""],""reviewIds"":[""27.01""],""imageAlts"":[""Office, sleeper, shower and restroom trailer exterior with separate steps, visible bunks and an open shower/toilet room""],""interiorCount"":0,""exteriorCount"":1,""caption"":""Combined office, sleeper, shower and restroom reference. Bunks and shower/toilet room visible; office interior and dimensions are not shown. Confirm layout before booking.""},{""exactTitle"":""38ft All Electric Kitchen"",""family"":""mobile-kitchen"",""model"":""new-38ft-all-electric-kitchen"",""assignedFiles"":[""/media/equipment-drive/38ft-all-electric-kitchen/38ft-all-electric-kitchen-multifunctional-exterior.png""],""reviewIds"":[""26.01""],""imageAlts"":[""Multifunctional trailer exterior with black steps, a stainless work area and an open shower/toilet compartment""],""interiorCount"":0,""exteriorCount"":1,""caption"":""Client-supplied 38 ft all-electric multifunctional kitchen reference. Shower/toilet compartment visible; confirm the cooking layout, electrical specification and dimensions.""},{""exactTitle"":""20 ft Shower Trailer"",""family"":""shower-trailer"",""model"":""model-21"",""assignedFiles"":[""/media/equipment-drive/shower-trailers/20-ft-shower-trailer-5-stalls-with-handwashing-sink/mobile-shower-trailer-wash-station.png"",""/media/equipment-drive/shower-trailers/20-ft-shower-trailer-5-stalls-with-handwashing-sink/multi-station-shower-trailer-exterior.png"",""/media/equipment-drive/shower-trailers/20-ft-shower-trailer-5-stalls-with-handwashing-sink/private-shower-trailer-stall-interior.png"",""/media/equipment-drive/shower-trailers/20-ft-shower-trailer-5-stalls-with-handwashing-sink/shower-trailer-exterior-with-private-shower-stall.png"",""/media/equipment-drive/shower-trailers/20-ft-shower-trailer-5-stalls-with-handwashing-sink/shower-trailer-rear-exterior-view.png"",""/media/equipment-drive/shower-trailers/20-ft-shower-trailer-5-stalls-with-handwashing-sink/shower-trailer-sink-and-mirror-area.png""],""reviewIds"":[""21.01"",""21.02"",""21.04"",""21.05"",""21.07"",""21.08""],""imageAlts"":[""Private shower-only stall with overhead shower and hand shower"",""Rear exterior of the shower-only trailer inside a warehouse"",""External handwashing sinks at the rear of the shower trailer"",""Private external entrances on the shower-only trailer"",""Angled exterior view of the shower-only trailer inside a warehouse"",""Externally accessible sinks and mirrors on the shower trailer""],""interiorCount"":1,""exteriorCount"":5,""caption"":""20 ft, five-stall shower-trailer reference set with external handwashing sinks. These are not photographs of the separate 22 ft, ten-stall option. Confirm the available unit with your quote.""}]","Intentional separately labelled equipment options for the broad title: Office, Sleeper and Shower & Restroom Trailer [office-sleeper-hygiene-trailer; new-office-sleeper-shower-restroom]; 38ft All Electric Kitchen [mobile-kitchen; new-38ft-all-electric-kitchen]; 20 ft Shower Trailer [shower-trailer; model-21]. Each product has its own isolated carousel and full-image viewer; no product types are mixed within a carousel.","PASS"
"page","/service-areas/massachusetts/berkshires/","","Berkshires, Massachusetts Remote Operations Man Camp Temporary Facilities Rental","separate-options","3","[{""exactTitle"":""Office, Sleeper and Shower & Restroom Trailer"",""family"":""office-sleeper-hygiene-trailer"",""model"":""new-office-sleeper-shower-restroom"",""assignedFiles"":[""/media/equipment-drive/office-sleeper-shower-restroom-trailer/office-sleeper-shower-restroom-trailer-exterior.png""],""reviewIds"":[""27.01""],""imageAlts"":[""Office, sleeper, shower and restroom trailer exterior with separate steps, visible bunks and an open shower/toilet room""],""interiorCount"":0,""exteriorCount"":1,""caption"":""Combined office, sleeper, shower and restroom reference. Bunks and shower/toilet room visible; office interior and dimensions are not shown. Confirm layout before booking.""},{""exactTitle"":""38ft All Electric Kitchen"",""family"":""mobile-kitchen"",""model"":""new-38ft-all-electric-kitchen"",""assignedFiles"":[""/media/equipment-drive/38ft-all-electric-kitchen/38ft-all-electric-kitchen-multifunctional-exterior.png""],""reviewIds"":[""26.01""],""imageAlts"":[""Multifunctional trailer exterior with black steps, a stainless work area and an open shower/toilet compartment""],""interiorCount"":0,""exteriorCount"":1,""caption"":""Client-supplied 38 ft all-electric multifunctional kitchen reference. Shower/toilet compartment visible; confirm the cooking layout, electrical specification and dimensions.""},{""exactTitle"":""20 ft Shower Trailer"",""family"":""shower-trailer"",""model"":""model-21"",""assignedFiles"":[""/media/equipment-drive/shower-trailers/20-ft-shower-trailer-5-stalls-with-handwashing-sink/mobile-shower-trailer-wash-station.png"",""/media/equipment-drive/shower-trailers/20-ft-shower-trailer-5-stalls-with-handwashing-sink/multi-station-shower-trailer-exterior.png"",""/media/equipment-drive/shower-trailers/20-ft-shower-trailer-5-stalls-with-handwashing-sink/private-shower-trailer-stall-interior.png"",""/media/equipment-drive/shower-trailers/20-ft-shower-trailer-5-stalls-with-handwashing-sink/shower-trailer-exterior-with-private-shower-stall.png"",""/media/equipment-drive/shower-trailers/20-ft-shower-trailer-5-stalls-with-handwashing-sink/shower-trailer-rear-exterior-view.png"",""/media/equipment-drive/shower-trailers/20-ft-shower-trailer-5-stalls-with-handwashing-sink/shower-trailer-sink-and-mirror-area.png""],""reviewIds"":[""21.01"",""21.02"",""21.04"",""21.05"",""21.07"",""21.08""],""imageAlts"":[""Private shower-only stall with overhead shower and hand shower"",""Rear exterior of the shower-only trailer inside a warehouse"",""External handwashing sinks at the rear of the shower trailer"",""Private external entrances on the shower-only trailer"",""Angled exterior view of the shower-only trailer inside a warehouse"",""Externally accessible sinks and mirrors on the shower trailer""],""interiorCount"":1,""exteriorCount"":5,""caption"":""20 ft, five-stall shower-trailer reference set with external handwashing sinks. These are not photographs of the separate 22 ft, ten-stall option. Confirm the available unit with your quote.""}]","Intentional separately labelled equipment options for the broad title: Office, Sleeper and Shower & Restroom Trailer [office-sleeper-hygiene-trailer; new-office-sleeper-shower-restroom]; 38ft All Electric Kitchen [mobile-kitchen; new-38ft-all-electric-kitchen]; 20 ft Shower Trailer [shower-trailer; model-21]. Each product has its own isolated carousel and full-image viewer; no product types are mixed within a carousel.","PASS"
"page","/service-areas/michigan/southeast-michigan/","","Southeast Michigan, Michigan Remote Operations Man Camp Temporary Facilities Rental","separate-options","3","[{""exactTitle"":""Office, Sleeper and Shower & Restroom Trailer"",""family"":""office-sleeper-hygiene-trailer"",""model"":""new-office-sleeper-shower-restroom"",""assignedFiles"":[""/media/equipment-drive/office-sleeper-shower-restroom-trailer/office-sleeper-shower-restroom-trailer-exterior.png""],""reviewIds"":[""27.01""],""imageAlts"":[""Office, sleeper, shower and restroom trailer exterior with separate steps, visible bunks and an open shower/toilet room""],""interiorCount"":0,""exteriorCount"":1,""caption"":""Combined office, sleeper, shower and restroom reference. Bunks and shower/toilet room visible; office interior and dimensions are not shown. Confirm layout before booking.""},{""exactTitle"":""38ft All Electric Kitchen"",""family"":""mobile-kitchen"",""model"":""new-38ft-all-electric-kitchen"",""assignedFiles"":[""/media/equipment-drive/38ft-all-electric-kitchen/38ft-all-electric-kitchen-multifunctional-exterior.png""],""reviewIds"":[""26.01""],""imageAlts"":[""Multifunctional trailer exterior with black steps, a stainless work area and an open shower/toilet compartment""],""interiorCount"":0,""exteriorCount"":1,""caption"":""Client-supplied 38 ft all-electric multifunctional kitchen reference. Shower/toilet compartment visible; confirm the cooking layout, electrical specification and dimensions.""},{""exactTitle"":""20 ft Shower Trailer"",""family"":""shower-trailer"",""model"":""model-21"",""assignedFiles"":[""/media/equipment-drive/shower-trailers/20-ft-shower-trailer-5-stalls-with-handwashing-sink/mobile-shower-trailer-wash-station.png"",""/media/equipment-drive/shower-trailers/20-ft-shower-trailer-5-stalls-with-handwashing-sink/multi-station-shower-trailer-exterior.png"",""/media/equipment-drive/shower-trailers/20-ft-shower-trailer-5-stalls-with-handwashing-sink/private-shower-trailer-stall-interior.png"",""/media/equipment-drive/shower-trailers/20-ft-shower-trailer-5-stalls-with-handwashing-sink/shower-trailer-exterior-with-private-shower-stall.png"",""/media/equipment-drive/shower-trailers/20-ft-shower-trailer-5-stalls-with-handwashing-sink/shower-trailer-rear-exterior-view.png"",""/media/equipment-drive/shower-trailers/20-ft-shower-trailer-5-stalls-with-handwashing-sink/shower-trailer-sink-and-mirror-area.png""],""reviewIds"":[""21.01"",""21.02"",""21.04"",""21.05"",""21.07"",""21.08""],""imageAlts"":[""Private shower-only stall with overhead shower and hand shower"",""Rear exterior of the shower-only trailer inside a warehouse"",""External handwashing sinks at the rear of the shower trailer"",""Private external entrances on the shower-only trailer"",""Angled exterior view of the shower-only trailer inside a warehouse"",""Externally accessible sinks and mirrors on the shower trailer""],""interiorCount"":1,""exteriorCount"":5,""caption"":""20 ft, five-stall shower-trailer reference set with external handwashing sinks. These are not photographs of the separate 22 ft, ten-stall option. Confirm the available unit with your quote.""}]","Intentional separately labelled equipment options for the broad title: Office, Sleeper and Shower & Restroom Trailer [office-sleeper-hygiene-trailer; new-office-sleeper-shower-restroom]; 38ft All Electric Kitchen [mobile-kitchen; new-38ft-all-electric-kitchen]; 20 ft Shower Trailer [shower-trailer; model-21]. Each product has its own isolated carousel and full-image viewer; no product types are mixed within a carousel.","PASS"
"page","/service-areas/minnesota/southern-minnesota/","","Southern Minnesota, Minnesota Remote Operations Man Camp Temporary Facilities Rental","separate-options","3","[{""exactTitle"":""Office, Sleeper and Shower & Restroom Trailer"",""family"":""office-sleeper-hygiene-trailer"",""model"":""new-office-sleeper-shower-restroom"",""assignedFiles"":[""/media/equipment-drive/office-sleeper-shower-restroom-trailer/office-sleeper-shower-restroom-trailer-exterior.png""],""reviewIds"":[""27.01""],""imageAlts"":[""Office, sleeper, shower and restroom trailer exterior with separate steps, visible bunks and an open shower/toilet room""],""interiorCount"":0,""exteriorCount"":1,""caption"":""Combined office, sleeper, shower and restroom reference. Bunks and shower/toilet room visible; office interior and dimensions are not shown. Confirm layout before booking.""},{""exactTitle"":""38ft All Electric Kitchen"",""family"":""mobile-kitchen"",""model"":""new-38ft-all-electric-kitchen"",""assignedFiles"":[""/media/equipment-drive/38ft-all-electric-kitchen/38ft-all-electric-kitchen-multifunctional-exterior.png""],""reviewIds"":[""26.01""],""imageAlts"":[""Multifunctional trailer exterior with black steps, a stainless work area and an open shower/toilet compartment""],""interiorCount"":0,""exteriorCount"":1,""caption"":""Client-supplied 38 ft all-electric multifunctional kitchen reference. Shower/toilet compartment visible; confirm the cooking layout, electrical specification and dimensions.""},{""exactTitle"":""20 ft Shower Trailer"",""family"":""shower-trailer"",""model"":""model-21"",""assignedFiles"":[""/media/equipment-drive/shower-trailers/20-ft-shower-trailer-5-stalls-with-handwashing-sink/mobile-shower-trailer-wash-station.png"",""/media/equipment-drive/shower-trailers/20-ft-shower-trailer-5-stalls-with-handwashing-sink/multi-station-shower-trailer-exterior.png"",""/media/equipment-drive/shower-trailers/20-ft-shower-trailer-5-stalls-with-handwashing-sink/private-shower-trailer-stall-interior.png"",""/media/equipment-drive/shower-trailers/20-ft-shower-trailer-5-stalls-with-handwashing-sink/shower-trailer-exterior-with-private-shower-stall.png"",""/media/equipment-drive/shower-trailers/20-ft-shower-trailer-5-stalls-with-handwashing-sink/shower-trailer-rear-exterior-view.png"",""/media/equipment-drive/shower-trailers/20-ft-shower-trailer-5-stalls-with-handwashing-sink/shower-trailer-sink-and-mirror-area.png""],""reviewIds"":[""21.01"",""21.02"",""21.04"",""21.05"",""21.07"",""21.08""],""imageAlts"":[""Private shower-only stall with overhead shower and hand shower"",""Rear exterior of the shower-only trailer inside a warehouse"",""External handwashing sinks at the rear of the shower trailer"",""Private external entrances on the shower-only trailer"",""Angled exterior view of the shower-only trailer inside a warehouse"",""Externally accessible sinks and mirrors on the shower trailer""],""interiorCount"":1,""exteriorCount"":5,""caption"":""20 ft, five-stall shower-trailer reference set with external handwashing sinks. These are not photographs of the separate 22 ft, ten-stall option. Confirm the available unit with your quote.""}]","Intentional separately labelled equipment options for the broad title: Office, Sleeper and Shower & Restroom Trailer [office-sleeper-hygiene-trailer; new-office-sleeper-shower-restroom]; 38ft All Electric Kitchen [mobile-kitchen; new-38ft-all-electric-kitchen]; 20 ft Shower Trailer [shower-trailer; model-21]. Each product has its own isolated carousel and full-image viewer; no product types are mixed within a carousel.","PASS"
"page","/service-areas/mississippi/hills/","","Hills, Mississippi Remote Operations Man Camp Temporary Facilities Rental","separate-options","3","[{""exactTitle"":""Office, Sleeper and Shower & Restroom Trailer"",""family"":""office-sleeper-hygiene-trailer"",""model"":""new-office-sleeper-shower-restroom"",""assignedFiles"":[""/media/equipment-drive/office-sleeper-shower-restroom-trailer/office-sleeper-shower-restroom-trailer-exterior.png""],""reviewIds"":[""27.01""],""imageAlts"":[""Office, sleeper, shower and restroom trailer exterior with separate steps, visible bunks and an open shower/toilet room""],""interiorCount"":0,""exteriorCount"":1,""caption"":""Combined office, sleeper, shower and restroom reference. Bunks and shower/toilet room visible; office interior and dimensions are not shown. Confirm layout before booking.""},{""exactTitle"":""38ft All Electric Kitchen"",""family"":""mobile-kitchen"",""model"":""new-38ft-all-electric-kitchen"",""assignedFiles"":[""/media/equipment-drive/38ft-all-electric-kitchen/38ft-all-electric-kitchen-multifunctional-exterior.png""],""reviewIds"":[""26.01""],""imageAlts"":[""Multifunctional trailer exterior with black steps, a stainless work area and an open shower/toilet compartment""],""interiorCount"":0,""exteriorCount"":1,""caption"":""Client-supplied 38 ft all-electric multifunctional kitchen reference. Shower/toilet compartment visible; confirm the cooking layout, electrical specification and dimensions.""},{""exactTitle"":""20 ft Shower Trailer"",""family"":""shower-trailer"",""model"":""model-21"",""assignedFiles"":[""/media/equipment-drive/shower-trailers/20-ft-shower-trailer-5-stalls-with-handwashing-sink/mobile-shower-trailer-wash-station.png"",""/media/equipment-drive/shower-trailers/20-ft-shower-trailer-5-stalls-with-handwashing-sink/multi-station-shower-trailer-exterior.png"",""/media/equipment-drive/shower-trailers/20-ft-shower-trailer-5-stalls-with-handwashing-sink/private-shower-trailer-stall-interior.png"",""/media/equipment-drive/shower-trailers/20-ft-shower-trailer-5-stalls-with-handwashing-sink/shower-trailer-exterior-with-private-shower-stall.png"",""/media/equipment-drive/shower-trailers/20-ft-shower-trailer-5-stalls-with-handwashing-sink/shower-trailer-rear-exterior-view.png"",""/media/equipment-drive/shower-trailers/20-ft-shower-trailer-5-stalls-with-handwashing-sink/shower-trailer-sink-and-mirror-area.png""],""reviewIds"":[""21.01"",""21.02"",""21.04"",""21.05"",""21.07"",""21.08""],""imageAlts"":[""Private shower-only stall with overhead shower and hand shower"",""Rear exterior of the shower-only trailer inside a warehouse"",""External handwashing sinks at the rear of the shower trailer"",""Private external entrances on the shower-only trailer"",""Angled exterior view of the shower-only trailer inside a warehouse"",""Externally accessible sinks and mirrors on the shower trailer""],""interiorCount"":1,""exteriorCount"":5,""caption"":""20 ft, five-stall shower-trailer reference set with external handwashing sinks. These are not photographs of the separate 22 ft, ten-stall option. Confirm the available unit with your quote.""}]","Intentional separately labelled equipment options for the broad title: Office, Sleeper and Shower & Restroom Trailer [office-sleeper-hygiene-trailer; new-office-sleeper-shower-restroom]; 38ft All Electric Kitchen [mobile-kitchen; new-38ft-all-electric-kitchen]; 20 ft Shower Trailer [shower-trailer; model-21]. Each product has its own isolated carousel and full-image viewer; no product types are mixed within a carousel.","PASS"
"page","/service-areas/montana/yellowstone-country/","","Yellowstone Country, Montana Remote Operations Man Camp Temporary Facilities Rental","separate-options","3","[{""exactTitle"":""Office, Sleeper and Shower & Restroom Trailer"",""family"":""office-sleeper-hygiene-trailer"",""model"":""new-office-sleeper-shower-restroom"",""assignedFiles"":[""/media/equipment-drive/office-sleeper-shower-restroom-trailer/office-sleeper-shower-restroom-trailer-exterior.png""],""reviewIds"":[""27.01""],""imageAlts"":[""Office, sleeper, shower and restroom trailer exterior with separate steps, visible bunks and an open shower/toilet room""],""interiorCount"":0,""exteriorCount"":1,""caption"":""Combined office, sleeper, shower and restroom reference. Bunks and shower/toilet room visible; office interior and dimensions are not shown. Confirm layout before booking.""},{""exactTitle"":""38ft All Electric Kitchen"",""family"":""mobile-kitchen"",""model"":""new-38ft-all-electric-kitchen"",""assignedFiles"":[""/media/equipment-drive/38ft-all-electric-kitchen/38ft-all-electric-kitchen-multifunctional-exterior.png""],""reviewIds"":[""26.01""],""imageAlts"":[""Multifunctional trailer exterior with black steps, a stainless work area and an open shower/toilet compartment""],""interiorCount"":0,""exteriorCount"":1,""caption"":""Client-supplied 38 ft all-electric multifunctional kitchen reference. Shower/toilet compartment visible; confirm the cooking layout, electrical specification and dimensions.""},{""exactTitle"":""20 ft Shower Trailer"",""family"":""shower-trailer"",""model"":""model-21"",""assignedFiles"":[""/media/equipment-drive/shower-trailers/20-ft-shower-trailer-5-stalls-with-handwashing-sink/mobile-shower-trailer-wash-station.png"",""/media/equipment-drive/shower-trailers/20-ft-shower-trailer-5-stalls-with-handwashing-sink/multi-station-shower-trailer-exterior.png"",""/media/equipment-drive/shower-trailers/20-ft-shower-trailer-5-stalls-with-handwashing-sink/private-shower-trailer-stall-interior.png"",""/media/equipment-drive/shower-trailers/20-ft-shower-trailer-5-stalls-with-handwashing-sink/shower-trailer-exterior-with-private-shower-stall.png"",""/media/equipment-drive/shower-trailers/20-ft-shower-trailer-5-stalls-with-handwashing-sink/shower-trailer-rear-exterior-view.png"",""/media/equipment-drive/shower-trailers/20-ft-shower-trailer-5-stalls-with-handwashing-sink/shower-trailer-sink-and-mirror-area.png""],""reviewIds"":[""21.01"",""21.02"",""21.04"",""21.05"",""21.07"",""21.08""],""imageAlts"":[""Private shower-only stall with overhead shower and hand shower"",""Rear exterior of the shower-only trailer inside a warehouse"",""External handwashing sinks at the rear of the shower trailer"",""Private external entrances on the shower-only trailer"",""Angled exterior view of the shower-only trailer inside a warehouse"",""Externally accessible sinks and mirrors on the shower trailer""],""interiorCount"":1,""exteriorCount"":5,""caption"":""20 ft, five-stall shower-trailer reference set with external handwashing sinks. These are not photographs of the separate 22 ft, ten-stall option. Confirm the available unit with your quote.""}]","Intentional separately labelled equipment options for the broad title: Office, Sleeper and Shower & Restroom Trailer [office-sleeper-hygiene-trailer; new-office-sleeper-shower-restroom]; 38ft All Electric Kitchen [mobile-kitchen; new-38ft-all-electric-kitchen]; 20 ft Shower Trailer [shower-trailer; model-21]. Each product has its own isolated carousel and full-image viewer; no product types are mixed within a carousel.","PASS"
"page","/service-areas/nebraska/sandhills/","","Sandhills, Nebraska Remote Operations Man Camp Temporary Facilities Rental","separate-options","3","[{""exactTitle"":""Office, Sleeper and Shower & Restroom Trailer"",""family"":""office-sleeper-hygiene-trailer"",""model"":""new-office-sleeper-shower-restroom"",""assignedFiles"":[""/media/equipment-drive/office-sleeper-shower-restroom-trailer/office-sleeper-shower-restroom-trailer-exterior.png""],""reviewIds"":[""27.01""],""imageAlts"":[""Office, sleeper, shower and restroom trailer exterior with separate steps, visible bunks and an open shower/toilet room""],""interiorCount"":0,""exteriorCount"":1,""caption"":""Combined office, sleeper, shower and restroom reference. Bunks and shower/toilet room visible; office interior and dimensions are not shown. Confirm layout before booking.""},{""exactTitle"":""38ft All Electric Kitchen"",""family"":""mobile-kitchen"",""model"":""new-38ft-all-electric-kitchen"",""assignedFiles"":[""/media/equipment-drive/38ft-all-electric-kitchen/38ft-all-electric-kitchen-multifunctional-exterior.png""],""reviewIds"":[""26.01""],""imageAlts"":[""Multifunctional trailer exterior with black steps, a stainless work area and an open shower/toilet compartment""],""interiorCount"":0,""exteriorCount"":1,""caption"":""Client-supplied 38 ft all-electric multifunctional kitchen reference. Shower/toilet compartment visible; confirm the cooking layout, electrical specification and dimensions.""},{""exactTitle"":""20 ft Shower Trailer"",""family"":""shower-trailer"",""model"":""model-21"",""assignedFiles"":[""/media/equipment-drive/shower-trailers/20-ft-shower-trailer-5-stalls-with-handwashing-sink/mobile-shower-trailer-wash-station.png"",""/media/equipment-drive/shower-trailers/20-ft-shower-trailer-5-stalls-with-handwashing-sink/multi-station-shower-trailer-exterior.png"",""/media/equipment-drive/shower-trailers/20-ft-shower-trailer-5-stalls-with-handwashing-sink/private-shower-trailer-stall-interior.png"",""/media/equipment-drive/shower-trailers/20-ft-shower-trailer-5-stalls-with-handwashing-sink/shower-trailer-exterior-with-private-shower-stall.png"",""/media/equipment-drive/shower-trailers/20-ft-shower-trailer-5-stalls-with-handwashing-sink/shower-trailer-rear-exterior-view.png"",""/media/equipment-drive/shower-trailers/20-ft-shower-trailer-5-stalls-with-handwashing-sink/shower-trailer-sink-and-mirror-area.png""],""reviewIds"":[""21.01"",""21.02"",""21.04"",""21.05"",""21.07"",""21.08""],""imageAlts"":[""Private shower-only stall with overhead shower and hand shower"",""Rear exterior of the shower-only trailer inside a warehouse"",""External handwashing sinks at the rear of the shower trailer"",""Private external entrances on the shower-only trailer"",""Angled exterior view of the shower-only trailer inside a warehouse"",""Externally accessible sinks and mirrors on the shower trailer""],""interiorCount"":1,""exteriorCount"":5,""caption"":""20 ft, five-stall shower-trailer reference set with external handwashing sinks. These are not photographs of the separate 22 ft, ten-stall option. Confirm the available unit with your quote.""}]","Intentional separately labelled equipment options for the broad title: Office, Sleeper and Shower & Restroom Trailer [office-sleeper-hygiene-trailer; new-office-sleeper-shower-restroom]; 38ft All Electric Kitchen [mobile-kitchen; new-38ft-all-electric-kitchen]; 20 ft Shower Trailer [shower-trailer; model-21]. Each product has its own isolated carousel and full-image viewer; no product types are mixed within a carousel.","PASS"
"page","/service-areas/nevada/reno-tahoe/","","Reno Tahoe, Nevada Remote Operations Man Camp Temporary Facilities Rental","separate-options","3","[{""exactTitle"":""Office, Sleeper and Shower & Restroom Trailer"",""family"":""office-sleeper-hygiene-trailer"",""model"":""new-office-sleeper-shower-restroom"",""assignedFiles"":[""/media/equipment-drive/office-sleeper-shower-restroom-trailer/office-sleeper-shower-restroom-trailer-exterior.png""],""reviewIds"":[""27.01""],""imageAlts"":[""Office, sleeper, shower and restroom trailer exterior with separate steps, visible bunks and an open shower/toilet room""],""interiorCount"":0,""exteriorCount"":1,""caption"":""Combined office, sleeper, shower and restroom reference. Bunks and shower/toilet room visible; office interior and dimensions are not shown. Confirm layout before booking.""},{""exactTitle"":""38ft All Electric Kitchen"",""family"":""mobile-kitchen"",""model"":""new-38ft-all-electric-kitchen"",""assignedFiles"":[""/media/equipment-drive/38ft-all-electric-kitchen/38ft-all-electric-kitchen-multifunctional-exterior.png""],""reviewIds"":[""26.01""],""imageAlts"":[""Multifunctional trailer exterior with black steps, a stainless work area and an open shower/toilet compartment""],""interiorCount"":0,""exteriorCount"":1,""caption"":""Client-supplied 38 ft all-electric multifunctional kitchen reference. Shower/toilet compartment visible; confirm the cooking layout, electrical specification and dimensions.""},{""exactTitle"":""20 ft Shower Trailer"",""family"":""shower-trailer"",""model"":""model-21"",""assignedFiles"":[""/media/equipment-drive/shower-trailers/20-ft-shower-trailer-5-stalls-with-handwashing-sink/mobile-shower-trailer-wash-station.png"",""/media/equipment-drive/shower-trailers/20-ft-shower-trailer-5-stalls-with-handwashing-sink/multi-station-shower-trailer-exterior.png"",""/media/equipment-drive/shower-trailers/20-ft-shower-trailer-5-stalls-with-handwashing-sink/private-shower-trailer-stall-interior.png"",""/media/equipment-drive/shower-trailers/20-ft-shower-trailer-5-stalls-with-handwashing-sink/shower-trailer-exterior-with-private-shower-stall.png"",""/media/equipment-drive/shower-trailers/20-ft-shower-trailer-5-stalls-with-handwashing-sink/shower-trailer-rear-exterior-view.png"",""/media/equipment-drive/shower-trailers/20-ft-shower-trailer-5-stalls-with-handwashing-sink/shower-trailer-sink-and-mirror-area.png""],""reviewIds"":[""21.01"",""21.02"",""21.04"",""21.05"",""21.07"",""21.08""],""imageAlts"":[""Private shower-only stall with overhead shower and hand shower"",""Rear exterior of the shower-only trailer inside a warehouse"",""External handwashing sinks at the rear of the shower trailer"",""Private external entrances on the shower-only trailer"",""Angled exterior view of the shower-only trailer inside a warehouse"",""Externally accessible sinks and mirrors on the shower trailer""],""interiorCount"":1,""exteriorCount"":5,""caption"":""20 ft, five-stall shower-trailer reference set with external handwashing sinks. These are not photographs of the separate 22 ft, ten-stall option. Confirm the available unit with your quote.""}]","Intentional separately labelled equipment options for the broad title: Office, Sleeper and Shower & Restroom Trailer [office-sleeper-hygiene-trailer; new-office-sleeper-shower-restroom]; 38ft All Electric Kitchen [mobile-kitchen; new-38ft-all-electric-kitchen]; 20 ft Shower Trailer [shower-trailer; model-21]. Each product has its own isolated carousel and full-image viewer; no product types are mixed within a carousel.","PASS"
"page","/service-areas/new-hampshire/dartmouth-lake-sunapee/","","Dartmouth Lake Sunapee, New Hampshire Remote Operations Man Camp Temporary Facilities Rental","separate-options","3","[{""exactTitle"":""Office, Sleeper and Shower & Restroom Trailer"",""family"":""office-sleeper-hygiene-trailer"",""model"":""new-office-sleeper-shower-restroom"",""assignedFiles"":[""/media/equipment-drive/office-sleeper-shower-restroom-trailer/office-sleeper-shower-restroom-trailer-exterior.png""],""reviewIds"":[""27.01""],""imageAlts"":[""Office, sleeper, shower and restroom trailer exterior with separate steps, visible bunks and an open shower/toilet room""],""interiorCount"":0,""exteriorCount"":1,""caption"":""Combined office, sleeper, shower and restroom reference. Bunks and shower/toilet room visible; office interior and dimensions are not shown. Confirm layout before booking.""},{""exactTitle"":""38ft All Electric Kitchen"",""family"":""mobile-kitchen"",""model"":""new-38ft-all-electric-kitchen"",""assignedFiles"":[""/media/equipment-drive/38ft-all-electric-kitchen/38ft-all-electric-kitchen-multifunctional-exterior.png""],""reviewIds"":[""26.01""],""imageAlts"":[""Multifunctional trailer exterior with black steps, a stainless work area and an open shower/toilet compartment""],""interiorCount"":0,""exteriorCount"":1,""caption"":""Client-supplied 38 ft all-electric multifunctional kitchen reference. Shower/toilet compartment visible; confirm the cooking layout, electrical specification and dimensions.""},{""exactTitle"":""20 ft Shower Trailer"",""family"":""shower-trailer"",""model"":""model-21"",""assignedFiles"":[""/media/equipment-drive/shower-trailers/20-ft-shower-trailer-5-stalls-with-handwashing-sink/mobile-shower-trailer-wash-station.png"",""/media/equipment-drive/shower-trailers/20-ft-shower-trailer-5-stalls-with-handwashing-sink/multi-station-shower-trailer-exterior.png"",""/media/equipment-drive/shower-trailers/20-ft-shower-trailer-5-stalls-with-handwashing-sink/private-shower-trailer-stall-interior.png"",""/media/equipment-drive/shower-trailers/20-ft-shower-trailer-5-stalls-with-handwashing-sink/shower-trailer-exterior-with-private-shower-stall.png"",""/media/equipment-drive/shower-trailers/20-ft-shower-trailer-5-stalls-with-handwashing-sink/shower-trailer-rear-exterior-view.png"",""/media/equipment-drive/shower-trailers/20-ft-shower-trailer-5-stalls-with-handwashing-sink/shower-trailer-sink-and-mirror-area.png""],""reviewIds"":[""21.01"",""21.02"",""21.04"",""21.05"",""21.07"",""21.08""],""imageAlts"":[""Private shower-only stall with overhead shower and hand shower"",""Rear exterior of the shower-only trailer inside a warehouse"",""External handwashing sinks at the rear of the shower trailer"",""Private external entrances on the shower-only trailer"",""Angled exterior view of the shower-only trailer inside a warehouse"",""Externally accessible sinks and mirrors on the shower trailer""],""interiorCount"":1,""exteriorCount"":5,""caption"":""20 ft, five-stall shower-trailer reference set with external handwashing sinks. These are not photographs of the separate 22 ft, ten-stall option. Confirm the available unit with your quote.""}]","Intentional separately labelled equipment options for the broad title: Office, Sleeper and Shower & Restroom Trailer [office-sleeper-hygiene-trailer; new-office-sleeper-shower-restroom]; 38ft All Electric Kitchen [mobile-kitchen; new-38ft-all-electric-kitchen]; 20 ft Shower Trailer [shower-trailer; model-21]. Each product has its own isolated carousel and full-image viewer; no product types are mixed within a carousel.","PASS"
"page","/service-areas/new-jersey/skylands/","","Skylands, New Jersey Remote Operations Man Camp Temporary Facilities Rental","separate-options","3","[{""exactTitle"":""Office, Sleeper and Shower & Restroom Trailer"",""family"":""office-sleeper-hygiene-trailer"",""model"":""new-office-sleeper-shower-restroom"",""assignedFiles"":[""/media/equipment-drive/office-sleeper-shower-restroom-trailer/office-sleeper-shower-restroom-trailer-exterior.png""],""reviewIds"":[""27.01""],""imageAlts"":[""Office, sleeper, shower and restroom trailer exterior with separate steps, visible bunks and an open shower/toilet room""],""interiorCount"":0,""exteriorCount"":1,""caption"":""Combined office, sleeper, shower and restroom reference. Bunks and shower/toilet room visible; office interior and dimensions are not shown. Confirm layout before booking.""},{""exactTitle"":""38ft All Electric Kitchen"",""family"":""mobile-kitchen"",""model"":""new-38ft-all-electric-kitchen"",""assignedFiles"":[""/media/equipment-drive/38ft-all-electric-kitchen/38ft-all-electric-kitchen-multifunctional-exterior.png""],""reviewIds"":[""26.01""],""imageAlts"":[""Multifunctional trailer exterior with black steps, a stainless work area and an open shower/toilet compartment""],""interiorCount"":0,""exteriorCount"":1,""caption"":""Client-supplied 38 ft all-electric multifunctional kitchen reference. Shower/toilet compartment visible; confirm the cooking layout, electrical specification and dimensions.""},{""exactTitle"":""20 ft Shower Trailer"",""family"":""shower-trailer"",""model"":""model-21"",""assignedFiles"":[""/media/equipment-drive/shower-trailers/20-ft-shower-trailer-5-stalls-with-handwashing-sink/mobile-shower-trailer-wash-station.png"",""/media/equipment-drive/shower-trailers/20-ft-shower-trailer-5-stalls-with-handwashing-sink/multi-station-shower-trailer-exterior.png"",""/media/equipment-drive/shower-trailers/20-ft-shower-trailer-5-stalls-with-handwashing-sink/private-shower-trailer-stall-interior.png"",""/media/equipment-drive/shower-trailers/20-ft-shower-trailer-5-stalls-with-handwashing-sink/shower-trailer-exterior-with-private-shower-stall.png"",""/media/equipment-drive/shower-trailers/20-ft-shower-trailer-5-stalls-with-handwashing-sink/shower-trailer-rear-exterior-view.png"",""/media/equipment-drive/shower-trailers/20-ft-shower-trailer-5-stalls-with-handwashing-sink/shower-trailer-sink-and-mirror-area.png""],""reviewIds"":[""21.01"",""21.02"",""21.04"",""21.05"",""21.07"",""21.08""],""imageAlts"":[""Private shower-only stall with overhead shower and hand shower"",""Rear exterior of the shower-only trailer inside a warehouse"",""External handwashing sinks at the rear of the shower trailer"",""Private external entrances on the shower-only trailer"",""Angled exterior view of the shower-only trailer inside a warehouse"",""Externally accessible sinks and mirrors on the shower trailer""],""interiorCount"":1,""exteriorCount"":5,""caption"":""20 ft, five-stall shower-trailer reference set with external handwashing sinks. These are not photographs of the separate 22 ft, ten-stall option. Confirm the available unit with your quote.""}]","Intentional separately labelled equipment options for the broad title: Office, Sleeper and Shower & Restroom Trailer [office-sleeper-hygiene-trailer; new-office-sleeper-shower-restroom]; 38ft All Electric Kitchen [mobile-kitchen; new-38ft-all-electric-kitchen]; 20 ft Shower Trailer [shower-trailer; model-21]. Each product has its own isolated carousel and full-image viewer; no product types are mixed within a carousel.","PASS"
"page","/service-areas/new-mexico/southeast-new-mexico/","","Southeast New Mexico, New Mexico Remote Operations Man Camp Temporary Facilities Rental","separate-options","3","[{""exactTitle"":""Office, Sleeper and Shower & Restroom Trailer"",""family"":""office-sleeper-hygiene-trailer"",""model"":""new-office-sleeper-shower-restroom"",""assignedFiles"":[""/media/equipment-drive/office-sleeper-shower-restroom-trailer/office-sleeper-shower-restroom-trailer-exterior.png""],""reviewIds"":[""27.01""],""imageAlts"":[""Office, sleeper, shower and restroom trailer exterior with separate steps, visible bunks and an open shower/toilet room""],""interiorCount"":0,""exteriorCount"":1,""caption"":""Combined office, sleeper, shower and restroom reference. Bunks and shower/toilet room visible; office interior and dimensions are not shown. Confirm layout before booking.""},{""exactTitle"":""38ft All Electric Kitchen"",""family"":""mobile-kitchen"",""model"":""new-38ft-all-electric-kitchen"",""assignedFiles"":[""/media/equipment-drive/38ft-all-electric-kitchen/38ft-all-electric-kitchen-multifunctional-exterior.png""],""reviewIds"":[""26.01""],""imageAlts"":[""Multifunctional trailer exterior with black steps, a stainless work area and an open shower/toilet compartment""],""interiorCount"":0,""exteriorCount"":1,""caption"":""Client-supplied 38 ft all-electric multifunctional kitchen reference. Shower/toilet compartment visible; confirm the cooking layout, electrical specification and dimensions.""},{""exactTitle"":""20 ft Shower Trailer"",""family"":""shower-trailer"",""model"":""model-21"",""assignedFiles"":[""/media/equipment-drive/shower-trailers/20-ft-shower-trailer-5-stalls-with-handwashing-sink/mobile-shower-trailer-wash-station.png"",""/media/equipment-drive/shower-trailers/20-ft-shower-trailer-5-stalls-with-handwashing-sink/multi-station-shower-trailer-exterior.png"",""/media/equipment-drive/shower-trailers/20-ft-shower-trailer-5-stalls-with-handwashing-sink/private-shower-trailer-stall-interior.png"",""/media/equipment-drive/shower-trailers/20-ft-shower-trailer-5-stalls-with-handwashing-sink/shower-trailer-exterior-with-private-shower-stall.png"",""/media/equipment-drive/shower-trailers/20-ft-shower-trailer-5-stalls-with-handwashing-sink/shower-trailer-rear-exterior-view.png"",""/media/equipment-drive/shower-trailers/20-ft-shower-trailer-5-stalls-with-handwashing-sink/shower-trailer-sink-and-mirror-area.png""],""reviewIds"":[""21.01"",""21.02"",""21.04"",""21.05"",""21.07"",""21.08""],""imageAlts"":[""Private shower-only stall with overhead shower and hand shower"",""Rear exterior of the shower-only trailer inside a warehouse"",""External handwashing sinks at the rear of the shower trailer"",""Private external entrances on the shower-only trailer"",""Angled exterior view of the shower-only trailer inside a warehouse"",""Externally accessible sinks and mirrors on the shower trailer""],""interiorCount"":1,""exteriorCount"":5,""caption"":""20 ft, five-stall shower-trailer reference set with external handwashing sinks. These are not photographs of the separate 22 ft, ten-stall option. Confirm the available unit with your quote.""}]","Intentional separately labelled equipment options for the broad title: Office, Sleeper and Shower & Restroom Trailer [office-sleeper-hygiene-trailer; new-office-sleeper-shower-restroom]; 38ft All Electric Kitchen [mobile-kitchen; new-38ft-all-electric-kitchen]; 20 ft Shower Trailer [shower-trailer; model-21]. Each product has its own isolated carousel and full-image viewer; no product types are mixed within a carousel.","PASS"
"page","/service-areas/new-york/capital-region/","","Capital Region, New York Remote Operations Man Camp Temporary Facilities Rental","separate-options","3","[{""exactTitle"":""Office, Sleeper and Shower & Restroom Trailer"",""family"":""office-sleeper-hygiene-trailer"",""model"":""new-office-sleeper-shower-restroom"",""assignedFiles"":[""/media/equipment-drive/office-sleeper-shower-restroom-trailer/office-sleeper-shower-restroom-trailer-exterior.png""],""reviewIds"":[""27.01""],""imageAlts"":[""Office, sleeper, shower and restroom trailer exterior with separate steps, visible bunks and an open shower/toilet room""],""interiorCount"":0,""exteriorCount"":1,""caption"":""Combined office, sleeper, shower and restroom reference. Bunks and shower/toilet room visible; office interior and dimensions are not shown. Confirm layout before booking.""},{""exactTitle"":""38ft All Electric Kitchen"",""family"":""mobile-kitchen"",""model"":""new-38ft-all-electric-kitchen"",""assignedFiles"":[""/media/equipment-drive/38ft-all-electric-kitchen/38ft-all-electric-kitchen-multifunctional-exterior.png""],""reviewIds"":[""26.01""],""imageAlts"":[""Multifunctional trailer exterior with black steps, a stainless work area and an open shower/toilet compartment""],""interiorCount"":0,""exteriorCount"":1,""caption"":""Client-supplied 38 ft all-electric multifunctional kitchen reference. Shower/toilet compartment visible; confirm the cooking layout, electrical specification and dimensions.""},{""exactTitle"":""20 ft Shower Trailer"",""family"":""shower-trailer"",""model"":""model-21"",""assignedFiles"":[""/media/equipment-drive/shower-trailers/20-ft-shower-trailer-5-stalls-with-handwashing-sink/mobile-shower-trailer-wash-station.png"",""/media/equipment-drive/shower-trailers/20-ft-shower-trailer-5-stalls-with-handwashing-sink/multi-station-shower-trailer-exterior.png"",""/media/equipment-drive/shower-trailers/20-ft-shower-trailer-5-stalls-with-handwashing-sink/private-shower-trailer-stall-interior.png"",""/media/equipment-drive/shower-trailers/20-ft-shower-trailer-5-stalls-with-handwashing-sink/shower-trailer-exterior-with-private-shower-stall.png"",""/media/equipment-drive/shower-trailers/20-ft-shower-trailer-5-stalls-with-handwashing-sink/shower-trailer-rear-exterior-view.png"",""/media/equipment-drive/shower-trailers/20-ft-shower-trailer-5-stalls-with-handwashing-sink/shower-trailer-sink-and-mirror-area.png""],""reviewIds"":[""21.01"",""21.02"",""21.04"",""21.05"",""21.07"",""21.08""],""imageAlts"":[""Private shower-only stall with overhead shower and hand shower"",""Rear exterior of the shower-only trailer inside a warehouse"",""External handwashing sinks at the rear of the shower trailer"",""Private external entrances on the shower-only trailer"",""Angled exterior view of the shower-only trailer inside a warehouse"",""Externally accessible sinks and mirrors on the shower trailer""],""interiorCount"":1,""exteriorCount"":5,""caption"":""20 ft, five-stall shower-trailer reference set with external handwashing sinks. These are not photographs of the separate 22 ft, ten-stall option. Confirm the available unit with your quote.""}]","Intentional separately labelled equipment options for the broad title: Office, Sleeper and Shower & Restroom Trailer [office-sleeper-hygiene-trailer; new-office-sleeper-shower-restroom]; 38ft All Electric Kitchen [mobile-kitchen; new-38ft-all-electric-kitchen]; 20 ft Shower Trailer [shower-trailer; model-21]. Each product has its own isolated carousel and full-image viewer; no product types are mixed within a carousel.","PASS"
"page","/service-areas/north-carolina/charlotte-region/","","Charlotte region, North Carolina Remote Operations Man Camp Temporary Facilities Rental","separate-options","3","[{""exactTitle"":""Office, Sleeper and Shower & Restroom Trailer"",""family"":""office-sleeper-hygiene-trailer"",""model"":""new-office-sleeper-shower-restroom"",""assignedFiles"":[""/media/equipment-drive/office-sleeper-shower-restroom-trailer/office-sleeper-shower-restroom-trailer-exterior.png""],""reviewIds"":[""27.01""],""imageAlts"":[""Office, sleeper, shower and restroom trailer exterior with separate steps, visible bunks and an open shower/toilet room""],""interiorCount"":0,""exteriorCount"":1,""caption"":""Combined office, sleeper, shower and restroom reference. Bunks and shower/toilet room visible; office interior and dimensions are not shown. Confirm layout before booking.""},{""exactTitle"":""38ft All Electric Kitchen"",""family"":""mobile-kitchen"",""model"":""new-38ft-all-electric-kitchen"",""assignedFiles"":[""/media/equipment-drive/38ft-all-electric-kitchen/38ft-all-electric-kitchen-multifunctional-exterior.png""],""reviewIds"":[""26.01""],""imageAlts"":[""Multifunctional trailer exterior with black steps, a stainless work area and an open shower/toilet compartment""],""interiorCount"":0,""exteriorCount"":1,""caption"":""Client-supplied 38 ft all-electric multifunctional kitchen reference. Shower/toilet compartment visible; confirm the cooking layout, electrical specification and dimensions.""},{""exactTitle"":""20 ft Shower Trailer"",""family"":""shower-trailer"",""model"":""model-21"",""assignedFiles"":[""/media/equipment-drive/shower-trailers/20-ft-shower-trailer-5-stalls-with-handwashing-sink/mobile-shower-trailer-wash-station.png"",""/media/equipment-drive/shower-trailers/20-ft-shower-trailer-5-stalls-with-handwashing-sink/multi-station-shower-trailer-exterior.png"",""/media/equipment-drive/shower-trailers/20-ft-shower-trailer-5-stalls-with-handwashing-sink/private-shower-trailer-stall-interior.png"",""/media/equipment-drive/shower-trailers/20-ft-shower-trailer-5-stalls-with-handwashing-sink/shower-trailer-exterior-with-private-shower-stall.png"",""/media/equipment-drive/shower-trailers/20-ft-shower-trailer-5-stalls-with-handwashing-sink/shower-trailer-rear-exterior-view.png"",""/media/equipment-drive/shower-trailers/20-ft-shower-trailer-5-stalls-with-handwashing-sink/shower-trailer-sink-and-mirror-area.png""],""reviewIds"":[""21.01"",""21.02"",""21.04"",""21.05"",""21.07"",""21.08""],""imageAlts"":[""Private shower-only stall with overhead shower and hand shower"",""Rear exterior of the shower-only trailer inside a warehouse"",""External handwashing sinks at the rear of the shower trailer"",""Private external entrances on the shower-only trailer"",""Angled exterior view of the shower-only trailer inside a warehouse"",""Externally accessible sinks and mirrors on the shower trailer""],""interiorCount"":1,""exteriorCount"":5,""caption"":""20 ft, five-stall shower-trailer reference set with external handwashing sinks. These are not photographs of the separate 22 ft, ten-stall option. Confirm the available unit with your quote.""}]","Intentional separately labelled equipment options for the broad title: Office, Sleeper and Shower & Restroom Trailer [office-sleeper-hygiene-trailer; new-office-sleeper-shower-restroom]; 38ft All Electric Kitchen [mobile-kitchen; new-38ft-all-electric-kitchen]; 20 ft Shower Trailer [shower-trailer; model-21]. Each product has its own isolated carousel and full-image viewer; no product types are mixed within a carousel.","PASS"
"page","/service-areas/ohio/northwest-ohio/","","Northwest Ohio, Ohio Remote Operations Man Camp Temporary Facilities Rental","separate-options","3","[{""exactTitle"":""Office, Sleeper and Shower & Restroom Trailer"",""family"":""office-sleeper-hygiene-trailer"",""model"":""new-office-sleeper-shower-restroom"",""assignedFiles"":[""/media/equipment-drive/office-sleeper-shower-restroom-trailer/office-sleeper-shower-restroom-trailer-exterior.png""],""reviewIds"":[""27.01""],""imageAlts"":[""Office, sleeper, shower and restroom trailer exterior with separate steps, visible bunks and an open shower/toilet room""],""interiorCount"":0,""exteriorCount"":1,""caption"":""Combined office, sleeper, shower and restroom reference. Bunks and shower/toilet room visible; office interior and dimensions are not shown. Confirm layout before booking.""},{""exactTitle"":""38ft All Electric Kitchen"",""family"":""mobile-kitchen"",""model"":""new-38ft-all-electric-kitchen"",""assignedFiles"":[""/media/equipment-drive/38ft-all-electric-kitchen/38ft-all-electric-kitchen-multifunctional-exterior.png""],""reviewIds"":[""26.01""],""imageAlts"":[""Multifunctional trailer exterior with black steps, a stainless work area and an open shower/toilet compartment""],""interiorCount"":0,""exteriorCount"":1,""caption"":""Client-supplied 38 ft all-electric multifunctional kitchen reference. Shower/toilet compartment visible; confirm the cooking layout, electrical specification and dimensions.""},{""exactTitle"":""20 ft Shower Trailer"",""family"":""shower-trailer"",""model"":""model-21"",""assignedFiles"":[""/media/equipment-drive/shower-trailers/20-ft-shower-trailer-5-stalls-with-handwashing-sink/mobile-shower-trailer-wash-station.png"",""/media/equipment-drive/shower-trailers/20-ft-shower-trailer-5-stalls-with-handwashing-sink/multi-station-shower-trailer-exterior.png"",""/media/equipment-drive/shower-trailers/20-ft-shower-trailer-5-stalls-with-handwashing-sink/private-shower-trailer-stall-interior.png"",""/media/equipment-drive/shower-trailers/20-ft-shower-trailer-5-stalls-with-handwashing-sink/shower-trailer-exterior-with-private-shower-stall.png"",""/media/equipment-drive/shower-trailers/20-ft-shower-trailer-5-stalls-with-handwashing-sink/shower-trailer-rear-exterior-view.png"",""/media/equipment-drive/shower-trailers/20-ft-shower-trailer-5-stalls-with-handwashing-sink/shower-trailer-sink-and-mirror-area.png""],""reviewIds"":[""21.01"",""21.02"",""21.04"",""21.05"",""21.07"",""21.08""],""imageAlts"":[""Private shower-only stall with overhead shower and hand shower"",""Rear exterior of the shower-only trailer inside a warehouse"",""External handwashing sinks at the rear of the shower trailer"",""Private external entrances on the shower-only trailer"",""Angled exterior view of the shower-only trailer inside a warehouse"",""Externally accessible sinks and mirrors on the shower trailer""],""interiorCount"":1,""exteriorCount"":5,""caption"":""20 ft, five-stall shower-trailer reference set with external handwashing sinks. These are not photographs of the separate 22 ft, ten-stall option. Confirm the available unit with your quote.""}]","Intentional separately labelled equipment options for the broad title: Office, Sleeper and Shower & Restroom Trailer [office-sleeper-hygiene-trailer; new-office-sleeper-shower-restroom]; 38ft All Electric Kitchen [mobile-kitchen; new-38ft-all-electric-kitchen]; 20 ft Shower Trailer [shower-trailer; model-21]. Each product has its own isolated carousel and full-image viewer; no product types are mixed within a carousel.","PASS"
"page","/service-areas/oklahoma/kiamichi-country/","","Kiamichi Country, Oklahoma Remote Operations Man Camp Temporary Facilities Rental","separate-options","3","[{""exactTitle"":""Office, Sleeper and Shower & Restroom Trailer"",""family"":""office-sleeper-hygiene-trailer"",""model"":""new-office-sleeper-shower-restroom"",""assignedFiles"":[""/media/equipment-drive/office-sleeper-shower-restroom-trailer/office-sleeper-shower-restroom-trailer-exterior.png""],""reviewIds"":[""27.01""],""imageAlts"":[""Office, sleeper, shower and restroom trailer exterior with separate steps, visible bunks and an open shower/toilet room""],""interiorCount"":0,""exteriorCount"":1,""caption"":""Combined office, sleeper, shower and restroom reference. Bunks and shower/toilet room visible; office interior and dimensions are not shown. Confirm layout before booking.""},{""exactTitle"":""38ft All Electric Kitchen"",""family"":""mobile-kitchen"",""model"":""new-38ft-all-electric-kitchen"",""assignedFiles"":[""/media/equipment-drive/38ft-all-electric-kitchen/38ft-all-electric-kitchen-multifunctional-exterior.png""],""reviewIds"":[""26.01""],""imageAlts"":[""Multifunctional trailer exterior with black steps, a stainless work area and an open shower/toilet compartment""],""interiorCount"":0,""exteriorCount"":1,""caption"":""Client-supplied 38 ft all-electric multifunctional kitchen reference. Shower/toilet compartment visible; confirm the cooking layout, electrical specification and dimensions.""},{""exactTitle"":""20 ft Shower Trailer"",""family"":""shower-trailer"",""model"":""model-21"",""assignedFiles"":[""/media/equipment-drive/shower-trailers/20-ft-shower-trailer-5-stalls-with-handwashing-sink/mobile-shower-trailer-wash-station.png"",""/media/equipment-drive/shower-trailers/20-ft-shower-trailer-5-stalls-with-handwashing-sink/multi-station-shower-trailer-exterior.png"",""/media/equipment-drive/shower-trailers/20-ft-shower-trailer-5-stalls-with-handwashing-sink/private-shower-trailer-stall-interior.png"",""/media/equipment-drive/shower-trailers/20-ft-shower-trailer-5-stalls-with-handwashing-sink/shower-trailer-exterior-with-private-shower-stall.png"",""/media/equipment-drive/shower-trailers/20-ft-shower-trailer-5-stalls-with-handwashing-sink/shower-trailer-rear-exterior-view.png"",""/media/equipment-drive/shower-trailers/20-ft-shower-trailer-5-stalls-with-handwashing-sink/shower-trailer-sink-and-mirror-area.png""],""reviewIds"":[""21.01"",""21.02"",""21.04"",""21.05"",""21.07"",""21.08""],""imageAlts"":[""Private shower-only stall with overhead shower and hand shower"",""Rear exterior of the shower-only trailer inside a warehouse"",""External handwashing sinks at the rear of the shower trailer"",""Private external entrances on the shower-only trailer"",""Angled exterior view of the shower-only trailer inside a warehouse"",""Externally accessible sinks and mirrors on the shower trailer""],""interiorCount"":1,""exteriorCount"":5,""caption"":""20 ft, five-stall shower-trailer reference set with external handwashing sinks. These are not photographs of the separate 22 ft, ten-stall option. Confirm the available unit with your quote.""}]","Intentional separately labelled equipment options for the broad title: Office, Sleeper and Shower & Restroom Trailer [office-sleeper-hygiene-trailer; new-office-sleeper-shower-restroom]; 38ft All Electric Kitchen [mobile-kitchen; new-38ft-all-electric-kitchen]; 20 ft Shower Trailer [shower-trailer; model-21]. Each product has its own isolated carousel and full-image viewer; no product types are mixed within a carousel.","PASS"
"page","/service-areas/oregon/eastern-oregon/","","Eastern Oregon, Oregon Remote Operations Man Camp Temporary Facilities Rental","separate-options","3","[{""exactTitle"":""Office, Sleeper and Shower & Restroom Trailer"",""family"":""office-sleeper-hygiene-trailer"",""model"":""new-office-sleeper-shower-restroom"",""assignedFiles"":[""/media/equipment-drive/office-sleeper-shower-restroom-trailer/office-sleeper-shower-restroom-trailer-exterior.png""],""reviewIds"":[""27.01""],""imageAlts"":[""Office, sleeper, shower and restroom trailer exterior with separate steps, visible bunks and an open shower/toilet room""],""interiorCount"":0,""exteriorCount"":1,""caption"":""Combined office, sleeper, shower and restroom reference. Bunks and shower/toilet room visible; office interior and dimensions are not shown. Confirm layout before booking.""},{""exactTitle"":""38ft All Electric Kitchen"",""family"":""mobile-kitchen"",""model"":""new-38ft-all-electric-kitchen"",""assignedFiles"":[""/media/equipment-drive/38ft-all-electric-kitchen/38ft-all-electric-kitchen-multifunctional-exterior.png""],""reviewIds"":[""26.01""],""imageAlts"":[""Multifunctional trailer exterior with black steps, a stainless work area and an open shower/toilet compartment""],""interiorCount"":0,""exteriorCount"":1,""caption"":""Client-supplied 38 ft all-electric multifunctional kitchen reference. Shower/toilet compartment visible; confirm the cooking layout, electrical specification and dimensions.""},{""exactTitle"":""20 ft Shower Trailer"",""family"":""shower-trailer"",""model"":""model-21"",""assignedFiles"":[""/media/equipment-drive/shower-trailers/20-ft-shower-trailer-5-stalls-with-handwashing-sink/mobile-shower-trailer-wash-station.png"",""/media/equipment-drive/shower-trailers/20-ft-shower-trailer-5-stalls-with-handwashing-sink/multi-station-shower-trailer-exterior.png"",""/media/equipment-drive/shower-trailers/20-ft-shower-trailer-5-stalls-with-handwashing-sink/private-shower-trailer-stall-interior.png"",""/media/equipment-drive/shower-trailers/20-ft-shower-trailer-5-stalls-with-handwashing-sink/shower-trailer-exterior-with-private-shower-stall.png"",""/media/equipment-drive/shower-trailers/20-ft-shower-trailer-5-stalls-with-handwashing-sink/shower-trailer-rear-exterior-view.png"",""/media/equipment-drive/shower-trailers/20-ft-shower-trailer-5-stalls-with-handwashing-sink/shower-trailer-sink-and-mirror-area.png""],""reviewIds"":[""21.01"",""21.02"",""21.04"",""21.05"",""21.07"",""21.08""],""imageAlts"":[""Private shower-only stall with overhead shower and hand shower"",""Rear exterior of the shower-only trailer inside a warehouse"",""External handwashing sinks at the rear of the shower trailer"",""Private external entrances on the shower-only trailer"",""Angled exterior view of the shower-only trailer inside a warehouse"",""Externally accessible sinks and mirrors on the shower trailer""],""interiorCount"":1,""exteriorCount"":5,""caption"":""20 ft, five-stall shower-trailer reference set with external handwashing sinks. These are not photographs of the separate 22 ft, ten-stall option. Confirm the available unit with your quote.""}]","Intentional separately labelled equipment options for the broad title: Office, Sleeper and Shower & Restroom Trailer [office-sleeper-hygiene-trailer; new-office-sleeper-shower-restroom]; 38ft All Electric Kitchen [mobile-kitchen; new-38ft-all-electric-kitchen]; 20 ft Shower Trailer [shower-trailer; model-21]. Each product has its own isolated carousel and full-image viewer; no product types are mixed within a carousel.","PASS"
"page","/service-areas/south-carolina/pee-dee/","","Pee Dee, South Carolina Remote Operations Man Camp Temporary Facilities Rental","separate-options","3","[{""exactTitle"":""Office, Sleeper and Shower & Restroom Trailer"",""family"":""office-sleeper-hygiene-trailer"",""model"":""new-office-sleeper-shower-restroom"",""assignedFiles"":[""/media/equipment-drive/office-sleeper-shower-restroom-trailer/office-sleeper-shower-restroom-trailer-exterior.png""],""reviewIds"":[""27.01""],""imageAlts"":[""Office, sleeper, shower and restroom trailer exterior with separate steps, visible bunks and an open shower/toilet room""],""interiorCount"":0,""exteriorCount"":1,""caption"":""Combined office, sleeper, shower and restroom reference. Bunks and shower/toilet room visible; office interior and dimensions are not shown. Confirm layout before booking.""},{""exactTitle"":""38ft All Electric Kitchen"",""family"":""mobile-kitchen"",""model"":""new-38ft-all-electric-kitchen"",""assignedFiles"":[""/media/equipment-drive/38ft-all-electric-kitchen/38ft-all-electric-kitchen-multifunctional-exterior.png""],""reviewIds"":[""26.01""],""imageAlts"":[""Multifunctional trailer exterior with black steps, a stainless work area and an open shower/toilet compartment""],""interiorCount"":0,""exteriorCount"":1,""caption"":""Client-supplied 38 ft all-electric multifunctional kitchen reference. Shower/toilet compartment visible; confirm the cooking layout, electrical specification and dimensions.""},{""exactTitle"":""20 ft Shower Trailer"",""family"":""shower-trailer"",""model"":""model-21"",""assignedFiles"":[""/media/equipment-drive/shower-trailers/20-ft-shower-trailer-5-stalls-with-handwashing-sink/mobile-shower-trailer-wash-station.png"",""/media/equipment-drive/shower-trailers/20-ft-shower-trailer-5-stalls-with-handwashing-sink/multi-station-shower-trailer-exterior.png"",""/media/equipment-drive/shower-trailers/20-ft-shower-trailer-5-stalls-with-handwashing-sink/private-shower-trailer-stall-interior.png"",""/media/equipment-drive/shower-trailers/20-ft-shower-trailer-5-stalls-with-handwashing-sink/shower-trailer-exterior-with-private-shower-stall.png"",""/media/equipment-drive/shower-trailers/20-ft-shower-trailer-5-stalls-with-handwashing-sink/shower-trailer-rear-exterior-view.png"",""/media/equipment-drive/shower-trailers/20-ft-shower-trailer-5-stalls-with-handwashing-sink/shower-trailer-sink-and-mirror-area.png""],""reviewIds"":[""21.01"",""21.02"",""21.04"",""21.05"",""21.07"",""21.08""],""imageAlts"":[""Private shower-only stall with overhead shower and hand shower"",""Rear exterior of the shower-only trailer inside a warehouse"",""External handwashing sinks at the rear of the shower trailer"",""Private external entrances on the shower-only trailer"",""Angled exterior view of the shower-only trailer inside a warehouse"",""Externally accessible sinks and mirrors on the shower trailer""],""interiorCount"":1,""exteriorCount"":5,""caption"":""20 ft, five-stall shower-trailer reference set with external handwashing sinks. These are not photographs of the separate 22 ft, ten-stall option. Confirm the available unit with your quote.""}]","Intentional separately labelled equipment options for the broad title: Office, Sleeper and Shower & Restroom Trailer [office-sleeper-hygiene-trailer; new-office-sleeper-shower-restroom]; 38ft All Electric Kitchen [mobile-kitchen; new-38ft-all-electric-kitchen]; 20 ft Shower Trailer [shower-trailer; model-21]. Each product has its own isolated carousel and full-image viewer; no product types are mixed within a carousel.","PASS"
"page","/service-areas/tennessee/cumberland-plateau/","","Cumberland Plateau, Tennessee Remote Operations Man Camp Temporary Facilities Rental","separate-options","3","[{""exactTitle"":""Office, Sleeper and Shower & Restroom Trailer"",""family"":""office-sleeper-hygiene-trailer"",""model"":""new-office-sleeper-shower-restroom"",""assignedFiles"":[""/media/equipment-drive/office-sleeper-shower-restroom-trailer/office-sleeper-shower-restroom-trailer-exterior.png""],""reviewIds"":[""27.01""],""imageAlts"":[""Office, sleeper, shower and restroom trailer exterior with separate steps, visible bunks and an open shower/toilet room""],""interiorCount"":0,""exteriorCount"":1,""caption"":""Combined office, sleeper, shower and restroom reference. Bunks and shower/toilet room visible; office interior and dimensions are not shown. Confirm layout before booking.""},{""exactTitle"":""38ft All Electric Kitchen"",""family"":""mobile-kitchen"",""model"":""new-38ft-all-electric-kitchen"",""assignedFiles"":[""/media/equipment-drive/38ft-all-electric-kitchen/38ft-all-electric-kitchen-multifunctional-exterior.png""],""reviewIds"":[""26.01""],""imageAlts"":[""Multifunctional trailer exterior with black steps, a stainless work area and an open shower/toilet compartment""],""interiorCount"":0,""exteriorCount"":1,""caption"":""Client-supplied 38 ft all-electric multifunctional kitchen reference. Shower/toilet compartment visible; confirm the cooking layout, electrical specification and dimensions.""},{""exactTitle"":""20 ft Shower Trailer"",""family"":""shower-trailer"",""model"":""model-21"",""assignedFiles"":[""/media/equipment-drive/shower-trailers/20-ft-shower-trailer-5-stalls-with-handwashing-sink/mobile-shower-trailer-wash-station.png"",""/media/equipment-drive/shower-trailers/20-ft-shower-trailer-5-stalls-with-handwashing-sink/multi-station-shower-trailer-exterior.png"",""/media/equipment-drive/shower-trailers/20-ft-shower-trailer-5-stalls-with-handwashing-sink/private-shower-trailer-stall-interior.png"",""/media/equipment-drive/shower-trailers/20-ft-shower-trailer-5-stalls-with-handwashing-sink/shower-trailer-exterior-with-private-shower-stall.png"",""/media/equipment-drive/shower-trailers/20-ft-shower-trailer-5-stalls-with-handwashing-sink/shower-trailer-rear-exterior-view.png"",""/media/equipment-drive/shower-trailers/20-ft-shower-trailer-5-stalls-with-handwashing-sink/shower-trailer-sink-and-mirror-area.png""],""reviewIds"":[""21.01"",""21.02"",""21.04"",""21.05"",""21.07"",""21.08""],""imageAlts"":[""Private shower-only stall with overhead shower and hand shower"",""Rear exterior of the shower-only trailer inside a warehouse"",""External handwashing sinks at the rear of the shower trailer"",""Private external entrances on the shower-only trailer"",""Angled exterior view of the shower-only trailer inside a warehouse"",""Externally accessible sinks and mirrors on the shower trailer""],""interiorCount"":1,""exteriorCount"":5,""caption"":""20 ft, five-stall shower-trailer reference set with external handwashing sinks. These are not photographs of the separate 22 ft, ten-stall option. Confirm the available unit with your quote.""}]","Intentional separately labelled equipment options for the broad title: Office, Sleeper and Shower & Restroom Trailer [office-sleeper-hygiene-trailer; new-office-sleeper-shower-restroom]; 38ft All Electric Kitchen [mobile-kitchen; new-38ft-all-electric-kitchen]; 20 ft Shower Trailer [shower-trailer; model-21]. Each product has its own isolated carousel and full-image viewer; no product types are mixed within a carousel.","PASS"
"page","/service-areas/texas/gulf-coast/","","Gulf Coast, Texas Remote Operations Man Camp Temporary Facilities Rental","separate-options","3","[{""exactTitle"":""Office, Sleeper and Shower & Restroom Trailer"",""family"":""office-sleeper-hygiene-trailer"",""model"":""new-office-sleeper-shower-restroom"",""assignedFiles"":[""/media/equipment-drive/office-sleeper-shower-restroom-trailer/office-sleeper-shower-restroom-trailer-exterior.png""],""reviewIds"":[""27.01""],""imageAlts"":[""Office, sleeper, shower and restroom trailer exterior with separate steps, visible bunks and an open shower/toilet room""],""interiorCount"":0,""exteriorCount"":1,""caption"":""Combined office, sleeper, shower and restroom reference. Bunks and shower/toilet room visible; office interior and dimensions are not shown. Confirm layout before booking.""},{""exactTitle"":""38ft All Electric Kitchen"",""family"":""mobile-kitchen"",""model"":""new-38ft-all-electric-kitchen"",""assignedFiles"":[""/media/equipment-drive/38ft-all-electric-kitchen/38ft-all-electric-kitchen-multifunctional-exterior.png""],""reviewIds"":[""26.01""],""imageAlts"":[""Multifunctional trailer exterior with black steps, a stainless work area and an open shower/toilet compartment""],""interiorCount"":0,""exteriorCount"":1,""caption"":""Client-supplied 38 ft all-electric multifunctional kitchen reference. Shower/toilet compartment visible; confirm the cooking layout, electrical specification and dimensions.""},{""exactTitle"":""20 ft Shower Trailer"",""family"":""shower-trailer"",""model"":""model-21"",""assignedFiles"":[""/media/equipment-drive/shower-trailers/20-ft-shower-trailer-5-stalls-with-handwashing-sink/mobile-shower-trailer-wash-station.png"",""/media/equipment-drive/shower-trailers/20-ft-shower-trailer-5-stalls-with-handwashing-sink/multi-station-shower-trailer-exterior.png"",""/media/equipment-drive/shower-trailers/20-ft-shower-trailer-5-stalls-with-handwashing-sink/private-shower-trailer-stall-interior.png"",""/media/equipment-drive/shower-trailers/20-ft-shower-trailer-5-stalls-with-handwashing-sink/shower-trailer-exterior-with-private-shower-stall.png"",""/media/equipment-drive/shower-trailers/20-ft-shower-trailer-5-stalls-with-handwashing-sink/shower-trailer-rear-exterior-view.png"",""/media/equipment-drive/shower-trailers/20-ft-shower-trailer-5-stalls-with-handwashing-sink/shower-trailer-sink-and-mirror-area.png""],""reviewIds"":[""21.01"",""21.02"",""21.04"",""21.05"",""21.07"",""21.08""],""imageAlts"":[""Private shower-only stall with overhead shower and hand shower"",""Rear exterior of the shower-only trailer inside a warehouse"",""External handwashing sinks at the rear of the shower trailer"",""Private external entrances on the shower-only trailer"",""Angled exterior view of the shower-only trailer inside a warehouse"",""Externally accessible sinks and mirrors on the shower trailer""],""interiorCount"":1,""exteriorCount"":5,""caption"":""20 ft, five-stall shower-trailer reference set with external handwashing sinks. These are not photographs of the separate 22 ft, ten-stall option. Confirm the available unit with your quote.""}]","Intentional separately labelled equipment options for the broad title: Office, Sleeper and Shower & Restroom Trailer [office-sleeper-hygiene-trailer; new-office-sleeper-shower-restroom]; 38ft All Electric Kitchen [mobile-kitchen; new-38ft-all-electric-kitchen]; 20 ft Shower Trailer [shower-trailer; model-21]. Each product has its own isolated carousel and full-image viewer; no product types are mixed within a carousel.","PASS"
"page","/service-areas/utah/central-utah/","","Central Utah, Utah Remote Operations Man Camp Temporary Facilities Rental","separate-options","3","[{""exactTitle"":""Office, Sleeper and Shower & Restroom Trailer"",""family"":""office-sleeper-hygiene-trailer"",""model"":""new-office-sleeper-shower-restroom"",""assignedFiles"":[""/media/equipment-drive/office-sleeper-shower-restroom-trailer/office-sleeper-shower-restroom-trailer-exterior.png""],""reviewIds"":[""27.01""],""imageAlts"":[""Office, sleeper, shower and restroom trailer exterior with separate steps, visible bunks and an open shower/toilet room""],""interiorCount"":0,""exteriorCount"":1,""caption"":""Combined office, sleeper, shower and restroom reference. Bunks and shower/toilet room visible; office interior and dimensions are not shown. Confirm layout before booking.""},{""exactTitle"":""38ft All Electric Kitchen"",""family"":""mobile-kitchen"",""model"":""new-38ft-all-electric-kitchen"",""assignedFiles"":[""/media/equipment-drive/38ft-all-electric-kitchen/38ft-all-electric-kitchen-multifunctional-exterior.png""],""reviewIds"":[""26.01""],""imageAlts"":[""Multifunctional trailer exterior with black steps, a stainless work area and an open shower/toilet compartment""],""interiorCount"":0,""exteriorCount"":1,""caption"":""Client-supplied 38 ft all-electric multifunctional kitchen reference. Shower/toilet compartment visible; confirm the cooking layout, electrical specification and dimensions.""},{""exactTitle"":""20 ft Shower Trailer"",""family"":""shower-trailer"",""model"":""model-21"",""assignedFiles"":[""/media/equipment-drive/shower-trailers/20-ft-shower-trailer-5-stalls-with-handwashing-sink/mobile-shower-trailer-wash-station.png"",""/media/equipment-drive/shower-trailers/20-ft-shower-trailer-5-stalls-with-handwashing-sink/multi-station-shower-trailer-exterior.png"",""/media/equipment-drive/shower-trailers/20-ft-shower-trailer-5-stalls-with-handwashing-sink/private-shower-trailer-stall-interior.png"",""/media/equipment-drive/shower-trailers/20-ft-shower-trailer-5-stalls-with-handwashing-sink/shower-trailer-exterior-with-private-shower-stall.png"",""/media/equipment-drive/shower-trailers/20-ft-shower-trailer-5-stalls-with-handwashing-sink/shower-trailer-rear-exterior-view.png"",""/media/equipment-drive/shower-trailers/20-ft-shower-trailer-5-stalls-with-handwashing-sink/shower-trailer-sink-and-mirror-area.png""],""reviewIds"":[""21.01"",""21.02"",""21.04"",""21.05"",""21.07"",""21.08""],""imageAlts"":[""Private shower-only stall with overhead shower and hand shower"",""Rear exterior of the shower-only trailer inside a warehouse"",""External handwashing sinks at the rear of the shower trailer"",""Private external entrances on the shower-only trailer"",""Angled exterior view of the shower-only trailer inside a warehouse"",""Externally accessible sinks and mirrors on the shower trailer""],""interiorCount"":1,""exteriorCount"":5,""caption"":""20 ft, five-stall shower-trailer reference set with external handwashing sinks. These are not photographs of the separate 22 ft, ten-stall option. Confirm the available unit with your quote.""}]","Intentional separately labelled equipment options for the broad title: Office, Sleeper and Shower & Restroom Trailer [office-sleeper-hygiene-trailer; new-office-sleeper-shower-restroom]; 38ft All Electric Kitchen [mobile-kitchen; new-38ft-all-electric-kitchen]; 20 ft Shower Trailer [shower-trailer; model-21]. Each product has its own isolated carousel and full-image viewer; no product types are mixed within a carousel.","PASS"
"page","/service-areas/vermont/southern-vermont/","","Southern Vermont, Vermont Remote Operations Man Camp Temporary Facilities Rental","separate-options","3","[{""exactTitle"":""Office, Sleeper and Shower & Restroom Trailer"",""family"":""office-sleeper-hygiene-trailer"",""model"":""new-office-sleeper-shower-restroom"",""assignedFiles"":[""/media/equipment-drive/office-sleeper-shower-restroom-trailer/office-sleeper-shower-restroom-trailer-exterior.png""],""reviewIds"":[""27.01""],""imageAlts"":[""Office, sleeper, shower and restroom trailer exterior with separate steps, visible bunks and an open shower/toilet room""],""interiorCount"":0,""exteriorCount"":1,""caption"":""Combined office, sleeper, shower and restroom reference. Bunks and shower/toilet room visible; office interior and dimensions are not shown. Confirm layout before booking.""},{""exactTitle"":""38ft All Electric Kitchen"",""family"":""mobile-kitchen"",""model"":""new-38ft-all-electric-kitchen"",""assignedFiles"":[""/media/equipment-drive/38ft-all-electric-kitchen/38ft-all-electric-kitchen-multifunctional-exterior.png""],""reviewIds"":[""26.01""],""imageAlts"":[""Multifunctional trailer exterior with black steps, a stainless work area and an open shower/toilet compartment""],""interiorCount"":0,""exteriorCount"":1,""caption"":""Client-supplied 38 ft all-electric multifunctional kitchen reference. Shower/toilet compartment visible; confirm the cooking layout, electrical specification and dimensions.""},{""exactTitle"":""20 ft Shower Trailer"",""family"":""shower-trailer"",""model"":""model-21"",""assignedFiles"":[""/media/equipment-drive/shower-trailers/20-ft-shower-trailer-5-stalls-with-handwashing-sink/mobile-shower-trailer-wash-station.png"",""/media/equipment-drive/shower-trailers/20-ft-shower-trailer-5-stalls-with-handwashing-sink/multi-station-shower-trailer-exterior.png"",""/media/equipment-drive/shower-trailers/20-ft-shower-trailer-5-stalls-with-handwashing-sink/private-shower-trailer-stall-interior.png"",""/media/equipment-drive/shower-trailers/20-ft-shower-trailer-5-stalls-with-handwashing-sink/shower-trailer-exterior-with-private-shower-stall.png"",""/media/equipment-drive/shower-trailers/20-ft-shower-trailer-5-stalls-with-handwashing-sink/shower-trailer-rear-exterior-view.png"",""/media/equipment-drive/shower-trailers/20-ft-shower-trailer-5-stalls-with-handwashing-sink/shower-trailer-sink-and-mirror-area.png""],""reviewIds"":[""21.01"",""21.02"",""21.04"",""21.05"",""21.07"",""21.08""],""imageAlts"":[""Private shower-only stall with overhead shower and hand shower"",""Rear exterior of the shower-only trailer inside a warehouse"",""External handwashing sinks at the rear of the shower trailer"",""Private external entrances on the shower-only trailer"",""Angled exterior view of the shower-only trailer inside a warehouse"",""Externally accessible sinks and mirrors on the shower trailer""],""interiorCount"":1,""exteriorCount"":5,""caption"":""20 ft, five-stall shower-trailer reference set with external handwashing sinks. These are not photographs of the separate 22 ft, ten-stall option. Confirm the available unit with your quote.""}]","Intentional separately labelled equipment options for the broad title: Office, Sleeper and Shower & Restroom Trailer [office-sleeper-hygiene-trailer; new-office-sleeper-shower-restroom]; 38ft All Electric Kitchen [mobile-kitchen; new-38ft-all-electric-kitchen]; 20 ft Shower Trailer [shower-trailer; model-21]. Each product has its own isolated carousel and full-image viewer; no product types are mixed within a carousel.","PASS"
"page","/service-areas/virginia/hampton-roads/","","Hampton Roads, Virginia Remote Operations Man Camp Temporary Facilities Rental","separate-options","3","[{""exactTitle"":""Office, Sleeper and Shower & Restroom Trailer"",""family"":""office-sleeper-hygiene-trailer"",""model"":""new-office-sleeper-shower-restroom"",""assignedFiles"":[""/media/equipment-drive/office-sleeper-shower-restroom-trailer/office-sleeper-shower-restroom-trailer-exterior.png""],""reviewIds"":[""27.01""],""imageAlts"":[""Office, sleeper, shower and restroom trailer exterior with separate steps, visible bunks and an open shower/toilet room""],""interiorCount"":0,""exteriorCount"":1,""caption"":""Combined office, sleeper, shower and restroom reference. Bunks and shower/toilet room visible; office interior and dimensions are not shown. Confirm layout before booking.""},{""exactTitle"":""38ft All Electric Kitchen"",""family"":""mobile-kitchen"",""model"":""new-38ft-all-electric-kitchen"",""assignedFiles"":[""/media/equipment-drive/38ft-all-electric-kitchen/38ft-all-electric-kitchen-multifunctional-exterior.png""],""reviewIds"":[""26.01""],""imageAlts"":[""Multifunctional trailer exterior with black steps, a stainless work area and an open shower/toilet compartment""],""interiorCount"":0,""exteriorCount"":1,""caption"":""Client-supplied 38 ft all-electric multifunctional kitchen reference. Shower/toilet compartment visible; confirm the cooking layout, electrical specification and dimensions.""},{""exactTitle"":""20 ft Shower Trailer"",""family"":""shower-trailer"",""model"":""model-21"",""assignedFiles"":[""/media/equipment-drive/shower-trailers/20-ft-shower-trailer-5-stalls-with-handwashing-sink/mobile-shower-trailer-wash-station.png"",""/media/equipment-drive/shower-trailers/20-ft-shower-trailer-5-stalls-with-handwashing-sink/multi-station-shower-trailer-exterior.png"",""/media/equipment-drive/shower-trailers/20-ft-shower-trailer-5-stalls-with-handwashing-sink/private-shower-trailer-stall-interior.png"",""/media/equipment-drive/shower-trailers/20-ft-shower-trailer-5-stalls-with-handwashing-sink/shower-trailer-exterior-with-private-shower-stall.png"",""/media/equipment-drive/shower-trailers/20-ft-shower-trailer-5-stalls-with-handwashing-sink/shower-trailer-rear-exterior-view.png"",""/media/equipment-drive/shower-trailers/20-ft-shower-trailer-5-stalls-with-handwashing-sink/shower-trailer-sink-and-mirror-area.png""],""reviewIds"":[""21.01"",""21.02"",""21.04"",""21.05"",""21.07"",""21.08""],""imageAlts"":[""Private shower-only stall with overhead shower and hand shower"",""Rear exterior of the shower-only trailer inside a warehouse"",""External handwashing sinks at the rear of the shower trailer"",""Private external entrances on the shower-only trailer"",""Angled exterior view of the shower-only trailer inside a warehouse"",""Externally accessible sinks and mirrors on the shower trailer""],""interiorCount"":1,""exteriorCount"":5,""caption"":""20 ft, five-stall shower-trailer reference set with external handwashing sinks. These are not photographs of the separate 22 ft, ten-stall option. Confirm the available unit with your quote.""}]","Intentional separately labelled equipment options for the broad title: Office, Sleeper and Shower & Restroom Trailer [office-sleeper-hygiene-trailer; new-office-sleeper-shower-restroom]; 38ft All Electric Kitchen [mobile-kitchen; new-38ft-all-electric-kitchen]; 20 ft Shower Trailer [shower-trailer; model-21]. Each product has its own isolated carousel and full-image viewer; no product types are mixed within a carousel.","PASS"
"page","/service-areas/washington/olympic-peninsula/","","Olympic Peninsula, Washington Remote Operations Man Camp Temporary Facilities Rental","separate-options","3","[{""exactTitle"":""Office, Sleeper and Shower & Restroom Trailer"",""family"":""office-sleeper-hygiene-trailer"",""model"":""new-office-sleeper-shower-restroom"",""assignedFiles"":[""/media/equipment-drive/office-sleeper-shower-restroom-trailer/office-sleeper-shower-restroom-trailer-exterior.png""],""reviewIds"":[""27.01""],""imageAlts"":[""Office, sleeper, shower and restroom trailer exterior with separate steps, visible bunks and an open shower/toilet room""],""interiorCount"":0,""exteriorCount"":1,""caption"":""Combined office, sleeper, shower and restroom reference. Bunks and shower/toilet room visible; office interior and dimensions are not shown. Confirm layout before booking.""},{""exactTitle"":""38ft All Electric Kitchen"",""family"":""mobile-kitchen"",""model"":""new-38ft-all-electric-kitchen"",""assignedFiles"":[""/media/equipment-drive/38ft-all-electric-kitchen/38ft-all-electric-kitchen-multifunctional-exterior.png""],""reviewIds"":[""26.01""],""imageAlts"":[""Multifunctional trailer exterior with black steps, a stainless work area and an open shower/toilet compartment""],""interiorCount"":0,""exteriorCount"":1,""caption"":""Client-supplied 38 ft all-electric multifunctional kitchen reference. Shower/toilet compartment visible; confirm the cooking layout, electrical specification and dimensions.""},{""exactTitle"":""20 ft Shower Trailer"",""family"":""shower-trailer"",""model"":""model-21"",""assignedFiles"":[""/media/equipment-drive/shower-trailers/20-ft-shower-trailer-5-stalls-with-handwashing-sink/mobile-shower-trailer-wash-station.png"",""/media/equipment-drive/shower-trailers/20-ft-shower-trailer-5-stalls-with-handwashing-sink/multi-station-shower-trailer-exterior.png"",""/media/equipment-drive/shower-trailers/20-ft-shower-trailer-5-stalls-with-handwashing-sink/private-shower-trailer-stall-interior.png"",""/media/equipment-drive/shower-trailers/20-ft-shower-trailer-5-stalls-with-handwashing-sink/shower-trailer-exterior-with-private-shower-stall.png"",""/media/equipment-drive/shower-trailers/20-ft-shower-trailer-5-stalls-with-handwashing-sink/shower-trailer-rear-exterior-view.png"",""/media/equipment-drive/shower-trailers/20-ft-shower-trailer-5-stalls-with-handwashing-sink/shower-trailer-sink-and-mirror-area.png""],""reviewIds"":[""21.01"",""21.02"",""21.04"",""21.05"",""21.07"",""21.08""],""imageAlts"":[""Private shower-only stall with overhead shower and hand shower"",""Rear exterior of the shower-only trailer inside a warehouse"",""External handwashing sinks at the rear of the shower trailer"",""Private external entrances on the shower-only trailer"",""Angled exterior view of the shower-only trailer inside a warehouse"",""Externally accessible sinks and mirrors on the shower trailer""],""interiorCount"":1,""exteriorCount"":5,""caption"":""20 ft, five-stall shower-trailer reference set with external handwashing sinks. These are not photographs of the separate 22 ft, ten-stall option. Confirm the available unit with your quote.""}]","Intentional separately labelled equipment options for the broad title: Office, Sleeper and Shower & Restroom Trailer [office-sleeper-hygiene-trailer; new-office-sleeper-shower-restroom]; 38ft All Electric Kitchen [mobile-kitchen; new-38ft-all-electric-kitchen]; 20 ft Shower Trailer [shower-trailer; model-21]. Each product has its own isolated carousel and full-image viewer; no product types are mixed within a carousel.","PASS"
"page","/service-areas/west-virginia/northern-panhandle/","","Northern Panhandle, West Virginia Remote Operations Man Camp Temporary Facilities Rental","separate-options","3","[{""exactTitle"":""Office, Sleeper and Shower & Restroom Trailer"",""family"":""office-sleeper-hygiene-trailer"",""model"":""new-office-sleeper-shower-restroom"",""assignedFiles"":[""/media/equipment-drive/office-sleeper-shower-restroom-trailer/office-sleeper-shower-restroom-trailer-exterior.png""],""reviewIds"":[""27.01""],""imageAlts"":[""Office, sleeper, shower and restroom trailer exterior with separate steps, visible bunks and an open shower/toilet room""],""interiorCount"":0,""exteriorCount"":1,""caption"":""Combined office, sleeper, shower and restroom reference. Bunks and shower/toilet room visible; office interior and dimensions are not shown. Confirm layout before booking.""},{""exactTitle"":""38ft All Electric Kitchen"",""family"":""mobile-kitchen"",""model"":""new-38ft-all-electric-kitchen"",""assignedFiles"":[""/media/equipment-drive/38ft-all-electric-kitchen/38ft-all-electric-kitchen-multifunctional-exterior.png""],""reviewIds"":[""26.01""],""imageAlts"":[""Multifunctional trailer exterior with black steps, a stainless work area and an open shower/toilet compartment""],""interiorCount"":0,""exteriorCount"":1,""caption"":""Client-supplied 38 ft all-electric multifunctional kitchen reference. Shower/toilet compartment visible; confirm the cooking layout, electrical specification and dimensions.""},{""exactTitle"":""20 ft Shower Trailer"",""family"":""shower-trailer"",""model"":""model-21"",""assignedFiles"":[""/media/equipment-drive/shower-trailers/20-ft-shower-trailer-5-stalls-with-handwashing-sink/mobile-shower-trailer-wash-station.png"",""/media/equipment-drive/shower-trailers/20-ft-shower-trailer-5-stalls-with-handwashing-sink/multi-station-shower-trailer-exterior.png"",""/media/equipment-drive/shower-trailers/20-ft-shower-trailer-5-stalls-with-handwashing-sink/private-shower-trailer-stall-interior.png"",""/media/equipment-drive/shower-trailers/20-ft-shower-trailer-5-stalls-with-handwashing-sink/shower-trailer-exterior-with-private-shower-stall.png"",""/media/equipment-drive/shower-trailers/20-ft-shower-trailer-5-stalls-with-handwashing-sink/shower-trailer-rear-exterior-view.png"",""/media/equipment-drive/shower-trailers/20-ft-shower-trailer-5-stalls-with-handwashing-sink/shower-trailer-sink-and-mirror-area.png""],""reviewIds"":[""21.01"",""21.02"",""21.04"",""21.05"",""21.07"",""21.08""],""imageAlts"":[""Private shower-only stall with overhead shower and hand shower"",""Rear exterior of the shower-only trailer inside a warehouse"",""External handwashing sinks at the rear of the shower trailer"",""Private external entrances on the shower-only trailer"",""Angled exterior view of the shower-only trailer inside a warehouse"",""Externally accessible sinks and mirrors on the shower trailer""],""interiorCount"":1,""exteriorCount"":5,""caption"":""20 ft, five-stall shower-trailer reference set with external handwashing sinks. These are not photographs of the separate 22 ft, ten-stall option. Confirm the available unit with your quote.""}]","Intentional separately labelled equipment options for the broad title: Office, Sleeper and Shower & Restroom Trailer [office-sleeper-hygiene-trailer; new-office-sleeper-shower-restroom]; 38ft All Electric Kitchen [mobile-kitchen; new-38ft-all-electric-kitchen]; 20 ft Shower Trailer [shower-trailer; model-21]. Each product has its own isolated carousel and full-image viewer; no product types are mixed within a carousel.","PASS"
"page","/service-areas/wyoming/southeast-wyoming/","","Southeast Wyoming, Wyoming Remote Operations Man Camp Temporary Facilities Rental","separate-options","3","[{""exactTitle"":""Office, Sleeper and Shower & Restroom Trailer"",""family"":""office-sleeper-hygiene-trailer"",""model"":""new-office-sleeper-shower-restroom"",""assignedFiles"":[""/media/equipment-drive/office-sleeper-shower-restroom-trailer/office-sleeper-shower-restroom-trailer-exterior.png""],""reviewIds"":[""27.01""],""imageAlts"":[""Office, sleeper, shower and restroom trailer exterior with separate steps, visible bunks and an open shower/toilet room""],""interiorCount"":0,""exteriorCount"":1,""caption"":""Combined office, sleeper, shower and restroom reference. Bunks and shower/toilet room visible; office interior and dimensions are not shown. Confirm layout before booking.""},{""exactTitle"":""38ft All Electric Kitchen"",""family"":""mobile-kitchen"",""model"":""new-38ft-all-electric-kitchen"",""assignedFiles"":[""/media/equipment-drive/38ft-all-electric-kitchen/38ft-all-electric-kitchen-multifunctional-exterior.png""],""reviewIds"":[""26.01""],""imageAlts"":[""Multifunctional trailer exterior with black steps, a stainless work area and an open shower/toilet compartment""],""interiorCount"":0,""exteriorCount"":1,""caption"":""Client-supplied 38 ft all-electric multifunctional kitchen reference. Shower/toilet compartment visible; confirm the cooking layout, electrical specification and dimensions.""},{""exactTitle"":""20 ft Shower Trailer"",""family"":""shower-trailer"",""model"":""model-21"",""assignedFiles"":[""/media/equipment-drive/shower-trailers/20-ft-shower-trailer-5-stalls-with-handwashing-sink/mobile-shower-trailer-wash-station.png"",""/media/equipment-drive/shower-trailers/20-ft-shower-trailer-5-stalls-with-handwashing-sink/multi-station-shower-trailer-exterior.png"",""/media/equipment-drive/shower-trailers/20-ft-shower-trailer-5-stalls-with-handwashing-sink/private-shower-trailer-stall-interior.png"",""/media/equipment-drive/shower-trailers/20-ft-shower-trailer-5-stalls-with-handwashing-sink/shower-trailer-exterior-with-private-shower-stall.png"",""/media/equipment-drive/shower-trailers/20-ft-shower-trailer-5-stalls-with-handwashing-sink/shower-trailer-rear-exterior-view.png"",""/media/equipment-drive/shower-trailers/20-ft-shower-trailer-5-stalls-with-handwashing-sink/shower-trailer-sink-and-mirror-area.png""],""reviewIds"":[""21.01"",""21.02"",""21.04"",""21.05"",""21.07"",""21.08""],""imageAlts"":[""Private shower-only stall with overhead shower and hand shower"",""Rear exterior of the shower-only trailer inside a warehouse"",""External handwashing sinks at the rear of the shower trailer"",""Private external entrances on the shower-only trailer"",""Angled exterior view of the shower-only trailer inside a warehouse"",""Externally accessible sinks and mirrors on the shower trailer""],""interiorCount"":1,""exteriorCount"":5,""caption"":""20 ft, five-stall shower-trailer reference set with external handwashing sinks. These are not photographs of the separate 22 ft, ten-stall option. Confirm the available unit with your quote.""}]","Intentional separately labelled equipment options for the broad title: Office, Sleeper and Shower & Restroom Trailer [office-sleeper-hygiene-trailer; new-office-sleeper-shower-restroom]; 38ft All Electric Kitchen [mobile-kitchen; new-38ft-all-electric-kitchen]; 20 ft Shower Trailer [shower-trailer; model-21]. Each product has its own isolated carousel and full-image viewer; no product types are mixed within a carousel.","PASS"
"page","/service-areas/washington/olympic-peninsula/sequim/","","Sequim, Washington Remote Operations Man Camp Temporary Facilities Rental","separate-options","3","[{""exactTitle"":""Office, Sleeper and Shower & Restroom Trailer"",""family"":""office-sleeper-hygiene-trailer"",""model"":""new-office-sleeper-shower-restroom"",""assignedFiles"":[""/media/equipment-drive/office-sleeper-shower-restroom-trailer/office-sleeper-shower-restroom-trailer-exterior.png""],""reviewIds"":[""27.01""],""imageAlts"":[""Office, sleeper, shower and restroom trailer exterior with separate steps, visible bunks and an open shower/toilet room""],""interiorCount"":0,""exteriorCount"":1,""caption"":""Combined office, sleeper, shower and restroom reference. Bunks and shower/toilet room visible; office interior and dimensions are not shown. Confirm layout before booking.""},{""exactTitle"":""38ft All Electric Kitchen"",""family"":""mobile-kitchen"",""model"":""new-38ft-all-electric-kitchen"",""assignedFiles"":[""/media/equipment-drive/38ft-all-electric-kitchen/38ft-all-electric-kitchen-multifunctional-exterior.png""],""reviewIds"":[""26.01""],""imageAlts"":[""Multifunctional trailer exterior with black steps, a stainless work area and an open shower/toilet compartment""],""interiorCount"":0,""exteriorCount"":1,""caption"":""Client-supplied 38 ft all-electric multifunctional kitchen reference. Shower/toilet compartment visible; confirm the cooking layout, electrical specification and dimensions.""},{""exactTitle"":""20 ft Shower Trailer"",""family"":""shower-trailer"",""model"":""model-21"",""assignedFiles"":[""/media/equipment-drive/shower-trailers/20-ft-shower-trailer-5-stalls-with-handwashing-sink/mobile-shower-trailer-wash-station.png"",""/media/equipment-drive/shower-trailers/20-ft-shower-trailer-5-stalls-with-handwashing-sink/multi-station-shower-trailer-exterior.png"",""/media/equipment-drive/shower-trailers/20-ft-shower-trailer-5-stalls-with-handwashing-sink/private-shower-trailer-stall-interior.png"",""/media/equipment-drive/shower-trailers/20-ft-shower-trailer-5-stalls-with-handwashing-sink/shower-trailer-exterior-with-private-shower-stall.png"",""/media/equipment-drive/shower-trailers/20-ft-shower-trailer-5-stalls-with-handwashing-sink/shower-trailer-rear-exterior-view.png"",""/media/equipment-drive/shower-trailers/20-ft-shower-trailer-5-stalls-with-handwashing-sink/shower-trailer-sink-and-mirror-area.png""],""reviewIds"":[""21.01"",""21.02"",""21.04"",""21.05"",""21.07"",""21.08""],""imageAlts"":[""Private shower-only stall with overhead shower and hand shower"",""Rear exterior of the shower-only trailer inside a warehouse"",""External handwashing sinks at the rear of the shower trailer"",""Private external entrances on the shower-only trailer"",""Angled exterior view of the shower-only trailer inside a warehouse"",""Externally accessible sinks and mirrors on the shower trailer""],""interiorCount"":1,""exteriorCount"":5,""caption"":""20 ft, five-stall shower-trailer reference set with external handwashing sinks. These are not photographs of the separate 22 ft, ten-stall option. Confirm the available unit with your quote.""}]","Intentional separately labelled equipment options for the broad title: Office, Sleeper and Shower & Restroom Trailer [office-sleeper-hygiene-trailer; new-office-sleeper-shower-restroom]; 38ft All Electric Kitchen [mobile-kitchen; new-38ft-all-electric-kitchen]; 20 ft Shower Trailer [shower-trailer; model-21]. Each product has its own isolated carousel and full-image viewer; no product types are mixed within a carousel.","PASS"
"page","/service-areas/georgia/","","Georgia Remote Operations Man Camp Temporary Facilities Rental","separate-options","3","[{""exactTitle"":""Office, Sleeper and Shower & Restroom Trailer"",""family"":""office-sleeper-hygiene-trailer"",""model"":""new-office-sleeper-shower-restroom"",""assignedFiles"":[""/media/equipment-drive/office-sleeper-shower-restroom-trailer/office-sleeper-shower-restroom-trailer-exterior.png""],""reviewIds"":[""27.01""],""imageAlts"":[""Office, sleeper, shower and restroom trailer exterior with separate steps, visible bunks and an open shower/toilet room""],""interiorCount"":0,""exteriorCount"":1,""caption"":""Combined office, sleeper, shower and restroom reference. Bunks and shower/toilet room visible; office interior and dimensions are not shown. Confirm layout before booking.""},{""exactTitle"":""38ft All Electric Kitchen"",""family"":""mobile-kitchen"",""model"":""new-38ft-all-electric-kitchen"",""assignedFiles"":[""/media/equipment-drive/38ft-all-electric-kitchen/38ft-all-electric-kitchen-multifunctional-exterior.png""],""reviewIds"":[""26.01""],""imageAlts"":[""Multifunctional trailer exterior with black steps, a stainless work area and an open shower/toilet compartment""],""interiorCount"":0,""exteriorCount"":1,""caption"":""Client-supplied 38 ft all-electric multifunctional kitchen reference. Shower/toilet compartment visible; confirm the cooking layout, electrical specification and dimensions.""},{""exactTitle"":""20 ft Shower Trailer"",""family"":""shower-trailer"",""model"":""model-21"",""assignedFiles"":[""/media/equipment-drive/shower-trailers/20-ft-shower-trailer-5-stalls-with-handwashing-sink/mobile-shower-trailer-wash-station.png"",""/media/equipment-drive/shower-trailers/20-ft-shower-trailer-5-stalls-with-handwashing-sink/multi-station-shower-trailer-exterior.png"",""/media/equipment-drive/shower-trailers/20-ft-shower-trailer-5-stalls-with-handwashing-sink/private-shower-trailer-stall-interior.png"",""/media/equipment-drive/shower-trailers/20-ft-shower-trailer-5-stalls-with-handwashing-sink/shower-trailer-exterior-with-private-shower-stall.png"",""/media/equipment-drive/shower-trailers/20-ft-shower-trailer-5-stalls-with-handwashing-sink/shower-trailer-rear-exterior-view.png"",""/media/equipment-drive/shower-trailers/20-ft-shower-trailer-5-stalls-with-handwashing-sink/shower-trailer-sink-and-mirror-area.png""],""reviewIds"":[""21.01"",""21.02"",""21.04"",""21.05"",""21.07"",""21.08""],""imageAlts"":[""Private shower-only stall with overhead shower and hand shower"",""Rear exterior of the shower-only trailer inside a warehouse"",""External handwashing sinks at the rear of the shower trailer"",""Private external entrances on the shower-only trailer"",""Angled exterior view of the shower-only trailer inside a warehouse"",""Externally accessible sinks and mirrors on the shower trailer""],""interiorCount"":1,""exteriorCount"":5,""caption"":""20 ft, five-stall shower-trailer reference set with external handwashing sinks. These are not photographs of the separate 22 ft, ten-stall option. Confirm the available unit with your quote.""}]","Intentional separately labelled equipment options for the broad title: Office, Sleeper and Shower & Restroom Trailer [office-sleeper-hygiene-trailer; new-office-sleeper-shower-restroom]; 38ft All Electric Kitchen [mobile-kitchen; new-38ft-all-electric-kitchen]; 20 ft Shower Trailer [shower-trailer; model-21]. Each product has its own isolated carousel and full-image viewer; no product types are mixed within a carousel.","PASS"
"page","/service-areas/iowa/","","Iowa Remote Operations Man Camp Temporary Facilities Rental","separate-options","3","[{""exactTitle"":""Office, Sleeper and Shower & Restroom Trailer"",""family"":""office-sleeper-hygiene-trailer"",""model"":""new-office-sleeper-shower-restroom"",""assignedFiles"":[""/media/equipment-drive/office-sleeper-shower-restroom-trailer/office-sleeper-shower-restroom-trailer-exterior.png""],""reviewIds"":[""27.01""],""imageAlts"":[""Office, sleeper, shower and restroom trailer exterior with separate steps, visible bunks and an open shower/toilet room""],""interiorCount"":0,""exteriorCount"":1,""caption"":""Combined office, sleeper, shower and restroom reference. Bunks and shower/toilet room visible; office interior and dimensions are not shown. Confirm layout before booking.""},{""exactTitle"":""38ft All Electric Kitchen"",""family"":""mobile-kitchen"",""model"":""new-38ft-all-electric-kitchen"",""assignedFiles"":[""/media/equipment-drive/38ft-all-electric-kitchen/38ft-all-electric-kitchen-multifunctional-exterior.png""],""reviewIds"":[""26.01""],""imageAlts"":[""Multifunctional trailer exterior with black steps, a stainless work area and an open shower/toilet compartment""],""interiorCount"":0,""exteriorCount"":1,""caption"":""Client-supplied 38 ft all-electric multifunctional kitchen reference. Shower/toilet compartment visible; confirm the cooking layout, electrical specification and dimensions.""},{""exactTitle"":""20 ft Shower Trailer"",""family"":""shower-trailer"",""model"":""model-21"",""assignedFiles"":[""/media/equipment-drive/shower-trailers/20-ft-shower-trailer-5-stalls-with-handwashing-sink/mobile-shower-trailer-wash-station.png"",""/media/equipment-drive/shower-trailers/20-ft-shower-trailer-5-stalls-with-handwashing-sink/multi-station-shower-trailer-exterior.png"",""/media/equipment-drive/shower-trailers/20-ft-shower-trailer-5-stalls-with-handwashing-sink/private-shower-trailer-stall-interior.png"",""/media/equipment-drive/shower-trailers/20-ft-shower-trailer-5-stalls-with-handwashing-sink/shower-trailer-exterior-with-private-shower-stall.png"",""/media/equipment-drive/shower-trailers/20-ft-shower-trailer-5-stalls-with-handwashing-sink/shower-trailer-rear-exterior-view.png"",""/media/equipment-drive/shower-trailers/20-ft-shower-trailer-5-stalls-with-handwashing-sink/shower-trailer-sink-and-mirror-area.png""],""reviewIds"":[""21.01"",""21.02"",""21.04"",""21.05"",""21.07"",""21.08""],""imageAlts"":[""Private shower-only stall with overhead shower and hand shower"",""Rear exterior of the shower-only trailer inside a warehouse"",""External handwashing sinks at the rear of the shower trailer"",""Private external entrances on the shower-only trailer"",""Angled exterior view of the shower-only trailer inside a warehouse"",""Externally accessible sinks and mirrors on the shower trailer""],""interiorCount"":1,""exteriorCount"":5,""caption"":""20 ft, five-stall shower-trailer reference set with external handwashing sinks. These are not photographs of the separate 22 ft, ten-stall option. Confirm the available unit with your quote.""}]","Intentional separately labelled equipment options for the broad title: Office, Sleeper and Shower & Restroom Trailer [office-sleeper-hygiene-trailer; new-office-sleeper-shower-restroom]; 38ft All Electric Kitchen [mobile-kitchen; new-38ft-all-electric-kitchen]; 20 ft Shower Trailer [shower-trailer; model-21]. Each product has its own isolated carousel and full-image viewer; no product types are mixed within a carousel.","PASS"
"page","/service-areas/massachusetts/","","Massachusetts Remote Operations Man Camp Temporary Facilities Rental","separate-options","3","[{""exactTitle"":""Office, Sleeper and Shower & Restroom Trailer"",""family"":""office-sleeper-hygiene-trailer"",""model"":""new-office-sleeper-shower-restroom"",""assignedFiles"":[""/media/equipment-drive/office-sleeper-shower-restroom-trailer/office-sleeper-shower-restroom-trailer-exterior.png""],""reviewIds"":[""27.01""],""imageAlts"":[""Office, sleeper, shower and restroom trailer exterior with separate steps, visible bunks and an open shower/toilet room""],""interiorCount"":0,""exteriorCount"":1,""caption"":""Combined office, sleeper, shower and restroom reference. Bunks and shower/toilet room visible; office interior and dimensions are not shown. Confirm layout before booking.""},{""exactTitle"":""38ft All Electric Kitchen"",""family"":""mobile-kitchen"",""model"":""new-38ft-all-electric-kitchen"",""assignedFiles"":[""/media/equipment-drive/38ft-all-electric-kitchen/38ft-all-electric-kitchen-multifunctional-exterior.png""],""reviewIds"":[""26.01""],""imageAlts"":[""Multifunctional trailer exterior with black steps, a stainless work area and an open shower/toilet compartment""],""interiorCount"":0,""exteriorCount"":1,""caption"":""Client-supplied 38 ft all-electric multifunctional kitchen reference. Shower/toilet compartment visible; confirm the cooking layout, electrical specification and dimensions.""},{""exactTitle"":""20 ft Shower Trailer"",""family"":""shower-trailer"",""model"":""model-21"",""assignedFiles"":[""/media/equipment-drive/shower-trailers/20-ft-shower-trailer-5-stalls-with-handwashing-sink/mobile-shower-trailer-wash-station.png"",""/media/equipment-drive/shower-trailers/20-ft-shower-trailer-5-stalls-with-handwashing-sink/multi-station-shower-trailer-exterior.png"",""/media/equipment-drive/shower-trailers/20-ft-shower-trailer-5-stalls-with-handwashing-sink/private-shower-trailer-stall-interior.png"",""/media/equipment-drive/shower-trailers/20-ft-shower-trailer-5-stalls-with-handwashing-sink/shower-trailer-exterior-with-private-shower-stall.png"",""/media/equipment-drive/shower-trailers/20-ft-shower-trailer-5-stalls-with-handwashing-sink/shower-trailer-rear-exterior-view.png"",""/media/equipment-drive/shower-trailers/20-ft-shower-trailer-5-stalls-with-handwashing-sink/shower-trailer-sink-and-mirror-area.png""],""reviewIds"":[""21.01"",""21.02"",""21.04"",""21.05"",""21.07"",""21.08""],""imageAlts"":[""Private shower-only stall with overhead shower and hand shower"",""Rear exterior of the shower-only trailer inside a warehouse"",""External handwashing sinks at the rear of the shower trailer"",""Private external entrances on the shower-only trailer"",""Angled exterior view of the shower-only trailer inside a warehouse"",""Externally accessible sinks and mirrors on the shower trailer""],""interiorCount"":1,""exteriorCount"":5,""caption"":""20 ft, five-stall shower-trailer reference set with external handwashing sinks. These are not photographs of the separate 22 ft, ten-stall option. Confirm the available unit with your quote.""}]","Intentional separately labelled equipment options for the broad title: Office, Sleeper and Shower & Restroom Trailer [office-sleeper-hygiene-trailer; new-office-sleeper-shower-restroom]; 38ft All Electric Kitchen [mobile-kitchen; new-38ft-all-electric-kitchen]; 20 ft Shower Trailer [shower-trailer; model-21]. Each product has its own isolated carousel and full-image viewer; no product types are mixed within a carousel.","PASS"
"page","/service-areas/new-jersey/","","New Jersey Remote Operations Man Camp Temporary Facilities Rental","separate-options","3","[{""exactTitle"":""Office, Sleeper and Shower & Restroom Trailer"",""family"":""office-sleeper-hygiene-trailer"",""model"":""new-office-sleeper-shower-restroom"",""assignedFiles"":[""/media/equipment-drive/office-sleeper-shower-restroom-trailer/office-sleeper-shower-restroom-trailer-exterior.png""],""reviewIds"":[""27.01""],""imageAlts"":[""Office, sleeper, shower and restroom trailer exterior with separate steps, visible bunks and an open shower/toilet room""],""interiorCount"":0,""exteriorCount"":1,""caption"":""Combined office, sleeper, shower and restroom reference. Bunks and shower/toilet room visible; office interior and dimensions are not shown. Confirm layout before booking.""},{""exactTitle"":""38ft All Electric Kitchen"",""family"":""mobile-kitchen"",""model"":""new-38ft-all-electric-kitchen"",""assignedFiles"":[""/media/equipment-drive/38ft-all-electric-kitchen/38ft-all-electric-kitchen-multifunctional-exterior.png""],""reviewIds"":[""26.01""],""imageAlts"":[""Multifunctional trailer exterior with black steps, a stainless work area and an open shower/toilet compartment""],""interiorCount"":0,""exteriorCount"":1,""caption"":""Client-supplied 38 ft all-electric multifunctional kitchen reference. Shower/toilet compartment visible; confirm the cooking layout, electrical specification and dimensions.""},{""exactTitle"":""20 ft Shower Trailer"",""family"":""shower-trailer"",""model"":""model-21"",""assignedFiles"":[""/media/equipment-drive/shower-trailers/20-ft-shower-trailer-5-stalls-with-handwashing-sink/mobile-shower-trailer-wash-station.png"",""/media/equipment-drive/shower-trailers/20-ft-shower-trailer-5-stalls-with-handwashing-sink/multi-station-shower-trailer-exterior.png"",""/media/equipment-drive/shower-trailers/20-ft-shower-trailer-5-stalls-with-handwashing-sink/private-shower-trailer-stall-interior.png"",""/media/equipment-drive/shower-trailers/20-ft-shower-trailer-5-stalls-with-handwashing-sink/shower-trailer-exterior-with-private-shower-stall.png"",""/media/equipment-drive/shower-trailers/20-ft-shower-trailer-5-stalls-with-handwashing-sink/shower-trailer-rear-exterior-view.png"",""/media/equipment-drive/shower-trailers/20-ft-shower-trailer-5-stalls-with-handwashing-sink/shower-trailer-sink-and-mirror-area.png""],""reviewIds"":[""21.01"",""21.02"",""21.04"",""21.05"",""21.07"",""21.08""],""imageAlts"":[""Private shower-only stall with overhead shower and hand shower"",""Rear exterior of the shower-only trailer inside a warehouse"",""External handwashing sinks at the rear of the shower trailer"",""Private external entrances on the shower-only trailer"",""Angled exterior view of the shower-only trailer inside a warehouse"",""Externally accessible sinks and mirrors on the shower trailer""],""interiorCount"":1,""exteriorCount"":5,""caption"":""20 ft, five-stall shower-trailer reference set with external handwashing sinks. These are not photographs of the separate 22 ft, ten-stall option. Confirm the available unit with your quote.""}]","Intentional separately labelled equipment options for the broad title: Office, Sleeper and Shower & Restroom Trailer [office-sleeper-hygiene-trailer; new-office-sleeper-shower-restroom]; 38ft All Electric Kitchen [mobile-kitchen; new-38ft-all-electric-kitchen]; 20 ft Shower Trailer [shower-trailer; model-21]. Each product has its own isolated carousel and full-image viewer; no product types are mixed within a carousel.","PASS"
"page","/service-areas/texas/","","Texas Remote Operations Man Camp Temporary Facilities Rental","separate-options","3","[{""exactTitle"":""Office, Sleeper and Shower & Restroom Trailer"",""family"":""office-sleeper-hygiene-trailer"",""model"":""new-office-sleeper-shower-restroom"",""assignedFiles"":[""/media/equipment-drive/office-sleeper-shower-restroom-trailer/office-sleeper-shower-restroom-trailer-exterior.png""],""reviewIds"":[""27.01""],""imageAlts"":[""Office, sleeper, shower and restroom trailer exterior with separate steps, visible bunks and an open shower/toilet room""],""interiorCount"":0,""exteriorCount"":1,""caption"":""Combined office, sleeper, shower and restroom reference. Bunks and shower/toilet room visible; office interior and dimensions are not shown. Confirm layout before booking.""},{""exactTitle"":""38ft All Electric Kitchen"",""family"":""mobile-kitchen"",""model"":""new-38ft-all-electric-kitchen"",""assignedFiles"":[""/media/equipment-drive/38ft-all-electric-kitchen/38ft-all-electric-kitchen-multifunctional-exterior.png""],""reviewIds"":[""26.01""],""imageAlts"":[""Multifunctional trailer exterior with black steps, a stainless work area and an open shower/toilet compartment""],""interiorCount"":0,""exteriorCount"":1,""caption"":""Client-supplied 38 ft all-electric multifunctional kitchen reference. Shower/toilet compartment visible; confirm the cooking layout, electrical specification and dimensions.""},{""exactTitle"":""20 ft Shower Trailer"",""family"":""shower-trailer"",""model"":""model-21"",""assignedFiles"":[""/media/equipment-drive/shower-trailers/20-ft-shower-trailer-5-stalls-with-handwashing-sink/mobile-shower-trailer-wash-station.png"",""/media/equipment-drive/shower-trailers/20-ft-shower-trailer-5-stalls-with-handwashing-sink/multi-station-shower-trailer-exterior.png"",""/media/equipment-drive/shower-trailers/20-ft-shower-trailer-5-stalls-with-handwashing-sink/private-shower-trailer-stall-interior.png"",""/media/equipment-drive/shower-trailers/20-ft-shower-trailer-5-stalls-with-handwashing-sink/shower-trailer-exterior-with-private-shower-stall.png"",""/media/equipment-drive/shower-trailers/20-ft-shower-trailer-5-stalls-with-handwashing-sink/shower-trailer-rear-exterior-view.png"",""/media/equipment-drive/shower-trailers/20-ft-shower-trailer-5-stalls-with-handwashing-sink/shower-trailer-sink-and-mirror-area.png""],""reviewIds"":[""21.01"",""21.02"",""21.04"",""21.05"",""21.07"",""21.08""],""imageAlts"":[""Private shower-only stall with overhead shower and hand shower"",""Rear exterior of the shower-only trailer inside a warehouse"",""External handwashing sinks at the rear of the shower trailer"",""Private external entrances on the shower-only trailer"",""Angled exterior view of the shower-only trailer inside a warehouse"",""Externally accessible sinks and mirrors on the shower trailer""],""interiorCount"":1,""exteriorCount"":5,""caption"":""20 ft, five-stall shower-trailer reference set with external handwashing sinks. These are not photographs of the separate 22 ft, ten-stall option. Confirm the available unit with your quote.""}]","Intentional separately labelled equipment options for the broad title: Office, Sleeper and Shower & Restroom Trailer [office-sleeper-hygiene-trailer; new-office-sleeper-shower-restroom]; 38ft All Electric Kitchen [mobile-kitchen; new-38ft-all-electric-kitchen]; 20 ft Shower Trailer [shower-trailer; model-21]. Each product has its own isolated carousel and full-image viewer; no product types are mixed within a carousel.","PASS"
"page","/service-areas/washington/","","Washington Remote Operations Man Camp Temporary Facilities Rental","separate-options","3","[{""exactTitle"":""Office, Sleeper and Shower & Restroom Trailer"",""family"":""office-sleeper-hygiene-trailer"",""model"":""new-office-sleeper-shower-restroom"",""assignedFiles"":[""/media/equipment-drive/office-sleeper-shower-restroom-trailer/office-sleeper-shower-restroom-trailer-exterior.png""],""reviewIds"":[""27.01""],""imageAlts"":[""Office, sleeper, shower and restroom trailer exterior with separate steps, visible bunks and an open shower/toilet room""],""interiorCount"":0,""exteriorCount"":1,""caption"":""Combined office, sleeper, shower and restroom reference. Bunks and shower/toilet room visible; office interior and dimensions are not shown. Confirm layout before booking.""},{""exactTitle"":""38ft All Electric Kitchen"",""family"":""mobile-kitchen"",""model"":""new-38ft-all-electric-kitchen"",""assignedFiles"":[""/media/equipment-drive/38ft-all-electric-kitchen/38ft-all-electric-kitchen-multifunctional-exterior.png""],""reviewIds"":[""26.01""],""imageAlts"":[""Multifunctional trailer exterior with black steps, a stainless work area and an open shower/toilet compartment""],""interiorCount"":0,""exteriorCount"":1,""caption"":""Client-supplied 38 ft all-electric multifunctional kitchen reference. Shower/toilet compartment visible; confirm the cooking layout, electrical specification and dimensions.""},{""exactTitle"":""20 ft Shower Trailer"",""family"":""shower-trailer"",""model"":""model-21"",""assignedFiles"":[""/media/equipment-drive/shower-trailers/20-ft-shower-trailer-5-stalls-with-handwashing-sink/mobile-shower-trailer-wash-station.png"",""/media/equipment-drive/shower-trailers/20-ft-shower-trailer-5-stalls-with-handwashing-sink/multi-station-shower-trailer-exterior.png"",""/media/equipment-drive/shower-trailers/20-ft-shower-trailer-5-stalls-with-handwashing-sink/private-shower-trailer-stall-interior.png"",""/media/equipment-drive/shower-trailers/20-ft-shower-trailer-5-stalls-with-handwashing-sink/shower-trailer-exterior-with-private-shower-stall.png"",""/media/equipment-drive/shower-trailers/20-ft-shower-trailer-5-stalls-with-handwashing-sink/shower-trailer-rear-exterior-view.png"",""/media/equipment-drive/shower-trailers/20-ft-shower-trailer-5-stalls-with-handwashing-sink/shower-trailer-sink-and-mirror-area.png""],""reviewIds"":[""21.01"",""21.02"",""21.04"",""21.05"",""21.07"",""21.08""],""imageAlts"":[""Private shower-only stall with overhead shower and hand shower"",""Rear exterior of the shower-only trailer inside a warehouse"",""External handwashing sinks at the rear of the shower trailer"",""Private external entrances on the shower-only trailer"",""Angled exterior view of the shower-only trailer inside a warehouse"",""Externally accessible sinks and mirrors on the shower trailer""],""interiorCount"":1,""exteriorCount"":5,""caption"":""20 ft, five-stall shower-trailer reference set with external handwashing sinks. These are not photographs of the separate 22 ft, ten-stall option. Confirm the available unit with your quote.""}]","Intentional separately labelled equipment options for the broad title: Office, Sleeper and Shower & Restroom Trailer [office-sleeper-hygiene-trailer; new-office-sleeper-shower-restroom]; 38ft All Electric Kitchen [mobile-kitchen; new-38ft-all-electric-kitchen]; 20 ft Shower Trailer [shower-trailer; model-21]. Each product has its own isolated carousel and full-image viewer; no product types are mixed within a carousel.","PASS"
"page","/service-areas/west-virginia/","","West Virginia Remote Operations Man Camp Temporary Facilities Rental","separate-options","3","[{""exactTitle"":""Office, Sleeper and Shower & Restroom Trailer"",""family"":""office-sleeper-hygiene-trailer"",""model"":""new-office-sleeper-shower-restroom"",""assignedFiles"":[""/media/equipment-drive/office-sleeper-shower-restroom-trailer/office-sleeper-shower-restroom-trailer-exterior.png""],""reviewIds"":[""27.01""],""imageAlts"":[""Office, sleeper, shower and restroom trailer exterior with separate steps, visible bunks and an open shower/toilet room""],""interiorCount"":0,""exteriorCount"":1,""caption"":""Combined office, sleeper, shower and restroom reference. Bunks and shower/toilet room visible; office interior and dimensions are not shown. Confirm layout before booking.""},{""exactTitle"":""38ft All Electric Kitchen"",""family"":""mobile-kitchen"",""model"":""new-38ft-all-electric-kitchen"",""assignedFiles"":[""/media/equipment-drive/38ft-all-electric-kitchen/38ft-all-electric-kitchen-multifunctional-exterior.png""],""reviewIds"":[""26.01""],""imageAlts"":[""Multifunctional trailer exterior with black steps, a stainless work area and an open shower/toilet compartment""],""interiorCount"":0,""exteriorCount"":1,""caption"":""Client-supplied 38 ft all-electric multifunctional kitchen reference. Shower/toilet compartment visible; confirm the cooking layout, electrical specification and dimensions.""},{""exactTitle"":""20 ft Shower Trailer"",""family"":""shower-trailer"",""model"":""model-21"",""assignedFiles"":[""/media/equipment-drive/shower-trailers/20-ft-shower-trailer-5-stalls-with-handwashing-sink/mobile-shower-trailer-wash-station.png"",""/media/equipment-drive/shower-trailers/20-ft-shower-trailer-5-stalls-with-handwashing-sink/multi-station-shower-trailer-exterior.png"",""/media/equipment-drive/shower-trailers/20-ft-shower-trailer-5-stalls-with-handwashing-sink/private-shower-trailer-stall-interior.png"",""/media/equipment-drive/shower-trailers/20-ft-shower-trailer-5-stalls-with-handwashing-sink/shower-trailer-exterior-with-private-shower-stall.png"",""/media/equipment-drive/shower-trailers/20-ft-shower-trailer-5-stalls-with-handwashing-sink/shower-trailer-rear-exterior-view.png"",""/media/equipment-drive/shower-trailers/20-ft-shower-trailer-5-stalls-with-handwashing-sink/shower-trailer-sink-and-mirror-area.png""],""reviewIds"":[""21.01"",""21.02"",""21.04"",""21.05"",""21.07"",""21.08""],""imageAlts"":[""Private shower-only stall with overhead shower and hand shower"",""Rear exterior of the shower-only trailer inside a warehouse"",""External handwashing sinks at the rear of the shower trailer"",""Private external entrances on the shower-only trailer"",""Angled exterior view of the shower-only trailer inside a warehouse"",""Externally accessible sinks and mirrors on the shower trailer""],""interiorCount"":1,""exteriorCount"":5,""caption"":""20 ft, five-stall shower-trailer reference set with external handwashing sinks. These are not photographs of the separate 22 ft, ten-stall option. Confirm the available unit with your quote.""}]","Intentional separately labelled equipment options for the broad title: Office, Sleeper and Shower & Restroom Trailer [office-sleeper-hygiene-trailer; new-office-sleeper-shower-restroom]; 38ft All Electric Kitchen [mobile-kitchen; new-38ft-all-electric-kitchen]; 20 ft Shower Trailer [shower-trailer; model-21]. Each product has its own isolated carousel and full-image viewer; no product types are mixed within a carousel.","PASS"
"full-map","/service-areas/","Georgia","Georgia Remote Operations Man Camp Temporary Facilities Rental","separate-options","3","[{""exactTitle"":""Office, Sleeper and Shower & Restroom Trailer"",""family"":""office-sleeper-hygiene-trailer"",""model"":""new-office-sleeper-shower-restroom"",""assignedFiles"":[""/media/equipment-drive/office-sleeper-shower-restroom-trailer/office-sleeper-shower-restroom-trailer-exterior.png""],""reviewIds"":[""27.01""],""imageAlts"":[""Office, sleeper, shower and restroom trailer exterior with separate steps, visible bunks and an open shower/toilet room""],""interiorCount"":0,""exteriorCount"":1,""caption"":""Combined office, sleeper, shower and restroom reference. Bunks and shower/toilet room visible; office interior and dimensions are not shown. Confirm layout before booking.""},{""exactTitle"":""38ft All Electric Kitchen"",""family"":""mobile-kitchen"",""model"":""new-38ft-all-electric-kitchen"",""assignedFiles"":[""/media/equipment-drive/38ft-all-electric-kitchen/38ft-all-electric-kitchen-multifunctional-exterior.png""],""reviewIds"":[""26.01""],""imageAlts"":[""Multifunctional trailer exterior with black steps, a stainless work area and an open shower/toilet compartment""],""interiorCount"":0,""exteriorCount"":1,""caption"":""Client-supplied 38 ft all-electric multifunctional kitchen reference. Shower/toilet compartment visible; confirm the cooking layout, electrical specification and dimensions.""},{""exactTitle"":""20 ft Shower Trailer"",""family"":""shower-trailer"",""model"":""model-21"",""assignedFiles"":[""/media/equipment-drive/shower-trailers/20-ft-shower-trailer-5-stalls-with-handwashing-sink/mobile-shower-trailer-wash-station.png"",""/media/equipment-drive/shower-trailers/20-ft-shower-trailer-5-stalls-with-handwashing-sink/multi-station-shower-trailer-exterior.png"",""/media/equipment-drive/shower-trailers/20-ft-shower-trailer-5-stalls-with-handwashing-sink/private-shower-trailer-stall-interior.png"",""/media/equipment-drive/shower-trailers/20-ft-shower-trailer-5-stalls-with-handwashing-sink/shower-trailer-exterior-with-private-shower-stall.png"",""/media/equipment-drive/shower-trailers/20-ft-shower-trailer-5-stalls-with-handwashing-sink/shower-trailer-rear-exterior-view.png"",""/media/equipment-drive/shower-trailers/20-ft-shower-trailer-5-stalls-with-handwashing-sink/shower-trailer-sink-and-mirror-area.png""],""reviewIds"":[""21.01"",""21.02"",""21.04"",""21.05"",""21.07"",""21.08""],""imageAlts"":[""Private shower-only stall with overhead shower and hand shower"",""Rear exterior of the shower-only trailer inside a warehouse"",""External handwashing sinks at the rear of the shower trailer"",""Private external entrances on the shower-only trailer"",""Angled exterior view of the shower-only trailer inside a warehouse"",""Externally accessible sinks and mirrors on the shower trailer""],""interiorCount"":1,""exteriorCount"":5,""caption"":""20 ft, five-stall shower-trailer reference set with external handwashing sinks. These are not photographs of the separate 22 ft, ten-stall option. Confirm the available unit with your quote.""}]","Intentional separately labelled equipment options for the broad title: Office, Sleeper and Shower & Restroom Trailer [office-sleeper-hygiene-trailer; new-office-sleeper-shower-restroom]; 38ft All Electric Kitchen [mobile-kitchen; new-38ft-all-electric-kitchen]; 20 ft Shower Trailer [shower-trailer; model-21]. Each product has its own isolated carousel and full-image viewer; no product types are mixed within a carousel.","PASS"
"full-map","/service-areas/","Iowa","Iowa Remote Operations Man Camp Temporary Facilities Rental","separate-options","3","[{""exactTitle"":""Office, Sleeper and Shower & Restroom Trailer"",""family"":""office-sleeper-hygiene-trailer"",""model"":""new-office-sleeper-shower-restroom"",""assignedFiles"":[""/media/equipment-drive/office-sleeper-shower-restroom-trailer/office-sleeper-shower-restroom-trailer-exterior.png""],""reviewIds"":[""27.01""],""imageAlts"":[""Office, sleeper, shower and restroom trailer exterior with separate steps, visible bunks and an open shower/toilet room""],""interiorCount"":0,""exteriorCount"":1,""caption"":""Combined office, sleeper, shower and restroom reference. Bunks and shower/toilet room visible; office interior and dimensions are not shown. Confirm layout before booking.""},{""exactTitle"":""38ft All Electric Kitchen"",""family"":""mobile-kitchen"",""model"":""new-38ft-all-electric-kitchen"",""assignedFiles"":[""/media/equipment-drive/38ft-all-electric-kitchen/38ft-all-electric-kitchen-multifunctional-exterior.png""],""reviewIds"":[""26.01""],""imageAlts"":[""Multifunctional trailer exterior with black steps, a stainless work area and an open shower/toilet compartment""],""interiorCount"":0,""exteriorCount"":1,""caption"":""Client-supplied 38 ft all-electric multifunctional kitchen reference. Shower/toilet compartment visible; confirm the cooking layout, electrical specification and dimensions.""},{""exactTitle"":""20 ft Shower Trailer"",""family"":""shower-trailer"",""model"":""model-21"",""assignedFiles"":[""/media/equipment-drive/shower-trailers/20-ft-shower-trailer-5-stalls-with-handwashing-sink/mobile-shower-trailer-wash-station.png"",""/media/equipment-drive/shower-trailers/20-ft-shower-trailer-5-stalls-with-handwashing-sink/multi-station-shower-trailer-exterior.png"",""/media/equipment-drive/shower-trailers/20-ft-shower-trailer-5-stalls-with-handwashing-sink/private-shower-trailer-stall-interior.png"",""/media/equipment-drive/shower-trailers/20-ft-shower-trailer-5-stalls-with-handwashing-sink/shower-trailer-exterior-with-private-shower-stall.png"",""/media/equipment-drive/shower-trailers/20-ft-shower-trailer-5-stalls-with-handwashing-sink/shower-trailer-rear-exterior-view.png"",""/media/equipment-drive/shower-trailers/20-ft-shower-trailer-5-stalls-with-handwashing-sink/shower-trailer-sink-and-mirror-area.png""],""reviewIds"":[""21.01"",""21.02"",""21.04"",""21.05"",""21.07"",""21.08""],""imageAlts"":[""Private shower-only stall with overhead shower and hand shower"",""Rear exterior of the shower-only trailer inside a warehouse"",""External handwashing sinks at the rear of the shower trailer"",""Private external entrances on the shower-only trailer"",""Angled exterior view of the shower-only trailer inside a warehouse"",""Externally accessible sinks and mirrors on the shower trailer""],""interiorCount"":1,""exteriorCount"":5,""caption"":""20 ft, five-stall shower-trailer reference set with external handwashing sinks. These are not photographs of the separate 22 ft, ten-stall option. Confirm the available unit with your quote.""}]","Intentional separately labelled equipment options for the broad title: Office, Sleeper and Shower & Restroom Trailer [office-sleeper-hygiene-trailer; new-office-sleeper-shower-restroom]; 38ft All Electric Kitchen [mobile-kitchen; new-38ft-all-electric-kitchen]; 20 ft Shower Trailer [shower-trailer; model-21]. Each product has its own isolated carousel and full-image viewer; no product types are mixed within a carousel.","PASS"
"full-map","/service-areas/","Massachusetts","Massachusetts Remote Operations Man Camp Temporary Facilities Rental","separate-options","3","[{""exactTitle"":""Office, Sleeper and Shower & Restroom Trailer"",""family"":""office-sleeper-hygiene-trailer"",""model"":""new-office-sleeper-shower-restroom"",""assignedFiles"":[""/media/equipment-drive/office-sleeper-shower-restroom-trailer/office-sleeper-shower-restroom-trailer-exterior.png""],""reviewIds"":[""27.01""],""imageAlts"":[""Office, sleeper, shower and restroom trailer exterior with separate steps, visible bunks and an open shower/toilet room""],""interiorCount"":0,""exteriorCount"":1,""caption"":""Combined office, sleeper, shower and restroom reference. Bunks and shower/toilet room visible; office interior and dimensions are not shown. Confirm layout before booking.""},{""exactTitle"":""38ft All Electric Kitchen"",""family"":""mobile-kitchen"",""model"":""new-38ft-all-electric-kitchen"",""assignedFiles"":[""/media/equipment-drive/38ft-all-electric-kitchen/38ft-all-electric-kitchen-multifunctional-exterior.png""],""reviewIds"":[""26.01""],""imageAlts"":[""Multifunctional trailer exterior with black steps, a stainless work area and an open shower/toilet compartment""],""interiorCount"":0,""exteriorCount"":1,""caption"":""Client-supplied 38 ft all-electric multifunctional kitchen reference. Shower/toilet compartment visible; confirm the cooking layout, electrical specification and dimensions.""},{""exactTitle"":""20 ft Shower Trailer"",""family"":""shower-trailer"",""model"":""model-21"",""assignedFiles"":[""/media/equipment-drive/shower-trailers/20-ft-shower-trailer-5-stalls-with-handwashing-sink/mobile-shower-trailer-wash-station.png"",""/media/equipment-drive/shower-trailers/20-ft-shower-trailer-5-stalls-with-handwashing-sink/multi-station-shower-trailer-exterior.png"",""/media/equipment-drive/shower-trailers/20-ft-shower-trailer-5-stalls-with-handwashing-sink/private-shower-trailer-stall-interior.png"",""/media/equipment-drive/shower-trailers/20-ft-shower-trailer-5-stalls-with-handwashing-sink/shower-trailer-exterior-with-private-shower-stall.png"",""/media/equipment-drive/shower-trailers/20-ft-shower-trailer-5-stalls-with-handwashing-sink/shower-trailer-rear-exterior-view.png"",""/media/equipment-drive/shower-trailers/20-ft-shower-trailer-5-stalls-with-handwashing-sink/shower-trailer-sink-and-mirror-area.png""],""reviewIds"":[""21.01"",""21.02"",""21.04"",""21.05"",""21.07"",""21.08""],""imageAlts"":[""Private shower-only stall with overhead shower and hand shower"",""Rear exterior of the shower-only trailer inside a warehouse"",""External handwashing sinks at the rear of the shower trailer"",""Private external entrances on the shower-only trailer"",""Angled exterior view of the shower-only trailer inside a warehouse"",""Externally accessible sinks and mirrors on the shower trailer""],""interiorCount"":1,""exteriorCount"":5,""caption"":""20 ft, five-stall shower-trailer reference set with external handwashing sinks. These are not photographs of the separate 22 ft, ten-stall option. Confirm the available unit with your quote.""}]","Intentional separately labelled equipment options for the broad title: Office, Sleeper and Shower & Restroom Trailer [office-sleeper-hygiene-trailer; new-office-sleeper-shower-restroom]; 38ft All Electric Kitchen [mobile-kitchen; new-38ft-all-electric-kitchen]; 20 ft Shower Trailer [shower-trailer; model-21]. Each product has its own isolated carousel and full-image viewer; no product types are mixed within a carousel.","PASS"
"full-map","/service-areas/","New Jersey","New Jersey Remote Operations Man Camp Temporary Facilities Rental","separate-options","3","[{""exactTitle"":""Office, Sleeper and Shower & Restroom Trailer"",""family"":""office-sleeper-hygiene-trailer"",""model"":""new-office-sleeper-shower-restroom"",""assignedFiles"":[""/media/equipment-drive/office-sleeper-shower-restroom-trailer/office-sleeper-shower-restroom-trailer-exterior.png""],""reviewIds"":[""27.01""],""imageAlts"":[""Office, sleeper, shower and restroom trailer exterior with separate steps, visible bunks and an open shower/toilet room""],""interiorCount"":0,""exteriorCount"":1,""caption"":""Combined office, sleeper, shower and restroom reference. Bunks and shower/toilet room visible; office interior and dimensions are not shown. Confirm layout before booking.""},{""exactTitle"":""38ft All Electric Kitchen"",""family"":""mobile-kitchen"",""model"":""new-38ft-all-electric-kitchen"",""assignedFiles"":[""/media/equipment-drive/38ft-all-electric-kitchen/38ft-all-electric-kitchen-multifunctional-exterior.png""],""reviewIds"":[""26.01""],""imageAlts"":[""Multifunctional trailer exterior with black steps, a stainless work area and an open shower/toilet compartment""],""interiorCount"":0,""exteriorCount"":1,""caption"":""Client-supplied 38 ft all-electric multifunctional kitchen reference. Shower/toilet compartment visible; confirm the cooking layout, electrical specification and dimensions.""},{""exactTitle"":""20 ft Shower Trailer"",""family"":""shower-trailer"",""model"":""model-21"",""assignedFiles"":[""/media/equipment-drive/shower-trailers/20-ft-shower-trailer-5-stalls-with-handwashing-sink/mobile-shower-trailer-wash-station.png"",""/media/equipment-drive/shower-trailers/20-ft-shower-trailer-5-stalls-with-handwashing-sink/multi-station-shower-trailer-exterior.png"",""/media/equipment-drive/shower-trailers/20-ft-shower-trailer-5-stalls-with-handwashing-sink/private-shower-trailer-stall-interior.png"",""/media/equipment-drive/shower-trailers/20-ft-shower-trailer-5-stalls-with-handwashing-sink/shower-trailer-exterior-with-private-shower-stall.png"",""/media/equipment-drive/shower-trailers/20-ft-shower-trailer-5-stalls-with-handwashing-sink/shower-trailer-rear-exterior-view.png"",""/media/equipment-drive/shower-trailers/20-ft-shower-trailer-5-stalls-with-handwashing-sink/shower-trailer-sink-and-mirror-area.png""],""reviewIds"":[""21.01"",""21.02"",""21.04"",""21.05"",""21.07"",""21.08""],""imageAlts"":[""Private shower-only stall with overhead shower and hand shower"",""Rear exterior of the shower-only trailer inside a warehouse"",""External handwashing sinks at the rear of the shower trailer"",""Private external entrances on the shower-only trailer"",""Angled exterior view of the shower-only trailer inside a warehouse"",""Externally accessible sinks and mirrors on the shower trailer""],""interiorCount"":1,""exteriorCount"":5,""caption"":""20 ft, five-stall shower-trailer reference set with external handwashing sinks. These are not photographs of the separate 22 ft, ten-stall option. Confirm the available unit with your quote.""}]","Intentional separately labelled equipment options for the broad title: Office, Sleeper and Shower & Restroom Trailer [office-sleeper-hygiene-trailer; new-office-sleeper-shower-restroom]; 38ft All Electric Kitchen [mobile-kitchen; new-38ft-all-electric-kitchen]; 20 ft Shower Trailer [shower-trailer; model-21]. Each product has its own isolated carousel and full-image viewer; no product types are mixed within a carousel.","PASS"
"full-map","/service-areas/","Texas","Texas Remote Operations Man Camp Temporary Facilities Rental","separate-options","3","[{""exactTitle"":""Office, Sleeper and Shower & Restroom Trailer"",""family"":""office-sleeper-hygiene-trailer"",""model"":""new-office-sleeper-shower-restroom"",""assignedFiles"":[""/media/equipment-drive/office-sleeper-shower-restroom-trailer/office-sleeper-shower-restroom-trailer-exterior.png""],""reviewIds"":[""27.01""],""imageAlts"":[""Office, sleeper, shower and restroom trailer exterior with separate steps, visible bunks and an open shower/toilet room""],""interiorCount"":0,""exteriorCount"":1,""caption"":""Combined office, sleeper, shower and restroom reference. Bunks and shower/toilet room visible; office interior and dimensions are not shown. Confirm layout before booking.""},{""exactTitle"":""38ft All Electric Kitchen"",""family"":""mobile-kitchen"",""model"":""new-38ft-all-electric-kitchen"",""assignedFiles"":[""/media/equipment-drive/38ft-all-electric-kitchen/38ft-all-electric-kitchen-multifunctional-exterior.png""],""reviewIds"":[""26.01""],""imageAlts"":[""Multifunctional trailer exterior with black steps, a stainless work area and an open shower/toilet compartment""],""interiorCount"":0,""exteriorCount"":1,""caption"":""Client-supplied 38 ft all-electric multifunctional kitchen reference. Shower/toilet compartment visible; confirm the cooking layout, electrical specification and dimensions.""},{""exactTitle"":""20 ft Shower Trailer"",""family"":""shower-trailer"",""model"":""model-21"",""assignedFiles"":[""/media/equipment-drive/shower-trailers/20-ft-shower-trailer-5-stalls-with-handwashing-sink/mobile-shower-trailer-wash-station.png"",""/media/equipment-drive/shower-trailers/20-ft-shower-trailer-5-stalls-with-handwashing-sink/multi-station-shower-trailer-exterior.png"",""/media/equipment-drive/shower-trailers/20-ft-shower-trailer-5-stalls-with-handwashing-sink/private-shower-trailer-stall-interior.png"",""/media/equipment-drive/shower-trailers/20-ft-shower-trailer-5-stalls-with-handwashing-sink/shower-trailer-exterior-with-private-shower-stall.png"",""/media/equipment-drive/shower-trailers/20-ft-shower-trailer-5-stalls-with-handwashing-sink/shower-trailer-rear-exterior-view.png"",""/media/equipment-drive/shower-trailers/20-ft-shower-trailer-5-stalls-with-handwashing-sink/shower-trailer-sink-and-mirror-area.png""],""reviewIds"":[""21.01"",""21.02"",""21.04"",""21.05"",""21.07"",""21.08""],""imageAlts"":[""Private shower-only stall with overhead shower and hand shower"",""Rear exterior of the shower-only trailer inside a warehouse"",""External handwashing sinks at the rear of the shower trailer"",""Private external entrances on the shower-only trailer"",""Angled exterior view of the shower-only trailer inside a warehouse"",""Externally accessible sinks and mirrors on the shower trailer""],""interiorCount"":1,""exteriorCount"":5,""caption"":""20 ft, five-stall shower-trailer reference set with external handwashing sinks. These are not photographs of the separate 22 ft, ten-stall option. Confirm the available unit with your quote.""}]","Intentional separately labelled equipment options for the broad title: Office, Sleeper and Shower & Restroom Trailer [office-sleeper-hygiene-trailer; new-office-sleeper-shower-restroom]; 38ft All Electric Kitchen [mobile-kitchen; new-38ft-all-electric-kitchen]; 20 ft Shower Trailer [shower-trailer; model-21]. Each product has its own isolated carousel and full-image viewer; no product types are mixed within a carousel.","PASS"
"full-map","/service-areas/","Washington","Washington Remote Operations Man Camp Temporary Facilities Rental","separate-options","3","[{""exactTitle"":""Office, Sleeper and Shower & Restroom Trailer"",""family"":""office-sleeper-hygiene-trailer"",""model"":""new-office-sleeper-shower-restroom"",""assignedFiles"":[""/media/equipment-drive/office-sleeper-shower-restroom-trailer/office-sleeper-shower-restroom-trailer-exterior.png""],""reviewIds"":[""27.01""],""imageAlts"":[""Office, sleeper, shower and restroom trailer exterior with separate steps, visible bunks and an open shower/toilet room""],""interiorCount"":0,""exteriorCount"":1,""caption"":""Combined office, sleeper, shower and restroom reference. Bunks and shower/toilet room visible; office interior and dimensions are not shown. Confirm layout before booking.""},{""exactTitle"":""38ft All Electric Kitchen"",""family"":""mobile-kitchen"",""model"":""new-38ft-all-electric-kitchen"",""assignedFiles"":[""/media/equipment-drive/38ft-all-electric-kitchen/38ft-all-electric-kitchen-multifunctional-exterior.png""],""reviewIds"":[""26.01""],""imageAlts"":[""Multifunctional trailer exterior with black steps, a stainless work area and an open shower/toilet compartment""],""interiorCount"":0,""exteriorCount"":1,""caption"":""Client-supplied 38 ft all-electric multifunctional kitchen reference. Shower/toilet compartment visible; confirm the cooking layout, electrical specification and dimensions.""},{""exactTitle"":""20 ft Shower Trailer"",""family"":""shower-trailer"",""model"":""model-21"",""assignedFiles"":[""/media/equipment-drive/shower-trailers/20-ft-shower-trailer-5-stalls-with-handwashing-sink/mobile-shower-trailer-wash-station.png"",""/media/equipment-drive/shower-trailers/20-ft-shower-trailer-5-stalls-with-handwashing-sink/multi-station-shower-trailer-exterior.png"",""/media/equipment-drive/shower-trailers/20-ft-shower-trailer-5-stalls-with-handwashing-sink/private-shower-trailer-stall-interior.png"",""/media/equipment-drive/shower-trailers/20-ft-shower-trailer-5-stalls-with-handwashing-sink/shower-trailer-exterior-with-private-shower-stall.png"",""/media/equipment-drive/shower-trailers/20-ft-shower-trailer-5-stalls-with-handwashing-sink/shower-trailer-rear-exterior-view.png"",""/media/equipment-drive/shower-trailers/20-ft-shower-trailer-5-stalls-with-handwashing-sink/shower-trailer-sink-and-mirror-area.png""],""reviewIds"":[""21.01"",""21.02"",""21.04"",""21.05"",""21.07"",""21.08""],""imageAlts"":[""Private shower-only stall with overhead shower and hand shower"",""Rear exterior of the shower-only trailer inside a warehouse"",""External handwashing sinks at the rear of the shower trailer"",""Private external entrances on the shower-only trailer"",""Angled exterior view of the shower-only trailer inside a warehouse"",""Externally accessible sinks and mirrors on the shower trailer""],""interiorCount"":1,""exteriorCount"":5,""caption"":""20 ft, five-stall shower-trailer reference set with external handwashing sinks. These are not photographs of the separate 22 ft, ten-stall option. Confirm the available unit with your quote.""}]","Intentional separately labelled equipment options for the broad title: Office, Sleeper and Shower & Restroom Trailer [office-sleeper-hygiene-trailer; new-office-sleeper-shower-restroom]; 38ft All Electric Kitchen [mobile-kitchen; new-38ft-all-electric-kitchen]; 20 ft Shower Trailer [shower-trailer; model-21]. Each product has its own isolated carousel and full-image viewer; no product types are mixed within a carousel.","PASS"
"full-map","/service-areas/","West Virginia","West Virginia Remote Operations Man Camp Temporary Facilities Rental","separate-options","3","[{""exactTitle"":""Office, Sleeper and Shower & Restroom Trailer"",""family"":""office-sleeper-hygiene-trailer"",""model"":""new-office-sleeper-shower-restroom"",""assignedFiles"":[""/media/equipment-drive/office-sleeper-shower-restroom-trailer/office-sleeper-shower-restroom-trailer-exterior.png""],""reviewIds"":[""27.01""],""imageAlts"":[""Office, sleeper, shower and restroom trailer exterior with separate steps, visible bunks and an open shower/toilet room""],""interiorCount"":0,""exteriorCount"":1,""caption"":""Combined office, sleeper, shower and restroom reference. Bunks and shower/toilet room visible; office interior and dimensions are not shown. Confirm layout before booking.""},{""exactTitle"":""38ft All Electric Kitchen"",""family"":""mobile-kitchen"",""model"":""new-38ft-all-electric-kitchen"",""assignedFiles"":[""/media/equipment-drive/38ft-all-electric-kitchen/38ft-all-electric-kitchen-multifunctional-exterior.png""],""reviewIds"":[""26.01""],""imageAlts"":[""Multifunctional trailer exterior with black steps, a stainless work area and an open shower/toilet compartment""],""interiorCount"":0,""exteriorCount"":1,""caption"":""Client-supplied 38 ft all-electric multifunctional kitchen reference. Shower/toilet compartment visible; confirm the cooking layout, electrical specification and dimensions.""},{""exactTitle"":""20 ft Shower Trailer"",""family"":""shower-trailer"",""model"":""model-21"",""assignedFiles"":[""/media/equipment-drive/shower-trailers/20-ft-shower-trailer-5-stalls-with-handwashing-sink/mobile-shower-trailer-wash-station.png"",""/media/equipment-drive/shower-trailers/20-ft-shower-trailer-5-stalls-with-handwashing-sink/multi-station-shower-trailer-exterior.png"",""/media/equipment-drive/shower-trailers/20-ft-shower-trailer-5-stalls-with-handwashing-sink/private-shower-trailer-stall-interior.png"",""/media/equipment-drive/shower-trailers/20-ft-shower-trailer-5-stalls-with-handwashing-sink/shower-trailer-exterior-with-private-shower-stall.png"",""/media/equipment-drive/shower-trailers/20-ft-shower-trailer-5-stalls-with-handwashing-sink/shower-trailer-rear-exterior-view.png"",""/media/equipment-drive/shower-trailers/20-ft-shower-trailer-5-stalls-with-handwashing-sink/shower-trailer-sink-and-mirror-area.png""],""reviewIds"":[""21.01"",""21.02"",""21.04"",""21.05"",""21.07"",""21.08""],""imageAlts"":[""Private shower-only stall with overhead shower and hand shower"",""Rear exterior of the shower-only trailer inside a warehouse"",""External handwashing sinks at the rear of the shower trailer"",""Private external entrances on the shower-only trailer"",""Angled exterior view of the shower-only trailer inside a warehouse"",""Externally accessible sinks and mirrors on the shower trailer""],""interiorCount"":1,""exteriorCount"":5,""caption"":""20 ft, five-stall shower-trailer reference set with external handwashing sinks. These are not photographs of the separate 22 ft, ten-stall option. Confirm the available unit with your quote.""}]","Intentional separately labelled equipment options for the broad title: Office, Sleeper and Shower & Restroom Trailer [office-sleeper-hygiene-trailer; new-office-sleeper-shower-restroom]; 38ft All Electric Kitchen [mobile-kitchen; new-38ft-all-electric-kitchen]; 20 ft Shower Trailer [shower-trailer; model-21]. Each product has its own isolated carousel and full-image viewer; no product types are mixed within a carousel.","PASS"
"compact-map","/","Georgia","Georgia Remote Operations Man Camp Temporary Facilities Rental","separate-options","3","[{""exactTitle"":""Office, Sleeper and Shower & Restroom Trailer"",""family"":""office-sleeper-hygiene-trailer"",""model"":""new-office-sleeper-shower-restroom"",""assignedFiles"":[""/media/equipment-drive/office-sleeper-shower-restroom-trailer/office-sleeper-shower-restroom-trailer-exterior.png""],""reviewIds"":[""27.01""],""imageAlts"":[""Office, sleeper, shower and restroom trailer exterior with separate steps, visible bunks and an open shower/toilet room""],""interiorCount"":0,""exteriorCount"":1,""caption"":""Combined office, sleeper, shower and restroom reference. Bunks and shower/toilet room visible; office interior and dimensions are not shown. Confirm layout before booking.""},{""exactTitle"":""38ft All Electric Kitchen"",""family"":""mobile-kitchen"",""model"":""new-38ft-all-electric-kitchen"",""assignedFiles"":[""/media/equipment-drive/38ft-all-electric-kitchen/38ft-all-electric-kitchen-multifunctional-exterior.png""],""reviewIds"":[""26.01""],""imageAlts"":[""Multifunctional trailer exterior with black steps, a stainless work area and an open shower/toilet compartment""],""interiorCount"":0,""exteriorCount"":1,""caption"":""Client-supplied 38 ft all-electric multifunctional kitchen reference. Shower/toilet compartment visible; confirm the cooking layout, electrical specification and dimensions.""},{""exactTitle"":""20 ft Shower Trailer"",""family"":""shower-trailer"",""model"":""model-21"",""assignedFiles"":[""/media/equipment-drive/shower-trailers/20-ft-shower-trailer-5-stalls-with-handwashing-sink/mobile-shower-trailer-wash-station.png"",""/media/equipment-drive/shower-trailers/20-ft-shower-trailer-5-stalls-with-handwashing-sink/multi-station-shower-trailer-exterior.png"",""/media/equipment-drive/shower-trailers/20-ft-shower-trailer-5-stalls-with-handwashing-sink/private-shower-trailer-stall-interior.png"",""/media/equipment-drive/shower-trailers/20-ft-shower-trailer-5-stalls-with-handwashing-sink/shower-trailer-exterior-with-private-shower-stall.png"",""/media/equipment-drive/shower-trailers/20-ft-shower-trailer-5-stalls-with-handwashing-sink/shower-trailer-rear-exterior-view.png"",""/media/equipment-drive/shower-trailers/20-ft-shower-trailer-5-stalls-with-handwashing-sink/shower-trailer-sink-and-mirror-area.png""],""reviewIds"":[""21.01"",""21.02"",""21.04"",""21.05"",""21.07"",""21.08""],""imageAlts"":[""Private shower-only stall with overhead shower and hand shower"",""Rear exterior of the shower-only trailer inside a warehouse"",""External handwashing sinks at the rear of the shower trailer"",""Private external entrances on the shower-only trailer"",""Angled exterior view of the shower-only trailer inside a warehouse"",""Externally accessible sinks and mirrors on the shower trailer""],""interiorCount"":1,""exteriorCount"":5,""caption"":""20 ft, five-stall shower-trailer reference set with external handwashing sinks. These are not photographs of the separate 22 ft, ten-stall option. Confirm the available unit with your quote.""}]","Intentional separately labelled equipment options for the broad title: Office, Sleeper and Shower & Restroom Trailer [office-sleeper-hygiene-trailer; new-office-sleeper-shower-restroom]; 38ft All Electric Kitchen [mobile-kitchen; new-38ft-all-electric-kitchen]; 20 ft Shower Trailer [shower-trailer; model-21]. Each product has its own isolated carousel and full-image viewer; no product types are mixed within a carousel.","PASS"
"compact-map","/","Iowa","Iowa Remote Operations Man Camp Temporary Facilities Rental","separate-options","3","[{""exactTitle"":""Office, Sleeper and Shower & Restroom Trailer"",""family"":""office-sleeper-hygiene-trailer"",""model"":""new-office-sleeper-shower-restroom"",""assignedFiles"":[""/media/equipment-drive/office-sleeper-shower-restroom-trailer/office-sleeper-shower-restroom-trailer-exterior.png""],""reviewIds"":[""27.01""],""imageAlts"":[""Office, sleeper, shower and restroom trailer exterior with separate steps, visible bunks and an open shower/toilet room""],""interiorCount"":0,""exteriorCount"":1,""caption"":""Combined office, sleeper, shower and restroom reference. Bunks and shower/toilet room visible; office interior and dimensions are not shown. Confirm layout before booking.""},{""exactTitle"":""38ft All Electric Kitchen"",""family"":""mobile-kitchen"",""model"":""new-38ft-all-electric-kitchen"",""assignedFiles"":[""/media/equipment-drive/38ft-all-electric-kitchen/38ft-all-electric-kitchen-multifunctional-exterior.png""],""reviewIds"":[""26.01""],""imageAlts"":[""Multifunctional trailer exterior with black steps, a stainless work area and an open shower/toilet compartment""],""interiorCount"":0,""exteriorCount"":1,""caption"":""Client-supplied 38 ft all-electric multifunctional kitchen reference. Shower/toilet compartment visible; confirm the cooking layout, electrical specification and dimensions.""},{""exactTitle"":""20 ft Shower Trailer"",""family"":""shower-trailer"",""model"":""model-21"",""assignedFiles"":[""/media/equipment-drive/shower-trailers/20-ft-shower-trailer-5-stalls-with-handwashing-sink/mobile-shower-trailer-wash-station.png"",""/media/equipment-drive/shower-trailers/20-ft-shower-trailer-5-stalls-with-handwashing-sink/multi-station-shower-trailer-exterior.png"",""/media/equipment-drive/shower-trailers/20-ft-shower-trailer-5-stalls-with-handwashing-sink/private-shower-trailer-stall-interior.png"",""/media/equipment-drive/shower-trailers/20-ft-shower-trailer-5-stalls-with-handwashing-sink/shower-trailer-exterior-with-private-shower-stall.png"",""/media/equipment-drive/shower-trailers/20-ft-shower-trailer-5-stalls-with-handwashing-sink/shower-trailer-rear-exterior-view.png"",""/media/equipment-drive/shower-trailers/20-ft-shower-trailer-5-stalls-with-handwashing-sink/shower-trailer-sink-and-mirror-area.png""],""reviewIds"":[""21.01"",""21.02"",""21.04"",""21.05"",""21.07"",""21.08""],""imageAlts"":[""Private shower-only stall with overhead shower and hand shower"",""Rear exterior of the shower-only trailer inside a warehouse"",""External handwashing sinks at the rear of the shower trailer"",""Private external entrances on the shower-only trailer"",""Angled exterior view of the shower-only trailer inside a warehouse"",""Externally accessible sinks and mirrors on the shower trailer""],""interiorCount"":1,""exteriorCount"":5,""caption"":""20 ft, five-stall shower-trailer reference set with external handwashing sinks. These are not photographs of the separate 22 ft, ten-stall option. Confirm the available unit with your quote.""}]","Intentional separately labelled equipment options for the broad title: Office, Sleeper and Shower & Restroom Trailer [office-sleeper-hygiene-trailer; new-office-sleeper-shower-restroom]; 38ft All Electric Kitchen [mobile-kitchen; new-38ft-all-electric-kitchen]; 20 ft Shower Trailer [shower-trailer; model-21]. Each product has its own isolated carousel and full-image viewer; no product types are mixed within a carousel.","PASS"
"compact-map","/","Massachusetts","Massachusetts Remote Operations Man Camp Temporary Facilities Rental","separate-options","3","[{""exactTitle"":""Office, Sleeper and Shower & Restroom Trailer"",""family"":""office-sleeper-hygiene-trailer"",""model"":""new-office-sleeper-shower-restroom"",""assignedFiles"":[""/media/equipment-drive/office-sleeper-shower-restroom-trailer/office-sleeper-shower-restroom-trailer-exterior.png""],""reviewIds"":[""27.01""],""imageAlts"":[""Office, sleeper, shower and restroom trailer exterior with separate steps, visible bunks and an open shower/toilet room""],""interiorCount"":0,""exteriorCount"":1,""caption"":""Combined office, sleeper, shower and restroom reference. Bunks and shower/toilet room visible; office interior and dimensions are not shown. Confirm layout before booking.""},{""exactTitle"":""38ft All Electric Kitchen"",""family"":""mobile-kitchen"",""model"":""new-38ft-all-electric-kitchen"",""assignedFiles"":[""/media/equipment-drive/38ft-all-electric-kitchen/38ft-all-electric-kitchen-multifunctional-exterior.png""],""reviewIds"":[""26.01""],""imageAlts"":[""Multifunctional trailer exterior with black steps, a stainless work area and an open shower/toilet compartment""],""interiorCount"":0,""exteriorCount"":1,""caption"":""Client-supplied 38 ft all-electric multifunctional kitchen reference. Shower/toilet compartment visible; confirm the cooking layout, electrical specification and dimensions.""},{""exactTitle"":""20 ft Shower Trailer"",""family"":""shower-trailer"",""model"":""model-21"",""assignedFiles"":[""/media/equipment-drive/shower-trailers/20-ft-shower-trailer-5-stalls-with-handwashing-sink/mobile-shower-trailer-wash-station.png"",""/media/equipment-drive/shower-trailers/20-ft-shower-trailer-5-stalls-with-handwashing-sink/multi-station-shower-trailer-exterior.png"",""/media/equipment-drive/shower-trailers/20-ft-shower-trailer-5-stalls-with-handwashing-sink/private-shower-trailer-stall-interior.png"",""/media/equipment-drive/shower-trailers/20-ft-shower-trailer-5-stalls-with-handwashing-sink/shower-trailer-exterior-with-private-shower-stall.png"",""/media/equipment-drive/shower-trailers/20-ft-shower-trailer-5-stalls-with-handwashing-sink/shower-trailer-rear-exterior-view.png"",""/media/equipment-drive/shower-trailers/20-ft-shower-trailer-5-stalls-with-handwashing-sink/shower-trailer-sink-and-mirror-area.png""],""reviewIds"":[""21.01"",""21.02"",""21.04"",""21.05"",""21.07"",""21.08""],""imageAlts"":[""Private shower-only stall with overhead shower and hand shower"",""Rear exterior of the shower-only trailer inside a warehouse"",""External handwashing sinks at the rear of the shower trailer"",""Private external entrances on the shower-only trailer"",""Angled exterior view of the shower-only trailer inside a warehouse"",""Externally accessible sinks and mirrors on the shower trailer""],""interiorCount"":1,""exteriorCount"":5,""caption"":""20 ft, five-stall shower-trailer reference set with external handwashing sinks. These are not photographs of the separate 22 ft, ten-stall option. Confirm the available unit with your quote.""}]","Intentional separately labelled equipment options for the broad title: Office, Sleeper and Shower & Restroom Trailer [office-sleeper-hygiene-trailer; new-office-sleeper-shower-restroom]; 38ft All Electric Kitchen [mobile-kitchen; new-38ft-all-electric-kitchen]; 20 ft Shower Trailer [shower-trailer; model-21]. Each product has its own isolated carousel and full-image viewer; no product types are mixed within a carousel.","PASS"
"compact-map","/","New Jersey","New Jersey Remote Operations Man Camp Temporary Facilities Rental","separate-options","3","[{""exactTitle"":""Office, Sleeper and Shower & Restroom Trailer"",""family"":""office-sleeper-hygiene-trailer"",""model"":""new-office-sleeper-shower-restroom"",""assignedFiles"":[""/media/equipment-drive/office-sleeper-shower-restroom-trailer/office-sleeper-shower-restroom-trailer-exterior.png""],""reviewIds"":[""27.01""],""imageAlts"":[""Office, sleeper, shower and restroom trailer exterior with separate steps, visible bunks and an open shower/toilet room""],""interiorCount"":0,""exteriorCount"":1,""caption"":""Combined office, sleeper, shower and restroom reference. Bunks and shower/toilet room visible; office interior and dimensions are not shown. Confirm layout before booking.""},{""exactTitle"":""38ft All Electric Kitchen"",""family"":""mobile-kitchen"",""model"":""new-38ft-all-electric-kitchen"",""assignedFiles"":[""/media/equipment-drive/38ft-all-electric-kitchen/38ft-all-electric-kitchen-multifunctional-exterior.png""],""reviewIds"":[""26.01""],""imageAlts"":[""Multifunctional trailer exterior with black steps, a stainless work area and an open shower/toilet compartment""],""interiorCount"":0,""exteriorCount"":1,""caption"":""Client-supplied 38 ft all-electric multifunctional kitchen reference. Shower/toilet compartment visible; confirm the cooking layout, electrical specification and dimensions.""},{""exactTitle"":""20 ft Shower Trailer"",""family"":""shower-trailer"",""model"":""model-21"",""assignedFiles"":[""/media/equipment-drive/shower-trailers/20-ft-shower-trailer-5-stalls-with-handwashing-sink/mobile-shower-trailer-wash-station.png"",""/media/equipment-drive/shower-trailers/20-ft-shower-trailer-5-stalls-with-handwashing-sink/multi-station-shower-trailer-exterior.png"",""/media/equipment-drive/shower-trailers/20-ft-shower-trailer-5-stalls-with-handwashing-sink/private-shower-trailer-stall-interior.png"",""/media/equipment-drive/shower-trailers/20-ft-shower-trailer-5-stalls-with-handwashing-sink/shower-trailer-exterior-with-private-shower-stall.png"",""/media/equipment-drive/shower-trailers/20-ft-shower-trailer-5-stalls-with-handwashing-sink/shower-trailer-rear-exterior-view.png"",""/media/equipment-drive/shower-trailers/20-ft-shower-trailer-5-stalls-with-handwashing-sink/shower-trailer-sink-and-mirror-area.png""],""reviewIds"":[""21.01"",""21.02"",""21.04"",""21.05"",""21.07"",""21.08""],""imageAlts"":[""Private shower-only stall with overhead shower and hand shower"",""Rear exterior of the shower-only trailer inside a warehouse"",""External handwashing sinks at the rear of the shower trailer"",""Private external entrances on the shower-only trailer"",""Angled exterior view of the shower-only trailer inside a warehouse"",""Externally accessible sinks and mirrors on the shower trailer""],""interiorCount"":1,""exteriorCount"":5,""caption"":""20 ft, five-stall shower-trailer reference set with external handwashing sinks. These are not photographs of the separate 22 ft, ten-stall option. Confirm the available unit with your quote.""}]","Intentional separately labelled equipment options for the broad title: Office, Sleeper and Shower & Restroom Trailer [office-sleeper-hygiene-trailer; new-office-sleeper-shower-restroom]; 38ft All Electric Kitchen [mobile-kitchen; new-38ft-all-electric-kitchen]; 20 ft Shower Trailer [shower-trailer; model-21]. Each product has its own isolated carousel and full-image viewer; no product types are mixed within a carousel.","PASS"
"compact-map","/","Texas","Texas Remote Operations Man Camp Temporary Facilities Rental","separate-options","3","[{""exactTitle"":""Office, Sleeper and Shower & Restroom Trailer"",""family"":""office-sleeper-hygiene-trailer"",""model"":""new-office-sleeper-shower-restroom"",""assignedFiles"":[""/media/equipment-drive/office-sleeper-shower-restroom-trailer/office-sleeper-shower-restroom-trailer-exterior.png""],""reviewIds"":[""27.01""],""imageAlts"":[""Office, sleeper, shower and restroom trailer exterior with separate steps, visible bunks and an open shower/toilet room""],""interiorCount"":0,""exteriorCount"":1,""caption"":""Combined office, sleeper, shower and restroom reference. Bunks and shower/toilet room visible; office interior and dimensions are not shown. Confirm layout before booking.""},{""exactTitle"":""38ft All Electric Kitchen"",""family"":""mobile-kitchen"",""model"":""new-38ft-all-electric-kitchen"",""assignedFiles"":[""/media/equipment-drive/38ft-all-electric-kitchen/38ft-all-electric-kitchen-multifunctional-exterior.png""],""reviewIds"":[""26.01""],""imageAlts"":[""Multifunctional trailer exterior with black steps, a stainless work area and an open shower/toilet compartment""],""interiorCount"":0,""exteriorCount"":1,""caption"":""Client-supplied 38 ft all-electric multifunctional kitchen reference. Shower/toilet compartment visible; confirm the cooking layout, electrical specification and dimensions.""},{""exactTitle"":""20 ft Shower Trailer"",""family"":""shower-trailer"",""model"":""model-21"",""assignedFiles"":[""/media/equipment-drive/shower-trailers/20-ft-shower-trailer-5-stalls-with-handwashing-sink/mobile-shower-trailer-wash-station.png"",""/media/equipment-drive/shower-trailers/20-ft-shower-trailer-5-stalls-with-handwashing-sink/multi-station-shower-trailer-exterior.png"",""/media/equipment-drive/shower-trailers/20-ft-shower-trailer-5-stalls-with-handwashing-sink/private-shower-trailer-stall-interior.png"",""/media/equipment-drive/shower-trailers/20-ft-shower-trailer-5-stalls-with-handwashing-sink/shower-trailer-exterior-with-private-shower-stall.png"",""/media/equipment-drive/shower-trailers/20-ft-shower-trailer-5-stalls-with-handwashing-sink/shower-trailer-rear-exterior-view.png"",""/media/equipment-drive/shower-trailers/20-ft-shower-trailer-5-stalls-with-handwashing-sink/shower-trailer-sink-and-mirror-area.png""],""reviewIds"":[""21.01"",""21.02"",""21.04"",""21.05"",""21.07"",""21.08""],""imageAlts"":[""Private shower-only stall with overhead shower and hand shower"",""Rear exterior of the shower-only trailer inside a warehouse"",""External handwashing sinks at the rear of the shower trailer"",""Private external entrances on the shower-only trailer"",""Angled exterior view of the shower-only trailer inside a warehouse"",""Externally accessible sinks and mirrors on the shower trailer""],""interiorCount"":1,""exteriorCount"":5,""caption"":""20 ft, five-stall shower-trailer reference set with external handwashing sinks. These are not photographs of the separate 22 ft, ten-stall option. Confirm the available unit with your quote.""}]","Intentional separately labelled equipment options for the broad title: Office, Sleeper and Shower & Restroom Trailer [office-sleeper-hygiene-trailer; new-office-sleeper-shower-restroom]; 38ft All Electric Kitchen [mobile-kitchen; new-38ft-all-electric-kitchen]; 20 ft Shower Trailer [shower-trailer; model-21]. Each product has its own isolated carousel and full-image viewer; no product types are mixed within a carousel.","PASS"
"compact-map","/","Washington","Washington Remote Operations Man Camp Temporary Facilities Rental","separate-options","3","[{""exactTitle"":""Office, Sleeper and Shower & Restroom Trailer"",""family"":""office-sleeper-hygiene-trailer"",""model"":""new-office-sleeper-shower-restroom"",""assignedFiles"":[""/media/equipment-drive/office-sleeper-shower-restroom-trailer/office-sleeper-shower-restroom-trailer-exterior.png""],""reviewIds"":[""27.01""],""imageAlts"":[""Office, sleeper, shower and restroom trailer exterior with separate steps, visible bunks and an open shower/toilet room""],""interiorCount"":0,""exteriorCount"":1,""caption"":""Combined office, sleeper, shower and restroom reference. Bunks and shower/toilet room visible; office interior and dimensions are not shown. Confirm layout before booking.""},{""exactTitle"":""38ft All Electric Kitchen"",""family"":""mobile-kitchen"",""model"":""new-38ft-all-electric-kitchen"",""assignedFiles"":[""/media/equipment-drive/38ft-all-electric-kitchen/38ft-all-electric-kitchen-multifunctional-exterior.png""],""reviewIds"":[""26.01""],""imageAlts"":[""Multifunctional trailer exterior with black steps, a stainless work area and an open shower/toilet compartment""],""interiorCount"":0,""exteriorCount"":1,""caption"":""Client-supplied 38 ft all-electric multifunctional kitchen reference. Shower/toilet compartment visible; confirm the cooking layout, electrical specification and dimensions.""},{""exactTitle"":""20 ft Shower Trailer"",""family"":""shower-trailer"",""model"":""model-21"",""assignedFiles"":[""/media/equipment-drive/shower-trailers/20-ft-shower-trailer-5-stalls-with-handwashing-sink/mobile-shower-trailer-wash-station.png"",""/media/equipment-drive/shower-trailers/20-ft-shower-trailer-5-stalls-with-handwashing-sink/multi-station-shower-trailer-exterior.png"",""/media/equipment-drive/shower-trailers/20-ft-shower-trailer-5-stalls-with-handwashing-sink/private-shower-trailer-stall-interior.png"",""/media/equipment-drive/shower-trailers/20-ft-shower-trailer-5-stalls-with-handwashing-sink/shower-trailer-exterior-with-private-shower-stall.png"",""/media/equipment-drive/shower-trailers/20-ft-shower-trailer-5-stalls-with-handwashing-sink/shower-trailer-rear-exterior-view.png"",""/media/equipment-drive/shower-trailers/20-ft-shower-trailer-5-stalls-with-handwashing-sink/shower-trailer-sink-and-mirror-area.png""],""reviewIds"":[""21.01"",""21.02"",""21.04"",""21.05"",""21.07"",""21.08""],""imageAlts"":[""Private shower-only stall with overhead shower and hand shower"",""Rear exterior of the shower-only trailer inside a warehouse"",""External handwashing sinks at the rear of the shower trailer"",""Private external entrances on the shower-only trailer"",""Angled exterior view of the shower-only trailer inside a warehouse"",""Externally accessible sinks and mirrors on the shower trailer""],""interiorCount"":1,""exteriorCount"":5,""caption"":""20 ft, five-stall shower-trailer reference set with external handwashing sinks. These are not photographs of the separate 22 ft, ten-stall option. Confirm the available unit with your quote.""}]","Intentional separately labelled equipment options for the broad title: Office, Sleeper and Shower & Restroom Trailer [office-sleeper-hygiene-trailer; new-office-sleeper-shower-restroom]; 38ft All Electric Kitchen [mobile-kitchen; new-38ft-all-electric-kitchen]; 20 ft Shower Trailer [shower-trailer; model-21]. Each product has its own isolated carousel and full-image viewer; no product types are mixed within a carousel.","PASS"
"compact-map","/","West Virginia","West Virginia Remote Operations Man Camp Temporary Facilities Rental","separate-options","3","[{""exactTitle"":""Office, Sleeper and Shower & Restroom Trailer"",""family"":""office-sleeper-hygiene-trailer"",""model"":""new-office-sleeper-shower-restroom"",""assignedFiles"":[""/media/equipment-drive/office-sleeper-shower-restroom-trailer/office-sleeper-shower-restroom-trailer-exterior.png""],""reviewIds"":[""27.01""],""imageAlts"":[""Office, sleeper, shower and restroom trailer exterior with separate steps, visible bunks and an open shower/toilet room""],""interiorCount"":0,""exteriorCount"":1,""caption"":""Combined office, sleeper, shower and restroom reference. Bunks and shower/toilet room visible; office interior and dimensions are not shown. Confirm layout before booking.""},{""exactTitle"":""38ft All Electric Kitchen"",""family"":""mobile-kitchen"",""model"":""new-38ft-all-electric-kitchen"",""assignedFiles"":[""/media/equipment-drive/38ft-all-electric-kitchen/38ft-all-electric-kitchen-multifunctional-exterior.png""],""reviewIds"":[""26.01""],""imageAlts"":[""Multifunctional trailer exterior with black steps, a stainless work area and an open shower/toilet compartment""],""interiorCount"":0,""exteriorCount"":1,""caption"":""Client-supplied 38 ft all-electric multifunctional kitchen reference. Shower/toilet compartment visible; confirm the cooking layout, electrical specification and dimensions.""},{""exactTitle"":""20 ft Shower Trailer"",""family"":""shower-trailer"",""model"":""model-21"",""assignedFiles"":[""/media/equipment-drive/shower-trailers/20-ft-shower-trailer-5-stalls-with-handwashing-sink/mobile-shower-trailer-wash-station.png"",""/media/equipment-drive/shower-trailers/20-ft-shower-trailer-5-stalls-with-handwashing-sink/multi-station-shower-trailer-exterior.png"",""/media/equipment-drive/shower-trailers/20-ft-shower-trailer-5-stalls-with-handwashing-sink/private-shower-trailer-stall-interior.png"",""/media/equipment-drive/shower-trailers/20-ft-shower-trailer-5-stalls-with-handwashing-sink/shower-trailer-exterior-with-private-shower-stall.png"",""/media/equipment-drive/shower-trailers/20-ft-shower-trailer-5-stalls-with-handwashing-sink/shower-trailer-rear-exterior-view.png"",""/media/equipment-drive/shower-trailers/20-ft-shower-trailer-5-stalls-with-handwashing-sink/shower-trailer-sink-and-mirror-area.png""],""reviewIds"":[""21.01"",""21.02"",""21.04"",""21.05"",""21.07"",""21.08""],""imageAlts"":[""Private shower-only stall with overhead shower and hand shower"",""Rear exterior of the shower-only trailer inside a warehouse"",""External handwashing sinks at the rear of the shower trailer"",""Private external entrances on the shower-only trailer"",""Angled exterior view of the shower-only trailer inside a warehouse"",""Externally accessible sinks and mirrors on the shower trailer""],""interiorCount"":1,""exteriorCount"":5,""caption"":""20 ft, five-stall shower-trailer reference set with external handwashing sinks. These are not photographs of the separate 22 ft, ten-stall option. Confirm the available unit with your quote.""}]","Intentional separately labelled equipment options for the broad title: Office, Sleeper and Shower & Restroom Trailer [office-sleeper-hygiene-trailer; new-office-sleeper-shower-restroom]; 38ft All Electric Kitchen [mobile-kitchen; new-38ft-all-electric-kitchen]; 20 ft Shower Trailer [shower-trailer; model-21]. Each product has its own isolated carousel and full-image viewer; no product types are mixed within a carousel.","PASS"